Step,Reward
400,14.251883660333265
800,6.785677712407912
1200,5.667807283624673
1600,7.31934611357248
2000,5.51832955254076
2400,2.708400409850939
2800,4.975496027135081
3200,6.3970385018590115
3600,7.547167626232407
4000,6.729486593077441
4400,5.803569373271885
4800,6.132896755245491
5200,5.783239859562245
5600,5.793649513404157
6000,6.3707238301016185
6400,7.262864131185992
6800,6.059962383279595
7200,8.569952281067339
7600,6.101273616606546
8000,4.452651182034928
8400,6.54149694511078
8800,6.542136348110803
9200,9.292961601837774
9600,4.542159291583699
10000,5.23293505040563
10400,6.924975198959554
10800,5.605616594741606
11200,7.21211435032815
11600,5.575210384394737
12000,3.2561060941534983
12400,9.002195461593756
12800,4.838727335582433
13200,4.5757633192990825
13600,6.400814424493645
14000,5.865788159882038
14400,6.6452576946737105
14800,4.3993415583712245
15200,5.599826013438608
15600,3.958373550453657
16000,7.638207708685048
16400,6.096079694525669
16800,6.483010540266313
17200,9.578776682911757
17600,5.0202765983485325
18000,5.239885529812338
18400,5.045049831385842
18800,7.361888513029242
19200,4.897020577315481
19600,5.132875639797625
20000,6.110018796448639
20400,6.842899654594471
20800,6.629073530259993
21200,2.916379955604435
21600,9.268437675519499
22000,7.238473327893137
22400,7.855192069763171
22800,4.927707482356709
23200,4.822908286333226
23600,6.785803523980988
24000,4.6518725920521655
24400,7.7272469655503215
24800,4.963968685653736
25200,5.803337096297786
25600,8.543757188696036
26000,4.565340431401783
26400,5.026326088640987
26800,7.978755094232619
27200,6.2703255518079555
27600,3.464162805721466
28000,8.946688532317616
28400,3.211760159796252
28800,5.525327654292189
29200,8.10731780839675
29600,4.577136559701275
30000,7.526932042635706
30400,9.038109498928387
30800,3.191096304684978
31200,7.329438046816929
31600,6.421837162184435
32000,6.401926746901017
32400,9.465565383204401
32800,4.812322795522311
33200,6.21291180963723
33600,4.909225066837506
34000,6.067991927441876
34400,8.859649045231562
34800,3.903883365938418
35200,7.133694449999228
35600,6.998811706751669
36000,7.24549845532084
36400,7.223264601550252
36800,7.620548610437667
37200,5.492482502918264
37600,5.4409454412797515
38000,7.819696305358746
38400,4.729996652484
38800,7.0630745280517155
39200,7.376112386895079
39600,4.737430902170457
40000,6.335968367341822
40400,7.086611913825984
40800,6.091410377913668
41200,5.781895506591596
41600,4.888303565736695
42000,7.567798568755707
42400,5.6131532361002785
42800,3.904982595076201
43200,5.559858646241742
43600,5.376432822977954
44000,7.734279399436151
44400,7.275008346093141
44800,5.0840261711435195
45200,5.6028429036167395
45600,4.870827455259867
46000,7.083486723193469
46400,10.387412195168016
46800,5.544999851910628
47200,5.406707151740623
47600,7.05126998870626
48000,6.32858520718176
48400,9.643336034539445
48800,4.3551635630831
49200,6.924084084948104
49600,5.8462768977011015
50000,3.8491939710467573
50400,5.65742597507517
50800,7.027814337150297
51200,4.767221459824232
51600,6.719731781715544
52000,5.057961475907967
52400,6.162295080104424
52800,4.517905303125139
53200,4.778475170426408
53600,7.255064502970537
54000,5.754050383663023
54400,5.293789873612597
54800,4.404543673243556
55200,6.756793422167734
55600,3.3898421418218705
56000,8.232916800279341
56400,4.258380705976593
56800,6.602756778909416
57200,7.5710169247085926
57600,4.964651131564624
58000,8.043792135050392
58400,3.735817038973773
58800,3.9850265580711
59200,4.316834171128312
59600,6.252775127017929
60000,6.113968483081005
60400,7.19711703264949
60800,11.99798319942513
61200,6.143427569077537
61600,6.203911052780876
62000,4.618515035846124
62400,3.9420011463399853
62800,5.826319981930961
63200,4.891019834530992
63600,5.980075925320787
64000,4.730869784605034
64400,6.76174421754202
64800,6.922482112475873
65200,3.3234304617857124
65600,7.349692077393625
66000,4.341569438261587
66400,7.957689899078827
66800,6.150711452346019
67200,4.436093994336128
67600,7.567539863613844
68000,5.049816964574066
68400,4.4936015772671976
68800,19.325802834645973
69200,6.903684564028816
69600,7.7992592164187
70000,4.114167591423485
70400,5.876515850890012
70800,7.761692711479491
71200,6.498428710107473
71600,5.605359004639905
72000,7.293280459008955
72400,6.299479053995827
72800,6.598151877227
73200,4.991648629922047
73600,8.652196073238713
74000,6.515198289527762
74400,6.520619354940871
74800,4.557703051154648
75200,6.441417483187612
75600,6.602902737098637
76000,5.112045971016561
76400,7.252682130446401
76800,4.959248924967171
77200,4.421133627505144
77600,9.226044420559914
78000,7.001378572512646
78400,6.941783627863424
78800,4.8163316866603
79200,4.556239726836809
79600,5.445162275299617
80000,4.83003664616688
80400,6.131075874662316
80800,4.8695863216899715
81200,6.137445268514369
81600,6.11884166734173
82000,6.183005787404287
82400,8.565041599082694
82800,7.477404489909545
83200,3.954317231108594
83600,6.771945811595963
84000,8.48280067316243
84400,4.078392017486286
84800,8.326894730412336
85200,7.799976307510562
85600,5.130907800193119
86000,5.347928651047715
86400,6.465343244070952
86800,6.096772309287723
87200,8.145858802123723
87600,5.552504163094978
88000,4.695445269568362
88400,4.91671651860262
88800,7.296510165149756
89200,6.021868828404992
89600,6.609438185111736
90000,4.164390132351353
90400,6.483110466936069
90800,5.592997662069599
91200,9.344728150384732
91600,4.383612260995312
92000,7.185440019149188
92400,5.165234175148963
92800,4.648444373145142
93200,3.9075843372196313
93600,3.906104751592143
94000,6.361337090714724
94400,5.520139278380963
94800,6.4435001728085926
95200,6.967191581029855
95600,4.475043988206946
96000,7.5366511692448235
96400,5.206011347769701
96800,5.042643676931218
97200,5.31907235044328
97600,5.984812649771012
98000,6.382251756367247
98400,3.8682496752926103
98800,4.839113040191946
99200,6.042836136045581
99600,3.25298371389545
100000,16.24229999595235
100400,4.586855201406833
100800,6.759000331623281
101200,5.825863976378249
101600,5.17215392520401
102000,4.107786950108916
102400,8.116083200273993
102800,6.9209029375290925
103200,3.708647170199985
103600,8.021205580634152
104000,5.828086184646281
104400,5.359720312096443
104800,6.932076860116124
105200,4.860927315162186
105600,7.019925335335633
106000,4.801481349409863
106400,5.929121373555615
106800,9.401687404455195
107200,5.121992575946941
107600,6.804503473942344
108000,4.683047206974357
108400,5.386371784415273
108800,5.375269266725465
109200,8.50963681233358
109600,7.24888999682417
110000,7.418632276869752
110400,7.092239518296401
110800,4.9183667854774376
111200,5.364752976491723
111600,5.665874270645039
112000,8.42662431230594
112400,16.790394123866285
112800,6.222632116585103
113200,6.98123887290944
113600,7.961045273341842
114000,7.034528987785284
114400,7.361443808895174
114800,5.077899477540918
115200,6.870010739210737
115600,4.214669565579413
116000,5.0581417326816815
116400,4.240077860831382
116800,5.948255001469471
117200,6.889743862675949
117600,49.237782569826976
118000,7.289202430402583
118400,5.308939113088956
118800,5.047863768249362
119200,6.419032005907099
119600,7.634420839098111
120000,5.84688148654276
120400,7.5802934977541865
120800,3.0567122268134863
121200,8.06468376073458
121600,7.707719138223996
122000,7.8638320672493185
122400,20.96121998384832
122800,8.327000024640398
123200,14.289430862570518
123600,6.307788194113472
124000,6.640545711484905
124400,23.25688717447348
124800,7.4005326403057925
125200,6.795217884770825
125600,183.68810083575326
126000,3.148680969869272
126400,8.678073937705534
126800,14.379163956773281
127200,13.573447186787993
127600,7.660297048492153
128000,7.547673386358907
128400,7.235361469911779
128800,7.682027512096564
129200,10.295366788893407
129600,8.321887800493304
130000,12.344006839791453
130400,7.12225555886456
130800,8.179576741393484
131200,25.594108319958053
131600,10.263182729208864
132000,10.921654250982716
132400,84.90702146619745
132800,13.719353402951803
133200,18.82846773874288
133600,57.20820068924662
134000,9.169763641477827
134400,19.15077092768494
134800,7.733839939382878
135200,7.769817191934384
135600,12.308391102342148
136000,7.6744839761791654
136400,7.388701459862385
136800,18.795960044920676
137200,14.046848562212535
137600,9.039672517310757
138000,6.891617624294505
138400,5.907465825378349
138800,5.858997958808277
139200,7.351497395707365
139600,8.178237166038574
140000,7.285129554682196
140400,7.881800002221657
140800,8.218891829928914
141200,14.231181628470422
141600,9.394326179073966
142000,11.439427154461377
142400,4.949205131264619
142800,8.464707183861043
143200,7.347977890074418
143600,8.57690957585786
144000,16.09540919980462
144400,5.431727951096375
144800,29.9151500047434
145200,11.683455331705822
145600,7.516509280087461
146000,8.291847943964372
146400,4.783473709897091
146800,8.724459117162695
147200,8.645674901233809
147600,8.720945776972114
148000,7.540477053372162
148400,9.309383078352216
148800,8.975277302692342
149200,11.316680788619289
149600,12.396921339611644
150000,8.087012748408632
150400,8.41623781644874
150800,7.901622452740967
151200,23.31554464718047
151600,10.900415899672439
152000,7.234054523621811
152400,4.243053186426033
152800,8.26735273371972
153200,10.1382288098956
153600,7.724602741817268
154000,7.608637636788716
154400,6.323221815294119
154800,7.4627452574701865
155200,8.021445820729577
155600,36.01834352765178
156000,8.005233602607673
156400,9.182357213102378
156800,9.579097844431372
157200,8.36056711491492
157600,26.54977784195644
158000,8.40860589453245
158400,7.8936498150963565
158800,7.14588751957346
159200,14.62908565853671
159600,3.771453767777078
160000,5.607725960429585
160400,13.825531622131363
160800,8.004134645871085
161200,8.225008398348868
161600,8.256338230679216
162000,7.681631044774596
162400,7.898721428394851
162800,7.356032811397577
163200,5.197383912218637
163600,7.2293873021965664
164000,8.369404004007981
164400,8.1076969121054
164800,11.26811596501451
165200,21.83270391724624
165600,5.448708644888252
166000,6.054393147052908
166400,6.161850392207478
166800,6.828035268478299
167200,8.355273497421376
167600,7.705647052713098
168000,2.199543291561223
168400,7.795548653821317
168800,7.591794937219025
169200,8.32764335531824
169600,32.20452891461913
170000,21.61071008684736
170400,42.752762246460996
170800,4.663106482105377
171200,5.905643555581794
171600,7.481049190489153
172000,2.8925614597291323
172400,8.363892607589833
172800,6.5553001652785605
173200,6.249165929083599
173600,5.010548531372943
174000,6.50269771923983
174400,21.76826560701658
174800,13.501343323841514
175200,5.077357934225506
175600,1.8889957143908112
176000,6.102333222753086
176400,2.195473406844584
176800,5.923266332570048
177200,6.20496539362827
177600,7.835122605993408
178000,9.337978378246884
178400,7.735673527406101
178800,8.301163541135974
179200,5.640821155318336
179600,8.645979568987745
180000,15.844730436045072
180400,11.150250761953123
180800,8.864853319756282
181200,10.328067533585704
181600,12.57939581955336
182000,5.087138969950031
182400,18.92970228533727
182800,8.385818340312856
183200,1.873948856404355
183600,3.1160287216172144
184000,16.241844051251707
184400,10.987075352905652
184800,5.542938476670722
185200,4.324576269404875
185600,4.879957926783566
186000,5.433807622382703
186400,5.058041399025061
186800,3.579961344254444
187200,2.7890982784327005
187600,7.788306196196835
188000,10.07383499492427
188400,12.689314496728239
188800,5.368055931024064
189200,9.289605896669041
189600,25.18853535837772
190000,11.49918715940873
190400,3.523543192683494
190800,13.252378108768427
191200,11.047332373534948
191600,7.987175701901695
192000,9.300208068367022
192400,10.869837189197485
192800,12.893913384351782
193200,3.6515032981937745
193600,3.704748413290057
194000,17.355234665602406
194400,1.295271691989365
194800,12.543660672082565
195200,6.340010286512193
195600,4.76623973972281
196000,4.536656077351355
196400,4.291547380303336
196800,7.953990399477123
197200,5.131091814134171
197600,7.814392098006702
198000,1.2000746243482165
198400,3.554817021591077
198800,5.613690335168971
199200,6.339474165242365
199600,1.9214322430455903
200000,6.824555002949888
200400,3.4274531865034943
200800,4.031925215545981
201200,6.195443075111467
201600,5.359810600360026
202000,8.53507367150374
202400,6.9812482968786576
202800,9.989096188897653
203200,22.64681753292845
203600,1.882925108983654
204000,5.197075571613487
204400,16.106511229868243
204800,8.199308550720321
205200,3.817205689327091
205600,2.31076297198978
206000,37.96649244051268
206400,3.1541991812285475
206800,4.952196083978494
207200,14.061216903678174
207600,22.431939400649785
208000,11.691973763522393
208400,15.101985628995337
208800,16.49244005273766
209200,9.93909737428058
209600,8.519946080840416
210000,14.253945190113887
210400,27.204577375627228
210800,14.904606116665086
211200,9.57707674291409
211600,3.131011086274858
212000,11.426478578562842
212400,11.85614453339183
212800,5.103177990985758
213200,38.04001798711642
213600,9.31467029094943
214000,8.241823258508783
214400,48.27003464187267
214800,691.3023024592908
215200,7.953870972953532
215600,7.823283662861558
216000,19.14913170146858
216400,7.395406013041444
216800,13.585347517124992
217200,19.900562099765857
217600,6.6221186725924985
218000,11.708011531581034
218400,13.78615580021197
218800,7.777949470728849
219200,19.219935845662206
219600,8.734337541380746
220000,17.6452935464461
220400,26.420162356511163
220800,10.52922980218844
221200,8.31911717385982
221600,6.6708417317462185
222000,18.123750215691565
222400,7.486934158907769
222800,11.408024464598254
223200,7.558607543570225
223600,6.837985709217462
224000,33.82092897298898
224400,10.750343855722686
224800,9.283426654473331
225200,13.792192442876205
225600,11.086308631507045
226000,7.3106735255780215
226400,23.71666472150491
226800,21.76592656692861
227200,18.923844503605928
227600,19.579897065853075
228000,21.41883467982751
228400,9.965399225564306
228800,11.151074560781584
229200,9.930147240044361
229600,8.151882194175563
230000,8.097744042405317
230400,9.0162886582979
230800,24.371046129010377
231200,6.933242158505639
231600,9.558851778370501
232000,21.470009181335453
232400,9.444997618022098
232800,44.58128870055396
233200,9.93063863966491
233600,2.947186339183891
234000,4.938964683881286
234400,11.393451788460021
234800,7.0117949687924215
235200,4.089246182560762
235600,10.700875406128795
236000,5.614645305262759
236400,10.656871145313096
236800,16.233776047454327
237200,9.546472154381204
237600,23.279764645609735
238000,4.481875994086673
238400,5.231961258198985
238800,2.9683976868152975
239200,1.956079735902076
239600,7.4642434775044215
240000,29.117524776784677
240400,26.951895340493216
240800,1.191354554019783
241200,5.718816864056644
241600,6.391713151551293
242000,10.500740454356814
242400,7.159589445606194
242800,11.223961104501516
243200,6.473450698812319
243600,1.1877359599409298
244000,7.914338536496832
244400,1.311585530486902
244800,6.979815040844467
245200,3.061365520378236
245600,9.316292399156687
246000,24.8023570973936
246400,8.473783911719366
246800,4.292250684830012
247200,4.007785252613726
247600,7.88147262592083
248000,11.546787278431616
248400,2.1866716320400705
248800,30.263334075525663
249200,6.984467522311168
249600,6.973442308178391
250000,21.21952018788399
250400,6.403941112447207
250800,3.972519344982117
251200,5.864623576835009
251600,2.613935965254684
252000,4.374231750330988
252400,2.1699994031750296
252800,6.340399121508762
253200,6.090831605932113
253600,21.96883480926661
254000,6.596865637337228
254400,11.663013938704774
254800,7.946967605085731
255200,6.133574958052079
255600,5.208240441855131
256000,7.8003602747374705
256400,74.26398982079279
256800,14.16401632495862
257200,7.200020346428702
257600,63.24568859581077
258000,7.884126432991362
258400,3.086244628439654
258800,2.622586219387771
259200,25.461782181844413
259600,36.70199512897566
260000,13.348382331880494
260400,13.658084717681607
260800,8.49548025666393
261200,5.21505467754465
261600,6.373530025202137
262000,4.204182305599025
262400,8.77606838715753
262800,2.4018019617056865
263200,7.248859216304805
263600,3.9689416645754516
264000,8.974152479972416
264400,3.2736486199767194
264800,16.556805434435212
265200,4.235412107926627
265600,3.724997389560743
266000,14.856297662907247
266400,3.115198320373633
266800,5.550718017982089
267200,2.3183217091767436
267600,6.031233831451631
268000,142.2838125797749
268400,2.906646560479821
268800,2.844747125676431
269200,19.927485628264506
269600,2.1359464125669048
270000,13.675535669691405
270400,9.128861045914716
270800,15.026189671053958
271200,32.16687246519328
271600,5.214104148164775
272000,10.8689039980953
272400,1.1140074268565374
272800,6.606291825476658
273200,6.68897322088779
273600,6.860183280528824
274000,2.903306411064357
274400,2.6925674659566963
274800,7.773515847424101
275200,53.09328701738375
275600,38.20379369739789
276000,3.9684047711381933
276400,6.346799226876487
276800,7.277845616137437
277200,9.68713543503608
277600,8.296463082487165
278000,6.726051629722368
278400,7.578509807608383
278800,42.18363235189181
279200,7.628177492346271
279600,11.800486502389761
280000,454.0255111733191
280400,7.416218226777138
280800,7.6700049446764185
281200,8.695481577206664
281600,8.24988646591076
282000,8.797493947346307
282400,73.1197699195714
282800,8.281012917253513
283200,27.643061738248477
283600,8.865805841991415
284000,9.312135634928039
284400,9.231797621265589
284800,2.700921664827683
285200,6.933001034365131
285600,11.202904742124268
286000,9.52240327480327
286400,85.69724137201824
286800,66.86969968916222
287200,4.800292977700332
287600,8.90695671542934
288000,10.061865096755296
288400,22.93217781694966
288800,92.88364437001887
289200,8.50360396658928
289600,11.856093031014508
290000,7.924603429215539
290400,8.555173472921037
290800,54.98717651727376
291200,2.986616692210351
291600,18.933915323435727
292000,7.993722524536984
292400,10.90226844897246
292800,7.420103377572549
293200,411.07819474717587
293600,13.519672050780315
294000,26.58530415242667
294400,36.46641961218668
294800,7.08748080094825
295200,4.863692019367306
295600,395.37887251009056
296000,6.227961474297113
296400,7.611234976151605
296800,18.942751437447026
297200,61.4885803522857
297600,4.09670699504021
298000,9.388348386386326
298400,7.894179618559354
298800,6.962241307710011
299200,544.0263695558839
299600,565.7268729761186
300000,3.8776744331776243
300400,3.664429770879074
300800,9.721640029135644
301200,33.56178024270406
301600,4.534849545267353
302000,17.046968932166653
302400,5.518006756248096
302800,7.117368155551826
303200,68.34792589672612
303600,5.698237748650966
304000,6.604978532194283
304400,24.21764100501933
304800,3.2912254836260204
305200,5.659598785390401
305600,27.775525394555252
306000,165.88657086060536
306400,669.1642886816826
306800,20.65118450617124
307200,6.773686234293296
307600,770.9423321040767
308000,16.423431479076932
308400,8.0185873399677
308800,688.158264242029
309200,6.165817513405124
309600,7.887238861175045
310000,27.835759224895657
310400,2.91348386970922
310800,15.143928495172123
311200,9.952721318352232
311600,7.963293718878326
312000,11.138694928478369
312400,32.37975376599781
312800,7.088252568230593
313200,5.861765126978579
313600,78.12960360122104
314000,22.943047416951465
314400,338.5814300102673
314800,74.03266975236251
315200,23.126060637459563
315600,3.5905679764731415
316000,151.11369550942615
316400,19.30983605413568
316800,58.01578817178517
317200,17.96311420249832
317600,23.39353789223031
318000,13.994578440002643
318400,11.897093865969557
318800,11.894833368350156
319200,29.972734959078473
319600,41.632656666915835
320000,11.98434365758671
320400,14.763470758383082
320800,24.625009041129047
321200,46.37940218901149
321600,34.66606635758507
322000,37.08790956787223
322400,3.014869189732149
322800,13.851921846019133
323200,207.60492805659152
323600,2.866720927335383
324000,19.708201188018737
324400,27.12435756114656
324800,31.412510444915167
325200,8.170310529490038
325600,7.911470231074769
326000,17.258038629996253
326400,11.41574719056738
326800,7.250273960146573
327200,8.313627365572161
327600,563.2319203558369
328000,7.077411090352324
328400,36.38582269101346
328800,540.1828529614136
329200,7.686222929898131
329600,7.360920708646342
330000,549.0127435908549
330400,584.533871333616
330800,3.6505205705614365
331200,12.994066861347497
331600,16.15406736683053
332000,9.590101750156041
332400,138.3432817840124
332800,13.165981342513803
333200,6.971575714599203
333600,17.744012758214293
334000,148.10745144106647
334400,10.725867961820141
334800,30.313552808163717
335200,12.810992059004434
335600,495.18568091303956
336000,29.48233861802108
336400,15.007109389705096
336800,16.83898320226398
337200,25.882886395527446
337600,3.5215184377937416
338000,494.7731850849991
338400,5.987761664811015
338800,178.5301457996183
339200,14.501737387899498
339600,36.64502107338518
340000,25.781985733148375
340400,15.41069608243215
340800,20.24913506089877
341200,269.9508486462834
341600,299.4859785148947
342000,7.789343050051158
342400,5.494892371435563
342800,6.99637321811397
343200,11.20119522244927
343600,264.58997209976803
344000,13.038888475761706
344400,22.550118191519275
344800,24.672712533486404
345200,4.114487436272203
345600,7.763946003793449
346000,8.50042671367615
346400,9.197859121660068
346800,29.328511311187917
347200,8.286657234697818
347600,9.635348568194924
348000,4.125286592785097
348400,4.0256438511989945
348800,17.914919480072015
349200,5.209479362296213
349600,8.432171547494642
350000,10.738576778259235
350400,8.452578764789815
350800,35.06687374966264
351200,2.4222109528983213
351600,11.373595562242935
352000,6.058058860473293
352400,43.33603732942654
352800,404.17929888669715
353200,5.912375354150627
353600,162.97498922077736
354000,19.523055315601837
354400,6.3461885334892285
354800,10.827424300529998
355200,25.697554251311814
355600,8.54440154490392
356000,7.845422621029747
356400,11.405909095152015
356800,3.432889532927266
357200,8.115409747291517
357600,12.832412398412941
358000,10.418508045792631
358400,7.375161825182923
358800,3.8414663664466198
359200,9.319933765264064
359600,7.828524941722984
360000,7.156750707310667
360400,13.893045630216204
360800,7.717758667109159
361200,8.225263517878306
361600,6.6602306821140616
362000,5.8965356811490155
362400,5.927411990068377
362800,6.7481879983735
363200,30.18405544762143
363600,4.191431449746242
364000,28.14772446682239
364400,5.523824432599902
364800,29.48915931470239
365200,9.430309017954034
365600,6.476038109426848
366000,11.755253728810459
366400,5.674622198079864
366800,7.09852087324179
367200,3.7219670684027713
367600,8.312652928259306
368000,8.505211303370595
368400,15.832596010401922
368800,16.432298498938042
369200,4.539097559579091
369600,6.439719387433897
370000,30.624825535680497
370400,325.1106375320072
370800,9.026215284567943
371200,20.16392636551445
371600,8.8402857702108
372000,37.871496483809715
372400,175.6039809551698
372800,10.03587383167066
373200,1.6288639146063542
373600,12.12089797377399
374000,13.86604977421966
374400,178.23087808066563
374800,10.520590163906139
375200,19.221216861231564
375600,8.269626959396831
376000,14.065484627305937
376400,23.291010446517276
376800,4.259153460237165
377200,37.067969259500806
377600,4.05106004585086
378000,19.46581733052407
378400,18.808552580244488
378800,3.977656240283511
379200,75.10620188544885
379600,10.242810934325963
380000,15.528938788735573
380400,6.124172935587527
380800,12.432105629321144
381200,6.390327140460492
381600,5.323218692839195
382000,4.626099499663276
382400,7.274326839660471
382800,1.6827623253101631
383200,15.034485351565221
383600,2.4573805660950208
384000,7.935990290617134
384400,3.7233869464408964
384800,10.542802700673594
385200,2.365271730021138
385600,5.6655627060100215
386000,4.220346288725286
386400,5.429749414878384
386800,15.176568514894313
387200,4.705752270925792
387600,2.825586146981429
388000,24.765220189552902
388400,10.330774929137657
388800,41.17715463103899
389200,2.3283199847915625
389600,6.043025284662993
390000,12.63103305153441
390400,15.309313681547474
390800,8.2414282558097
391200,7.391166141268385
391600,4.87120938754362
392000,5.866893867783004
392400,5.1798176642393035
392800,4.422677141748195
393200,7.337641104212209
393600,13.807536584294215
394000,10.593944097771057
394400,6.949393422827569
394800,6.509049402591022
395200,2.965385474073327
395600,21.39483009437204
396000,2.6443646269579455
396400,22.566781024415985
396800,21.138460973620255
397200,5.0123045447166925
397600,3.901238256875963
398000,4.211480387556963
398400,2.509664246699207
398800,17.206513361865166
399200,2.5351756740037232
399600,13.394448749201311
400000,3.131591215595031
400400,2.4503875504368198
400800,1.445256436956823
401200,2.605380170205192
401600,4.925928680043138
402000,8.800551935154514
402400,14.596862621716962
402800,15.443481054712825
403200,3.075699352029793
403600,10.13377744828896
404000,4.727819968764999
404400,1.5831760019956018
404800,7.459186892025277
405200,3.2398056768682517
405600,4.825165532884799
406000,3.5931035545110683
406400,3.611810424728256
406800,1.8698560485118776
407200,5.316350621784554
407600,2.6151378274829065
408000,4.06556788248879
408400,5.290612316248063
408800,3.9460974439247134
409200,4.2901969391521035
409600,4.331216695940286
410000,4.764020380404104
410400,8.662465495288783
410800,5.1334062572117025
411200,5.367285391136661
411600,2.343572425200061
412000,3.445851160908626
412400,5.549120358131412
412800,7.247602695247093
413200,4.720379144199782
413600,4.7362534844237185
414000,6.3058744675422735
414400,8.628817598093368
414800,7.611745093901134
415200,5.716511041769707
415600,6.647209603419757
416000,7.956986035188137
416400,5.443598293458701
416800,6.169691944592215
417200,5.4824718006415925
417600,5.991801442663958
418000,5.72292458192273
418400,5.493082977444246
418800,6.082364611566238
419200,5.987696909537058
419600,5.925470810657199
420000,7.644014309387557
420400,6.818778518112441
420800,18.791715216619576
421200,4.334983832351419
421600,8.818089884830094
422000,17.959201526045494
422400,8.922674761564695
422800,19.04470062166361
423200,2.9757704625288777
423600,3.066642337359631
424000,12.102775135394113
424400,14.671994115956258
424800,5.891918742676882
425200,7.3793947139220375
425600,10.646354624175872
426000,6.724905130941002
426400,12.788631858377947
426800,6.319277206508009
427200,6.628002305556325
427600,1.7574230838931237
428000,4.898279748433907
428400,2.9573816451507073
428800,18.701442378844856
429200,6.3365438256477
429600,6.530022562321356
430000,71.33115446021
430400,9.086868259134686
430800,2.822505545073474
431200,6.690484953821208
431600,6.34647999367168
432000,374.6288927390665
432400,15.37961544490288
432800,1.3149805866159217
433200,29.840514709503836
433600,8.857596103502047
434000,37.66959173960127
434400,2.62622551570181
434800,5.401224550476181
435200,8.246021823801824
435600,7.052853912449373
436000,7.880592723146233
436400,2.755216500140932
436800,12.100278043253828
437200,2.6003163020388738
437600,29.49739048392588
438000,6.596348524963136
438400,2.188858085928266
438800,3.0561109603059338
439200,11.167566984756032
439600,3.7653108421433457
440000,8.356008812807222
440400,394.3050316812084
440800,27.022838171922892
441200,522.350373462119
441600,155.07807961027459
442000,3.7890252297172324
442400,6.398612470024284
442800,302.2940123189056
443200,13.845081388796547
443600,418.6768398623502
444000,339.1653749076756
444400,432.78471361006046
444800,5.939437207609875
445200,29.577845139706408
445600,6.5547166191251565
446000,361.2783718337673
446400,244.96476486663047
446800,988.1449587702276
447200,384.90794906332275
447600,14.266522746543934
448000,12.465206833831527
448400,20.95900773391938
448800,5.407078985433308
449200,16.69497088652009
449600,7.5662860993514665
450000,899.2541946944923
450400,7.906113892219783
450800,7.4983853821991
451200,5.045838312673175
451600,8.770077150795442
452000,29.285672720981683
452400,7.647180433313326
452800,132.46957018138767
453200,405.8253036424126
453600,5.437119464517721
454000,6.209476607337059
454400,2.9266143620433303
454800,7.545327207921477
455200,8.30039826410999
455600,4.264392570351228
456000,77.22209498058844
456400,10.023300152308412
456800,8.298836463018324
457200,7.093785479377414
457600,3.2510053651476007
458000,4.942739453313642
458400,3.1358867784644358
458800,27.596152552190436
459200,8.842560971857328
459600,30.312159055895886
460000,8.084338929009458
460400,67.80154681300442
460800,8.230368039581034
461200,8.394221335323092
461600,5.339857845172985
462000,134.64491903102441
462400,26.432952114921964
462800,6.180189351812507
463200,7.939502572538333
463600,7.796112490948154
464000,7.6091245694528595
464400,4.763732011543284
464800,2.669916444431579
465200,4.910891401558889
465600,95.85103149543023
466000,18.088888873747276
466400,3.699237897935757
466800,2.5062629512885706
467200,24.4165028412176
467600,76.36278604782268
468000,95.72126010365758
468400,7.312750689796049
468800,11.2018711434243
469200,2.379356118402666
469600,19.48317007233855
470000,5.382320324677328
470400,8.337048827455632
470800,4.170351404885216
471200,8.514880476479567
471600,5.76133536947176
472000,8.104699287138565
472400,65.38644863846073
472800,3.0799928474992275
473200,4.3862640500631365
473600,8.863303435267094
474000,2.3635475454909285
474400,84.28570069295593
474800,175.49978854183283
475200,103.8603184550629
475600,2.8710859587852284
476000,16.099852764064163
476400,10.534694228227867
476800,5.64670171651605
477200,3.87562124936597
477600,16.572108414496086
478000,41.26168757563626
478400,20.467461313973043
478800,8.816829811961444
479200,8.314950592061582
479600,9.484538580954915
480000,23.155076270015506
480400,4.99436511479741
480800,5.59391862570831
481200,7.399852073601142
481600,4.0715006270151415
482000,286.9895193897993
482400,17.311802491403075
482800,3.9566723176056886
483200,8.160455340140622
483600,76.68369427774456
484000,10.888779450695097
484400,68.28167151264805
484800,743.363272820833
485200,6.372023355790775
485600,70.95409589934651
486000,1116.0457096228874
486400,64.43564383813505
486800,581.2605639736141
487200,105.312142618371
487600,9.611394418714957
488000,7.316252882481918
488400,8.910673866402313
488800,8.973561724981721
489200,12.501481019187338
489600,9.489819379371948
490000,9.627573591943563
490400,86.71553545559739
490800,9.154409398758114
491200,5.81260793093252
491600,9.424003262323874
492000,439.42127430427104
492400,7.022152706385874
492800,4.289886877644265
493200,17.080171042018176
493600,180.55254881941832
494000,17.29436756940792
494400,33.313764333415364
494800,3632.351839079395
495200,7.507949172643962
495600,5.230715540761425
496000,25.656268364822992
496400,52.7309924502799
496800,15.350668568720684
497200,8.126894623545299
497600,37.40092194012958
498000,40.624086198293085
498400,7.284252273764392
498800,13.530183905401985
499200,10.097726169139932
499600,20.610279806963938
500000,3.976089739719544
500400,25.233153253937655
500800,51.685340158204944
501200,16.586749379456055
501600,267.6128770325352
502000,8.347100689167538
502400,21.13324964119825
502800,47.31033241353923
503200,29.004062365494928
503600,25.994566664584685
504000,562.6237434281072
504400,15.979526854473983
504800,8.405091849234482
505200,100.21540176067532
505600,1.9714688278065475
506000,57.07675067793824
506400,199.95136650021155
506800,7.774144863633019
507200,3.2973893171230864
507600,15.313467423925328
508000,21.71709727107597
508400,20.471699163754568
508800,13.572650707406568
509200,205.84082685834932
509600,3458.468195042081
510000,28.836690685333163
510400,304.0336868460098
510800,29.362107992854156
511200,31.747556998228415
511600,69.63057970734157
512000,6.429184562997746
512400,6.066630751644305
512800,2750.0181006014054
513200,8.860614293892182
513600,18.48665145486182
514000,2.924755815004638
514400,6.146917846940816
514800,15.143245039523665
515200,25.18805591280053
515600,407.9174915365102
516000,1.5260568743305671
516400,102.14189222609822
516800,9.521665353135687
517200,7.5324797422071645
517600,7.938348776272466
518000,4.27669566048249
518400,274.2332488536162
518800,7.270416332402396
519200,21.233611738198757
519600,1.753653800743086
520000,8.564016944463866
520400,4.955889542314395
520800,9.404667296744766
521200,167.737888967596
521600,13.347672503788976
522000,7.616329949625118
522400,6.545821680626583
522800,31.232456707926932
523200,7.193912299926983
523600,21.141813058620684
524000,3.925778377657815
524400,230.01113476740193
524800,4.7759245571771825
525200,8.230592068366073
525600,457.20226849534254
526000,437.51824218975423
526400,67.35087461004905
526800,15.665882299625347
527200,7.123230913335902
527600,4.771985430608718
528000,23.84272548421
528400,7.92630568850153
528800,4.302997040739567
529200,6.605986308835954
529600,2.996193419599335
530000,2.2824956863610675
530400,2.0541520800145285
530800,4.221500830690316
531200,3.8267250187996242
531600,10.297545992397401
532000,10.52020608403359
532400,11.784287232037657
532800,23.498902423596743
533200,4.889733425503053
533600,6.406903874210626
534000,125.85296986820534
534400,5.744744203001586
534800,7.554337593240203
535200,11.452929517182392
535600,473.17682776800154
536000,2.6030118543448824
536400,3.431748411536702
536800,3.890722736758295
537200,11.400245457115863
537600,6.873753554705979
538000,10.714651941297449
538400,7.677118670525048
538800,5.1111521771164306
539200,4.1479194324046285
539600,6.076481975727319
540000,5.727875667062991
540400,8.442679441741848
540800,6.003243557076461
541200,6.9253353298948515
541600,21.144199822165078
542000,215.25633623431105
542400,7.253360181022274
542800,5.576631748393612
543200,1.8285212607450145
543600,3.5323052293733443
544000,13.741517156738974
544400,3.074309525105866
544800,1.6080634353941592
545200,3.084203727179178
545600,8.999071853640864
546000,7.109804936766216
546400,25.85756027918964
546800,3.5580990769702
547200,8.58149543338844
547600,167.98415566182805
548000,223.6523036558771
548400,7.686649316605808
548800,8.838221332285604
549200,10.539276650468075
549600,13.300668269796454
550000,3.299736020835297
550400,9.366644821412057
550800,12.286276891106542
551200,9.183244134688772
551600,3.39823232749509
552000,2.089223996933881
552400,3.49217334205787
552800,3.9272791821341495
553200,45.01552813664312
553600,3.7962208517125475
554000,6.737076985063177
554400,18.705018229700716
554800,6.32607032205373
555200,4.727736110671969
555600,5.459692071619777
556000,3.219893189086946
556400,11.576434381746212
556800,456.92969859395726
557200,9.0798558477478
557600,9.884805291215464
558000,2075.7885588781282
558400,3.1521261975442045
558800,5.303441314570642
559200,6.953632620827365
559600,35.63868891585057
560000,7.957105890215505
560400,11.463103549709949
560800,1.7720006931091996
561200,4.285454942393264
561600,5.828611112062175
562000,49.30909330662936
562400,8.220988967419773
562800,13.78708523678114
563200,498.386442046864
563600,4.276468943821051
564000,5.920813885883835
564400,3.7393080794063596
564800,3.3101140698819425
565200,15.773753698277327
565600,1.8938467722256396
566000,6.134154069856834
566400,2.630073603440047
566800,2.073394390056739
567200,39.35676543942123
567600,2558.986117937711
568000,3.6104895799484775
568400,4.569956177925806
568800,48.10535772785863
569200,6.993148387460381
569600,6.202242776933389
570000,22.78432245754036
570400,5.613792985321774
570800,3.3304184459762274
571200,107.89021486808788
571600,7.531205961531277
572000,3.877065439317331
572400,28.86750340525848
572800,3.0793517699996293
573200,1811.0142581807222
573600,7.32479958864875
574000,3.7160784465494276
574400,7.730886733240822
574800,134.65480718068784
575200,17.422450118238608
575600,16.313518767292443
576000,17.959866104444057
576400,13.609499440042748
576800,101.41426192799285
577200,48.2004968366734
577600,7.807791344040091
578000,17.920726276643936
578400,6.785391680972644
578800,8.790904697077394
579200,181.32181677065344
579600,137.93233276479324
580000,3.041122766032025
580400,1.347742773450977
580800,5.5475064655846085
581200,8.1251046872864
581600,25.616463235136052
582000,8.49938454628077
582400,27.56197103785825
582800,10.610162609776879
583200,2.222926923314506
583600,46.04186950083858
584000,378.3472092544953
584400,6.98555108181755
584800,6.19262652036597
585200,74.40284696515442
585600,757.8077289623327
586000,209.673957716671
586400,215.9762885429412
586800,121.33063236161736
587200,3.4084166904529365
587600,46.035353774445845
588000,3.0850420316695204
588400,7.050684669393901
588800,35.28247013804388
589200,11.486991032846795
589600,5.3564779562809
590000,242.9173161256817
590400,43.840557671013464
590800,11.254311871444456
591200,12.961959176200297
591600,16.412973077199194
592000,100.83850373652675
592400,32.09584519324306
592800,34.36974376458779
593200,27.617111508208655
593600,6.738050933567524
594000,29.89844212951786
594400,9.352750179479116
594800,12.643044632900818
595200,13.753030022246842
595600,12.907324298348186
596000,7.784177072001077
596400,6.380328729479789
596800,10.806910797782988
597200,457.1844771953271
597600,11.670022308730875
598000,8.725857034543386
598400,5.67901918302981
598800,10.425761890432389
599200,135.49006897961686
599600,1.888568475644442
600000,137.98630902038934
600400,2.345561477050091
600800,17.579491464520792
601200,82.0348582244136
601600,9.782081024550079
602000,4.399711816669456
602400,17.9211148258273
602800,56.915539042943934
603200,5.9820741461636
603600,21.050608475036576
604000,234.6476717050699
604400,5.271984319520405
604800,2.5617474821539115
605200,218.45841994484434
605600,2.9752365890325114
606000,11.601687976018704
606400,2.8718861888931015
606800,122.26991278201476
607200,23.23505438132503
607600,42.80447900626074
608000,402.2899802279225
608400,9.571463805880363
608800,4.906440459387941
609200,8.988322475239782
609600,4.502969215726676
610000,3.884158920537215
610400,2.110829043186029
610800,35.072607066461494
611200,10.117417390366267
611600,30.32791657277639
612000,167.0528696537669
612400,4.4248279236106915
612800,9.090437059760086
613200,38.99434928281031
613600,10.339176261718308
614000,15.782221778989028
614400,8.38756543525191
614800,7.350504976348242
615200,3457.300227335815
615600,9.47825326607467
616000,110.83726140780313
616400,12.632285427311114
616800,6.61041771104903
617200,8.384799862339936
617600,13.843213159025298
618000,8.206104266470485
618400,5.570239623176509
618800,132.54742490475218
619200,3527.648084510199
619600,162.54245358551614
620000,5.10400026041667
620400,4.1318494769198875
620800,11.367079519270984
621200,3550.727950167503
621600,13.211333718503326
622000,37.40867749032836
622400,12.74370630827817
622800,134.04373018254154
623200,14.606144412068884
623600,83.2589685671067
624000,51.10231072067594
624400,18.901204962017967
624800,5.764957171611899
625200,10.31917607116102
625600,14.121775316314716
626000,5.627029984117422
626400,22.989704247050653
626800,2.4866609623524196
627200,4.841953032017494
627600,30.83928952760836
628000,5.33221674510142
628400,5.972902471348525
628800,2.993614697758506
629200,22.775264935047677
629600,129.0930081784325
630000,9.402911503129193
630400,18.6665350045393
630800,31.595051212157134
631200,43.51410359539342
631600,12.420933097302393
632000,29.022228216242905
632400,75.7352161298772
632800,32.33059584980047
633200,7.947692308384526
633600,131.03536548659955
634000,4.43458406729154
634400,54.762910151579085
634800,86.35068904833382
635200,10.457441551378375
635600,8.891932277890046
636000,4.279735518186839
636400,138.71779799859826
636800,6.529728664112107
637200,4.362958709608189
637600,8.326392868066357
638000,1155.494471120684
638400,5.306152872139159
638800,175.0213605518855
639200,382.8422096128362
639600,41.671615870215454
640000,3.2577618723669524
640400,107.6753545162015
640800,56.07518327724162
641200,9.652591882149697
641600,3.3287738071646933
642000,36.72271267539462
642400,4.332690797678584
642800,2.507256267179186
643200,4.992872631393872
643600,11.913258802692631
644000,1.6899667090758406
644400,281.4283141081112
644800,1.581037942264651
645200,234.66268703109085
645600,2747.936802971882
646000,744.453771393697
646400,9.816127030463285
646800,3.177974632425276
647200,65.61718150826546
647600,58.158151523664024
648000,18.271752035173883
648400,14.210792082829824
648800,209.452593757777
649200,120.68359297272504
649600,7.220892951049415
650000,350.15219636095105
650400,5.172519987252541
650800,3.095358655052881
651200,2.451407415118534
651600,4.459877393336341
652000,63.234869277988984
652400,7.437120878600854
652800,94.11473256232436
653200,14.917237813800789
653600,6.917463022065858
654000,92.63395849982558
654400,3.0480479178272306
654800,3.463038326269839
655200,7.962345675486917
655600,5.774902330947749
656000,7.449865576692045
656400,14.54647712311254
656800,7.98491440825836
657200,7.342644780001999
657600,8.17593260819818
658000,7.446311401886961
658400,5.2074830050838266
658800,21.35075102156914
659200,15.534937397220226
659600,11.61383147138233
660000,4.36342800826574
660400,6.252973636917153
660800,9.544505210101704
661200,5.963271027846168
661600,2002.0315889417582
662000,9.463439648218424
662400,8.502454938764036
662800,7.355372553797597
663200,8.695114735475634
663600,105.95599760776525
664000,33.85245357116127
664400,11.92152771482919
664800,4.132802099981084
665200,1.7549107369576917
665600,24.05876283676859
666000,5.074909359438654
666400,6.586358578071195
666800,7.537914498146779
667200,119.64032993104053
667600,8.048409350824569
668000,158.2148654732903
668400,98.34811290878145
668800,538.4817824558646
669200,3.546959370819619
669600,17.510258053366346
670000,12.344273399697128
670400,6.27404141504299
670800,16.791281558151574
671200,454.05717880994257
671600,418.52856300968995
672000,12.549833431432791
672400,4.071710711593705
672800,845.3998021034655
673200,17.785623313451534
673600,3.943535852159958
674000,6.647674933165726
674400,5.202941147987411
674800,5.860609810437618
675200,2234.993272357746
675600,3.6909959703616213
676000,6.732933359788089
676400,4.795360287143005
676800,128.09788552647314
677200,5.55492735415539
677600,5.017371463342982
678000,5.735391034173483
678400,6.011215456430388
678800,591.330245161822
679200,7.388763462749843
679600,626.749947230381
680000,8.86377501310438
680400,14.67648829216541
680800,6.968335994545129
681200,6.090157312186697
681600,4.507229731078339
682000,7.471102807271472
682400,3243.160494872584
682800,2.093240868299801
683200,2.442435010537718
683600,504.682882114795
684000,15.638117297431846
684400,7.918368628740166
684800,179.03781201082234
685200,5.321934632507102
685600,6.052696229766165
686000,4.864334380499725
686400,196.57425483852433
686800,277.08953857966713
687200,8.467857054491596
687600,18.307059872795694
688000,8.613360199487504
688400,52.840794358994394
688800,8.630629938862073
689200,7.44177955433551
689600,363.21346487836945
690000,12.416206542665787
690400,8.340403672114947
690800,274.10719973412324
691200,286.5012899158127
691600,4.911859765906998
692000,333.4050719375994
692400,37.44348616856545
692800,13.19552225708517
693200,331.06703516105114
693600,7.177750008674727
694000,14.03817890319588
694400,39.151609058502075
694800,13.176166401791313
695200,5.4084865921912915
695600,8.015273475896894
696000,5.656926091129182
696400,100.55380047902014
696800,2.8282326372708386
697200,7.344008965900044
697600,15.908693953405791
698000,14.721421339873341
698400,4.872563893622085
698800,10.439796355507733
699200,16.426107014033278
699600,4.461350569289336
700000,5.3557304250770965
700400,6.993756929572656
700800,8.12670842993031
701200,10.998869393795454
701600,11.538732792253528
702000,27.728751175466897
702400,7.765617098044423
702800,44.60442794176807
703200,6.538013601209721
703600,109.4973145097021
704000,472.88894612170327
704400,20.78667513381115
704800,19.957530415637613
705200,9.118153390589894
705600,42.28025759276772
706000,5.102174639548265
706400,21.718705242727026
706800,28.029284842359914
707200,8.277614560422606
707600,2.636566356719714
708000,11.009822300737415
708400,22.091463641158313
708800,17.564312316055304
709200,4.612497055446396
709600,18.926706405376095
710000,18.01846894977058
710400,8.158385147260379
710800,7.917131225183621
711200,28.850696403554853
711600,10.701669735446282
712000,3.9074087865013136
712400,943.1704719676909
712800,32.79128664703353
713200,8.917968716993
713600,162.4759964052701
714000,396.5140452597758
714400,4.353178942714904
714800,860.2415193544969
715200,101.50154377283627
715600,4.558925716045471
716000,4.950513404403489
716400,13.870519199838519
716800,11.566191356910018
717200,13.388622415905648
717600,12.473515602292405
718000,5.7114453604442135
718400,8.838886220642559
718800,3.7406691227999977
719200,8.913691971690469
719600,70.59851214418852
720000,7.292982147827931
720400,3.137464743587096
720800,5.053202744241778
721200,8.383697502638617
721600,12.224698113386744
722000,7.337090159098042
722400,5.261086614118487
722800,5.601337088771848
723200,6.729289545892101
723600,5.33838076794331
724000,4.31126213721181
724400,39.698784352586046
724800,8.733709648844043
725200,14.844693172043547
725600,4.3204545278037685
726000,6.264253474912919
726400,5.044904466492676
726800,4.673743961397896
727200,5.822759274102621
727600,4.815184208280288
728000,3.499118340662616
728400,6.330860562733344
728800,4.787495464908648
729200,6.7040451628539595
729600,5.102148759144502
730000,4.295578203751801
730400,4.8494728882423495
730800,5.033424648065626
731200,4.480068147712973
731600,250.4604207773485
732000,4.6627827039233685
732400,4.470692737941621
732800,11.112044198927133
733200,4.43683379222973
733600,4.535709670860256
734000,15.969877577382974
734400,4.442070960639316
734800,4.20162512020299
735200,4.065887934371986
735600,3.7788504573236885
736000,9.973554279388624
736400,4.0369636392956805
736800,18.427122173355798
737200,8.315280925906315
737600,3.36295477635581
738000,18.19716664685161
738400,6.208919166903343
738800,4.702609720061952
739200,22.87439263261525
739600,4.912347962267447
740000,43.33735535140383
740400,9.991899641271948
740800,7.880120234295572
741200,7.131891221314218
741600,2.489315726644174
742000,2.43153984536551
742400,6.629483667505118
742800,6.9612916845577795
743200,239.59814876935522
743600,5.513241496155768
744000,4.542806378280458
744400,3.03113827400898
744800,4.564273222389227
745200,14.490604075652291
745600,3.5095706784615386
746000,3.224761904158341
746400,4.396977956288132
746800,27.2621938018735
747200,6.010351004268166
747600,2.518395384563681
748000,2.2868044130915055
748400,2.6908298539673856
748800,2.087775336568928
749200,1.4330101672889493
749600,1.7506242480398062
750000,186.27565994795336
750400,1.8365131516428894
750800,1.5909897033245044
751200,188.54836281735064
751600,1.9955237914336421
752000,5.1758129204662255
752400,7.397323180636792
752800,2.33020264383726
753200,7.692005106673369
753600,93.58594740305048
754000,6.231567652678279
754400,186.68579049643077
754800,7.243956117021852
755200,2.655414862954826
755600,17.77546229860085
756000,7.49296819329094
756400,19.086964214920577
756800,5.2193191252881155
757200,3.0011447359485985
757600,65.4434919963912
758000,737.847778289617
758400,7.358510893532414
758800,9.23433577091555
759200,160.69654329317166
759600,7.925429812194619
760000,17.174371802667974
760400,56.63187860930736
760800,1.9952180924595064
761200,6.267845199526728
761600,5.076244517225103
762000,22.07282633462782
762400,2.38161625662073
762800,1.9189893762403634
763200,33.7024350400064
763600,12.572266982346065
764000,12.191922936019864
764400,17.570082289687754
764800,987.7713820836734
765200,20.335900755895093
765600,245.5676778111665
766000,23.486011898790434
766400,130.49095289261453
766800,5.603738137195405
767200,26.77167290601297
767600,13.760408052170952
768000,26.79822940307546
768400,23.56531824352997
768800,41.501167566359264
769200,20.534966537344477
769600,21.8850657435247
770000,5.826700645206476
770400,81.27669686160219
770800,42.46428038219498
771200,28.59331252200775
771600,3513.788404443938
772000,11.427239545253752
772400,8.530230741832337
772800,7.13268746156994
773200,100.4659027234038
773600,20.164497953852752
774000,7.7978473257640735
774400,9.918500582155819
774800,7.689368830929433
775200,58.582479842899566
775600,56.10112078788977
776000,5.378817426124734
776400,53.28793782551762
776800,29.274099925699744
777200,13.9689710713176
777600,10.192818668383687
778000,8.096305066818838
778400,126.34624528629571
778800,217.45656393100623
779200,3455.152174348247
779600,666.6031180527425
780000,7.590019451873692
780400,91.24740706655979
780800,4.00672445912593
781200,97.44832959320826
781600,17.7099047334648
782000,30.19390216533396
782400,140.98755761638955
782800,120.37492253019673
783200,158.94613711835174
783600,4.491542526014003
784000,430.71151622067714
784400,8.569851401770299
784800,4.141361534250783
785200,5.012439544949036
785600,227.64031706107582
786000,72.10541274220326
786400,3.6300249104157465
786800,37.77722607168922
787200,16.18564304443278
787600,175.64053520196404
788000,9.461678120938464
788400,44.282760630113934
788800,16.674942383012812
789200,208.67806408388097
789600,10.291074461979894
790000,8.525940894863545
790400,7.357547178299124
790800,455.35327752093474
791200,7.797349806542888
791600,16.14587550179944
792000,2.816231748109965
792400,828.0450285592135
792800,33.921019380842424
793200,44.51293571999436
793600,10.595183222164183
794000,390.4561926113367
794400,6.135228332519412
794800,112.57421898081625
795200,32.73992743017384
795600,7.231896000598796
796000,4.068023458815258
796400,559.5435456412094
796800,32.874880703019464
797200,556.7853508026361
797600,8.247174216583657
798000,53.60312341765461
798400,422.131435230552
798800,62.24123477738363
799200,429.99202680131833
799600,6.194683756301718
800000,10.618484246599188
800400,23.20176748685979
800800,43.56678015641927
801200,26.952785462823112
801600,2.662605732941662
802000,416.56372598825004
802400,16.804462756158053
802800,16.890448211097397
803200,414.9807945416582
803600,13.263752414792199
804000,342.9232870894265
804400,11.021434284913504
804800,5.505672299158743
805200,6.26286330211929
805600,7.683123906283841
806000,1.8915508491716928
806400,9.463215784507886
806800,665.4620546566738
807200,7.212451393297799
807600,108.1205309765088
808000,1.890057611862557
808400,5.959025205855965
808800,186.2101782646102
809200,11.443930328840102
809600,161.17008709344705
810000,4.095517519435402
810400,103.28786831750797
810800,3.9789541120015737
811200,111.80021204737145
811600,255.56086866172967
812000,6.166623881046701
812400,115.45861632017433
812800,8.05288768564815
813200,146.82497157369315
813600,5.00879995374226
814000,20.310411324277705
814400,413.34193003846497
814800,4.450595210809652
815200,27.527703593093932
815600,304.06909640693203
816000,768.3654681310569
816400,3.321174040419848
816800,370.1277306863586
817200,28.24184786841994
817600,15.21885563223159
818000,217.82595778413972
818400,319.09983973681483
818800,7.36606926588781
819200,28.207942952954976
819600,466.1350360181048
820000,12.216866911894535
820400,248.47692733938084
820800,12.103479736671963
821200,1207.0929759195456
821600,460.7420368904086
822000,4.593327980393295
822400,7.610997376774172
822800,469.34447235175935
823200,97.89928755345036
823600,455.32725195036744
824000,432.5649661463043
824400,107.97180509056517
824800,6.020819013359305
825200,8.678112263844008
825600,250.99645026122332
826000,13.28732276283553
826400,7.271177748809605
826800,36.427383656663146
827200,17.002407832310393
827600,12.146652146641255
828000,116.91635300507082
828400,108.06650836316453
828800,1695.3692950445623
829200,119.05413822226511
829600,110.57885234091219
830000,563.7213951005913
830400,16.709606772788714
830800,11.629833541655596
831200,29.925612938159613
831600,26.903182936227928
832000,100.44765145354057
832400,27.86798563066645
832800,127.35124942586722
833200,20.35305649311558
833600,152.61891150407823
834000,499.79946462287785
834400,29.838669579789403
834800,4.060023100267268
835200,4.089664721976058
835600,27.126230976708904
836000,2.4570620470943543
836400,117.10499678805394
836800,48.610642180911455
837200,13.911350141253829
837600,14.656992512769394
838000,13.400219544949353
838400,3.667771887206113
838800,61.07924221717678
839200,2.139585106367546
839600,1.8531565435110935
840000,114.18259364303152
840400,59.59698236836938
840800,83.10041608331274
841200,8.69908684282886
841600,19.093053317460914
842000,2.0951485674629686
842400,1.8160574016413222
842800,73.851880503737
843200,1.711536478061854
843600,1.9486042516152302
844000,15.90261163222338
844400,122.31015344662296
844800,4.128732132153731
845200,3.8186962153275745
845600,7.981213774263991
846000,1.9522116401007188
846400,252.00000947269905
846800,2372.0335890001334
847200,21.013481336304977
847600,92.73180518083913
848000,2.7771051821942936
848400,6.214066140407688
848800,121.06538904715988
849200,4.655600751448252
849600,14.53930286736669
850000,102.02865426650224
850400,22.387554689283622
850800,169.33369222117253
851200,2.4096055326616326
851600,2.9087218818128875
852000,14.72511520521182
852400,111.66689298396612
852800,8.510194547896127
853200,329.6057780689861
853600,133.66125800725175
854000,8.25484486649596
854400,2.229088747081742
854800,106.2640450373537
855200,2646.9193504172567
855600,6.8238991264202165
856000,12.117427594927513
856400,16.252428991260654
856800,91.97727023539248
857200,113.72948487952573
857600,1.350278887919915
858000,17.736585810930638
858400,2408.2661028284124
858800,6.9344951753464095
859200,3377.837612701331
859600,172.27489667227343
860000,13.900229785762003
860400,14.603409141305807
860800,3.918250470566951
861200,3401.050275842644
861600,6.569015605611507
862000,5.384541079139799
862400,241.09570367851143
862800,10.0708249250049
863200,7.625420809540241
863600,17.638364644766778
864000,2.886011574184243
864400,13.892174490453868
864800,4.700740955321501
865200,35.545119203281054
865600,5.841969232631941
866000,2.110977952628504
866400,3.7859302046930594
866800,8.315886678142501
867200,11.343832583621785
867600,8.94751065375822
868000,14.048618420480008
868400,7.240489625188404
868800,23.24400864647358
869200,8.933393679416405
869600,4.222466485798968
870000,4.8319172457897235
870400,16.722764260167132
870800,17.76606009445846
871200,137.45736135347914
871600,5.964622470599447
872000,17.029877627830988
872400,2550.7755139203723
872800,110.18977446759426
873200,2953.7495898903453
873600,2.275832472645049
874000,6.068012217883235
874400,15.064248651793303
874800,138.23036318392266
875200,8.735222140282056
875600,6.733891975609454
876000,6.410677765085364
876400,1.3394704461946019
876800,7.233788503646212
877200,9.414859485934494
877600,11.062614524672567
878000,3.0449053377772097
878400,1.5096533374706786
878800,33.86690542469832
879200,338.51861550059766
879600,3.0620689246396835
880000,6.317080617498082
880400,7.592050524162867
880800,2.591392075625699
881200,28.28739928228494
881600,12.005529460754618
882000,2.5730743511196086
882400,29.89549835052065
882800,134.0277789890834
883200,6.72793407654788
883600,124.34578351586813
884000,10.588996439711762
884400,32.32763694629477
884800,53.04492810787056
885200,2.651707651971407
885600,6.499212117946481
886000,753.596436514501
886400,226.92414457873235
886800,141.67759400838966
887200,3.392711434194803
887600,5.38886844596876
888000,5.315461420146248
888400,6.458190647356817
888800,5.288093303039017
889200,21.2983013718195
889600,67.45340181866112
890000,8.506383852827689
890400,3.6680965725522237
890800,9.512797489890964
891200,35.819584793736375
891600,4.149177560533229
892000,26.224501005657718
892400,2.243398658238432
892800,6.83834878143366
893200,14.861706466093983
893600,20.5645891588197
894000,57.38864708039533
894400,38.34551131865708
894800,8.127014387627788
895200,248.22326422626662
895600,7.486799531011129
896000,87.51827976105795
896400,177.1213273897108
896800,8.789602052077317
897200,8.687151908847795
897600,6.259510217495427
898000,4.353452686457101
898400,82.30083600772882
898800,4.523209993487706
899200,17.942034821715943
899600,14.70282342132092
900000,6.67741768620955
900400,11.160613999868263
900800,16.001365887046184
901200,10.613327205260367
901600,4.833456831503498
902000,13.66790893079392
902400,4.912134395694166
902800,10.659099590579459
903200,7.234386977894487
903600,135.86507287408548
904000,6.836035981571981
904400,698.300886674947
904800,6.704998058831192
905200,11.580916214019814
905600,5.994349568632381
906000,5.569499898157731
906400,109.86093018103914
906800,7.891531722186644
907200,30.054063870894005
907600,5.854675784395519
908000,51.600910033689026
908400,9.2467435824205
908800,6.048984741537936
909200,4.641506954270778
909600,5.950064479036522
910000,9.241584824286367
910400,5.863185142840871
910800,8.610432234922461
911200,5.358265094417566
911600,45.289345518735345
912000,12.08629005767654
912400,28.38492659845026
912800,7.123943939376662
913200,6.7363896253618
913600,13.191079297400595
914000,5.59666648730517
914400,7.175543639371361
914800,6.253967883494409
915200,5.45319211377662
915600,2.5988800680197928
916000,67.2476790685704
916400,384.05707091504524
916800,7.443574289957812
917200,7.877350756601355
917600,4.932236788179757
918000,7.506434119050057
918400,7.864161814483559
918800,6.552135980613803
919200,6.340321964467561
919600,7.725071995349559
920000,5.278454480575953
920400,3.972586130979724
920800,7.303940688076062
921200,7.3328877065401565
921600,11.073988464628416
922000,6.935118182297508
922400,6.923481927458414
922800,7.129464997779614
923200,7.126981963891304
923600,6.7638917451378555
924000,5.232142321010347
924400,11.65705280585617
924800,7.083620078448655
925200,5.9853975236896755
925600,244.57579080716417
926000,5.867040180086692
926400,20.553392317739792
926800,3.5285282263790605
927200,12.895853034134678
927600,6.232012882911166
928000,6.469319439077578
928400,73.46690730672324
928800,6.938074851378785
929200,184.50136679683916
929600,5.460512367371333
930000,16.148218429908834
930400,7.403975812059446
930800,17.391549530847954
931200,5.767360011698322
931600,6.415771432508208
932000,8.152515804966555
932400,23.31584835027846
932800,20.409193865429327
933200,5.946767109727588
933600,8.987182509275586
934000,6.51752278229189
934400,6.666442707059308
934800,26.51947729021951
935200,13.404592399683798
935600,75.31259219630365
936000,6.571977125543482
936400,6.314283456927993
936800,7.572320680146165
937200,13.763002226007371
937600,602.8685895955833
938000,5.994391823224719
938400,7.3259310296757345
938800,11.5898987213884
939200,21.81309170366814
939600,4.070717356456993
940000,7.691223373715422
940400,10.081615166816823
940800,97.60545558387841
941200,1315.8646284645101
941600,95.54620278452266
942000,6.363864810654456
942400,6.007946189017974
942800,6.378257704087528
943200,237.77147832347927
943600,6.213849273899288
944000,6.8684456032948535
944400,1078.6989452661276
944800,19.08043634449587
945200,146.92345778271002
945600,6.5265950511853505
946000,14.811334418931585
946400,31.409315729446458
946800,7.278312055721032
947200,6.055594693270596
947600,13.04872197806686
948000,6.607107391923468
948400,5.5870558415122415
948800,16.405982121946014
949200,20.920471345037104
949600,21.41313234294124
950000,4.043847408606524
950400,11.657372605623886
950800,6.835052035513811
951200,5.471834361042261
951600,6.785397894358843
952000,6.897918139633652
952400,6.85460961657447
952800,104.70266036893462
953200,33.93674883287828
953600,7.291260297447334
954000,7.318117384297772
954400,3.5870589215201574
954800,3.588783687571932
955200,7.507886224199863
955600,4.215589759282409
956000,10.759359287698135
956400,5.480224760807931
956800,8.326043819165449
957200,9.42665631538913
957600,13.831919714906528
958000,15.95638131379393
958400,59.54058227949473
958800,18.892713949783914
959200,6.324153112563768
959600,15.379533148964228
960000,6.148105687439156
960400,8.387321886245523
960800,3.480671739096279
961200,15.136363992791384
961600,22.263271966693818
962000,6.552466346549392
962400,7.695976461099694
962800,30.784261332119268
963200,7.371098533282008
963600,7.199183956064152
964000,6.096996858102241
964400,17.452673552083706
964800,27.814282155387893
965200,11.008643115210848
965600,5.49146015651881
966000,6.7032084466156405
966400,5.641745119481797
966800,30.74522546907927
967200,11.644059635909818
967600,32.28135793755932
968000,46.289794936646445
968400,6.143758959137111
968800,2.908447595244535
969200,51.89963482198784
969600,8.06449787380478
970000,7.4908591261572655
970400,7.676493457700226
970800,5.69909632251166
971200,13.973792315566566
971600,13.907250000441554
972000,18.29528592205878
972400,5.815140435015328
972800,307.5687555125948
973200,6.980057163234152
973600,2.7762328910688607
974000,5.55340610729715
974400,37.83473109509435
974800,42.908287146667504
975200,106.14690036769213
975600,2.7424864651522043
976000,3.4283236625413203
976400,15.064329892380865
976800,4.955479766932959
977200,30.505811600873912
977600,9.58087691462995
978000,5.273711687611095
978400,3.866496341427385
978800,43.23055562555603
979200,25.038733723375067
979600,15.308268596451832
980000,49.7657556191907
980400,27.090361246347783
980800,67.7332349237016
981200,86.79890799175104
981600,9.454776674807716
982000,5.969012304764681
982400,3.6342111924622262
982800,12.423839955565288
983200,6.190574658253476
983600,6.366260191824223
984000,17.974115819232853
984400,7.564307036954193
984800,5.168438819323763
985200,6.998044817571912
985600,6.038795494878755
986000,16.400975961420404
986400,11.181017965030948
986800,5.702262991579038
987200,7.9816304818942285
987600,8.853582890866528
988000,5.466719710039136
988400,349.231064165733
988800,2211.4209419394247
989200,209.11087644934875
989600,4.651290004044973
990000,21.145087941833854
990400,17.602538192209433
990800,12.572857768243884
991200,12.412872797682535
991600,8.731269621051668
992000,2.9453755963592108
992400,31.10091576058375
992800,13.525249246835989
993200,13.040633190078115
993600,6.780082886544484
994000,1.6452189984904655
994400,7.6767520729500545
994800,5.867895857380678
995200,19.531710209744947
995600,5.564748438539094
996000,98.85224090489733
996400,15.63394577328785
996800,6.018216346649853
997200,12.854126468158444
997600,19.997970046243456
998000,4.078181284264995
998400,8.168115771020743
998800,12.279104416851968
999200,855.1892834650172
999600,127.07839853836641
1000000,9.415305961290334
1000400,26.770814603421734
1000800,125.57259923291693
1001200,7.798235660603767
1001600,112.39388502025697
1002000,20.348240285253556
1002400,2538.4591828297525
1002800,296.2497741819935
1003200,7.644921700825749
1003600,3175.798830166744
1004000,4.521378352669632
1004400,5.915257750614087
1004800,79.21334208490735
1005200,62.30347643311807
1005600,7.950072453369085
1006000,75.76916313218841
1006400,424.07295453683446
1006800,104.13312939772214
1007200,5.513562716681336
1007600,205.59177307151757
1008000,3.2454414921808548
1008400,2.5808592682981324
1008800,26.257763886827064
1009200,23.284806852233448
1009600,10.033899945353491
1010000,3.6087338302374814
1010400,18.25499711443489
1010800,6.964093259025135
1011200,14.008942233767888
1011600,7.766200749219564
1012000,11.61425180209058
1012400,3.581809656319818
1012800,9.947504878278629
1013200,258.09330095277164
1013600,5.414932509283658
1014000,41.65645520666442
1014400,5.340140124828918
1014800,2.5447434897280643
1015200,7.622200412890079
1015600,8.603444645591454
1016000,118.7116869075043
1016400,620.0066439584083
1016800,6.101671992423665
1017200,45.592643818471444
1017600,30.77155174818508
1018000,15.13645985263197
1018400,65.61358426818808
1018800,5.345004938969916
1019200,4.615521525246778
1019600,3.689331076586858
1020000,7.85493279838486
1020400,10.337616462422808
1020800,94.27373570084487
1021200,139.58997543621743
1021600,6.904578469750521
1022000,5.163374086704532
1022400,3.492451861137333
1022800,4.269308239734039
1023200,644.277094322145
1023600,108.66947570619081
1024000,17.676842385269993
1024400,55.52262082080872
1024800,4.128285487548724
1025200,19.01869229962528
1025600,10.951937940982365
1026000,14.059698920749495
1026400,26.28258152124352
1026800,16.790978520896942
1027200,3.4929393150229258
1027600,11.489386100843541
1028000,8.193158050629869
1028400,6.848074285071776
1028800,12.397553082800702
1029200,4.0951819035931765
1029600,3.037680457063923
1030000,17.5670693073989
1030400,7.593703057819207
1030800,6.628776905112967
1031200,3.1681370638811144
1031600,105.0200634095937
1032000,60.16719749354848
1032400,71.54336890620785
1032800,228.74353660120843
1033200,41.26955846408405
1033600,7.017249639859181
1034000,130.65079172314796
1034400,8.187740392605704
1034800,6.566228079417141
1035200,234.89055153110817
1035600,179.91231307540139
1036000,3.6052148333960976
1036400,1.9565604275333592
1036800,13.492127083044762
1037200,2632.2704410368206
1037600,3.1148023602340604
1038000,7.623943946708636
1038400,8.10094733574558
1038800,2195.51698367504
1039200,13.174042120221163
1039600,2.940797087843412
1040000,36.725205404424536
1040400,11.54875725178284
1040800,13.75491898607202
1041200,4.638237514740223
1041600,2098.8135508097616
1042000,18.470081630178456
1042400,5.3669590879130995
1042800,31.96347516671199
1043200,18.63421553137443
1043600,24.13386887351038
1044000,8.591131580134508
1044400,93.61594164814804
1044800,4.258036906055093
1045200,7.332767463998847
1045600,8.297459850178104
1046000,24.590344733519274
1046400,10.10049448915156
1046800,3232.8112646431914
1047200,15.201605499060236
1047600,5.765644165832787
1048000,4.403626744225711
1048400,6.292451727444625
1048800,10.210830389301785
1049200,10.699764953573865
1049600,37.37348081568914
1050000,4.168841573684537
1050400,3.4823451651353716
1050800,6.764984313252254
1051200,78.1347511030795
1051600,9.943787739564012
1052000,35.99716915364275
1052400,47.60800632538705
1052800,2.94098343732096
1053200,2.328691865800129
1053600,5.734311611312984
1054000,5.612636471767859
1054400,3.4559340464563117
1054800,11.690811552269224
1055200,2.078654429304368
1055600,9.202388450996425
1056000,7.0843513503084745
1056400,7.336350256180294
1056800,7.3626331527888444
1057200,5.252170557781096
1057600,121.08407266323304
1058000,5.368869509904539
1058400,58.33048354529111
1058800,1.4885292767314597
1059200,17.919120161528635
1059600,90.082066980154
1060000,3.630539589760297
1060400,20.52323142625133
1060800,3.4666249788723467
1061200,3018.2682633897966
1061600,4.000670936280531
1062000,218.00112440954047
1062400,3.1485402583905744
1062800,3.380070910042884
1063200,1514.8359081618225
1063600,10.613449125392256
1064000,6.601553194407175
1064400,10.793403531562854
1064800,10.29998333303122
1065200,2.5754433207163285
1065600,5.378296119421342
1066000,20.30022899723455
1066400,5.232283527462413
1066800,2.0994099019599592
1067200,102.97183137196261
1067600,3.3304316629498385
1068000,1.833074118063618
1068400,18.695270781870075
1068800,6.802449949242789
1069200,1.7198065904366473
1069600,3.383483630252115
1070000,4.920427659899069
1070400,2.7924491183499534
1070800,1.5945182380699916
1071200,3.344251062251596
1071600,14.693816367932856
1072000,23.8351095792427
1072400,19.20472533026713
1072800,6.196527157924579
1073200,127.2060445922159
1073600,7.993646713233881
1074000,8.459714869490348
1074400,10.257670776998594
1074800,8.813828573433788
1075200,136.50181823473224
1075600,3.0604067124066265
1076000,8.135769704063112
1076400,3.6772005351561194
1076800,12.139441880370518
1077200,62.51488572049361
1077600,6.096828540940907
1078000,546.8846735402486
1078400,13.90789767090625
1078800,80.60459417271177
1079200,8.082729116158298
1079600,6.296856521509837
1080000,226.6638036804421
1080400,6.439037764036964
1080800,3.2705544312254133
1081200,15.394045536600213
1081600,3.3189162171410205
1082000,5.765861752432008
1082400,12.644299465114203
1082800,7.973018902649346
1083200,7.601869666711632
1083600,4.038359390923182
1084000,3.224793804251732
1084400,113.27352116788461
1084800,3.23263475071603
1085200,9.55465579999067
1085600,8.693271420384733
1086000,7.322275453285019
1086400,3.308351822357152
1086800,8.50817273891234
1087200,6.947123520416146
1087600,2.8566961037633485
1088000,7.774498765664253
1088400,216.2425757289006
1088800,9.53161503203749
1089200,25.894726220483776
1089600,7.6413743297448065
1090000,6.9384151753716345
1090400,175.75956358399483
1090800,116.60503440031799
1091200,10.258625424989505
1091600,34.77396463541518
1092000,6.446742714184626
1092400,6.163118213186535
1092800,7.154717452264878
1093200,5.628874776303941
1093600,3.4468301151466716
1094000,5.975401784454464
1094400,5.147788188548951
1094800,3.9532931548570267
1095200,6.297539931282233
1095600,7.1112676420656165
1096000,6.91325672160354
1096400,17.384900510545034
1096800,114.54393545913021
1097200,7.437976722994399
1097600,6.443784916909577
1098000,7.398036980208596
1098400,6.569925734974985
1098800,36.256870109237155
1099200,14.021414986961789
1099600,11.916923883983477
1100000,4.967123606907814
1100400,34.581796098937794
1100800,17.51398897204656
1101200,5.152534560975918
1101600,5.083319033361474
1102000,103.01847365086732
1102400,5.57206308393835
1102800,13.597126631286955
1103200,130.4891864823855
1103600,5.521137404336288
1104000,30.1940613546075
1104400,15.967695123132447
1104800,4.957109060777627
1105200,4.984173119085638
1105600,6.211260165165675
1106000,7.572636435560804
1106400,5.829717270560774
1106800,79.3243257145116
1107200,5.349481549220394
1107600,118.36277057757009
1108000,134.03584028553902
1108400,133.24276844680787
1108800,89.41415637720732
1109200,111.74367890574095
1109600,7.351061641608702
1110000,6.948270377905738
1110400,19.253075132699486
1110800,5.854063759260095
1111200,7.309732665217177
1111600,6.005018014943698
1112000,6.920778896743962
1112400,6.9931651240286365
1112800,18.27026449272334
1113200,10.768202742393473
1113600,10.109641591397756
1114000,10.508728968001817
1114400,40.52708997280802
1114800,5.157998210909577
1115200,16.155283401176273
1115600,12.004693560828958
1116000,5.1507084123623486
1116400,3404.380887728868
1116800,24.102729177379764
1117200,5.551721439930456
1117600,5.12060729803195
1118000,8.4696481652578
1118400,15.654731538704944
1118800,5.776354472747347
1119200,76.0731693653029
1119600,102.16875271772629
1120000,515.6439933477727
1120400,8.919406995096931
1120800,6.9946539982580545
1121200,24.56062377532971
1121600,4.967329883765776
1122000,43.46732883782407
1122400,5.261310350636429
1122800,9.268157089957208
1123200,17.184765719540618
1123600,8.388365492718204
1124000,348.8053208469009
1124400,346.85897382089865
1124800,5.530719989031812
1125200,6.735462730006219
1125600,133.26560057987865
1126000,108.26991148147243
1126400,21.166297923949507
1126800,79.90421650051957
1127200,34.38760502585576
1127600,8.47664943244289
1128000,12.668153134567497
1128400,6.549433727284124
1128800,187.93187118955004
1129200,6.557588092338943
1129600,167.1902050841814
1130000,26.56918320294975
1130400,25.55353079256963
1130800,6.8906484310526315
1131200,5.965697741444798
1131600,76.43022631068884
1132000,136.98709998006666
1132400,6.325478898490843
1132800,3494.385060663749
1133200,8.469899356745133
1133600,6.172159591247168
1134000,4.575946770911123
1134400,123.33568477925724
1134800,112.26730712283896
1135200,3541.410824232681
1135600,353.6447676923579
1136000,59.850839004490346
1136400,6.329463658299806
1136800,24.505894779537897
1137200,6.747134313174363
1137600,6.675935163675313
1138000,4.728859581287884
1138400,5.040247100143564
1138800,4.448465734307221
1139200,7.828605168221214
1139600,564.0952708851803
1140000,3153.031634846014
1140400,7.825774061414238
1140800,6.627425190908224
1141200,6.964887370606735
1141600,11.290029331461326
1142000,100.29826924664252
1142400,11.263887769242713
1142800,8.160608094681672
1143200,15.23443855610949
1143600,5.224354820591395
1144000,15.584388023753556
1144400,15.42069522363312
1144800,3218.5752793323113
1145200,978.1053582875126
1145600,13.006337194121055
1146000,149.59694940045324
1146400,6.852749714112808
1146800,6.604836718108031
1147200,693.3408210131583
1147600,113.52610487953376
1148000,129.48334252707437
1148400,5.809129419008243
1148800,15.170818571960863
1149200,1104.3470292496772
1149600,6.604662038778655
1150000,3439.4212033823273
1150400,24.884539381479403
1150800,4.095237497559481
1151200,5.332497140902662
1151600,134.66811889014232
1152000,190.95379202473228
1152400,3501.6645973890263
1152800,4.649728106050946
1153200,6.851303030627612
1153600,644.6347460874902
1154000,710.1949421621301
1154400,531.3194049961514
1154800,642.877317597754
1155200,234.52912584252445
1155600,5.795340370679054
1156000,2407.98229288538
1156400,57.60951923882827
1156800,19.534165555379666
1157200,7.794585193186973
1157600,3.8493022767657523
1158000,8.655615526661746
1158400,674.6132464663713
1158800,34.63728004515924
1159200,8.077736563891644
1159600,150.81760639612227
1160000,217.4159737651142
1160400,304.32385940966077
1160800,861.1881604181706
1161200,958.7840940369107
1161600,39.270991289388206
1162000,569.5542448688765
1162400,11.123585519148172
1162800,133.76989637036533
1163200,790.8519647946077
1163600,54.077751039308865
1164000,6.851423034663021
1164400,81.8367744039806
1164800,188.53293765212754
1165200,35.77664868936584
1165600,17.129641395341043
1166000,6.255248327012989
1166400,365.5954001109734
1166800,626.4301777860131
1167200,7.854006571657735
1167600,101.19231502748691
1168000,180.92896859841878
1168400,112.52834256567473
1168800,13.617591073867157
1169200,16.754296196578906
1169600,228.81301503002086
1170000,18.924608463440947
1170400,3565.8507481051015
1170800,3.3089066291698237
1171200,4.037280202886297
1171600,4.693575339495686
1172000,254.45706412886375
1172400,5.576438488859085
1172800,448.7295852757706
1173200,30.9769298373975
1173600,3.545360832786778
1174000,422.2303286286413
1174400,14.678201231369687
1174800,3.247807119656703
1175200,375.9368565951457
1175600,225.11575529949621
1176000,4.843308305134789
1176400,4.796754294448324
1176800,5.993228348787674
1177200,212.53113087860018
1177600,129.76705008382726
1178000,5.526733373989579
1178400,4.682455361087285
1178800,306.02479832209974
1179200,5.288840685729182
1179600,9.649924858676178
1180000,2.7055982397518026
1180400,9.734689057965266
1180800,4.534646358460692
1181200,4.851214242205796
1181600,3.7750624522713148
1182000,7.0425165766566185
1182400,7.690187876880198
1182800,7.233298659001687
1183200,3.207423041915146
1183600,2.9714695004397154
1184000,5.770379560280856
1184400,2.5366757322643663
1184800,2.893967353528358
1185200,4.661622398553849
1185600,16.895179360839606
1186000,55.770007442404875
1186400,32.585093599895146
1186800,42.91869843252039
1187200,4.924760388779739
1187600,4.119479428140465
1188000,2.0853567134041047
1188400,9.532434429909111
1188800,131.60926012089115
1189200,3.8104071161898454
1189600,3.82257797454646
1190000,3.527517018941686
1190400,95.27697937406316
1190800,3.9897245245351556
1191200,5.1449570697445415
1191600,4.59566270968068
1192000,32.626401025735746
1192400,4.227997423941853
1192800,52.93761331415872
1193200,10.609837444758778
1193600,96.34481067322923
1194000,175.36397733133907
1194400,9.795589458764665
1194800,579.1430071298898
1195200,26.20471582442706
1195600,5.577902744943074
1196000,3.9147410645312006
1196400,136.24263810309796
1196800,2.950436579315209
1197200,5.641249476184227
1197600,5.024773496520817
1198000,4.8964999162153084
1198400,5.6272006662744065
1198800,3.1942611914294776
1199200,11.006355756932606
1199600,2.8164971843250735
1200000,4.7772582794064515
1200400,2.9402485087094483
1200800,5.988941371152454
1201200,5.794315220056542
1201600,4.910198141683939
1202000,3.7145506163321826
1202400,4.003364080631536
1202800,6.4426763379334915
1203200,4.414686451601981
1203600,5.053444482909226
1204000,5.8325638044218096
1204400,122.42049977058643
1204800,188.84774622978387
1205200,144.66167760720845
1205600,102.85425469430227
1206000,89.79281680944992
1206400,116.51477686786284
1206800,4.617581774242004
1207200,2.6356142793327475
1207600,102.10567579339725
1208000,101.1483405074488
1208400,69.18632238130547
1208800,124.26818326802706
1209200,185.55406065879222
1209600,2.2579920447048503
1210000,98.50586146008591
1210400,9.272596810618792
1210800,72.00570686973003
1211200,4.975094378054951
1211600,654.6375384333365
1212000,444.37557389782245
1212400,385.36719463863466
1212800,10.221153094700036
1213200,136.83273999871147
1213600,443.77675147333406
1214000,9.770109051841807
1214400,342.40374958386514
1214800,4.032670357106494
1215200,7.179257309069283
1215600,487.9517708325476
1216000,448.45691397893387
1216400,37.8554266884231
1216800,146.56046636196862
1217200,409.68759532263664
1217600,417.73045657547664
1218000,93.27635631128219
1218400,7.880682878280958
1218800,5.936277468364456
1219200,681.6682962862044
1219600,448.5291039936432
1220000,4.129136381760316
1220400,739.224134063287
1220800,312.29561084932845
1221200,4.539078732234331
1221600,710.706712389757
1222000,5.134529540800153
1222400,482.446704483154
1222800,772.4955036858385
1223200,8.821883773083417
1223600,496.9965963431896
1224000,15.876518000747817
1224400,411.22671255744126
1224800,412.3313011101356
1225200,10.785281962581383
1225600,1.7137606394779108
1226000,491.2922123887356
1226400,462.47753437413667
1226800,12.670165650972784
1227200,4.672416467686268
1227600,13.136184315207291
1228000,489.8061098071251
1228400,6.91203919735459
1228800,799.9829511888271
1229200,3.551675411421189
1229600,5.251969728011927
1230000,13.063063868185864
1230400,12.550827102713422
1230800,22.707846451298433
1231200,482.5595457470809
1231600,217.35483831026036
1232000,3.609405785499833
1232400,427.170854560131
1232800,539.1370719621012
1233200,9.9991231825197
1233600,27.879281917299927
1234000,307.4754976293944
1234400,7.645467062492369
1234800,21.94260974411239
1235200,265.5398470702459
1235600,279.00310926446747
1236000,535.3735935417518
1236400,389.05001691531703
1236800,492.63064998590556
1237200,96.0376524373314
1237600,302.4079074500237
1238000,458.43521954145484
1238400,465.5462547349792
1238800,437.460998977566
1239200,315.5492308943452
1239600,469.0213361125701
1240000,470.0386336152285
1240400,22.406135618963678
1240800,412.57146542548173
1241200,426.8992975324226
1241600,12.35459357352291
1242000,8.630526277617562
1242400,402.3609014860087
1242800,457.4798996820518
1243200,291.77229709995055
1243600,9.52502309996501
1244000,9.653826235701404
1244400,61.9663517054139
1244800,4.097815134353634
1245200,425.4311953287749
1245600,9.611227767010263
1246000,13.666916579386898
1246400,3.6996179245227316
1246800,14.361800638714337
1247200,95.1086920911872
1247600,61.76073460383731
1248000,76.06890330402216
1248400,6.885873580673429
1248800,119.89395057461834
1249200,59.22093098373717
1249600,429.99940308283703
1250000,33.944506351181694
1250400,167.93744371554354
1250800,5.568053933972299
1251200,80.73049048144523
1251600,67.92588786029229
1252000,10.268346555514627
1252400,6.153563994068191
1252800,10.838468444560995
1253200,20.768875197906095
1253600,32.49084041601338
1254000,9.012351246140193
1254400,11.233424626373846
1254800,8.777623756538278
1255200,4.739229352706343
1255600,3.5522529368913305
1256000,5.056540464342364
1256400,333.4469571905326
1256800,8.42832015033327
1257200,25.817384534062338
1257600,90.08706116631467
1258000,6.835980438987272
1258400,48.58073359117746
1258800,9.9292467288016
1259200,72.74613793889999
1259600,68.11133677967652
1260000,6.279152894003276
1260400,3.103062735500072
1260800,9.917350734347037
1261200,11.215014584210536
1261600,13.345741384423134
1262000,105.45351679267746
1262400,7.854222793012589
1262800,28.948132301390377
1263200,5.008013410721292
1263600,85.57424046752962
1264000,13.625195154861778
1264400,3.537944177870158
1264800,93.98524450396066
1265200,2493.001436197424
1265600,1173.3270395445268
1266000,6.025971598967102
1266400,5.921190752527425
1266800,5.52935372512093
1267200,6.477218134177803
1267600,234.44468752433863
1268000,5.492480330578887
1268400,5.068545066254147
1268800,4.991520731341134
1269200,6.189226538210963
1269600,2.6655736207742207
1270000,5.618798028707704
1270400,22.022286529131968
1270800,3.6140750571949805
1271200,192.7971038630431
1271600,71.87750292761824
1272000,20.729988762770887
1272400,77.01844262587994
1272800,5.521130312550341
1273200,127.17949030034363
1273600,81.45783046425854
1274000,113.40668272564159
1274400,7.87876978774643
1274800,9.729492433092192
1275200,138.99812406374912
1275600,20.588260525756635
1276000,3.7258147655358607
1276400,25.855113944223525
1276800,18.99090044934199
1277200,6.3697920250281665
1277600,5.677508475178933
1278000,170.6423667778258
1278400,3.8716257693482263
1278800,228.316276548687
1279200,229.42412351453638
1279600,7.940933132089303
1280000,3.038534659890334
1280400,6.735254035884488
1280800,5.91877074129932
1281200,4.460642453152644
1281600,146.73888167419415
1282000,12.93177173512578
1282400,31.296518698531845
1282800,44.284850741252825
1283200,4.16193547485063
1283600,14.710537521418058
1284000,124.1982020479085
1284400,125.02563482449445
1284800,2.9548909227113955
1285200,5.94928409099569
1285600,2.070302446554616
1286000,182.09044556748148
1286400,11.340186504359192
1286800,2.220614354946182
1287200,397.92345270751633
1287600,198.02208661997864
1288000,249.38296231573273
1288400,190.26438887749524
1288800,42.489323790952525
1289200,196.10629649941473
1289600,131.54109176077864
1290000,284.2574787594771
1290400,167.29556766852792
1290800,8.455201988399233
1291200,30.837254613332064
1291600,12.013124088069668
1292000,97.68160922271149
1292400,3.8081525294466125
1292800,11.40595024751006
1293200,6.593423430248358
1293600,15.871704676857595
1294000,5.939506229326019
1294400,5.01739828379325
1294800,3.0227916795848264
1295200,252.1053138509311
1295600,6.659311632530656
1296000,5.67813971815404
1296400,6.335394531215272
1296800,5.890660030373084
1297200,77.3227774249589
1297600,6.960821163844669
1298000,454.2714547379269
1298400,144.97805019420872
1298800,1861.5055290433538
1299200,4.983641438767712
1299600,3426.5711175612064
1300000,7.217089428010725
1300400,80.54216047293036
1300800,2244.5536377061153
1301200,130.01461291748907
1301600,122.33375739927993
1302000,263.58731522826406
1302400,166.49144992826652
1302800,82.98074838777327
1303200,7.179053514792885
1303600,9.989608637480108
1304000,7.8575214305435175
1304400,7.396728775754663
1304800,3592.434487060849
1305200,4.753981432213261
1305600,122.19092056795212
1306000,131.93358120107627
1306400,36.071853789160016
1306800,6.553027791453851
1307200,5.226819909063898
1307600,7.124167643269127
1308000,148.70075405384785
1308400,12.066830983847566
1308800,7.664612887675815
1309200,1.9188816551003405
1309600,8.610494381676075
1310000,4.063346875456534
1310400,3.01248894129343
1310800,1.630494916276826
1311200,9.878102692990286
1311600,6.829027640576668
1312000,7.671501531194291
1312400,2.755129746894988
1312800,3.8688939266582953
1313200,1.177827547557407
1313600,3.6857930447212444
1314000,5.885320646502946
1314400,7.119989560608484
1314800,5.380707814441908
1315200,8.080793178605061
1315600,31.80669422827597
1316000,7.699659375648906
1316400,103.70289288982599
1316800,10.66671094057355
1317200,12.21498910557449
1317600,164.63946098022194
1318000,1.873997523532757
1318400,4.421027039958633
1318800,5.901851484648234
1319200,4.7097724223106185
1319600,7.245890815073985
1320000,5.660935913933908
1320400,5.950603034031001
1320800,3.467450175011081
1321200,6.393866194743993
1321600,6.464102080576417
1322000,13.466270830941905
1322400,16.032884261486572
1322800,3.0009320005720626
1323200,16.25332017457135
1323600,6.766360555913437
1324000,7.357923770026777
1324400,9.940136555722576
1324800,10.300596113169405
1325200,3.4431062770251732
1325600,37.3079025107684
1326000,5.35095927843825
1326400,24.64496224043821
1326800,6.174409295995864
1327200,5.338568570857031
1327600,15.337214560695479
1328000,575.8888365754788
1328400,665.8718889094588
1328800,234.53042628769225
1329200,413.48987588776487
1329600,6.582033083138424
1330000,1.9916780177307272
1330400,4.373829240095782
1330800,3.6747955850903775
1331200,14.916448984535037
1331600,3.6892796565029102
1332000,122.24910847188869
1332400,6.254951654809827
1332800,2.799228205466834
1333200,409.05056275624764
1333600,4.571369336235679
1334000,556.8686613775592
1334400,12.965947426065922
1334800,482.11055757089
1335200,81.11488189699375
1335600,533.6058023543812
1336000,3.4039106695325767
1336400,3.4330569305054603
1336800,449.09398471618215
1337200,10.862744042420355
1337600,19.6433350432906
1338000,3.382998423768785
1338400,22.99380335360693
1338800,3.3926310256801675
1339200,5.338165441959507
1339600,409.7734411439867
1340000,4.0282999697260555
1340400,545.4201237990756
1340800,542.5376579318672
1341200,6.437958596198061
1341600,439.1861439507502
1342000,30.818535521828586
1342400,485.9601889318191
1342800,4.140137278936826
1343200,258.2139242668759
1343600,19.938899064907634
1344000,9.979714538117783
1344400,19.861981956148934
1344800,7.502106330547313
1345200,581.7951769642797
1345600,6.978748214005289
1346000,11.36530079909212
1346400,3.259698633024685
1346800,3.855046932803572
1347200,5.09601865275425
1347600,522.5152519605446
1348000,20.516122436548265
1348400,39.77827300386993
1348800,523.2926709514046
1349200,402.64696990128357
1349600,254.55103769414674
1350000,452.8232584656288
1350400,6.59722619354922
1350800,4.338990643498936
1351200,13.690497557018805
1351600,456.2739710623908
1352000,47.72763518312119
1352400,9.19076246945439
1352800,13.352391352367308
1353200,5.253673083737702
1353600,480.2049984298832
1354000,8.776594081754771
1354400,414.28373602575033
1354800,33.83550757102405
1355200,3.4949197496508946
1355600,39.92073758758095
1356000,460.7122841136893
1356400,60.04618184684749
1356800,414.963427281511
1357200,483.4310098415107
1357600,337.93354645873217
1358000,9.507013403759888
1358400,508.4655836163437
1358800,8.75071290317122
1359200,238.2609795004314
1359600,7.876923779181028
1360000,22.96116562598452
1360400,14.549976605292215
1360800,316.65422861320457
1361200,9.692339131521338
1361600,4.192351963772495
1362000,413.33942270443396
1362400,4.406358537328332
1362800,4.09338602644817
1363200,200.86319627331278
1363600,5.383501975177219
1364000,425.19614070057094
1364400,6.458303541304177
1364800,376.82397444327233
1365200,34.821144123705515
1365600,20.789906261590136
1366000,511.99461817513827
1366400,598.5621114149328
1366800,1101.3482635364744
1367200,63.13889842758381
1367600,417.1789068193319
1368000,460.0334181318795
1368400,341.70051288240484
1368800,114.98392724839923
1369200,44.017809664053004
1369600,16.0200675065996
1370000,7.400167035577564
1370400,18.797981413716055
1370800,51.89550751777245
1371200,636.705629894524
1371600,1.8602529332742708
1372000,12.789623537398214
1372400,201.74078628969818
1372800,282.6279533714929
1373200,9.892554225906911
1373600,23.99307209327605
1374000,623.3196075543012
1374400,1182.5185989802876
1374800,3.9897254612688786
1375200,3.9042301807719557
1375600,32.880752491142886
1376000,602.0949620922208
1376400,7.505745629838472
1376800,7.452323586913801
1377200,7.010998200689584
1377600,9.57893603328363
1378000,12.372452801587762
1378400,17.585730059840767
1378800,9.985750948713493
1379200,14.727215580889938
1379600,15.360974069804092
1380000,465.9182687307664
1380400,2.375036926415118
1380800,30.675696808362048
1381200,212.55479316335754
1381600,3.7823234767168983
1382000,511.64224255948005
1382400,8.592133571184846
1382800,7.321114607096344
1383200,8.123297219459314
1383600,18.966759058644357
1384000,450.440371302398
1384400,28.046695162918642
1384800,31.29525927281187
1385200,7.522706698401566
1385600,5.346216977372692
1386000,12.096081358880015
1386400,7.241480628547913
1386800,6.661236994825945
1387200,7.40645200789049
1387600,5.1672386693986105
1388000,10.27282415986534
1388400,3.589044340281059
1388800,479.5316529784637
1389200,5.025288674891393
1389600,6.75030925030855
1390000,4.726493575365602
1390400,15.918961467051014
1390800,23.77668178484392
1391200,7.604034319667197
1391600,20.086709774591085
1392000,136.30875237163113
1392400,7.542584185955898
1392800,6.607077590265185
1393200,6.8451362809790215
1393600,150.18428628511484
1394000,7.336407105499082
1394400,9.317941801169125
1394800,9.508245597428672
1395200,429.30061520796113
1395600,4.740535905249095
1396000,7.092834466792792
1396400,7.295787219520631
1396800,8.116091763353612
1397200,38.439206341944036
1397600,7.839030375394746
1398000,20.810498608390397
1398400,6.054783215584886
1398800,7.819153585411329
1399200,196.09015648492098
1399600,14.37475452884203
1400000,18.101079631677113
1400400,26.559267956035384
1400800,26.283086006650244
1401200,9.621502240786748
1401600,503.8314407170939
1402000,1.4827161501320907
1402400,303.92854771420724
1402800,16.236224501599335
1403200,643.9577510540447
1403600,8.546613525010008
1404000,7.073986220075281
1404400,11.663141201034504
1404800,2.9512396171391533
1405200,30.231199005953837
1405600,3.6001209255589086
1406000,222.6679821257232
1406400,158.59174162087348
1406800,8.37724165777208
1407200,3662.6828353601227
1407600,26.950586894101082
1408000,2.3724335302769406
1408400,20.01843942951103
1408800,3.3524065345043508
1409200,3.4101028246112213
1409600,401.77983371488864
1410000,65.62100473566271
1410400,3.006287655421958
1410800,39.630170677065166
1411200,2.2087321369042603
1411600,118.27556476958458
1412000,3.827896996417064
1412400,47.10983039416147
1412800,5.435980461797706
1413200,360.08520731181994
1413600,52.21664057057988
1414000,536.8004743832328
1414400,731.3572525329764
1414800,9.456944472032712
1415200,184.7630247131664
1415600,340.47713676758815
1416000,27.568132935213338
1416400,3615.6155801319596
1416800,1278.4569211461444
1417200,10.666349997255683
1417600,7.941424123866028
1418000,116.83162781965451
1418400,22.986245572506135
1418800,13.178966346509768
1419200,2.6885270379637256
1419600,396.9346782360514
1420000,196.04801307468392
1420400,11.018896417427394
1420800,16.989380784173083
1421200,8.65401798788007
1421600,2.1737367236208818
1422000,3006.1140847234396
1422400,21.726779599488918
1422800,25.67592765059062
1423200,428.1616418714089
1423600,13.159108479605308
1424000,261.87128615055093
1424400,53.291959001299375
1424800,301.5486018747419
1425200,248.3329103287588
1425600,14.805030109557483
1426000,191.09669449090083
1426400,24.68059316506963
1426800,6.002252881413214
1427200,322.31909495511576
1427600,2.1119662174484017
1428000,16.03916794397132
1428400,1424.331557535011
1428800,2.3521406500917577
1429200,432.5870893862586
1429600,42.904730078295
1430000,35.99976650837579
1430400,80.04061108938615
1430800,15.214995751009692
1431200,3.36485019643157
1431600,9.03085289365627
1432000,7.833761299735069
1432400,46.14781180463587
1432800,15.018026219457871
1433200,9.994727620106575
1433600,8.094608524615365
1434000,51.10558883913893
1434400,30.35816082736447
1434800,7.557533974007478
1435200,7.301129023606357
1435600,8.39389533794328
1436000,6.9767000406573025
1436400,9.885641027610754
1436800,273.276381434117
1437200,152.04179815652907
1437600,5.462483444811054
1438000,5.9053995731371876
1438400,7.082497480446147
1438800,8.911720358000457
1439200,8.859103711618166
1439600,26.968468925502922
1440000,637.8530145236539
1440400,7.337510116756112
1440800,7.854376466921157
1441200,434.45654578347757
1441600,2.7884159320521724
1442000,10.55347964232733
1442400,11.250586137495885
1442800,245.06624597973047
1443200,8.206736215774084
1443600,1.8656185116257284
1444000,2.435077628704842
1444400,4.606235302980865
1444800,8.826581019198446
1445200,6.899270124106191
1445600,1.4019710527044003
1446000,9.32286886881419
1446400,13.267191528579298
1446800,4.204777019708365
1447200,8.936371105506918
1447600,7.270111526626672
1448000,7.976716899397503
1448400,8.414108733542736
1448800,2.9270710275833514
1449200,420.2238307506968
1449600,7.63591869797533
1450000,7.370156449138051
1450400,2.2744001103359768
1450800,8.443382678907883
1451200,8.084800783003647
1451600,5.997998188099967
1452000,101.40427457207596
1452400,8.212542334658062
1452800,15.18621579786981
1453200,10.039456414802013
1453600,107.89282109853704
1454000,15.362168744154813
1454400,7.53571175376018
1454800,6.292440874712847
1455200,18.84469621339769
1455600,5.986208017248811
1456000,177.1850279151997
1456400,6.530055170703413
1456800,2.493292911266671
1457200,4.050449983851009
1457600,6.76952213651222
1458000,12.301357919155109
1458400,9.195461785075755
1458800,6.137690168330554
1459200,6.751977739575613
1459600,18.560923709112853
1460000,5.38538921416577
1460400,13.813961151190048
1460800,7.413711320395011
1461200,12.427741325608151
1461600,12.989956467305474
1462000,12.812595621245922
1462400,9.24548252229607
1462800,9.638991470990435
1463200,22.756840721129603
1463600,1.9287604595624563
1464000,4.325056743950492
1464400,188.32230949973595
1464800,11.230027818745059
1465200,4.1978617836701595
1465600,2.2625953706586674
1466000,18.328705901240102
1466400,245.17193446256553
1466800,108.08206238715498
1467200,11.135020195330759
1467600,5.953300918114847
1468000,610.5760182117091
1468400,5.212969913587019
1468800,14.73926635334067
1469200,7.16148375763051
1469600,7.2313580142239635
1470000,82.71356268546401
1470400,126.09313010114941
1470800,97.74280877507505
1471200,198.955998097518
1471600,332.8496592036566
1472000,214.67024679546975
1472400,24.061905228217235
1472800,7.235934243644463
1473200,11.633735549817136
1473600,12.024032194975021
1474000,160.04549274448493
1474400,4.740113113645791
1474800,40.15803210447248
1475200,17.419410090506187
1475600,60.46800858903086
1476000,52.28827706669608
1476400,6.706256884733832
1476800,1.8442216400070306
1477200,267.82001639708795
1477600,3.9680332034086754
1478000,322.72718382393344
1478400,99.54441426097621
1478800,66.47051750257049
1479200,2.509564305928388
1479600,3.6896927838969664
1480000,4.645139996920127
1480400,355.1299762329742
1480800,3.877990668359445
1481200,7.174695789510234
1481600,17.83431306575451
1482000,6.596434946083503
1482400,174.53035806585024
1482800,223.05608081239276
1483200,877.8983624450995
1483600,10.587901740448846
1484000,15.54186239910916
1484400,18.34069413282164
1484800,70.7266664710855
1485200,494.9298455615248
1485600,20.77440656108689
1486000,617.890976787137
1486400,44.48060582496384
1486800,2.404049418697401
1487200,553.0104558008518
1487600,73.00484481781774
1488000,52.99567818840129
1488400,89.54465564644103
1488800,5.638867277232504
1489200,16.599253769462532
1489600,67.52129425031922
1490000,19.566218021051995
1490400,5.4601440166231265
1490800,665.3487505340848
1491200,14.450767672349533
1491600,7.9785327020117025
1492000,8.25093444427626
1492400,8.342895194969932
1492800,5.891939145618238
1493200,74.96989840491179
1493600,7.5038182877050135
1494000,15.93969837001521
1494400,26.616904382249338
1494800,328.0023887630047
1495200,2.0814921609135575
1495600,7.546101753535822
1496000,8.221980232980323
1496400,45.14824764336789
1496800,73.10671210972576
1497200,9.770222376362502
1497600,8.283554225323869
1498000,6.422428511818146
1498400,7.920166358233916
1498800,8.431592264077308
1499200,5.1317736610429545
1499600,15.824880614556388
1500000,10.18289867509337
1500400,11.287434053165137
1500800,46.075766676933256
1501200,9.815836232504939
1501600,8.059080872845756
1502000,2.9407263658257103
1502400,7.395255811306365
1502800,13.978735664133549
1503200,3.1218805804316547
1503600,483.15766654534025
1504000,9.316923171656576
1504400,8.98846512300117
1504800,4.599773722259204
1505200,10.783848372553905
1505600,476.1522005065916
1506000,8.240304489290141
1506400,7.421375714676959
1506800,7.455964162915265
1507200,28.99955661000869
1507600,79.91691891334298
1508000,5.342128970154792
1508400,4.148573166779497
1508800,513.6872635779068
1509200,4.878699661976487
1509600,73.27839091589684
1510000,2.1514896713489975
1510400,499.8917051418787
1510800,213.16145258301498
1511200,160.52691368573846
1511600,8.010751884410062
1512000,35.1038053370559
1512400,86.17365226910574
1512800,37.14397932235617
1513200,17.924212315897446
1513600,2.380515232491518
1514000,7.408151561835488
1514400,152.00672647941252
1514800,3.0968233316489004
1515200,4.899931747460886
1515600,11.881631595830983
1516000,8.705276183979528
1516400,7.357222889673716
1516800,2.473118826591813
1517200,9.059007521059138
1517600,3.205095050117136
1518000,6.726572928525589
1518400,23.1700916309652
1518800,5.536856373747418
1519200,67.62359867556704
1519600,7.65510293030041
1520000,9.816417921451961
1520400,7.589963933736134
1520800,329.4153670325402
1521200,13.038073305131894
1521600,5.832477032328684
1522000,4.431515962891202
1522400,230.7980839610867
1522800,124.99533987944899
1523200,19.22644449188015
1523600,1.8661168308033598
1524000,30.58316709338391
1524400,372.16198271180997
1524800,7.217853522945366
1525200,8.842572622323466
1525600,12.561487064181508
1526000,12.206816841677846
1526400,12.194030437485141
1526800,18.642366191189975
1527200,40.62956478140764
1527600,6.948623987287945
1528000,12.084698225432309
1528400,85.79661340812854
1528800,1.3969515000192032
1529200,3.8609396422789253
1529600,6.0968920216602855
1530000,7.207725859651594
1530400,5.571189557648029
1530800,115.24624586464965
1531200,9.430926592852776
1531600,7.5041394271328885
1532000,4.439626971811142
1532400,17.09190396799426
1532800,5.065946077895
1533200,53.651465691357345
1533600,10.203372079077958
1534000,6.908560838595355
1534400,397.16190881547374
1534800,1131.5601860248748
1535200,6.633502469474016
1535600,8.705219004591338
1536000,32.571499360753585
1536400,573.4742750763087
1536800,169.80684650322098
1537200,90.84984996275236
1537600,403.5431795900339
1538000,7.395150921486118
1538400,95.15889899643533
1538800,166.25176382005012
1539200,68.99192260973751
1539600,156.84932921268216
1540000,14.440951749226246
1540400,8.141705018874443
1540800,9.367705819532837
1541200,18.947323970566046
1541600,423.0206066681206
1542000,29.96719553722449
1542400,21.272290763815153
1542800,17.007067808967875
1543200,247.58894839088777
1543600,9.60404268470746
1544000,11.670366702710865
1544400,16.64650969086894
1544800,156.16652348819323
1545200,180.08192290816638
1545600,8.642342292193002
1546000,7.871321214342833
1546400,8.165327190568638
1546800,25.555158550961824
1547200,6.533992538334418
1547600,162.24660034593555
1548000,680.0211238981582
1548400,131.87372742359793
1548800,137.48981747370107
1549200,5.513741756583829
1549600,7.713905185021985
1550000,5.920099045508634
1550400,27.061337456630508
1550800,713.7852459035627
1551200,59.87418246645123
1551600,107.76790696129426
1552000,8.288790298718096
1552400,6.816883697837851
1552800,7.695246377301255
1553200,180.78385586889192
1553600,508.34911045879255
1554000,159.14502590650596
1554400,11.124505812588044
1554800,6.274766509896036
1555200,6.295285861334535
1555600,39.84079256651208
1556000,3.217323669675445
1556400,11.267534349122924
1556800,181.88686375425146
1557200,48.333109628261155
1557600,7.040304702945777
1558000,32.58386597187609
1558400,35.14830804514346
1558800,3.805823558810011
1559200,161.4787901303984
1559600,8.21327496935784
1560000,151.34845998065762
1560400,148.27322024587895
1560800,4.800464289637639
1561200,5.167327594779573
1561600,10.40963787130613
1562000,5.404036675840955
1562400,120.30984880210316
1562800,105.17365849324256
1563200,157.26207702876604
1563600,11.811176449600941
1564000,9.405423445904969
1564400,5.804595062246828
1564800,5.944092664092065
1565200,238.44512904669145
1565600,4.38010079402436
1566000,6.946532004500076
1566400,213.79913764838332
1566800,6.8848039729897055
1567200,288.0347464550423
1567600,54.22543105015504
1568000,143.45961206327152
1568400,23.59090258486539
1568800,609.2836753386908
1569200,130.18144604419703
1569600,6.7690183113033005
1570000,422.4173864805482
1570400,10.991123236395826
1570800,130.4325979706012
1571200,399.6637392238455
1571600,404.9848428885842
1572000,549.6641478073336
1572400,3.1460393854713047
1572800,14.120442961282265
1573200,14.10784860316325
1573600,6.0253506311037395
1574000,6.712775018477792
1574400,154.47128104848758
1574800,49.34275534787911
1575200,6.720945761903573
1575600,8.141851147229449
1576000,15.792717159411012
1576400,8.12800938929014
1576800,24.207198627034845
1577200,116.38487070154508
1577600,97.0278579519126
1578000,381.0986981570284
1578400,7.318310523717084
1578800,22.859081498889875
1579200,9.773516440744505
1579600,15.326760809094278
1580000,13.143191366865592
1580400,27.294408737364254
1580800,115.89122319245202
1581200,71.6217339699897
1581600,54.243624037277414
1582000,379.8553706932268
1582400,826.7404753967438
1582800,23.464085638717325
1583200,590.6834996409245
1583600,2.060135169595185
1584000,1054.358026917932
1584400,430.4152903810239
1584800,2.280121150320964
1585200,10.578236535988214
1585600,9.583886544446282
1586000,5.042431129022902
1586400,250.1656981282707
1586800,186.57148805946545
1587200,176.15337151743773
1587600,3.2144667741169526
1588000,15.016516331086649
1588400,11.248972883998375
1588800,9.577219516679571
1589200,10.231137490537781
1589600,19.452682455293505
1590000,16.155952035947976
1590400,11.928974192310415
1590800,472.6562907408523
1591200,459.9752741297186
1591600,9.137219309092265
1592000,4.305310645613773
1592400,442.7555313858208
1592800,466.4376952378223
1593200,12.9211518170858
1593600,21.158152678676394
1594000,11.404264094189017
1594400,19.576651657186925
1594800,4.568227111090399
1595200,132.80881182538022
1595600,9.445278169321195
1596000,11.301724598615262
1596400,5.91317278692243
1596800,206.7998553995228
1597200,1140.3543170962037
1597600,7.237394062337032
1598000,714.203431590135
1598400,712.7340652938964
1598800,4.451038402619967
1599200,4.806879212140135
1599600,209.46140906601934
1600000,5.1700087687635365
1600400,31.30895660503332
1600800,5.020395767359505
1601200,150.30178466771912
1601600,14.278989860837235
1602000,22.728584852313823
1602400,26.09243365192617
1602800,18.27581324576731
1603200,14.397873623767248
1603600,7.009174190536937
1604000,82.201532893245
1604400,3.169472267528882
1604800,5.951189289587157
1605200,192.40278656274185
1605600,4.871868704954873
1606000,16.415621433589727
1606400,982.2946955286563
1606800,11.344751824905652
1607200,28.030072897511634
1607600,475.06545238845945
1608000,5.083330524693007
1608400,8.095748840794522
1608800,13.715658119540821
1609200,696.8895706676448
1609600,6.489187538542549
1610000,12.712043725355782
1610400,111.37782766235276
1610800,5.898695718666675
1611200,12.134191576526272
1611600,7.268040871971393
1612000,6.433302613944269
1612400,20.076419317657322
1612800,1072.359374394514
1613200,5.430816664353837
1613600,20.85636608002683
1614000,9.311404821401544
1614400,26.776017291640954
1614800,103.58115220879056
1615200,900.5358483139163
1615600,180.01315336334997
1616000,154.3817982637941
1616400,174.83404998138988
1616800,98.63407221383021
1617200,4.016337863728107
1617600,737.5955513554726
1618000,184.96909199500655
1618400,256.5791644396721
1618800,3.8796164274378353
1619200,8.964670488524469
1619600,11.238110647624039
1620000,151.22159943370804
1620400,17.193788174969367
1620800,578.0762461393775
1621200,1.9292715722898373
1621600,10.57743974562237
1622000,2.0566446586865745
1622400,10.5911257031111
1622800,10.614790404569947
1623200,1.7715011607916031
1623600,10.70450821885462
1624000,625.8916520189362
1624400,11.184092341593134
1624800,5.636701012110872
1625200,5.7132531771307
1625600,11.247341579813675
1626000,21.50077732702815
1626400,6.1378842497625055
1626800,113.58943465296356
1627200,622.2567805915279
1627600,4.6772365666185465
1628000,6.331631393264743
1628400,8.281082566035996
1628800,3.233828620843158
1629200,468.4601480121004
1629600,118.81601442610496
1630000,170.7375475757348
1630400,69.20979787549538
1630800,670.1816395503483
1631200,40.136358626739515
1631600,7.112805567168915
1632000,12.043049295979351
1632400,4.988775895682848
1632800,611.4315817459063
1633200,245.43957038886606
1633600,372.13465647609365
1634000,8.884365426071918
1634400,226.1345063422472
1634800,160.1682195641572
1635200,7.751282741350583
1635600,4.239095780195649
1636000,7.238230549575479
1636400,5.131949099209596
1636800,8.287678799911745
1637200,8.369839571858861
1637600,130.52451880477216
1638000,24.24786929194371
1638400,6.411187798309275
1638800,104.46089551029127
1639200,11.924724041186238
1639600,128.7553946576076
1640000,158.25439713589088
1640400,7.522238281814723
1640800,9.49888410696281
1641200,11.97956777785489
1641600,156.50547391690802
1642000,61.36561728994569
1642400,90.40008950641636
1642800,7.654849408604881
1643200,25.997153744250166
1643600,4.182576116841761
1644000,8.565236167405091
1644400,14.356835528648274
1644800,2.2367966793097245
1645200,7.133331420741438
1645600,9.157297119030028
1646000,4.7725345796693475
1646400,215.26309463926947
1646800,7.402720469219249
1647200,6.777157400542387
1647600,5.183073712355571
1648000,7.904513401526216
1648400,4.664232007112028
1648800,6.607929545409516
1649200,18.535699488099258
1649600,37.18803594216796
1650000,181.2214538838731
1650400,7.485119909592427
1650800,7.156386985497095
1651200,7.087504230161287
1651600,9.410296780380376
1652000,5.742574896880765
1652400,4.224738516537461
1652800,4.8748596968260305
1653200,5.453515534179189
1653600,3.7592956258840338
1654000,393.35449110872474
1654400,5.413076068273483
1654800,7.336216367778403
1655200,7.986289405866907
1655600,6.175379657128556
1656000,8.60148035059921
1656400,5.33061151569126
1656800,159.45048307363612
1657200,5.836750929372435
1657600,6.223369330850573
1658000,10.226716490329656
1658400,2.5667453039036827
1658800,5.319926121928334
1659200,6.681657918790875
1659600,6.575528387581816
1660000,11.643900362465468
1660400,6.766102351836279
1660800,6.129812029273502
1661200,2.8502770749378965
1661600,7.111329265453747
1662000,2.888055023059648
1662400,124.37762755892305
1662800,3.323161473212297
1663200,2.445328440978637
1663600,5.36008419706796
1664000,3.0080755515781155
1664400,4.776021046736787
1664800,6.316112947997451
1665200,10.057926709256575
1665600,2.564713977414488
1666000,8.120990823960247
1666400,6.7494548998980175
1666800,6.170107531211359
1667200,5.788596746210744
1667600,2.55100510979517
1668000,6.68826914487329
1668400,6.25217392394722
1668800,2.124409849149263
1669200,21.54845830747898
1669600,121.8271475414668
1670000,6.492332687355147
1670400,3.8660354699615898
1670800,275.0217437793253
1671200,531.9988420510499
1671600,8.832483742112602
1672000,50.15747222209281
1672400,8.63052065072216
1672800,111.50762445878779
1673200,7.4825869864828025
1673600,3534.836527000349
1674000,521.8639854210952
1674400,115.58626319249714
1674800,1.431245652910035
1675200,4.039088128889038
1675600,203.4142550810779
1676000,9.287995169129978
1676400,416.01839590635853
1676800,91.58355612883257
1677200,52.58767528532264
1677600,112.38262457403152
1678000,90.1026689059338
1678400,5.569881015883103
1678800,3.526262343783779
1679200,4.120837509030955
1679600,483.0423969004632
1680000,104.85166918652907
1680400,3.1643912166417603
1680800,1.5237478664661293
1681200,151.26938942830546
1681600,67.69935066167746
1682000,13.586731065677894
1682400,8.240531201506183
1682800,12.346696533976639
1683200,566.3902238406686
1683600,5.261251974990007
1684000,1.6690944914249988
1684400,266.7104915063742
1684800,2.6364211790092376
1685200,229.39586834067364
1685600,8.188009698969031
1686000,286.60844766962464
1686400,2.364045167208186
1686800,159.59681402616405
1687200,252.09935663257926
1687600,1.9639804790119921
1688000,5.933393291275511
1688400,20.912506964961256
1688800,10.981035608303301
1689200,14.98678958371795
1689600,5.667461541708502
1690000,4.026860704936043
1690400,99.8606992970863
1690800,7.817660072130009
1691200,2.0777105117037085
1691600,310.8298015640175
1692000,22.284123939150547
1692400,128.51309634566445
1692800,102.59072357539121
1693200,469.1927903730347
1693600,62.21029437761833
1694000,899.7923916037081
1694400,8.602697673324057
1694800,6.690549655084766
1695200,9.467424252111561
1695600,532.7966402185689
1696000,468.0429161114748
1696400,9.907741256756212
1696800,3.2065556487866305
1697200,396.2586187316805
1697600,488.0366907434544
1698000,59.13049781866601
1698400,457.1634352328991
1698800,530.6701922675422
1699200,475.72084310254684
1699600,456.81881425858825
1700000,757.6450818119815
1700400,29.410676358857575
1700800,240.04885645173826
1701200,491.5208168374425
1701600,187.64722524439287
1702000,171.49117984067178
1702400,99.38013336200848
1702800,243.58788070172008
1703200,3.465780401956184
1703600,74.33928489791757
1704000,600.4616941357732
1704400,667.9890384022349
1704800,4.3337073421182915
1705200,171.8860833459968
1705600,466.29704913666734
1706000,102.41043077505245
1706400,7.879837341362048
1706800,1768.527035162955
1707200,228.9638394467918
1707600,3.650030460871296
1708000,4.067203439484053
1708400,49.1215417111475
1708800,148.12611313323967
1709200,8.070743962513191
1709600,9.897113459487764
1710000,382.16183287872684
1710400,3.5449374935343947
1710800,146.9408632814003
1711200,253.9722728331332
1711600,131.00908640816544
1712000,6.867022061111299
1712400,286.26430378207056
1712800,135.30474585091957
1713200,58.1519677682483
1713600,54.52713307700253
1714000,492.0599840032737
1714400,425.4316934387106
1714800,400.9225242913346
1715200,180.92453963054396
1715600,16.517807467565913
1716000,977.3242728756935
1716400,22.203275245193772
1716800,52.57310808267111
1717200,11.651318903987748
1717600,92.0630291600804
1718000,18.249853444012462
1718400,9.11426503607779
1718800,129.39092595036553
1719200,8.02870402360118
1719600,14.129026791186165
1720000,8.541417525204317
1720400,30.583893654990234
1720800,560.7422184258338
1721200,158.61213136344932
1721600,17.57425461165374
1722000,209.13964301356143
1722400,9.13691176046667
1722800,2.5950964421500995
1723200,814.9125560817647
1723600,583.549501131929
1724000,11.699076557666519
1724400,8.223707252705884
1724800,18.260126293856466
1725200,104.55295822618605
1725600,9.37020048611718
1726000,10.373894985859522
1726400,350.01227103154616
1726800,16.60250615161299
1727200,11.240374632006544
1727600,7.434410967480445
1728000,15.979331065237822
1728400,6.634613033031556
1728800,6.157250107215739
1729200,3.115751367583139
1729600,7.499686072675438
1730000,8.23423011285642
1730400,512.803625422903
1730800,657.0891711573458
1731200,355.0263754093791
1731600,8.018848368473014
1732000,49.282956217566415
1732400,227.79756588155894
1732800,19.523881364386874
1733200,517.0433399588975
1733600,485.2732400447011
1734000,487.29261872005213
1734400,1119.135502010823
1734800,201.95309509091283
1735200,142.56203329533483
1735600,136.18643485684564
1736000,11.27210162304636
1736400,118.9415323948147
1736800,227.04932758332126
1737200,25.994770678201704
1737600,801.6155299196766
1738000,116.89828626333261
1738400,192.12403531858968
1738800,10.40246514911967
1739200,523.2384168714368
1739600,236.6096026295947
1740000,169.7259726999255
1740400,109.73834823951724
1740800,606.4884349071052
1741200,7.9348088264919925
1741600,9.942689012287431
1742000,11.95763216210129
1742400,109.52820552091508
1742800,13.006812938850233
1743200,7.216859829852192
1743600,549.7599035457246
1744000,10.706626807262023
1744400,77.01447149460022
1744800,124.97526176122389
1745200,5.707218671526754
1745600,336.44285668716446
1746000,41.20713579085863
1746400,560.5085158454416
1746800,162.27429267389354
1747200,30.47985473814979
1747600,42.336662414323605
1748000,176.00923424523987
1748400,296.0985199056058
1748800,68.06691030774113
1749200,4.548401500382861
1749600,92.22781396435076
1750000,8.451792387407107
1750400,105.06745595254351
1750800,166.42913600294472
1751200,7.141469767732049
1751600,17.669782404805307
1752000,13.88588252522036
1752400,18.618204666247433
1752800,924.3234410094695
1753200,14.333151415898545
1753600,887.4912864765246
1754000,27.197429043439364
1754400,162.58992492227478
1754800,110.82208540535245
1755200,7.8766551740647825
1755600,14.49141375911491
1756000,2.7232501192983625
1756400,561.7950618709375
1756800,122.833274269705
1757200,49.18505498594091
1757600,10.4528551267023
1758000,40.66952335244804
1758400,266.0599724226922
1758800,3.363638678404841
1759200,24.808130820929268
1759600,412.5656459023945
1760000,582.5500380282272
1760400,4.207654926547643
1760800,47.435519183004736
1761200,38.61173505735656
1761600,662.8238287506366
1762000,3.0677579199584697
1762400,6.493978924363654
1762800,152.52138749107147
1763200,571.1750121344086
1763600,7.934909794500731
1764000,1173.698631856559
1764400,15.213977995963463
1764800,6.11266926961529
1765200,7.2662501676516245
1765600,451.0384862599381
1766000,3.204471694824076
1766400,5.114934738344778
1766800,6.489205845244662
1767200,7.6395471906232855
1767600,4.439014968620735
1768000,8.374244021542655
1768400,16.962966467216557
1768800,155.12859383348993
1769200,6.8938222946428676
1769600,503.76460446050834
1770000,103.53485202064002
1770400,7.838494077450659
1770800,2.1298769320804007
1771200,8.33106424919323
1771600,143.46067045123246
1772000,323.2572548061447
1772400,192.45659109935025
1772800,7.884508287740907
1773200,8.867560518424298
1773600,5.750924389384028
1774000,218.79905106449246
1774400,8.775857973482005
1774800,34.72009149211698
1775200,7.740639708153138
1775600,7.648783031293515
1776000,271.2643738982325
1776400,6.085214964899232
1776800,4.964954991273607
1777200,3.7728965274260213
1777600,7.713726326836409
1778000,13.236886566291375
1778400,8.399242571359101
1778800,8.229604078593113
1779200,7.083322765163237
1779600,6.090128163871328
1780000,6.708712887290114
1780400,21.742027744131587
1780800,8.089826731012852
1781200,6.780837788181442
1781600,8.306433984422393
1782000,8.231058771019642
1782400,5.746207997062668
1782800,13.997217821274953
1783200,6.17154166837482
1783600,31.881200048884246
1784000,158.8890403930474
1784400,1190.7308493110743
1784800,52.84085939625949
1785200,8.407897232756879
1785600,7.04652936760682
1786000,7.614805318230802
1786400,8.309335587115928
1786800,6.685238180209367
1787200,8.228361270269486
1787600,5.8861283140934155
1788000,8.775830390160849
1788400,8.420059235469141
1788800,7.025618451893506
1789200,701.7574739199845
1789600,11.622837150201176
1790000,8.96229792894978
1790400,501.9427510934705
1790800,3.7589664450971036
1791200,6.305278487490747
1791600,21.719219013493028
1792000,7.689358075776141
1792400,7.347825107612373
1792800,418.09498887363577
1793200,5.282726633473181
1793600,7.696755254036042
1794000,6.3940956483911116
1794400,5.5644260357364095
1794800,3.3246129479332884
1795200,8.958644006159744
1795600,31.006908118748083
1796000,8.89158568383092
1796400,8.034963671768113
1796800,4.1971892952045495
1797200,3.187305227145392
1797600,4.798769058024461
1798000,2.4838540342649598
1798400,6.949433169529669
1798800,8.052216285636693
1799200,15.995912358323672
1799600,274.71038381198844
1800000,7.703660721711457
1800400,8.260819719227491
1800800,8.63292318638908
1801200,21.123162458096214
1801600,24.82163159537741
1802000,435.5031480411698
1802400,454.18903328581695
1802800,509.3757630158245
1803200,9.421925470102524
1803600,416.2178599756894
1804000,4.794561774064422
1804400,505.454651798409
1804800,7.535006671033908
1805200,13.327934110714196
1805600,5.696154479522897
1806000,109.56211082767447
1806400,19.751535030509515
1806800,5.808811617472104
1807200,6.3526330893568845
1807600,113.36309558591805
1808000,3054.6664800129124
1808400,504.7932155360853
1808800,229.18402417955846
1809200,4.293427961854061
1809600,6.471342133789053
1810000,1012.1861166036803
1810400,9.17057455618208
1810800,7.320755169512795
1811200,4.771622806638522
1811600,7.604131223001404
1812000,8.579911898557228
1812400,8.00751550354983
1812800,179.0331726061051
1813200,7.968635797211971
1813600,582.728439872895
1814000,3462.6162419135544
1814400,11.029044005335884
1814800,6.579551333106754
1815200,8.875854320453874
1815600,2.9201969528701164
1816000,11.265023461226411
1816400,11.201413249849091
1816800,606.5965833564043
1817200,7.992483571529798
1817600,243.7756336690549
1818000,17.02356787295896
1818400,4.353756901341658
1818800,384.58495805937804
1819200,8.260350218804723
1819600,9.067313536851143
1820000,250.82581780235589
1820400,458.33241870179825
1820800,3015.558620028113
1821200,4.749690047230123
1821600,182.95349117388352
1822000,25.68956874839552
1822400,5.752201904709707
1822800,13.120795218903647
1823200,5.917561717681635
1823600,21.79469192738472
1824000,20.79588881506677
1824400,114.61776464773119
1824800,8.63161874496718
1825200,97.56316262145467
1825600,109.76073742268224
1826000,5.888042909351062
1826400,171.69493550981696
1826800,1222.441931183216
1827200,105.16814421128274
1827600,13.85322302806654
1828000,803.0513816375408
1828400,8.544441429669405
1828800,127.34718374702977
1829200,692.702636817001
1829600,157.50316122509224
1830000,14.244614012816362
1830400,6.017359977382996
1830800,6.413852863056149
1831200,8.717909143253886
1831600,359.6728811700147
1832000,13.11989184072874
1832400,16.37871455835789
1832800,4.211867538678872
1833200,14.038410468749065
1833600,13.113416448177977
1834000,21.721134502573975
1834400,557.6404559446579
1834800,2304.4497505757654
1835200,345.05320693631904
1835600,17.765171216968465
1836000,393.27047381871154
1836400,469.7419299830726
1836800,11.92087204221059
1837200,482.1721367167643
1837600,34.030376696686105
1838000,556.9634997197815
1838400,32.15433664584978
1838800,600.7506977820028
1839200,1551.3082307103355
1839600,84.46585527717272
1840000,16.353245239462943
1840400,13.886010846582536
1840800,4.3631213628247245
1841200,305.9811790308891
1841600,422.6561033087604
1842000,271.3999050491383
1842400,5.098100975623515
1842800,12.90146287354232
1843200,9.376765124881116
1843600,27.328614528700026
1844000,8.051134254181123
1844400,484.8730574051646
1844800,8.921290219977534
1845200,577.3129792751034
1845600,4.672450041131054
1846000,6.0806604662626444
1846400,214.940157170161
1846800,8.32487775822867
1847200,8.163287093015567
1847600,14.102701869252414
1848000,8.007622636120542
1848400,5.546479465181827
1848800,4.625994400086584
1849200,191.23663323354546
1849600,15.588653363082935
1850000,29.109621310592292
1850400,149.73015750957077
1850800,427.5337638023046
1851200,19.47217730438182
1851600,6.326649321926113
1852000,425.22864107389
1852400,567.1601376069734
1852800,7.617461549425067
1853200,2.7377026918099947
1853600,6.615245039079371
1854000,5.735524708587202
1854400,4.906654503439409
1854800,6.650751818704422
1855200,6.581599025156588
1855600,337.2002951644692
1856000,3.5837165869411765
1856400,5.654882278111952
1856800,20.292429859694366
1857200,588.2364974348861
1857600,483.58298546104476
1858000,14.915202240501532
1858400,418.77828220755924
1858800,12.706663547614475
1859200,559.9919813749475
1859600,447.6285505004278
1860000,5.969243506364587
1860400,6.4444935490933135
1860800,375.4327280383734
1861200,4.906347142902938
1861600,220.78030800066082
1862000,6.936571084965984
1862400,5.5925929030305905
1862800,7.343302624127115
1863200,6.040688230037493
1863600,5.17566579787678
1864000,5.450322956906332
1864400,86.38449130928375
1864800,6.115420594001468
1865200,12.146582002113826
1865600,30.42480690176674
1866000,5.938807198049815
1866400,13.175011269124727
1866800,13.430991372777708
1867200,8.866782351946881
1867600,17.444398504830964
1868000,140.30617473662315
1868400,5.491820279115314
1868800,179.26603662362754
1869200,393.0625969219783
1869600,37.061297525551545
1870000,10.280667922296411
1870400,5.513975577580766
1870800,20.401402447846195
1871200,6.394580604905005
1871600,7.403866702512941
1872000,19.325918091360524
1872400,11.262661743793393
1872800,6.192675145710251
1873200,6.191152906613182
1873600,84.27258013302949
1874000,6.257970149580003
1874400,10.407066274555977
1874800,11.742733509816103
1875200,246.52120764013375
1875600,6.461933043428958
1876000,9.403754228876268
1876400,8.660762083606851
1876800,122.82178489400124
1877200,6.977751142008451
1877600,134.6382993473795
1878000,8.019578088569157
1878400,162.48135974003276
1878800,16.598977792888203
1879200,192.76622209902263
1879600,133.0884672559406
1880000,5.816321748280099
1880400,6.8842020577376495
1880800,9.771825458897647
1881200,433.25767641893316
1881600,4.127784075084683
1882000,268.1227362128586
1882400,5.827576838843304
1882800,6.435569920375916
1883200,5.991786596773985
1883600,6.686137692513823
1884000,75.83525298867545
1884400,37.91424660333276
1884800,6.393860680204701
1885200,1228.6208540876257
1885600,20.23474973685336
1886000,7.4391645654976255
1886400,6.45420295315226
1886800,7.108875134843988
1887200,74.2174286775579
1887600,165.39173356807396
1888000,6.524889627091098
1888400,14.255372123438468
1888800,6.66728475532647
1889200,280.5552847870077
1889600,115.18237217116824
1890000,6.8678641365854824
1890400,6.856560471930291
1890800,229.49875172949268
1891200,185.44586752831287
1891600,7.626539428263809
1892000,7.351759845618646
1892400,90.77900023879818
1892800,168.3787216522208
1893200,251.35744814956254
1893600,8.040888138813319
1894000,24.524992652428132
1894400,8.195447716868404
1894800,16.980756947251358
1895200,271.3085720859909
1895600,622.6282828360984
1896000,402.6863119362472
1896400,5.226596461553099
1896800,398.52217344570744
1897200,51.43488697980701
1897600,558.8995351829658
1898000,15.10464930673526
1898400,120.48890254655754
1898800,5.736037452427182
1899200,30.601530695824366
1899600,105.64268027322704
1900000,3.229288973933469
1900400,2.525587573290549
1900800,233.6512451199645
1901200,110.25700765718638
1901600,18.34396786614081
1902000,37.43946646658344
1902400,254.71400248050256
1902800,131.73199601472012
1903200,17.310162727136245
1903600,289.51657349956025
1904000,191.65843929644464
1904400,11.021869907553588
1904800,159.3432656991371
1905200,18.416113528026976
1905600,154.74920191124693
1906000,10.727512002192345
1906400,76.23657849422342
1906800,2.284381401750273
1907200,520.4316929605477
1907600,29.214980864498575
1908000,16.57101033727846
1908400,264.2955945579522
1908800,245.6956832616131
1909200,6.805183721441843
1909600,52.35659973436796
1910000,5.277447698491773
1910400,26.483603483527002
1910800,6.057162175939684
1911200,103.42335358313606
1911600,382.6276927967782
1912000,30.225511361735375
1912400,474.03664592954635
1912800,14.362987390130806
1913200,2.484140296051906
1913600,25.469965275149217
1914000,354.3389646103413
1914400,33.20934679206226
1914800,163.85984196317492
1915200,67.1194403209752
1915600,228.22598613539105
1916000,217.78152876179692
1916400,99.14447734442483
1916800,7.834270901496182
1917200,33.24588848902193
1917600,147.67741179988624
1918000,255.31080560011736
1918400,169.71915682296566
1918800,387.6039979050043
1919200,20.99114005612945
1919600,491.3184720530475
1920000,7.3719732673105005
1920400,165.6746042844256
1920800,13.270885985281325
1921200,41.826462410674125
1921600,376.03370566239204
1922000,9.023089069051855
1922400,962.0634345156873
1922800,584.7901912588259
1923200,15.017033073036139
1923600,613.8671184936301
1924000,64.71138721375804
1924400,18.0028669071698
1924800,538.6494495632428
1925200,2.287524694326153
1925600,4.591214639808974
1926000,21.205694683237603
1926400,9.717596369966902
1926800,472.18975808481343
1927200,6.408446684359703
1927600,268.3923307932084
1928000,52.82445012797024
1928400,77.76494520537287
1928800,450.84894096515706
1929200,1125.9450054631684
1929600,279.47995622497115
1930000,236.6483657129344
1930400,250.685131442152
1930800,139.44279706005523
1931200,5.553133060762881
1931600,46.46979713489075
1932000,14.28207169626377
1932400,72.16359859910169
1932800,57.750371175046496
1933200,1866.51993453126
1933600,67.05731690159126
1934000,303.44860072003036
1934400,8.878922847920945
1934800,1699.0309317787276
1935200,9.569144300943798
1935600,108.65791499783047
1936000,269.29383029898344
1936400,267.5074762416772
1936800,115.0867272334575
1937200,79.79108365475231
1937600,6.166796885134295
1938000,249.86503083373768
1938400,17.358510244682375
1938800,461.9525358697899
1939200,381.623755196435
1939600,5.213302051774796
1940000,133.25136096742094
1940400,88.50231185120187
1940800,8.550642868509422
1941200,94.2731369023965
1941600,28.344394749946723
1942000,536.9243652718061
1942400,11.4234051502997
1942800,332.48774883669876
1943200,234.81703252768978
1943600,164.6606596926502
1944000,7.479251682867531
1944400,38.492537195507104
1944800,117.95926270334517
1945200,7.287464224928771
1945600,4.0234266033980655
1946000,6.822849355772167
1946400,11.638356879325249
1946800,10.007316090397694
1947200,238.2704699523409
1947600,8.660617783039864
1948000,139.95032356503265
1948400,102.32489870314973
1948800,9.753001690744282
1949200,71.1010481682506
1949600,139.1258850006694
1950000,8.283978147934056
1950400,121.87005740025462
1950800,22.997244581399034
1951200,6.764338388413773
1951600,10.49729820912982
1952000,71.4828457771696
1952400,14.395346503020706
1952800,138.19331774499588
1953200,33.9614058376528
1953600,5.28756868316625
1954000,5.480411013783964
1954400,219.69943993578525
1954800,132.20762994552106
1955200,2656.856395138137
1955600,675.730722092101
1956000,160.28916649512533
1956400,168.04906810496146
1956800,68.99765025898989
1957200,6.340919272264249
1957600,3324.701312081527
1958000,218.5879707145388
1958400,134.89255223983858
1958800,151.1919841205849
1959200,1073.9054480735724
1959600,812.5338279840823
1960000,6.825241133544757
1960400,159.47416778903377
1960800,1979.9177590180345
1961200,3379.9336446829634
1961600,392.1148708596852
1962000,7.538316663966268
1962400,183.6240154323163
1962800,5.620412917635644
1963200,1001.0240100146798
1963600,31.458152619055976
1964000,7.573972234170536
1964400,5.803563406254116
1964800,7.017250387120342
1965200,20.774808893626506
1965600,1858.422447196726
1966000,198.0368826831276
1966400,5.833574880264535
1966800,252.63763818112517
1967200,5.264852439421237
1967600,7.891545996794797
1968000,7.288324270692078
1968400,3.4594145936943796
1968800,119.46183801296475
1969200,14.660437885212517
1969600,5.092960907448131
1970000,241.86085705023646
1970400,542.0766582287293
1970800,1084.5459929433173
1971200,3.8061271136999304
1971600,339.9841010370933
1972000,119.23574155309741
1972400,162.3416754886542
1972800,273.77551682764727
1973200,13.477650028058095
1973600,6.062202435328108
1974000,3.6662630652447263
1974400,256.33073758016536
1974800,6.277899503761651
1975200,7.33182500791171
1975600,156.3684979393955
1976000,637.5180679104976
1976400,24.340949023515336
1976800,223.81154356635736
1977200,572.5104014076351
1977600,24.501101551744924
1978000,351.74173285597453
1978400,14.927941822139479
1978800,260.4721905861984
1979200,9.820455845940591
1979600,15.770014573158058
1980000,3.692784577883601
1980400,25.981547477474994
1980800,82.19016172357968
1981200,6.949483416556649
1981600,2.9897427539377426
1982000,7.883679911810016
1982400,40.006307306420155
1982800,6.810398375127529
1983200,23.025514098696043
1983600,116.15111327092248
1984000,16.63895022697484
1984400,16.04539684089574
1984800,51.62596055676751
1985200,6.5105296898014755
1985600,148.25675313308034
1986000,218.03548143483124
1986400,5.825368778624848
1986800,3.2255342046021815
1987200,2.4195616038416334
1987600,1330.6357962971392
1988000,451.4022587512695
1988400,202.64954770593738
1988800,1440.680814486594
1989200,167.50622035212723
1989600,8.852491529477566
1990000,371.6709494419549
1990400,6.0937890663344465
1990800,30.166447309763893
1991200,2.9491720768196603
1991600,5.953283845332957
1992000,6.064684044899244
1992400,11.123622678841116
1992800,6.4750568744232675
1993200,5.2558626902422985
1993600,2.571237159214314
1994000,2974.804727880106
1994400,854.6136938201487
1994800,477.65872322736
1995200,2.458657658965108
1995600,7.542034348093695
1996000,355.1596508295401
1996400,7.6849356300681215
1996800,27.230689293212958
1997200,32.66746247979367
1997600,2.3598116589097264
1998000,8.070134215183952
1998400,6.841786797992322
1998800,2.9451295249277405
1999200,727.6215783129476
1999600,9.296446458479608
