Step,Reward,Smoothed5Reward,Smoothed10Reward,Smoothed20Reward,Smoothed30Reward,Smoothed40Reward,Smoothed50Reward
400,9.324515478818022,9.324515478818022,9.324515478818022,9.324515478818022,9.324515478818022,9.324515478818022,9.324515478818022
800,6.69728462859188,8.010900053704951,8.010900053704951,8.010900053704951,8.010900053704951,8.010900053704951,8.010900053704951
1200,5.529934878322649,7.183911661910851,7.183911661910851,7.183911661910851,7.183911661910851,7.183911661910851,7.183911661910851
1600,7.234560393165194,7.196573844724436,7.196573844724436,7.196573844724436,7.196573844724436,7.196573844724436,7.196573844724436
2000,5.362781551036655,6.829815385986881,6.829815385986881,6.829815385986881,6.829815385986881,6.829815385986881,6.829815385986881
2400,2.8509543465132943,5.535103159525934,6.166671879407949,6.166671879407949,6.166671879407949,6.166671879407949,6.166671879407949
2800,4.851602076717335,5.165966649151025,5.978804764737861,5.978804764737861,5.978804764737861,5.978804764737861,5.978804764737861
3200,6.345603329630122,5.32910033941252,6.024654585349394,6.024654585349394,6.024654585349394,6.024654585349394,6.024654585349394
3600,7.318863715579264,5.345961003895335,6.168455599819379,6.168455599819379,6.168455599819379,6.168455599819379,6.168455599819379
4000,6.991814826435165,5.671767658975036,6.250791522480958,6.250791522480958,6.250791522480958,6.250791522480958,6.250791522480958
4400,6.166015123512248,6.334779814374827,5.934941486950381,6.243084577120166,6.243084577120166,6.243084577120166,6.243084577120166
4800,6.036837697204213,6.571826938472202,5.868896793811613,6.2258973371271695,6.2258973371271695,6.2258973371271695,6.2258973371271695
5200,5.904306927791272,6.483567658104432,5.906333998758476,6.201159613332101,6.201159613332101,6.201159613332101,6.201159613332101
5600,5.666886296840928,6.153172174356765,5.74956658912605,6.162997233582731,6.162997233582731,6.162997233582731,6.162997233582731
6000,6.327955120509565,6.020400233171645,5.846083946073341,6.17399442604452,6.17399442604452,6.17399442604452,6.17399442604452
6400,7.272630121042357,6.241723232677667,6.288251523526247,6.242659156981885,6.242659156981885,6.242659156981885,6.242659156981885
6800,6.017410307218056,6.237837754680436,6.404832346576319,6.229409224642836,6.229409224642836,6.229409224642836,6.229409224642836
7200,8.386429268620919,6.7342622228463656,6.608914940475398,6.349243671530508,6.349243671530508,6.349243671530508,6.349243671530508
7600,6.227173490521843,6.846319661582548,6.4997459179696575,6.34281892516163,6.34281892516163,6.34281892516163,6.34281892516163
8000,4.4850647520830105,6.4777415878972375,6.249070910534441,6.249931216507699,6.249931216507699,6.249931216507699,6.249931216507699
8400,7.033314492551901,6.429878462199146,6.335800847438407,6.1353711671943945,6.287235182033614,6.287235182033614,6.287235182033614
8800,6.644969863924876,6.55539037354051,6.396614064110473,6.132755428961043,6.303495849392308,6.303495849392308,6.303495849392308
9200,10.23486715400296,6.925077950616918,6.8296700867316416,6.368002042745059,6.474425036549293,6.474425036549293,6.474425036549293
9600,4.590491130597393,6.597741478632028,6.722030570107289,6.235798579616668,6.395927790467964,6.395927790467964,6.395927790467964
10000,5.313293878523857,6.763387303920197,6.620564445908718,6.233324195991029,6.352622433990199,6.352622433990199,6.352622433990199
10400,6.8013529694400985,6.716994999297836,6.573436730748492,6.4308441271373695,6.369881300738272,6.369881300738272,6.369881300738272
10800,5.647040022829815,6.517409031078825,6.536399702309668,6.470616024442994,6.343109401556478,6.343109401556478,6.343109401556478
11200,7.36022205862956,5.942480012004145,6.433778981310532,6.5213469608929655,6.379434853594802,6.379434853594802,6.379434853594802
11600,5.39742839975676,6.103867465836018,6.350804472234023,6.42527519510184,6.345572562083145,6.345572562083145,6.345572562083145
12000,3.314938729642089,5.704196436059664,6.233791869989931,6.2414313902621865,6.24455143433511,6.24455143433511,6.24455143433511
12400,9.454440304003269,6.234813902972299,6.475904451135068,6.405852649286738,6.248882261841285,6.34809623658247,6.34809623658247
12800,4.802588844939641,6.065923667394264,6.291666349236545,6.344140206673509,6.1857257357195445,6.299799130593632,6.299799130593632
13200,4.596460304139891,5.51317131649633,5.727825664250237,6.278747875490939,6.154609916580118,6.248182802519276,6.248182802519276
13600,6.461898471255083,5.726065330795994,5.914966398316006,6.318498484211647,6.128854519183116,6.2544685574820935,6.2544685574820935
14000,5.813822963513044,6.225842177570185,5.965019306814925,6.292791876361821,6.143889232932327,6.241878683368692,6.241878683368692
14400,6.823141251162612,5.699582367002054,5.967198134987177,6.270317432867834,6.276295463087306,6.258024865807412,6.258024865807412
14800,4.388695912426639,5.616803780499454,5.841363723946858,6.1888817131282625,6.2608652576109485,6.207502461661986,6.207502461661986
15200,5.529764037440554,5.803464527159586,5.658317921827957,6.046048451569245,6.233670614537962,6.189667239971948,6.189667239971948
15600,3.971157641162042,5.305316361140978,5.515690845968487,5.933247659101255,6.122080412057389,6.132782378464002,6.132782378464002
16000,7.508681550457839,5.644288078529937,5.935065128050061,6.084428499019997,6.139309302858144,6.1671798577638475,6.1671798577638475
16400,6.131843469526696,5.506028522202754,5.602805444602405,6.039354947868736,6.138170247725293,6.087363057531564,6.166317994636112
16800,6.580303949650735,5.944350129647573,5.7805769550735135,6.036121652155029,6.15628578947351,6.084438540558036,6.176174803088842
17200,10.11545854406232,6.861489030971926,6.332476779065757,6.030151221657997,6.296657510015878,6.199076632201528,6.267786052878922
17600,5.011044320633483,7.069466366866214,6.187391364003597,6.051178881159801,6.274796110808964,6.143488730388236,6.239223740782435
18000,5.1294562887639295,6.593621314527434,6.118954696528685,6.041987001671805,6.2348461497507754,6.137655598831417,6.214562241848691
18400,5.010916114596243,6.369435843541342,5.937732182872049,5.952465158929612,6.159455682869239,6.191654643033491,6.1883960216910285
18800,7.5287662371060575,6.559128301032407,6.25173921533999,6.046551469643425,6.209834213865506,6.258583747043209,6.216914536912625
19200,4.924178130104911,5.5208722182409256,6.191180624606426,5.924749273217192,6.094425842581638,6.223048117055078,6.189982528437464
19600,5.035617962708816,5.525786946655992,6.297626656761103,5.906658751364795,6.054707324987871,6.165966973233317,6.16642406791239
20000,5.970311814728253,5.693958051848856,6.143789683188144,6.039427405619103,6.104215560409378,6.140429397940645,6.162501822848707
20400,6.6923582096811405,6.030246470865835,6.199841157203588,5.901323300902996,6.092850350980354,6.153587975094867,6.1098586774659704
20800,6.508382916112613,5.8261698066671475,6.1926490538497765,5.986613004461645,6.088297452719944,6.165376605567577,6.1060806432163846
21200,2.861038412754604,5.413541863197085,5.467207040719005,5.89984190989238,5.842503161344999,6.08929489269166,6.052702713905023
21600,9.046633569067804,6.215744984468882,5.870765965562437,6.029078664783016,5.991041242627346,6.1737885744973315,6.088944177423075
22000,7.031965037751905,6.428075629073613,6.061016840461234,6.0899857684949605,6.0483302812682815,6.19138882242839,6.12232784715738
22400,7.960225243727159,6.681649035882818,6.355947753374326,6.146839968123187,6.08695935707785,6.208578700495511,6.224513265101657
22800,4.882659121103646,6.356504276881023,6.091337041774085,6.171538128557038,6.061479993686977,6.180209920842651,6.225134405989383
23200,4.781349679351286,6.7405665302003595,6.077054196698723,6.134117410652574,5.975517581044369,6.090082931110909,6.193849332983807
23600,6.766643101475222,6.284568436681843,6.2501567105753635,6.273891683668233,6.021158071101651,6.103569671384744,6.182804920701726
24000,4.556531366044927,5.7894817023404475,6.108778665707031,6.126284174447587,6.062544492315079,6.1053563367337915,6.134099251493922
24400,7.4871857141509075,5.694873796425197,6.188261416154008,6.194051286678798,5.9969693393200005,6.116703117273767,6.160522663306694
24800,4.93742066882169,5.705826105968807,6.031165191424915,6.111907122637346,6.001463733449401,6.074014387396187,6.138534322739044
25200,5.787513271729997,5.907058824444549,6.323812677322454,5.89550985902073,6.041165499035739,5.962830540339363,6.13619844961782
25600,8.10753072088524,6.1752363483265515,6.229902392504198,6.050334179033317,6.096019907356744,6.0507565300965584,6.185011338098705
26000,4.678112785874917,6.19955263229255,5.994517167316499,6.027767003888867,6.058162901435472,6.034877002780336,6.152014491406012
26400,5.2242274391996775,5.746960977302304,5.720917386863751,6.038432570119039,6.0048657743700415,5.995448864524326,6.111046437769159
26800,8.18705254709972,6.39688735295791,6.051356729463359,6.071346885618722,6.131477662192478,6.058949177631073,6.154439282566792
27200,6.216094265318979,6.482603551675706,6.194831188060128,6.135942692379425,6.154355336455092,6.030345982798308,6.111032582500753
27600,3.346115585328634,5.530320524564385,5.852778436445469,6.051467573510417,6.133520601260645,5.979063162437606,6.053411424396888
28000,9.093472099872525,6.413392387363908,6.306472509828229,6.207625587767629,6.186346952907801,6.1235264966933665,6.14557957135268
28400,3.204763086864781,6.009499516896928,5.878230247099616,6.033245831626812,6.088777606819071,5.9672845662649046,6.069008543238937
28800,5.545457146649548,5.481180436806893,5.939033894882402,5.985099543153659,6.054282713385699,5.985856273807651,6.04701828889343
29200,8.25483560322842,5.888928704388782,6.1857661280322445,6.254789402677349,5.992261948691235,6.077315656284865,6.00741765787794
29600,4.733624615616907,6.166430510446437,5.848375517505412,6.039138955004804,5.983014625190681,6.03410880989391,6.01028032757833
30000,7.885178819489698,5.924771854369871,6.1690821208668885,6.081799644091694,6.074872042881541,6.085892706293327,6.061718026397646
30400,9.21504052396477,7.126827341789868,6.568163429343398,6.144540408103575,6.215009523193825,6.145690188113381,6.10999177748814
30800,3.162981202767984,6.650332153013556,6.065756294910225,6.058556512186792,6.069483355382556,6.1150473203719145,6.060310601086903
31200,7.300282947109701,6.459421621789812,6.174175163089297,6.184503175574712,6.148686849282716,6.159310293113643,6.059111818856507
31600,6.144206941279462,6.741538086922323,6.45398429868438,6.153381367564924,6.185639815235072,6.213636525616579,6.074047389686959
32000,6.13971986340784,6.392446295705952,6.158609075037911,6.2325407924330705,6.191286750191057,6.179412483440329,6.130543012362275
32400,9.494711866942575,6.4483805643015115,6.787603953045691,6.332917100072653,6.284698538766437,6.263484193375726,6.131348443621062
32800,4.907857778966707,6.797355879541257,6.723844016277407,6.331438955579904,6.2313477008615745,6.221673039108625,6.133453822301602
33200,6.097211567331213,6.556741603585559,6.508081612687685,6.346923870359964,6.339220139347461,6.121216864690347,6.1634688475654285
33600,4.835179141420992,6.294936043613865,6.518237065268094,6.183306291386752,6.198838325092568,6.116820235210035,6.130934460968748
34000,6.18687406765956,6.30436688446421,6.348406590085081,6.258744355475985,6.17066862608949,6.143255679682426,6.138395483051678
34400,8.330304394422734,6.071485389960242,6.259932977130877,6.414048203237138,6.183004597779342,6.2262403866780875,6.16853874591688
34800,3.8132760162829658,5.8525690374234935,6.324962458482375,6.195359376696301,6.147358494285319,6.133353131157511,6.157030347994007
35200,7.184339983833693,6.069994720723988,6.313368162154775,6.243771662622036,6.2274581711014,6.1898571775007305,6.190121866921869
35600,6.764600858036512,6.455879064047093,6.375407553830479,6.41469592625743,6.22739009632011,6.233081749883923,6.245990731259359
36000,7.355485843434186,6.689601419202019,6.4969841518331135,6.327796613435512,6.320688578899751,6.267711100601571,6.242926817118886
36400,6.814734563716413,6.386487453060754,6.2289864215104975,6.508295187278094,6.298273540551935,6.270770509452452,6.256584639002679
36800,7.998390524499652,7.223510354704091,6.538039696063793,6.630941856170599,6.400305869074534,6.308020699662129,6.284946370499658
37200,5.368572596376505,6.860356877212654,6.465175798968322,6.486628705828004,6.386341179896084,6.370709054252677,6.190008651545943
37600,5.462689106238159,6.599974526852984,6.527926795450038,6.523081930359067,6.298179792741181,6.2811104426819355,6.199041547258036
38000,5.504874942044772,6.2298523465751,6.459726882888559,6.40406673648682,6.325738531280177,6.242933190289257,6.206549920323652
38400,4.559144002452308,5.778734234322279,6.0826108436915165,6.171271910411197,6.303569083388598,6.157906159257386,6.197514478080774
38800,6.675398380128463,5.514135805448041,6.368823080076067,6.34689276927922,6.253180611156222,6.202724640733006,6.180447120941222
39200,6.957936947992986,5.832008675771337,6.346182776491996,6.329775469323385,6.277908700578689,6.257139322449048,6.221122297298985
39600,4.604065790232162,5.660284012570138,6.130129269711561,6.2527684117710205,6.319840374075473,6.203074889667972,6.212491253849451
40000,6.035951812927144,5.766499386746612,5.998175866660857,6.247580009246985,6.217923031177294,6.2400604008400276,6.213804053813428
40400,7.095799203672884,6.2738304269907275,6.026282330656504,6.127634376083501,6.347624235070897,6.230275738078077,6.221872873693263
40800,5.841751487115663,6.107101048388168,5.810618426918104,6.1743290614909485,6.357500713086434,6.2528840085354265,6.208540245113324
41200,5.884743362550863,5.892462331299744,5.8622355035355405,6.163705651251932,6.278497638397182,6.255314760805947,6.269014344109249
41600,4.7939640467782185,5.930441982608955,5.795362997589547,6.1616448965197925,6.280508952769226,6.172475593953273,6.183960953663457
42000,7.721331299408703,6.267517879905267,6.01700863332594,6.23836775810725,6.275047368766526,6.2485560567916165,6.197748278896594
42400,5.586811875781008,5.96572041432689,6.11977542065881,6.101193132175164,6.154106413827067,6.257620667706151,6.150280011537671
42800,3.8465248558001015,5.5666750880637785,5.8368880682259725,6.10285557415102,6.176891202261472,6.14910747542366,6.1295573262316
43200,5.386982548709629,5.4671229252955325,5.679792628297638,6.012987702394816,6.1131145223148025,6.1283796825084265,6.141669983618766
43600,5.181831163749785,5.544696348689845,5.7375691656494,5.93384921768048,6.081035329730479,6.174272571968954,6.1099737448642575
44000,7.852332884914083,5.5708966657909205,5.9192072728480944,5.958691569754475,6.138122430447354,6.143244091594994,6.17588977524164
44400,7.189414368988318,5.891417164432384,5.9285687893796375,5.97742556001807,6.0612791805155455,6.242860373648082,6.16993434833839
44800,5.296576563985,6.1814275060693635,5.874051297066571,5.842334861992338,6.074236473349489,6.236638359081469,6.177117466241655
45200,5.581364107751676,6.220303817877772,5.843713371586652,5.852974437561096,6.057041558030172,6.16980157169455,6.172994482962089
45600,4.746702951399628,6.133278175407741,5.838987262048793,5.81717512981917,6.054092351696125,6.1701285300891175,6.105777927572377
46000,6.8919721966524445,5.941206037755413,5.756051351773167,5.886529992549553,6.077595622662556,6.145298364518187,6.150055115787927
46400,10.133726240557207,6.530068412069191,6.210742788250787,6.165259104454799,6.137709684200371,6.168265507432997,6.248245091815078
46800,5.394329355729526,6.549618970418097,6.36552323824373,6.101205653234851,6.190411462181923,6.224049211257036,6.192390627987674
47200,5.434823896283097,6.520310928124381,6.370307373001077,6.025050000649357,6.132094259263569,6.177412734986371,6.176765220606955
47600,6.552342485213574,6.88143883488717,6.507358505147455,6.1224638353984275,6.125018980169472,6.187616123584723,6.240889758604656
48000,6.400033501315259,6.783051095819732,6.362128566787573,6.140667919817834,6.093170568765507,6.194123964532409,6.1870209866335095
48400,9.37913325062426,6.632132497833143,6.581100454951167,6.2548346221654025,6.17865052499577,6.191234499124452,6.3105083899086996
48800,8.397650987466106,7.232796824180459,6.891207897299277,6.382629597182924,6.191959207094651,6.278479329336937,6.36755226672503
49200,6.8877320558481046,7.523378456093461,7.021844692108921,6.432779031847787,6.242597855743704,6.298242341549859,6.340210195777424
49600,5.906254891268959,7.394160937304538,7.137799886095854,6.488393574072323,6.2573833819113975,6.3250192352960575,6.363662801290466
50000,3.912584095331978,6.8966710561078814,6.839861075963808,6.297956213868487,6.204307020354305,6.268161985987868,6.284210906807312
50400,5.455760765278096,6.111996559038649,6.372064528435896,6.2914036583433415,6.234194245781831,6.1962983952592525,6.209025311633577
50800,6.922090337310588,5.816884429007545,6.524840626594002,6.445181932418866,6.242417311021234,6.274018753284943,6.284207494324431
51200,4.869305551702076,5.41319912817834,6.468288792135899,6.419298082568488,6.1727962644782055,6.216142892481653,6.235587946416277
51600,6.887157243876235,5.609379598699794,6.501770268002166,6.504564386574811,6.248899312933007,6.219206802127646,6.250446952468212
52000,5.040407207859056,5.834944221205211,6.365807638656546,6.36396810272206,6.215714492764071,6.161329836238268,6.228460699357237
52400,6.326551816223144,6.00910243139422,6.060549495216434,6.3208249750838,6.190072913182413,6.149125267550936,6.165097498342848
52800,4.458244129889423,5.516333189909987,5.666608809458766,6.2789083533790215,6.143956001274872,6.06062160768568,6.156105225361302
53200,4.627606924111047,5.467993464391782,5.44059629628506,6.23122049419699,6.102051453326878,6.042097465879043,6.126713132496899
53600,7.20366859782995,5.531295735182524,5.5703376669411595,6.354068776518506,6.182374938361935,6.085621953168838,6.174082921625078
54000,5.649287334693824,5.653071760549478,5.7440079908773445,6.291934533420575,6.113306806204774,6.089232262985065,6.163331186965763
54400,5.269375781872572,5.441636553679364,5.7253694925367915,6.048717010486344,6.102725603074491,6.106988057470571,6.102112614714761
54800,4.223664863571594,5.394720700415798,5.455526945162893,5.990183785878447,6.115296936666875,6.045694719556649,6.110320391660533
55200,6.488689521826828,5.766937219958953,5.617465342175367,6.042877067155634,6.152020502437448,6.0339635339024955,6.096407382420396
55600,3.313517331010773,4.988906966595119,5.260101350888821,5.880935809445494,6.089743374679482,6.00169982242196,6.027385711879881
56000,8.321987245668906,5.523446948790135,5.588259354669806,5.977033496663176,6.1053985200379755,6.058850708240504,6.046715739924576
56400,4.293070252751126,5.328185842965846,5.384911198322604,5.722730346769518,6.008853716163403,5.988782484467461,5.996282453705269
56800,6.3035164859446935,5.744156167440465,5.5694384339281315,5.618023621693449,6.0424183802287255,6.000326609438187,5.962384972934171
57200,7.947473061565546,6.035912875388209,5.901425047673581,5.671010671979321,6.121288678689187,6.051894851913554,6.013962982237951
57600,4.973841199193991,6.367977649024853,5.678442307809986,5.624389987375573,6.128859953615666,6.056391780723947,6.004186024097067
58000,7.939680581557214,6.291516316202514,5.9074816324963235,5.8257448116868344,6.163783566445825,6.061850512777661,6.052882136887317
58400,3.759453648296691,6.184792995311627,5.756489419138736,5.7409294558377635,5.951307813370475,6.0161665570905525,6.036888329804205
58800,3.9036572024621576,5.704821138615119,5.724488653027793,5.590007799095342,5.901618741594897,6.017594865757104,5.981453506250878
59200,4.354229210369146,4.98617236837584,5.511042621882025,5.5642539820286965,5.865598918731098,5.991776032298592,5.929379351498401
59600,6.134561428628774,5.218316414262796,5.793147031643825,5.526624191266324,5.851672883511603,6.015594288920567,5.9599892642663335
60000,5.978994639503712,4.826179225852096,5.558847771027305,5.573553562848556,5.837638254784553,5.968760832785308,5.958850120797865
60400,7.189516433177952,5.512191782828348,5.848492389069987,5.616701793696296,5.764651027536342,5.968763384390049,5.960724465387966
60800,11.482780378227885,7.028016417981493,6.366418778298307,5.967928606113219,5.867488673895068,6.12341847974612,6.073545043210211
61200,5.930726636440927,7.343315903195849,6.1647441357858455,6.033084591729713,5.835588493248163,6.132152542963352,6.074464708688011
61600,5.836574583847911,7.283718534239678,6.2510174742512365,5.964729891030611,5.833265816334128,6.15939933377456,6.095316919429406
62000,4.603903646233968,7.008700335585729,5.9174397807189125,5.912460706607619,5.856309801364193,6.102197620014097,6.032968366365911
62400,3.946236651863559,6.360044379322849,5.9361180810756,5.846303750107168,5.805992330917042,5.947510380296756,6.000156861887563
62800,5.760127580400641,5.215513819757401,6.1217651188694475,5.92312688594862,5.767260239020045,5.956655335913534,6.038428916379574
63200,4.921152985856335,5.013599089640483,6.178457496418167,5.844750059150096,5.768988486825186,5.943813563152865,6.029112325122508
63600,5.485677274381159,4.943419627747133,6.113569080993405,5.953358056318615,5.722272487842017,5.917146932882054,6.0351892473351345
64000,4.584973666250489,4.939633631750437,5.974166983668082,5.766507377347694,5.707091369788398,5.871770437005435,5.969842062961862
64400,6.71274910875838,5.492936123129401,5.9264902512261255,5.887491320148056,5.719964612872906,5.805110833458788,5.9603087577572635
64800,6.646996159624705,5.670309838974214,5.442911829365807,5.904665303832057,5.792923013864082,5.761344462762753,5.987317149670057
65200,3.237760169749085,5.333631275752763,5.173615182696623,5.669179659241235,5.746594788718683,5.670095165610277,5.940445070910005
65600,7.093991003813346,5.655294021639201,5.2993568246931675,5.775187149472202,5.74293886891813,5.699788568423887,5.9873908319582805
66000,4.308796876218984,5.6000586636329,5.269846147691668,5.59364296420529,5.698255853635635,5.709693887946062,5.935727325549611
66400,7.800890683102104,5.817686978501645,5.655311550815522,5.795714815945561,5.78263968367662,5.768322135891663,5.8890706144005085
66800,5.752748541282414,5.638837454833187,5.6545736469037,5.888169382886574,5.833609139600314,5.739088590990958,5.896238998111567
67200,4.321367866341002,5.85555899415157,5.594595134952167,5.886526315685166,5.761365084417452,5.725390148856931,5.8739698775127245
67600,6.8061113625187,5.79798306589264,5.726638543765921,5.920103812379663,5.877784885467717,5.7233640018229925,5.879045255058827
68000,4.877336712079717,5.911691033064787,5.755874848348844,5.865020916008463,5.762963201014744,5.7192872394285095,5.848591319274117
68400,4.37787930183151,5.2270887568106685,5.522387867656156,5.72443905944114,5.765790169317423,5.670570426568719,5.7485662402982625
68800,10.130832918139197,6.102705632182024,5.870771543507606,5.656841686436707,5.8933673837239064,5.812385146274963,5.783229878911723
69200,6.661494757608214,6.570731010435468,6.213145002293518,5.693380092495071,5.850501440258662,5.863232342112392,5.778705132946926
69600,7.54575394562478,6.718659527056684,6.258321296474662,5.778839060583914,5.936231865139689,5.871784475807263,5.811495114034042
70000,3.861129434601082,6.515418071560957,6.213554552312872,5.7417003500022705,5.800280160241152,5.827080528304944,5.810466020819424
70400,5.165427511353085,6.6729277134652705,5.95000823513797,5.802659892976746,5.847145955676364,5.824481821541957,5.804659355740923
70800,7.517265842250826,6.150214298287597,6.126459965234811,5.890516806069256,5.967599577002653,5.9068218460089374,5.816562865839728
71200,6.107318801062662,6.039379106978487,6.305055058706977,5.9498250968295725,6.026035896692436,5.897287577989833,5.84132313082694
71600,5.320247401163788,5.5942777980862886,6.156468662571486,5.941553603168703,5.998892095776938,5.947455829743659,5.809984933972691
72000,6.751962099385039,6.17244433104308,6.343931201302018,6.049903024825431,6.024657677772981,5.908205201086562,5.844216031803212
72400,6.110070778422831,6.361372984457029,6.517150348961151,6.019769108308654,5.988676155947811,5.953630214228355,5.839886411047205
72800,5.954869198060683,6.0488936556190005,6.099553976953299,5.985162760230453,5.804412449942237,5.944914032031255,5.869818912410631
73200,4.534540456027088,5.7343379866118855,5.886858546795186,6.050001774544352,5.757872910595109,5.859590716892793,5.867957583048951
73600,7.691734492840659,6.208635404947261,5.901456601516775,6.079888948995718,5.8197115742282,5.92753804923396,5.877718900949166
74000,6.49389682500475,6.157022350071203,6.164733340557142,6.189143946435006,5.882711346853894,5.891393455320149,5.894611090755384
74400,6.181648432529951,6.171337880892626,6.266355432674827,6.108181833906398,5.957225072876107,5.95194832492598,5.912856543768531
74800,3.988642688924803,5.778092579065451,5.913493117342226,6.019976541288518,5.898175576493579,5.954072962087546,5.908156100275595
75200,6.137651583283481,6.098714804516729,5.916526395564307,6.110790727135642,5.93872552974115,5.9986585214104045,5.901135341504728
75600,6.248305683899714,5.81002904272854,6.0093322238379,6.082900443204693,5.9641464767251025,6.001502127792178,5.959831108562508
76000,4.54985211390376,5.421220100508341,5.789121225289772,6.066526213295895,5.962975758313545,5.96577356465218,5.884388405927203
76400,5.95029626881676,5.374949667765703,5.773143774329165,6.145147061645158,5.937560663648823,5.934793060543149,5.9175329262485175
76800,4.593982739631662,5.496017677907075,5.637055128486263,5.86830455271978,5.869126882982389,5.762573119578244,5.883342251322256
77200,4.022820741089118,5.073051509468203,5.585883156992466,5.736370851893826,5.895295568693724,5.714875472194448,5.804849204912728
77600,8.389639810009381,5.5013183346901355,5.655673688709338,5.778565145113056,5.938483862233592,5.778702102848485,5.873165177129035
78000,6.443516019488158,5.8800511158070154,5.650635608157678,5.90768447435741,6.009641167009231,5.82469241217984,5.843241885887654
78400,6.379822880407216,5.965956438125107,5.670453052945406,5.968404242810117,5.962272240252734,5.885532067893431,5.895649270529865
78800,4.510827000165319,5.9493252902318385,5.722671484069457,5.818082300705841,5.920874855548831,5.854299553387548,5.907792666483929
79200,4.4181832915377655,6.028397800321568,5.550724654894886,5.733625525229597,5.924102036388723,5.841725311029584,5.9090717481073
79600,4.930371814844499,5.336544201288592,5.418931267989364,5.714131745913631,5.861577384799584,5.827842674541168,5.884987955831615
80000,4.435142416549686,4.934869480700897,5.407460298253957,5.598290761771865,5.846837574948582,5.824096893298647,5.854110911372535
80400,5.513938878923278,4.76169268040411,5.363824559264609,5.568484166796886,5.884706227518308,5.79412663755277,5.820599360287441
80800,4.532030199590557,4.7659333202891565,5.357629305260498,5.49734221687338,5.6980794702333535,5.7412524885519165,5.681584356714694
81200,5.378743316680075,4.958045325317618,5.493221562819594,5.53955235990603,5.655321088869083,5.7947770672251915,5.670544690319478
81600,5.493235306640053,5.0706180236767295,5.203581112482661,5.429627400596,5.586903800902925,5.7547581747958585,5.66367790477532
82000,5.178619784482303,5.219313497263253,5.0770914889820755,5.363863548569877,5.630820145898965,5.776503747502441,5.675172227540287
82400,7.941716043186118,5.704868930115822,5.233280805259965,5.451866929102685,5.723363096960067,5.780024381504542,5.755081815366739
82800,7.520121666162553,6.302487223430221,5.534210271859689,5.628440877964573,5.7234582910904575,5.824208709626546,5.790281697081976
83200,3.302118943282133,5.887162348750632,5.422603837034126,5.486664245964506,5.62995162916444,5.7987274865500735,5.757901016230492
83600,5.763871679262091,5.94128962327504,5.505953823475885,5.462442545732624,5.644739105101049,5.772671494468659,5.763464904328112
84000,7.210175419498937,6.3476007502783665,5.78345712377081,5.595458711012383,5.6600128824381795,5.830992462154139,5.81596893939308
84400,3.5654794157073035,5.472353424782603,5.588611177449212,5.47621786835691,5.575193170347662,5.810682465001034,5.753023545532058
84800,8.1861752367273,5.605564138895553,5.954025681162887,5.655827493211692,5.6495700383032155,5.762066022965737,5.78380712707411
85200,7.155289248776792,6.3761981999944854,6.131680274372558,5.812450918596076,5.736928331394873,5.774410885244952,5.862157708654665
85600,4.3090721620963,6.085238296561327,6.0132639599181825,5.608422536200422,5.624172920370061,5.693493840656739,5.8064593318203235
86000,4.655292812756526,5.574261775212844,5.960931262745605,5.51901137586384,5.562886119961787,5.713347925110625,5.813389250551074
86400,5.546084605737287,5.9703828132188415,5.721368119000722,5.477324462130343,5.541700659068698,5.72286435247023,5.768293129003779
86800,5.212945672022745,5.37573690027793,5.490650519586742,5.512430395723216,5.582510758505295,5.665256348214529,5.757497071618585
87200,6.0178965390739405,5.14825835833736,5.762228279165922,5.5924160581000235,5.578518923698311,5.6630207916648105,5.791427645073244
87600,4.890801607282611,5.264604247374622,5.674921271967974,5.59043754772193,5.533268787811074,5.6522846468177805,5.753121449968522
88000,4.032427519310351,5.140031188685386,5.3571464819491155,5.570301802859963,5.516021301324627,5.584296282315913,5.736223266113134
88400,4.182943498433288,4.867402967224587,5.418892890221715,5.503752033835464,5.457109542311845,5.536118100316175,5.73232455004517
88800,6.422378984163363,5.109289629652711,5.2425132649653206,5.598269473064104,5.518056083796235,5.5478058449687415,5.658155471365653
89200,5.432757977781587,4.99226191739424,5.0702601378658,5.600970206119179,5.565053991685984,5.570261283012604,5.6335807357691206
89600,5.782339865930404,5.170569569123798,5.217586908249211,5.615425434083696,5.4781439935500185,5.522526417339849,5.5983124541752325
90000,3.5815526834638014,5.080394601954489,5.110212895319938,5.535572079032772,5.382745215682539,5.449717813801325,5.592720919152487
90400,5.449749632680982,5.333755828804028,5.100579398014307,5.410973758507515,5.351742774091665,5.4314203438051,5.598407361579046
90800,4.495145062917037,4.948309044554763,5.028799337103736,5.259724928345239,5.351220042850056,5.444082903154905,5.53796494599237
91200,7.666712362312785,5.395099921461002,5.193680919427622,5.477954599296771,5.459504345209223,5.482309422630638,5.569152817217373
91600,3.837402135276614,5.006112375330244,5.088340972227021,5.381631122097498,5.42307202255696,5.422036833915061,5.539495911899629
92000,6.330293636935042,5.555860566024492,5.31812758398949,5.337637032969303,5.486243729903139,5.4665478719908425,5.531062542650628
92400,4.064797938023592,5.278870227093014,5.306313027948521,5.362602959085117,5.437939031873149,5.419410413721014,5.490157085842644
92800,4.046597905812338,5.189160795672074,5.068734920113418,5.1556240925393695,5.4217579554138755,5.405725792875531,5.451991659997677
93200,2.9829635399185577,4.252411031193229,4.823755476327115,4.947007807096457,5.3418986295218245,5.379729362846267,5.420960121675506
93600,3.243276369905556,4.133585878119017,4.56984912672463,4.89371801748692,5.266899998297341,5.251070276843671,5.331990959216804
94000,5.964622133916241,4.0604515775152565,4.808156071769874,4.959184483544906,5.293100076611806,5.239097929704373,5.321405465395034
94400,5.066632446220318,4.260818479154603,4.769844353123808,4.935211875569058,5.197263956712946,5.206268168849701,5.299105145668842
94800,5.580037581275392,4.567506414247213,4.878333604959644,4.95356647103169,5.132594487216707,5.232998433377452,5.330933043515853
95200,6.215654132740693,5.21404453281164,4.733227782002435,4.963454350715027,5.229712326865326,5.277935204407526,5.332493094504998
95600,3.78884273701733,5.323157806233995,4.7283718421765055,4.908356407201763,5.163878028790501,5.2493969774618465,5.28330383556735
96000,6.720613326912263,5.474356044833199,4.767403811174228,5.042765697581858,5.147559292370945,5.306533750220911,5.3267190598275205
96400,4.422041548591232,5.345437865307382,4.803128172230992,5.054720600089756,5.176111363467076,5.27923631696261,5.296153965423009
96800,7.274812620079227,5.684392873068148,5.12594964365768,5.09734228188555,5.145732609578806,5.347805877474826,5.349770563031962
97200,4.285614336910339,5.298384913902078,5.25621472335686,5.039985099841987,5.050076779183258,5.320477652980584,5.355026434948386
97600,4.497675460538997,5.440151458606412,5.3816546324202035,4.9757518795724165,5.056363555798015,5.295588656828057,5.277187147958978
98000,6.171494848112869,5.330327762846533,5.402341903839866,5.10524898780487,5.106903623643226,5.320410533418821,5.2717467245314715
98400,3.356364144265917,5.1171922819814695,5.231315073644426,5.000579713384117,5.03391294159418,5.2057767359458165,5.211277549808646
98800,4.436983535919914,4.549626465149608,5.117009669108878,4.99767163703426,5.00804753705742,5.12869828268975,5.209800680523738
99200,4.577487156023569,4.608001028972253,4.953192971437166,4.8432103767198,4.96003389095574,5.160582488008286,5.2129867578134546
99600,2.972852966410812,4.303036530146616,4.871593994376513,4.79998291827651,4.896102269593347,5.090807020187004,5.173836380844779
100000,6.89561810182949,4.44786118088994,4.889094471868236,4.8282491415212325,4.991541955677318,5.082943087245267,5.223045894550377
100400,3.258214296973284,4.428231211431414,4.772711746706442,4.787919959468717,4.960717648961984,5.075261459276918,5.177931402911376
100800,4.801218846717156,4.501078273590862,4.525352369370235,4.825651006513958,4.906678977713779,4.990637549526664,5.183315175853908
101200,5.600413260860585,4.705663494558266,4.656832261765259,4.956523492561059,4.912267487149745,4.951765649828759,5.187748574737518
101600,9.479172962670198,6.006927493810143,5.15498201197838,5.268318322199291,5.035495257041071,5.081018169843106,5.267467327858121
102000,3.339928794052768,5.295789632254798,4.871825406572369,5.137083655206117,5.027441127394036,5.048134069375512,5.23069350804953
102400,5.886433426165805,5.821433458093303,5.124832334762358,5.178073704203392,5.0419972538435305,5.056642789886224,5.189587855709124
102800,4.842921819852643,5.8297740527204,5.165426163155631,5.141217916132255,5.053589812408051,5.047392193581972,5.1360438587829265
103200,3.0642788747779046,5.322547175503864,5.014105335031065,4.983649153234116,4.900175362823555,4.973551751974571,5.131287057412842
103600,4.641733424667886,4.3550592679034015,5.180993380856772,5.026293687616643,4.926986405803264,4.967325047409203,5.108844292320958
104000,4.723360602717378,4.631745629636323,4.963767630945561,4.926431051406899,4.873421971329342,4.98459837449438,5.059107995985326
104400,4.265987127402619,4.307656369883686,5.064544913988494,4.9186283303474685,4.880128277641976,4.986674465218612,5.073118150219233
104800,5.562371194308477,4.451546244774853,5.140660148747626,4.83300625905893,4.93065405392518,4.96517427047224,5.020642069370856
105200,4.601797112777866,4.759049892374845,5.040798533939355,4.848815397852308,4.98461517302049,4.944400248847147,4.969572226650877
105600,4.029855678040279,4.636674343049323,4.495866805476362,4.825424408727371,5.0108344832916485,4.900588144149894,4.9639878969697575
106000,3.806795953288177,4.453361413163483,4.542553521399904,4.707189463986136,4.93890694393738,4.906219225895503,4.94701795978039
106400,4.380682087088002,4.476300405100561,4.391978387492123,4.75840536112724,4.916041931966303,4.879492537255679,4.923709909407404
106800,5.148544771830564,4.3935351206049775,4.422540682689915,4.793983422922773,4.901658838318141,4.895827529978517,4.922421891403562
107200,3.8029766155109295,4.23377102115159,4.4964104567632175,4.755257895897142,4.821236254410482,4.7992341363084705,4.878123492932301
107600,4.512984876239434,4.330396860791422,4.483535601920372,4.832264491388573,4.845374325717886,4.816123704832541,4.870567158311437
108000,3.994186081890126,4.367874886511811,4.4106181498376476,4.687192890391604,4.754493417550481,4.7577210159564185,4.869802329563033
108400,4.660386002750007,4.4238156696442115,4.450058037372386,4.757301475680441,4.7624382326891075,4.772610717574579,4.879351179649367
108800,3.6931386693388206,4.132734449145864,4.263134784875421,4.701897466811523,4.643049100997761,4.763774236662741,4.824766373352876
109200,7.053207310834634,4.7827805882106045,4.508275804681097,4.774537169310226,4.7353022001285705,4.865530330935643,4.857175360013938
109600,4.791156996642104,4.838415012291138,4.5844059365412795,4.540136371008821,4.745084917998673,4.904227346604056,4.837351702628171
110000,7.456984641187137,5.530974724150541,4.949424805331176,4.7459891633655396,4.787934577767816,4.941536409285829,4.914860341782638
110400,4.550328701928705,5.50896326398628,4.966389466815246,4.6791839271536855,4.827733396356575,4.928628815678538,4.896871923167592
110800,3.1743765204766823,5.405210834213852,4.7689726416798575,4.595756662184887,4.785646495841801,4.868487289158571,4.870456552318785
111200,3.2753062894897345,4.649630629944872,4.716205609077738,4.606308032920478,4.74224046695734,4.794978593077296,4.782628430862324
111600,3.9617148088535337,4.483742192387158,4.661078602339148,4.572307102129761,4.775202528372097,4.799300394873201,4.7851146843338626
112000,4.484311045527671,3.889207473255265,4.710091098702902,4.560354624270276,4.694825626495371,4.743392837838587,4.748195032505715
112400,6.741153495862656,4.327372432042056,4.918167848014169,4.684112942693277,4.810923599791683,4.801370636520373,4.801722143662497
112800,4.454665077840064,4.583430143514732,4.994320488864292,4.628727636869857,4.799371807495779,4.730866947964394,4.809883487103051
113200,4.203491790752556,4.769067243767297,4.709348936856085,4.608812370768591,4.752807758492178,4.728813884310449,4.834294052119731
113600,5.218457005902783,5.020415683177146,4.752078937782153,4.668242437161716,4.610783893266598,4.746833422944543,4.8737976648396755
114000,5.973376572550547,5.318228788581722,4.603718130918493,4.776571468124835,4.698565485883192,4.741880466055486,4.873972753612362
114400,6.375443393477799,5.24508676810475,4.786229600073403,4.876309533444324,4.714865818126924,4.817357447285782,4.900148972557512
114800,3.5710347597881964,5.068360704494377,4.825895424004555,4.797434032842206,4.672469582791442,4.79570872788249,4.859968916127767
115200,4.414665539478246,5.1105954542395144,4.939831349003405,4.828018479040572,4.717482471614788,4.791638187468857,4.823949144262518
115600,3.610887685577462,4.789081590174451,4.904748636675799,4.7829136195074735,4.683120946978439,4.807589055448023,4.820390043233721
116000,3.3484524731086958,4.26409677028608,4.791162779433901,4.750626939068402,4.637290675991483,4.718909914730004,4.75294682615765
116400,3.320556889880237,3.6531194695665676,4.449103118835659,4.683635483424913,4.605776334740738,4.720468479552677,4.73091713298343
116800,5.217608113140699,3.9824341402370678,4.525397422365723,4.759858955615007,4.594284232035146,4.730878211213265,4.68977304284466
117200,4.94701001688359,4.088903035718137,4.599749244978826,4.654549090917455,4.605791328838669,4.7145431301138405,4.703000956444124
117600,5.778591698948334,4.522443838392311,4.655762714283381,4.703920826032766,4.664082529535604,4.622028598520794,4.7286192812123105
118000,7.583387575720035,5.369430858914579,4.81676381460033,4.7102409727594114,4.7899689169499995,4.7281150680624755,4.756857135764454
118400,2.884718182684675,5.282263117475467,4.467691293521017,4.62696044679721,4.740103453469888,4.653072186975447,4.7474242165328295
118800,3.074493337381971,4.853640162323721,4.418037151280394,4.621966287642474,4.670968405654935,4.60886147491368,4.72017441256207
119200,2.883358035739894,4.440909766094982,4.264906400906559,4.602368874954982,4.640314452995901,4.60433845393773,4.686291830156398
119600,4.30018053182452,4.145227532670219,4.333835685531264,4.619292161103532,4.633220974848737,4.595799631616646,4.712838381464671
120000,4.655902576437356,3.5597305328136835,4.4645806958641305,4.6278717376490155,4.655278191333646,4.594113180959646,4.668044070956829
120400,4.840793903214911,3.950945676919731,4.616604397197599,4.532853758016629,4.661291788015808,4.608483350354953,4.699695663081661
120800,4.820873704966133,4.300221750436563,4.576930956380142,4.551164189372932,4.698882955870052,4.589945913121395,4.700088760246641
121200,3.251996426082804,4.373949428505145,4.407429597300064,4.503589421139444,4.572175926378324,4.556200895954018,4.653120423551084
121600,3.747916454294855,4.263496612999212,4.204362072834716,4.430062393559048,4.537401241633416,4.549152415360382,4.538495293383578
122000,4.922054556362783,4.316727008984297,3.93822877089899,4.37749629274966,4.452903572139271,4.577033880437247,4.570137808629778
122400,3.951281616062724,4.13882455155386,4.044885114236796,4.256288203878906,4.432935335943739,4.566298868661615,4.531434772427717
122800,3.661082159907703,3.9068662425421734,4.1035439964893685,4.260790573884881,4.449158857258106,4.529112303363544,4.507797979228818
123200,10.975846727870708,5.451636302899755,4.91279286570245,4.588849633304504,4.705843538537471,4.708434056172538,4.666029336290674
123600,3.889413224252501,5.479935656891284,4.871716134945248,4.602775910238257,4.703433485717437,4.692844764872865,4.650982932282366
124000,3.490932414821632,5.193711228583053,4.755219118783676,4.6098999073239035,4.6703208646939025,4.680263423196153,4.626334368524451
124400,4.17387430795124,5.238229766960758,4.688527159257308,4.652565778227453,4.584744891763522,4.668100630826183,4.6244921121354245
124800,4.303968375319436,5.366807010043104,4.636836626292639,4.606883791336391,4.579721668346167,4.6833713734756985,4.599324055755643
125200,2.959597972912052,3.7635572590513724,4.607596780975563,4.507513189137813,4.538258541084818,4.581031140027634,4.566480072958327
125600,4.164093655900647,3.8184933453810017,4.649214501136143,4.426788286985429,4.503113096084746,4.565354556509098,4.5691648325155345
126000,6.332705784772281,4.386848019371131,4.790279623977093,4.364254197438042,4.515090736492137,4.537247585098727,4.619683029145216
126400,6.4952911936042765,4.851131396501739,5.044680581731248,4.544782847984021,4.519085663163021,4.585871647390617,4.661975211275542
126800,3.4967922511661715,4.689696171671086,5.028251590857094,4.565897793673232,4.5166109128756196,4.593932040657853,4.628940160862254
127200,3.084664379526424,4.71470945299396,4.239133356022666,4.575963110862558,4.472277540877225,4.58916599290877,4.614573916142564
127600,4.232104386562216,4.728311599126274,4.273402472253638,4.5725593035994425,4.492984764243384,4.595925732351487,4.60895630634902
128000,3.1891813958844666,4.099606721348711,4.2432273703599215,4.499223244571798,4.487675728335909,4.563547491110407,4.592856212628906
128400,5.705053030580996,3.9415590887440546,4.396345242622897,4.542436200940102,4.567158933025935,4.537644979478366,4.613749553185526
128800,4.896258774560069,4.221452393422835,4.45557428254696,4.546205454419799,4.55644728840658,4.548684821896366,4.637811955289951
129200,3.4321918046146185,4.290957878440473,4.502833665717217,4.55521522334639,4.505953347997615,4.529402322242918,4.56539164516555
129600,2.5715197456219574,3.958840950252422,4.343576274689347,4.496395387912746,4.399050949553402,4.463228890735897,4.520998900145148
130000,3.9593676640426594,4.11287820388406,4.106242462616385,4.448261043296739,4.278250285830823,4.412878668023199,4.451046560602258
130400,5.3900527378837975,4.0498781453446195,3.995718617044338,4.520199599387793,4.361761437670793,4.388243901633349,4.4678410413213605
130800,5.059675636043187,4.082561517641244,4.152006955532039,4.590129273194567,4.4279341809595,4.425459923539725,4.50554702363269
131200,4.606210116260137,4.317365179970348,4.304161529205411,4.2716474426140385,4.485362583643509,4.430248537959271,4.532165100168098
131600,4.320182800334454,4.667097790912846,4.312969370582634,4.293185921418136,4.4860293259271735,4.447980915828196,4.539334459997717
132000,8.187993242407908,5.512822906585896,4.812850555234978,4.52803896279745,4.6037656814595245,4.568969435060676,4.613408103935321
132400,3.791365370607827,5.193085433130703,4.621481789237661,4.50891351593028,4.568784730372623,4.580739647078866,4.554412341430225
132800,4.307076826920568,5.042565671306178,4.562563594473711,4.509068938510335,4.551658167771104,4.557976364923363,4.551460576411834
133200,5.150159176827679,5.151355483419687,4.734360331695017,4.618596998706117,4.614930259462598,4.563055093921966,4.570393924133338
133600,3.278982667647282,4.943115456882253,4.80510662389755,4.574341449293449,4.599299133241013,4.500564868139439,4.531604437368228
134000,4.841159724140926,4.2737487532288565,4.893285829907376,4.499764146261881,4.596602638833618,4.432009171849962,4.508960100400035
134400,13.791847281818107,6.273845135470912,5.733465284300808,4.8645919506725726,4.9246214943587985,4.704687399328297,4.657288178166841
134800,4.158107775347139,6.244051325156226,5.643308498231202,4.897657726881621,4.941189014873446,4.731777760277426,4.66902963847802
135200,4.267328986500616,6.067485287090815,5.60942038525525,4.95679095723033,4.717571756827776,4.766377034046444,4.666082907418467
135600,7.664015482710113,6.94449185010338,5.943803653492816,5.128386512037726,4.843391832109697,4.850472907818584,4.74714546336112
136000,5.613479037897725,7.098955712854741,5.686352233041799,5.249601394138389,4.914143386212232,4.874412319355093,4.792445994656901
136400,3.2881669688868027,4.99821965026848,5.636032392869696,5.128757091053679,4.884619808243418,4.835596645996891,4.791798196237032
136800,7.68803794747406,5.704205684693863,5.974128504925045,5.268346049699378,4.997422127315239,4.907275752059588,4.841206792923699
137200,3.870170381354563,5.624773963664652,5.846129625377733,5.290244978536376,5.027774540929988,4.922730100941383,4.819670000213119
137600,3.5426644995092738,4.800503767024485,5.872497808563932,5.338802216230741,5.007060235716944,4.917598802071743,4.774951456224338
138000,3.43354998460703,4.364517956366345,5.731736834610543,5.312511332258959,4.910421709044769,4.88038618777785,4.691954704402078
138400,4.515515546394934,4.609987671867971,4.8041036610682255,5.2687844726845166,4.844429187471124,4.894492036036154,4.724570651676283
138800,5.098860719085589,4.092152226190278,4.898178955442071,5.270743726836637,4.897831469735104,4.930436500015602,4.765057999310355
139200,5.735471519689141,4.465212453857194,5.044993208760923,5.3272067970080865,4.986191707740528,4.799427119811062,4.82210026898934
139600,4.062214767452929,4.569122507445924,4.684813137235205,5.3143083953640105,4.980528720436885,4.803747158391073,4.817340953701908
140000,2.837192035547252,4.4498509176339685,4.407184437000157,5.046768335020977,4.968795741758978,4.787403648909214,4.7809667428841065
140400,2.7366020465937364,4.09406821767373,4.3520279447708505,4.994030168820274,4.869847375626069,4.751471842375276,4.738882905751683
140800,3.2487757465928344,3.7240512231751786,3.908101724682728,4.941115114803887,4.814931274693829,4.725092026657111,4.707440946584216
141200,4.674550871892526,3.511867093615855,3.9885397737365245,4.917334699557129,4.856343243603091,4.767965849131623,4.735892035500411
141600,11.723279121572205,5.04407996443971,4.806601235942818,5.339549522253375,5.1614018894681,4.956945485773412,4.895399288845958
142000,13.883237408891244,7.253289039108509,5.851569978371239,5.791653406490891,5.492197547629719,5.145708776376386,5.074622945896527
142400,13.110990409796653,9.328166711749093,6.711117464711411,5.757610562889818,5.7495621366934815,5.311101256781194,5.257817121771206
142800,12.996064853910488,11.277624533212622,7.5008378781939005,6.199508416817985,6.014108443955725,5.548583071849803,5.4445167756512625
143200,3.852538780727009,11.11322211497952,7.312544604297687,6.178768906529305,5.98898606610462,5.567779931879818,5.302050616708388
143600,2.6501022250484083,9.29858673567476,7.1713333500572345,5.928073243646219,5.933316713595086,5.528229877841972,5.2772643967243065
144000,7.576997284826731,8.037338710861857,7.645313874985183,6.02624915599267,5.912950181675713,5.6379252750655295,5.358985694124408
144400,5.412478979928373,6.497636424888202,7.912901568318648,6.132464756544749,5.966987301986397,5.630610923799213,5.383757787563951
144800,3.6135295281500697,4.621129359736118,7.949376946474371,5.92873933557855,5.943869058694047,5.598542692638963,5.369949010620562
145200,8.359811996861621,5.522584002963041,8.31790305897128,6.153221416353903,6.050857486028513,5.721733197445139,5.4779532910995545
145600,3.1287445925073896,5.618312476454837,7.458449606064799,6.132525421003808,6.045849550190516,5.735663818617274,5.457246309831688
146000,6.613442349316324,5.425601489352756,6.731470100107307,6.291520039239273,6.104925637696363,5.802015685749117,5.46286104112257
146400,3.8670584303538473,5.11651737943785,5.807076902163026,6.259097183437218,5.774099342647554,5.763940828060868,5.410296385857562
146800,2.5921000997321406,4.912231493754264,4.766680426745191,6.133759152469546,5.721899086793721,5.702251439653091,5.392202542828881
147200,11.028285403762242,5.445926175134389,5.484255089048714,6.398399846673201,5.947264300702441,5.862803321840644,5.551074963313597
147600,5.190595971281938,5.8582964508892985,5.738304463672067,6.45481890686465,5.864816983654835,5.884563651114331,5.570244795007992
148000,2.816666897398676,5.098941360505768,5.262271424929263,6.453792649957222,5.771589912304867,5.7502804924891,5.562794505038275
148400,21.86662016665379,8.698853707765757,6.907685543601803,7.410293555960226,6.390871685563767,6.202161862390249,5.886025847759733
148800,5.269454558927494,9.234324599604827,7.073278046679546,7.511327496576958,6.310252239278881,6.226221305690422,5.89348976344708
149200,13.36696290015681,9.702060098883742,7.573993137009064,7.945948097990173,6.626811989905623,6.431641398773651,6.092185185357923
149600,11.730927194533566,11.010126343534067,8.434211397211682,7.946330501638241,6.899754079739766,6.642940011945808,6.275373334336157
150000,10.226851469054688,12.492163257865268,8.79555230918552,7.763511204646411,7.126197462554687,6.777582305568652,6.400723010436397
150400,2.912558541736445,8.7013509328818,8.70010232032378,7.2535896112434015,7.072765562399405,6.505600087066609,6.35117312651345
150800,4.218883974283632,8.491236815953028,8.862780707778928,6.814730567262059,7.043433004239341,6.5071194920400215,6.334357293278258
151200,26.714661929073287,11.160776621736323,10.431418360310031,7.957836724679373,7.742739351218812,7.068302815604339,6.776526329534522
151600,4.697042840578143,9.753999750945239,10.382063047239653,8.06018375545586,7.763900286989652,6.99412849955104,6.784063530339396
152000,3.171884178418398,8.343006292817982,10.417584775341625,7.8399281001354435,7.775056691752024,6.933088628064057,6.683741349059606
152400,7.90102922801529,9.340700430073749,9.021025681477775,7.964355612539789,7.947204264466076,7.048410184542268,6.765934626207755
152800,2.713358309763388,9.0395952971697,8.765416056561365,7.919347051620456,7.9293570165717595,6.924043193599502,6.734060255864611
153200,8.924052540653669,5.481473419485778,8.321125020611051,7.947559078810059,8.071007072197132,7.050390247581982,6.809538123141132
153600,6.1810134852716185,5.7782675484244725,7.766133649684856,8.10017252344827,7.886264884320445,7.116348972226038,6.867578739493617
154000,3.6356071592988735,5.871012144600568,7.107009218709274,7.9512807639473975,7.544677209334034,7.121400401593336,6.843467688196776
154400,20.17628633274593,8.326063565546695,8.833381997810223,8.766742159067,7.780187073432343,7.512919671252109,6.971156469215333
154800,3.418566791926686,8.467105261979356,8.75335027957453,8.808065493676727,7.4609371380328815,7.4709123230731365,6.956365649546923
155200,4.989135082831259,7.680121770414874,6.580797594950326,8.50610797763018,7.498823681436358,7.45225391215169,6.970801771473536
155600,8.035591767352761,8.051037426831103,6.914652487627788,8.64835776743372,7.678339999513169,7.551588337149186,6.978233297166389
156000,5.287539459432189,8.381423886857766,7.126218015729167,8.771901395535398,7.602024738666684,7.61284702274631,6.971714505597078
156400,7.849937251766553,5.916154070661889,7.121108818104292,8.071067249791033,7.683273347727957,7.74068040287563,7.062949911254674
156800,88.6291700048662,22.95827471324979,15.712689987614572,12.239053022087969,10.517128030285162,9.875190259332463,8.681772552402515
157200,79.3629879448639,37.833045285656326,22.7565835280356,15.538854274323324,12.883900561885238,11.742401186156748,10.191628903672704
157600,6.044778413440569,37.434882614873885,22.742960020852493,15.254546835268673,12.981101689249677,11.600438668453457,10.241671181951329
158000,5.739612010906207,37.525297125168684,22.953360506013226,15.03018486236125,12.951974011302672,11.396848033503831,10.287792422477311
158400,2.578193477585464,36.470948370332465,21.193551220497177,15.013466609153701,12.909011846210394,11.13352811019855,10.249045981101125
158800,2.571497304643948,19.25941383028802,21.108844271768906,14.931097275671718,12.908325086374122,10.872913921466887,10.19849871281229
159200,2.8804480108617945,3.9629058434875963,20.897975564571958,13.73938657976114,12.636730506610771,10.848611652220258,10.141398242635743
159600,3.259341783190427,3.405818517437568,20.420350566155726,13.667501526891758,12.572355367007722,10.863842641173807,10.125340782950493
160000,3.7711854348136726,3.0121332022190614,20.268715163693873,13.697466589711519,12.604172651588222,10.768697344923481,10.144020650935822
160400,5.137779528295713,3.524050412361111,19.997499391346786,13.559304104725541,12.04654463030962,10.761829858632664,10.19204420056986
160800,3.6552834189302392,3.7408076352183692,11.500110732753194,13.606400360183883,11.992738925643044,10.76287370590217,10.200174354016609
161200,4.849713917619119,4.134660816569834,4.048783330028715,13.402683429032157,11.70883062622512,10.675121253921107,10.203677614931141
161600,5.082625468354884,4.499317553602726,3.952568035520147,13.347764028186319,11.487220568685832,10.723968275817295,10.070864541866795
162000,8.9491946018835,5.534919387016691,4.273526294617876,13.613443400315552,11.444632006446792,10.782362082131474,9.97218368572664
162400,4.35276691729388,5.377916864816324,4.450983638588718,12.822267429542947,11.492638952298707,10.794504794304974,9.797019215876585
162800,17.332148710407196,8.113289923111717,5.927048779165043,13.517946525466973,11.929747776836159,11.16300600957185,9.883740893006518
163200,2.909574140260872,7.725261967640066,5.929961392104951,13.413968478338452,11.13624485054241,10.960038227984317,9.864881600197196
163600,4.478462844450239,7.6044294428591375,6.051873498230931,13.236112032193327,11.128958850671482,10.942234899813524,9.901448812585233
164000,4.365425569242257,6.687675636330889,6.11129751167379,13.190006337683831,11.168743563698943,10.980953866609614,9.837217378273543
164400,14.91470625942657,8.800063504757427,7.0889901847868755,13.543244788066833,11.402532798079319,10.807156018928932,10.027261923863508
164800,2.3550919887272896,5.804652160421446,6.958971041766581,9.229540887259889,11.390590587378115,10.734296954673928,10.002093173075052
165200,111.99927129735856,27.622591591840983,17.673926779740526,10.861355054884621,14.826431212601612,13.200104664603973,12.07488235908499
165600,120.63401450917142,50.85370192478522,29.22906568382218,16.59081685967116,18.641531246731606,15.922681847469917,14.424987757418272
166000,2.651640109310718,50.51094483279891,28.5993102345649,16.43641826459139,18.608732345065334,15.73330156347632,14.34575171261816
166400,2.534843388940262,48.03497225870165,28.417517881729538,16.434250760159127,18.02068424693848,15.723858684656415,14.319107411789886
166800,4.4618124422608085,48.45631634940836,27.130484254914904,16.528766517039973,18.055459101949616,15.729931896355845,14.356501658640461
167200,4.571020390151173,26.970666167966876,27.29662887990393,16.61329513600444,18.041521945526945,15.176340857882792,14.22735635836824
167600,5.00480159690471,3.8448235855135344,27.34926275514938,16.70056812669015,17.940495606512012,15.184034826790954,14.223640470880696
168000,2.358465983168033,3.786188760284997,27.14856679654195,16.62993215410787,17.842859823969874,15.163699371909695,14.214476452596081
168400,4.404533089989547,4.160126700494855,26.09754947959825,16.593269832192565,17.728013018577304,15.076286968459053,13.865234711062799
168800,3.7806666508156943,4.023897542205831,26.240106945807092,16.599538993786837,14.89972957344229,15.102969676985362,13.83545895290056
169200,5.251753003497199,4.160044064875036,15.565355116420955,16.61964094808074,12.429355075396732,15.01116218855645,13.67315475496737
169600,1.944902378715773,3.5480642212372495,3.6964439033753917,16.462754793598783,12.292692540905906,14.905259410892551,13.477434258651012
170000,2.452973980344861,3.566965820672615,3.676577290478806,16.13794376252185,12.183137939887192,14.875693581418702,13.321956708876817
170400,2.548793084986041,3.195817819671914,3.677972260083384,16.047745070906462,12.182157926800548,14.435006250224706,13.314681399741808
170800,2.7102384589231687,2.981732181293409,3.50281486174962,15.316649558332259,12.186782631943187,14.417298041899617,13.2845084894346
171200,2.6684363632871437,2.4650688532513976,3.3125564590632166,15.304592669483574,12.179715577024034,14.359280573911013,12.803583978118876
171600,5.0108953109388015,3.0782674396960035,3.313165830466626,15.331214292808003,12.238100694615644,14.283663162500664,12.80986102752609
172000,2.9667727092935885,3.181027185485749,3.3739965030791823,15.26128164981057,12.21128693709831,14.225643993747202,12.805758798143593
172400,2.5321354027605394,3.1776956490406483,3.186756734356281,14.642153106977267,12.124432132913803,14.092698947522049,12.698380921638497
172800,5.001899358227918,3.636027828901598,3.308880005097504,14.774493475452298,12.169319330890392,12.002017181356091,12.744151742607789
173200,6.875794903054641,4.477499536855097,3.471284195053248,9.518319655737104,12.236855363738243,10.18983735531086,12.703186589855807
173600,7.880154642237434,5.051351403114825,4.064809421405413,3.880626662390403,12.330106336200995,10.235721761030783,12.737169412995124
174000,6.450808784830598,5.7481586182222255,4.464592901853988,4.070585096166397,12.246826808965897,10.253501680378893,12.79347344550576
174400,5.289690465813201,6.299669630832758,4.7386826399367035,4.208327450010044,12.278057593916541,10.321289105084587,12.495741528167105
174800,4.029594621284415,6.105208683444058,4.870618256172828,4.1867165589612245,11.834639124279116,10.357741538000598,12.507962084754258
175200,4.463937427478511,5.622837188328832,5.0501683625919656,4.181362410827591,11.886451233853036,10.397328773416016,12.497458131647203
175600,4.306042262081884,4.908014712297722,4.979683057706273,4.146424444086449,11.880703881107426,10.423496285388302,12.422867141541785
176000,6.844141755312683,4.986681306394139,5.367419962308182,4.370708232693682,11.963327753976438,10.500320193400778,12.453999187459395
176400,6.761702236616313,5.281083660554762,5.79037664569376,4.488566690025021,11.691560953216095,10.540918261108793,12.432234487156391
176800,8.562523889578614,6.187669514213601,6.14643909882883,4.727659551963166,11.898475349911141,10.663599272875,10.83090156485064
177200,7.6864221185527555,6.83216645242845,6.22750182037864,4.849393007715944,8.421380377284281,10.734516977898341,9.397370248324416
177600,8.627781949723678,7.696514389956809,6.302264551127266,5.183536986266339,4.6878392919693574,10.823145889932563,9.44903031905008
178000,8.958187747892334,8.119323588472739,6.55300244743344,5.508797674643713,4.898057546588744,10.823370718582783,9.513401833789802
178400,7.70206961772169,8.307397064693813,6.794240362624288,5.766461501280496,5.070298420881458,10.907103286093477,9.615879356592526
178800,5.406080738897321,7.676108434557555,6.931888974385577,5.901253615279203,5.101774030769342,10.608951586805732,9.672571025277593
179200,5.465758156617516,7.231975642170508,7.032071047299479,6.041119704945722,5.131598622984887,10.672856187214649,9.724277228192708
179600,8.062567024074744,7.118932657040721,7.407723523498764,6.193703290602519,5.233524137223887,10.76245879170526,9.820341733010395
180000,7.699279779916499,6.867151063445554,7.493237325959146,6.430328644133664,5.4115512637821706,10.845805146972115,9.898903619912451
180400,5.486038122900073,6.42394476448123,7.365670914587523,6.578023780140642,5.447601431545854,10.610088443558954,9.905868791804538
180800,5.232497430858433,6.389228102873453,7.032668268715504,6.589553683772166,5.495995790880612,10.682023579612231,9.937413072043102
181200,5.610568590221206,6.41819018959419,6.82508291588235,6.526292368130496,5.507956310438079,8.022306011933798,9.952630165495144
181600,4.594279190534374,5.724532622886118,6.421732639963419,6.361998595545342,5.5962688708320325,5.121312628967873,9.942863239938733
182000,9.352069480521678,6.055090563007153,6.461120813226353,6.507061630329896,5.826238720837926,5.288823363248147,9.950920737511497
182400,2.283123943175708,5.41450772706228,5.919226245771755,6.356733304198022,5.817383082777582,5.282530377104033,9.909527878029133
182800,4.237460077195652,5.215500256329724,5.802364179601588,6.3671265769935825,5.868290470053332,5.2769215679774035,9.647634105364904
183200,3.116659325367908,4.716718403359065,5.567454296476628,6.299762671888053,5.883231235456023,5.240562541357822,9.651775809067043
183600,6.531980254472315,5.1042586161466525,5.414395619516385,6.411059571507574,5.933934066907141,5.278742007797012,9.692846157267486
184000,3.8765875577038593,4.009162231583089,5.03212639729512,6.262681861627134,5.964261228520816,5.316695047160407,9.683069397036716
184400,7.997248620405605,5.151987167029068,5.283247447045674,6.324459180816598,6.146431669108986,5.4065129354208095,9.544720244256299
184800,7.477045899002798,5.799904331390497,5.507702293860111,6.270185281287807,6.228936553801481,5.498922416625486,9.647159322461809
185200,5.840830967808113,6.344738659878538,5.5307285316188,6.177905723750575,6.19443775595993,5.51364936573326,7.523990515870798
185600,4.213196408295792,5.880981890643234,5.492620253394943,5.957176446679181,6.072205814828542,5.5703567164727605,5.195574153853287
186000,8.309874778932002,6.767639334888862,5.388400783235975,5.924760798231164,6.134174681298589,5.716779236437439,5.308738847245712
186400,6.9416205453686,6.556513719881461,5.854250443455265,5.88673834461351,6.189239017283769,5.826599922947002,5.396874390374279
186800,5.425121783791008,6.1461288968391035,5.9730166141148,5.887690396858194,6.235756589367323,5.894472006068698,5.4161405772048825
187200,1.596417039111202,5.297246111099721,5.82099238548913,5.694223340982878,6.140172576421746,5.8676715229643,5.356648510184084
187600,6.999349060695655,5.854476641579694,5.867729266111463,5.641062442813924,6.22994946970887,5.917382866708222,5.396539459459903
188000,1.4452711104571987,4.481555907884732,5.624597621386798,5.328362009340959,6.049987114880355,5.879345326737312,5.378275562005686
188400,6.381298310091063,4.3694914608292255,5.463002590355343,5.373125018700508,6.03730698399618,5.975574399420575,5.4178108664077165
188800,1.9182750734330556,3.6681221187576356,4.907125507798368,5.2074139008292395,5.815832023457995,5.898483792300703,5.380563034860064
189200,13.983799620443271,6.145598635024049,5.721422373061885,5.626075452340343,6.025744606854346,6.076183910235419,5.555203967198984
189600,8.51151393720375,6.4480316103256685,6.151254125952681,5.821937189673812,6.021869006437014,6.091967892609577,5.686536198368745
190000,9.588242906851209,8.07662596960447,6.279090938744601,5.833745860990288,6.042870845068977,6.170403745660092,5.8292415768988715
190400,18.154455697918923,10.431257447170044,7.400374453999634,6.627312448727449,6.3912837144088845,6.492022876462736,6.141354829157528
190800,10.986836428084862,12.244969718100403,7.956545918429019,6.964781266271909,6.5773089040484685,6.665953921632746,6.306886788540763
191200,8.47405282381176,11.1430203587741,8.644309496899075,7.232650941194104,6.677585392954944,6.766206806541078,6.422999117751255
191600,8.368391823212908,11.114395935975931,8.7812137731508,7.324471519631132,6.687779552926217,6.867765545569354,6.490149047996737
192000,5.8646125641405815,10.369669867433807,9.223147918519139,7.423872769952967,6.626623979067019,6.84327731579005,6.548105845093676
192400,5.1706191567364135,7.772902559197304,9.102080003183673,7.282541296769509,6.61611001352823,6.803500238793053,6.600875520173195
192800,4.555249600390649,6.486585193658463,9.365777455879433,7.136451481838901,6.593535085845971,6.703318381563355,6.5919425250164485
193200,2.3873628433666965,5.269247197569451,8.206133778171774,6.96377807561683,6.486094894284153,6.570841899683702,6.502173883822691
193600,2.166821157582329,4.0289330644433345,7.571664500209633,6.861459313081157,6.405179626519086,6.409317879880168,6.387907214129587
194000,5.698357756733009,3.99568210296182,7.182675985197814,6.7308834619712075,6.28338923572613,6.327822130101186,6.372858193567636
194400,4.154956917020615,3.79254965501866,5.782726107107983,6.591550280553808,6.345783668187627,6.239144312583659,6.350163522591784
194800,6.374037674119933,4.1563072697645165,5.32144623171149,6.638996075070255,6.417002921418436,6.263343235964224,6.3970523836484965
195200,4.970909030766953,4.673016507244569,4.97113185240701,6.8077206746530425,6.478811244931737,6.2509720078179605,6.407191815714263
195600,5.919586720209622,5.423569619770026,4.72625134210668,6.75373255762874,6.4583981271229804,6.197397500221332,6.439462704876818
196000,5.379369619837148,5.359771992390854,4.677727047676337,6.950437483097739,6.508490862527424,6.139399746219349,6.410167262167309
196400,2.031891937660593,4.935158996518849,4.363854325768755,6.732967164476214,6.309645639769257,6.053046091588362,6.315571056188194
196800,7.421843674957192,5.144720196686302,4.650513733225409,7.008145594552421,6.307805565634404,6.10777974769083,6.292757451895764
197200,8.287775766716502,5.808093543876211,5.24055502556039,6.723344401866082,6.389370392264683,6.174709927103213,6.3047845248590395
197600,8.076973869817937,6.239570973797874,5.8315702967839504,6.701617398496792,6.5181629743154215,6.261777294085301,6.293768363260925
198000,5.911776647890597,6.346052379408564,5.85291218589971,6.517794085548762,6.438226369947374,6.175769973269525,6.2328401412608905
198400,8.110096500400733,7.561693291956592,6.248426144237721,6.015576125672852,6.4771755684484456,6.3214442872001495,6.241000678914471
198800,9.341130488102086,7.945550654585571,6.545135425635936,5.933290828673713,6.607709191925482,6.449036047472812,6.3197016738985665
199200,8.490599352896364,7.986115371821543,6.897104457848878,5.934118155127943,6.837515269051653,6.583384548161023,6.380198497824143
199600,8.900731485509677,8.150866894959892,7.195218934378883,5.960735138242782,6.900894683212121,6.642603328936955,6.396961787052842
200000,8.319506270298762,8.632412819441523,7.489232599425044,6.083479823550691,7.13003585520684,6.75367629675183,6.4093663168604875
200400,6.664144016792961,8.34322232271997,7.9524578073382814,6.158156066553518,7.139464045430236,6.720348681661513,6.432928434738345
200800,8.243942323545097,8.123784689808573,8.03466767219707,6.342590702711241,7.350319620433971,6.739521092275071,6.493157332592078
201200,10.652184556662602,8.556101730561819,8.271108551191682,6.755831788376035,7.2392657849746165,6.859804931996433,6.593989651920907
201600,4.072107611208467,7.590376955701577,7.870621925330734,6.851096111057343,7.091285574108105,6.85627771206925,6.583546220334387
202000,8.7187147020318,7.670218642048186,8.151315730744855,7.002113958322282,7.062301300614125,6.866498710146745,6.570879124764591
202400,6.019537858243367,7.541297410338267,7.942259866529119,7.09534300538342,6.657804039291608,6.843446642968614,6.645607403065944
202800,8.320443837549547,7.5565977131391575,7.840191201473864,7.192663313554901,6.568924286273764,6.915829694312576,6.727267078273022
203200,15.231435644116043,8.472447930629844,8.514274830595834,7.705689644222355,6.794170380283906,7.256705159437698,6.969562604647986
203600,8.881462943331826,9.434318997054516,8.512347976378049,7.853783455378465,6.811272750954537,7.303758006503602,7.016552258425175
204000,14.305893993150416,10.551754855278242,9.110986748663214,8.300109674044128,7.092648798588198,7.625273578570932,7.2251383871341055
204400,8.353801192554595,11.018607522140487,9.279952466239376,8.616205136788828,7.198754866448804,7.674586150632521,7.232269438577086
204800,19.66306967616163,13.2871326898629,10.42186520150103,9.22826643684905,7.702348868974503,8.118206015700736,7.475989914120263
205200,5.62599358358366,11.366044277756426,9.919246104193135,9.095177327692408,7.810303226981736,7.909260864779246,7.471693166435773
205600,6.097513997045971,10.809254488499255,10.121786742776887,8.996204334053811,7.941326321630524,7.848910866275301,7.509379518210777
206000,6.868595959595552,9.321794881788282,9.936774868533261,9.044045299639057,7.980334261725942,7.780919692593909,7.4805539418240485
206400,8.08945117676189,9.268924878629742,10.143766200385112,9.043013033457116,8.111484070383984,7.529294579564985,7.503510554451914
206800,8.183651446978791,6.9730412327931734,10.130086961328038,8.98513908140095,8.17180452947928,7.459214955037332,7.55868114771567
207200,8.40263826146451,7.528370168369344,9.447207223062884,8.980741026829358,8.286195503835865,7.45742959097865,7.694805572162736
207600,7.32162286881381,7.77319194272291,9.291223215611081,8.901785595994564,8.33293004212267,7.431260367118672,7.7012510483250995
208000,5.455715440644616,7.490615838932723,8.406205360360504,8.758596054511859,8.335474902816253,7.421037939031275,7.781459934928847
208400,9.204128090085714,7.713551221597487,8.491238050113614,8.885595258176497,8.574549441230424,7.521875662365007,7.837916530528739
208800,8.386877323619277,7.754196396925584,7.363618814859381,8.892742008180205,8.606717229519159,7.6176663554457225,7.967288575532463
209200,7.697090039731991,7.613086752579082,7.570728460474212,8.744987282333675,8.587027705286344,7.750409535354855,7.841554383918239
209600,8.392791316775712,7.827320442171461,7.800256192447186,8.961021467612037,8.597554953518268,7.906058789334689,7.839179931509677
210000,6.421850168613234,8.020547387765186,7.755581613348954,8.846178240941107,8.614557404209023,7.924146099631694,7.775852076744919
210400,5.35804752347082,7.251331274442206,7.482441248019848,8.813103724202481,8.52282243831136,7.9542233647929494,7.5199239132559565
210800,8.961158708665316,7.366187551451415,7.560191974188501,8.845139467758269,8.510156712330135,8.018901390656584,7.479410358867565
211200,12.022700989950057,8.231309741495028,7.922198247037055,8.68470273504997,8.627893433565257,8.195196189636162,7.550383322190331
211600,16.8033324936247,9.913417976864825,8.870369209518143,9.080796212564612,8.891313467169091,8.467289833971538,7.719082135598568
212000,11.1821089740979,10.865469737961758,9.443008562863472,8.924606961611987,8.98673355729573,8.612358317828058,7.825432063797714
212400,9.55078082430886,11.704016398129365,9.477673836285787,8.984455943199702,9.082954784212925,8.800330539994265,7.913035297149163
212800,8.435632034287918,11.598911063253889,9.48254930735265,8.423084061106014,9.089344441237689,8.825675248977532,7.9906429458271075
213200,5.795442367219209,10.353459338707719,9.292384540101372,8.431556500287794,8.927453034922907,8.763366913990101,8.058804536304159
213600,5.2439741334655565,8.04158766667589,8.977502821770356,8.388879507108772,8.966515252331476,8.69254192058129,8.120347595821823
214000,8.165875729312713,7.4383410177188525,9.151905377840304,8.45374349559463,8.948087286574173,8.748894397616844,8.169697955273417
214400,5.098855466061021,6.547955946069284,9.125986172099326,8.304213710059587,8.917397873501427,8.673613371758352,8.188575926254225
214800,5.111345671625083,5.883098673536717,8.7410048683953,8.1505984212919,8.81042793463728,8.567868751346426,8.163322086204328
215200,7.601342479366833,6.2442786959662415,8.29886901733698,8.110533632187018,8.556091495812305,8.545637329508187,8.215930755176327
215600,8.010089710097681,6.797501811292666,7.419544738984278,8.144956974251212,8.527045721371168,8.523371285122888,8.257740814974087
216000,7.654203307121114,6.695167326854346,7.066754172286599,8.254881367575035,8.305322698503524,8.506738711043447,8.303237488719766
216400,7.899057662825517,7.2552077662072465,6.9015818561382645,8.189627846212026,8.29016458084589,8.53761155219426,8.420580803223066
216800,7.184697035653617,7.669878039012953,6.776488356274834,8.129518831813742,7.874218826162289,8.511130419996974,8.415837870436993
217200,6.678619662105147,7.485333475560616,6.864806085763428,8.0785953129324,7.909306362113004,8.411791297633037,8.383654748344767
217600,6.941728154158042,7.271661164372688,7.034581487832677,8.006042154801516,7.93744683401674,8.483531811206777,8.360949834031567
218000,6.214280122164372,6.983676527381339,6.839421927117843,7.995663652479074,7.915636306102368,8.420920946710092,8.366999903517044
218400,6.759091672074078,6.755683329231052,7.005445547719148,8.065715859909236,7.871290989279441,8.439409792055859,8.339979806950511
218800,6.892097027760614,6.69716332765245,7.183520683332702,7.962262775864002,7.828239175305501,8.403701121811135,8.29099913774368
219200,6.679683944987596,6.697376184228941,7.091354829894779,7.695111923615879,7.77080736475627,8.189907329332923,8.254780829585506
219600,7.675158115568473,6.844062176511026,7.057861670441857,7.238703204713067,7.782591872981427,8.15974970863884,8.230269362186682
220000,6.440137448305114,6.889233641739175,6.936455084560258,7.001604628423429,7.815405939903442,7.963105795017708,8.192681985746809
220400,6.996652652531896,6.936745837830739,6.8462145835308945,6.8738982198345795,7.741823425318316,7.929177081517141,8.199332158461587
220800,6.4458778397308185,6.847502000224779,6.772332663938616,6.7744105101067245,7.677123442522033,7.59874728560637,8.163370868785302
221200,6.301784941069035,6.771922199441067,6.734649191835004,6.799727638799216,7.6306132725666025,7.6156420695435045,8.07636287647343
221600,6.281734421295178,6.493237460586409,6.668649818548718,6.851615653190697,7.560244709383918,7.6202475801497345,8.120555412675166
222000,9.698398111721204,7.144889593269626,7.0170616175044005,6.9282417723111225,7.669462974154182,7.690992633952876,8.140149080868953
222400,5.957865077686627,6.937132078300573,6.936938958065656,6.971192252892402,7.689456892628043,7.637702981475995,8.138915625257818
222800,6.233269465780243,6.894610403510457,6.871056201867619,7.02728844260016,7.598527251198542,7.5889434319460305,8.097172137822433
223200,7.02340506846612,7.038934428989874,6.90542831421547,6.998391572055125,7.431884053815742,7.55446260212107,7.933011526309433
223600,6.117328772786122,7.006053299288064,6.7496453799372365,6.903753525189546,7.07568392978779,7.524355249720379,7.877728842898518
224000,4.808541347489704,6.028081946441763,6.5864857698556944,6.761470427207977,6.863231675567517,7.508175897391506,7.687781789985305
224400,4.862210558932744,5.808951042690987,6.373041560495779,6.6096280720133365,6.70694600005498,7.399627959112681,7.617949977312868
224800,9.637157147219993,6.489728578978936,6.692169491244696,6.7322510775916555,6.746996837152716,7.4308849547027,7.417431726734034
225200,9.262983856067018,6.937644336499116,6.988289382744495,6.861469287289749,6.862581553447643,7.470032300111076,7.490171532183703
225600,3.145825842454782,6.343343750432848,6.674698524860456,6.671674171704586,6.792643277080616,7.338858163253052,7.431137769091878
226000,5.143756808724664,6.41038684267984,6.219234394560802,6.618148006032601,6.691905979727681,7.306905829255838,7.39664098607446
226400,8.456484279461145,7.12924158678552,6.469096314738254,6.703017636401955,6.803826940174352,7.384366748155595,7.403981648128446
226800,10.049145468796404,7.211639251100803,6.850683915039869,6.860870058453743,6.9684202667467305,7.411566417158873,7.441291528564798
227200,7.514471007249416,6.861936681337282,6.899790508918199,6.902609411566834,6.965524551009482,7.298860667591356,7.423528183480496
227600,4.727711906249863,7.1783138940962985,6.760828822264573,6.755237101100905,6.856111957547889,6.996970152906987,7.371649964229217
228000,5.929771812699171,7.3355168948911995,6.8729518687855204,6.729718819320607,6.798630907733823,6.865661723872018,7.381131091670309
228400,7.542413267238264,7.152702692446624,7.140972139616072,6.757006850055926,6.7867427612142475,6.815452534945254,7.34789679521336
228800,8.337856195759413,6.810444837839225,7.011042044470014,6.851605767857355,6.825181399884442,6.81300813898204,7.346916372656162
229200,8.145330812687266,6.936616798926795,6.89927674013204,6.943783061438268,6.874071771570512,6.871755350118741,7.3558811881152675
229600,3.194082239740645,6.629890865624953,6.904102379860625,6.789400452360541,6.749150241089933,6.82050805277562,7.251907006574567
230000,12.910485054495911,8.026033513984299,7.680775204437749,6.9500047994992755,6.97235707216765,6.939123285905199,7.381679704292219
230400,8.400635554518319,8.19767797144031,7.675190331943466,7.07214332334086,7.027075201582458,7.0216677881166305,7.44253146491317
230800,13.423380950709625,9.214782922430354,8.01261388013479,7.43164889758733,7.244784665680759,7.229468670093745,7.531775909754057
231200,12.776911150643178,10.141098990021536,8.538857894474166,7.719324201696182,7.448025572535945,7.358857886875654,7.546860112967919
231600,2.4590506929217266,9.994092680657753,8.311991773141353,7.536410297702962,7.274155325114387,7.220081911446255,7.259974476953858
232000,7.10532166242538,8.833060002243645,8.429546758113974,7.651249313449746,7.2963281322517295,7.2063598703288605,7.1784387307204085
232400,3.9225616939653687,7.937445230133055,8.067561600786682,7.6042668702013785,7.193858433632844,7.106947471107357,7.065874348113539
232800,7.367331022094946,6.72623524441012,7.970509083420237,7.4907755639451254,7.22457353971165,7.11151332076839,7.04450832786968
233200,6.792431390812281,5.52933929244394,7.835219141232737,7.367247940682388,7.240928421369757,7.114358613986068,7.064448108341542
233600,7.8091629402272975,6.599361741905055,8.296727211281404,7.600414795571014,7.291842705334161,7.136044483637799,7.115751884476776
234000,8.338528266211243,6.846003062662227,7.839531532452938,7.760153368445344,7.246513710483829,7.189150687238971,7.119204935214746
234400,8.045710236140886,7.670632771097331,7.804039000615194,7.73961466627933,7.316108549098971,7.221316151340642,7.1781420306163435
234800,8.749134421764778,7.9469934510312985,7.336614347720709,7.67461411392775,7.399970714298456,7.267742086190746,7.250897805619137
235200,7.247350027328413,8.037977178334524,6.7836582353892325,7.661258064931698,7.407435546260532,7.2819337382492675,7.2438179565783685
235600,5.002756484805339,7.476695887250132,7.038028814577592,7.675010293859474,7.370283136661173,7.215123697480189,7.183671292072522
236000,10.46217081132168,7.901424396272219,7.373713729467224,7.901630243790597,7.558737452122239,7.3156745315556035,7.239830642156534
236400,7.769977340768491,7.84627781719774,7.758455294147535,7.913008447467109,7.655663011516763,7.335007648761517,7.237249035715393
236800,8.24892647996218,7.746236228837221,7.846614839934259,7.908561961677248,7.609388655941503,7.380083864767302,7.258533624601564
237200,7.1449471792431325,7.725755659220164,7.881866418777344,7.858542780005041,7.538787433380707,7.401162920721653,7.267860174944324
237600,7.228222956499088,8.170848953558913,7.823772420404524,8.060249815842964,7.674867337182183,7.424825134101752,7.273590070991145
238000,6.835794103463033,7.445573611987184,7.673499004129701,7.756515268291319,7.731268580340129,7.353260033895298,7.286020350617118
238400,4.593191705852181,6.810216485003923,7.328247151100831,7.566143075858013,7.60249216121983,7.319143199599435,7.242702351292681
238800,6.22777130165449,6.405985449342384,7.076110839089803,7.206362593405255,7.4751130223151,7.319005745496293,7.229415836770559
239200,118.30047343811478,28.637090701116712,18.18142318016844,12.482540707778835,11.167979770010612,10.100932454737508,9.461831626633101
239600,8.345660210279902,28.86057815187288,18.515713552715898,12.776871183646744,11.288578046811613,10.156640740674854,9.47524166852733
240000,10.1972269963931,29.53286473045889,18.489219171223038,12.93146645034513,11.430826552934745,10.291357881897436,9.55038345948909
240400,7.957526504681028,30.20573169022466,18.507974087614294,13.133214690880914,11.444663660849503,10.368740780541145,9.569600936532073
240800,198.22205104581013,68.60458763905578,37.50528654419909,22.675950692066674,17.77413682251786,15.0833631280059,13.405124400653659
241200,3.1837377060490444,45.58124049264264,37.109165596879684,22.495516007828513,17.60875038562992,14.93138197425545,13.342763455953259
241600,11.383862599727497,46.18888097053217,37.52472956120252,22.67425099080352,17.881743064296145,15.137332893187269,13.444806019521907
242000,9.745503749045325,46.09853632106261,37.81570052576075,22.744599764945228,17.776243687447796,15.252376566695284,13.445748132268388
242400,11.854559234372342,46.87794286700087,38.54183727861276,22.9350422148568,17.891374476776264,15.337328440568063,13.563682015402101
242800,7.356745594612313,8.704881776761304,38.65473470790855,22.865422773499173,17.68915329823968,15.270018443713463,13.586151537978743
243200,7.484503442197942,9.565034923991083,27.573137708316864,22.87728044424265,17.512739707958175,15.269269254587176,13.59537350545338
243600,3.6397783142616538,8.016218066897917,27.10254951871504,22.809131535715466,17.552097295336175,15.24207091478747,13.54582249628289
244000,11.530856046935185,8.373288526475887,27.235912423769246,22.86256579749614,17.69961510815317,15.382098020643372,13.680268790271798
244400,10.173221307800596,8.037020941161538,27.457481904081202,22.98272799584775,17.90797042861434,15.447868221657426,13.786489005249157
244800,13.337325051481292,9.233136832535333,8.96900930464832,23.237147924423702,18.10697022959389,15.572854943050476,13.860492363334384
245200,5.877003018749077,8.91163674784556,9.238335835918324,23.173750716399002,18.076455950525112,15.516146748202022,13.792772746588025
245600,6.7689148440022215,9.537464053793673,8.776841060345799,23.150785310774157,18.041781013984277,15.605517563308561,13.865234526618973
246000,5.890022323046007,8.409297309015837,8.391292917745867,23.10349672175331,17.96016414921211,15.430005995022313,13.8801598369054
246400,4.022039424930987,7.179060932441916,7.60804093680173,23.074939107707248,17.82604178883844,15.32054109178263,13.791470939814797
246800,3.8928958574294175,5.290175093631541,7.261655963083442,22.958195335495994,17.664167170027262,15.082278964450627,13.668345947587456
247200,10.418814921641902,6.198537474210108,7.555087111027836,17.56411240967235,17.76988266650438,15.023326558725595,13.726432825875307
247600,5.699101531890365,5.984574811787736,7.761019432790708,17.431784475752874,17.793094168073882,15.104327829699807,13.745860618388116
248000,20.92525545346758,8.99162143787205,8.700459373443946,17.9681858986066,18.14186365614541,15.449826174475863,14.045770291203485
248400,9.915028852405714,10.170219323366997,8.674640127904459,18.066061015992833,18.213365373199984,15.599637853436871,14.093222602906833
248800,4.368487590698131,10.265337670020738,7.777756381826144,8.373382843237229,18.08401741022452,15.52466676765195,14.013835230805608
249200,4.284158162066116,9.038406318105581,7.618471896157847,8.428403866038083,17.988657776318615,15.461959936933297,13.936611777793184
249600,11.765214512973229,10.251628914322154,8.118101863054948,8.44747146170037,18.139890828201086,15.560861226251948,14.108034423257836
250000,7.003479004378841,7.467273624504406,8.229447531188232,8.310370224467045,18.14548032489828,15.527484994706137,13.989894302255495
250400,3.945222144197898,6.273312282862843,8.221765803114923,7.914903369958324,18.1238813395098,15.424972792407562,13.900786034049087
250800,3.957699726277628,6.191154709978742,8.228246189999743,7.744951076541589,18.04821228699724,15.305186925020383,13.711472409560447
251200,6.135221732141467,6.561367423993812,7.799886871049699,7.677486991038765,14.309370563464798,15.277383717640708,13.578638621190414
251600,3.635698470129977,4.935464215425162,7.593546564873661,7.677282998832181,14.152371838793133,15.243207267273823,13.602171576734577
252000,3.862237287288465,4.307215872007087,5.887244748255749,7.293852060849845,13.941205515156314,15.078208929172993,13.53730988923184
252400,6.307465520197022,4.779664547206911,5.526488415034881,7.100564271469667,13.88620348234018,15.041646133658707,13.585007965756471
252800,3.899833567937567,4.768091315538899,5.4796230127588235,6.628689697292481,7.40879623307776,14.932918810858093,13.515658016673326
253200,4.084576644567754,4.357962298024157,5.459664861008987,6.539068378583414,7.438824197695051,14.856409547491207,13.461500921748437
253600,2.7821285335368087,4.187248310705523,4.5613562630653455,6.339729063060144,7.1520997288220265,14.745257186917152,13.360960233614627
254000,3.883297427635933,4.191460338775017,4.249338105391055,6.239392818289639,6.956692851441714,14.671444770021475,13.271855616843117
254400,5.292806105825621,3.9885284559007372,4.3840965015538265,6.302931152334372,6.737967747156825,14.688935130020809,13.216797534236814
254800,2.2953001089661687,3.6676217641064577,4.217856539822681,6.223051364911209,6.569252897635285,14.5906233502036,13.087720847980842
255200,5.125854842186712,3.8758774036302484,4.116919850827206,5.9584033609384495,6.490631277634912,11.7612578853054,13.045290944278007
255600,1.9791888947052256,3.715289475863932,3.9512688932847313,5.772407729079193,6.4352782969830296,11.602096102416033,12.984819592476004
256000,2.276682700788366,3.3939665304944184,3.792713434634721,4.839979091445232,6.126805852111469,11.404082495025914,12.821109830265339
256400,2.64202744381313,2.8638107980919205,3.4261696269963315,4.476329021015603,5.875766056645221,11.271195018504217,12.718550832326232
256800,11.112135651134375,4.627177906525562,4.147399835316013,4.813511424037415,5.801593076633656,6.593447133637322,12.775815015749675
257200,8.914955647496054,5.38499806758743,4.630437735608842,5.045051298308913,5.902858164258556,6.736727582173498,12.811215185114733
257600,5.071370604895502,6.003434409625486,4.8593619427447114,4.710359102905025,5.846273356288332,6.578915282302698,12.768078138082663
258000,2.239127328471754,5.995923335162163,4.694944932828294,4.472141519109671,5.724576856469191,6.391255871788358,12.676144802582836
258400,6.940265031967354,6.855570852793008,4.859690825442468,4.621893663498144,5.821851043370403,6.268398516728235,12.72308626910514
258800,3.184807686179164,5.270105259801966,4.9486415831637665,4.5832490614932215,5.798248104328727,6.164100069017405,12.662226996795635
259200,6.932297383662153,4.873573607035185,5.129285837311311,4.623102844069255,5.682030853062736,6.15029491755401,10.434863475706582
259600,21.119436250112667,8.08318673607862,7.043310572852055,5.49728973306839,6.196042010336813,6.587286365950286,10.690338996503236
260000,13.33776032442649,10.302913335269567,8.149418335215866,5.971065884925291,5.943125506035443,6.632458972887568,10.753149663063905
260400,28.23251423851408,14.561363176578912,10.708467014685962,7.067318320841144,6.553708352239055,7.083941296155406,11.158649417740564
260800,5.903133532259862,15.105028345795052,10.18756680279851,7.167483319057259,6.60486321695778,6.89808650817487,7.31227106746956
261200,17.345229935706183,17.187614856203858,11.030594231619522,7.830515983614181,7.040232276079115,7.184792181098798,7.595500912062703
261600,3.602055743974112,13.684138754976146,10.883662745527385,7.871512344136045,6.768126983779144,7.105620703598094,7.439864774947634
262000,3.0338763943583102,11.62336196896251,10.96313765211604,7.829041292472164,6.635806896778461,7.0342170553809025,7.305632227853895
262400,9.668369159319145,7.910532953123521,11.23594806485122,8.04781944514684,6.826578463949168,7.175375298740606,7.26190842635283
262800,6.098198749595083,7.949545996590565,11.52728717119281,8.237964377178285,6.897928431393083,7.230507871044748,7.236737489452485
263200,3.5481420100426093,5.190128411457851,11.188871633830857,8.159078735571082,6.811692440656455,7.058741048254765,7.158010260809379
263600,4.397582091247569,5.349233680912543,9.516686217944347,8.279998395398199,6.837088561360375,7.026203062238696,7.173166336349097
264000,16.14892469299111,7.972243340639103,9.797802654800808,8.973610495008334,7.2466448082171295,6.906794793226784,7.2655277092702155
264400,6.629473418018067,7.364464192378888,7.637498572751208,9.172982793718582,7.257378404811164,6.8246559073670925,7.194652751474565
264800,9.749625893120532,8.094749621083977,8.022147808837273,9.104857305817891,7.452371482317263,6.959184364927653,7.12289876830735
265200,11.00269706595578,9.585660632266611,7.3878945218622345,9.209244376740877,7.68297549636353,7.127147837524893,7.225412649251484
265600,4.519657592401525,9.610075732497403,7.4796547067049755,9.181658726116178,7.740893131659021,6.946008914510601,7.1804275042194705
266000,5.673064089271115,7.514903611753406,7.743573476196256,9.353355564156146,7.800552020380194,6.912748541632908,7.1760883395439725
266400,9.133466021441691,8.01570213243813,7.690083162408511,9.463015613629862,7.928574017567396,7.042454638564003,7.278316871474186
266800,7.2558320579090365,7.51694336539583,7.8058464932399065,9.666566832216356,8.09392508253216,7.124907946854789,7.345575595483779
267200,11.20988810444276,7.558381573093226,8.572021102679923,9.880446368255386,8.296726191274026,7.251774606162321,7.3613970591397955
267600,8.062634948736168,8.266977044360155,8.93852638842878,9.227606303186562,8.499507726408392,7.362448018127476,7.408667727476712
268000,3.231581775689216,7.7786805816437745,7.646792096698593,8.722297375749697,8.531337695571754,7.346681630337494,7.054794253921146
268400,6.710868519183239,7.294161081192084,7.654931606815109,7.646215089783155,8.666965731417424,7.3567667053121495,6.990711047256696
268800,12.304295597549029,8.303853789120083,7.9103985772579595,7.966273193047613,8.706704396297912,7.566878256052436,7.149427207393713
269200,4.785049393927133,7.018886047016958,7.288633810055094,7.338264165958661,8.56904085451228,7.5843900747864215,7.159445032030933
269600,4.525102263106303,6.311379509890985,7.28917827712557,7.384416491915272,8.550831909785975,7.627964418025658,7.014642787033595
270000,8.467685577672945,7.358600270287731,7.568640425965755,7.656106951081003,8.75845051809268,7.742574121776583,7.043926918499477
270400,10.994436785543003,8.215313923559684,7.754737502375886,7.7224103323921955,8.893589576545201,7.885114888769517,7.184911211326379
270800,7.279113746342816,7.210277553318441,7.757065671219264,7.7814560822295835,9.030066445217324,8.009710229703934,7.251339491727683
271200,8.115188562953051,7.876305387123625,7.447595717070293,8.009808409875104,9.069496151193686,8.084443572723092,7.290938828343915
271600,7.115577256951164,8.394400385892597,7.352889947891794,8.145708168160285,8.602700851421638,8.21285328177924,7.360536404080339
272000,7.307911106358452,8.162445491629699,7.760522880958716,7.703657488828652,8.401705877486036,8.338633991918494,7.429449880461737
272400,4.100522247539761,6.78366258402905,7.499488253794368,7.577209930304735,7.597306144453559,8.375096362011657,7.385311015008592
272800,3.519438835605653,6.0317276018816175,6.621002577600031,7.265700577428992,7.517849654565086,8.18527894162344,7.3777031203619545
273200,2.1874756829479143,4.846185025880589,6.36124520650211,6.824939508278598,7.0125911794731435,8.017091942509737,7.339761101129557
273600,5.887621676017045,4.600593909693766,6.497497147793183,6.893337712459375,7.08877671054124,8.037498219287777,7.401870963979163
274000,7.240723024103847,4.5871562932428445,6.374800892436274,6.97172065920101,7.229004931532758,8.162538111678579,7.469019475908521
274400,4.688540335455063,4.704759910825905,5.744211247427479,6.749474374901681,7.0630106374039565,8.10624499426577,7.45693416050111
274800,10.09428414202184,6.019728972109142,6.025728286995382,6.89139697910732,7.196213483818181,8.278981905661837,7.612913841162222
275200,6.357503695733337,6.853734574666227,5.84995980027341,6.64877775867185,7.289858873341205,8.264612063463618,7.637546818233156
275600,11.630078669427624,8.002225973348342,6.301409941521056,6.827149944706422,7.5309420926138735,8.027378123946491,7.830564613727603
276000,12.019246335205738,8.95793063556872,6.772543464405786,7.266533172682247,7.393286147354361,7.994415274215973,8.025415886415951
276400,7.286556419282779,9.477533852334265,7.091146881580087,7.295317567687225,7.415188914063186,7.4707663287351895,8.118306465925343
276800,16.983347191072014,10.8553464621443,8.437537717126721,7.529270147363374,7.656312957328235,7.747771670205493,8.235730696724097
277200,2.8240572690334185,10.148657176804317,8.501195875735274,7.431220541118688,7.383691630764157,7.384742353538674,8.113912729154844
277600,7.281678208932629,9.278977084705316,8.640601529026831,7.569049338410004,7.475758984648526,7.476732915162638,8.158118881235588
278000,10.835462934420802,9.04222040454833,9.000075520058527,7.687438206247397,7.647838946153516,7.671772578664199,8.330045593354567
278400,15.227710515853632,10.630451223862499,10.053992538098383,7.899101892762928,7.85098042930058,7.810756112577562,8.495794503032293
278800,6.256663774815138,8.485114540611125,9.670230501377713,7.8479793941865434,7.817674819864117,7.814717738208063,8.557231624805011
279200,5.597022495403736,9.039707585885187,9.594182381344753,7.722071090809078,7.630579299562816,7.865939750342091,8.530526127039844
279600,5.158410857479151,8.615054115594493,8.947015600149907,7.624212770835479,7.533771829854248,7.884960469497881,8.211305619187174
280000,7.333344022856788,7.914630333281688,8.478425368915012,7.625484416660394,7.670497238093168,7.664570952744524,8.09121729315578
280400,4.906420651610768,5.850372360433116,8.24041179214781,7.665779336863946,7.610348975840751,7.621494633584341,7.624695421417713
280800,6.861603170574001,5.9713602395848895,7.228237390098011,7.832887553612363,7.428925894941585,7.549294065520678,7.643864814183996
281200,6.443793065529319,6.140714353610006,7.5902109697475995,8.045703422741434,7.484217350661657,7.435321465510016,7.425836076780459
281600,4.691177752424304,6.047267732599036,7.331160924096767,7.985881226561796,7.489753200305591,7.439609469510586,7.447618516949464
282000,6.604778321038992,5.9015545922354775,6.908092462758586,7.954083991408554,7.427656291751125,7.462902325304782,7.519036555483076
282400,4.123768859679968,5.745024233849318,5.797698297141219,7.925845417619799,7.19863402755569,7.337659896260741,7.408144549490293
282800,5.005137086923654,5.3737310171192485,5.67254562835207,7.67138806486489,7.122834805575053,7.281392521986104,7.386283316236865
283200,6.921048523587731,5.469182108730931,5.804948231170471,7.699565306257608,7.083030137596209,7.174171532464729,7.453741446507767
283600,2.753671599027528,5.081680878051576,5.564474305325309,7.255744952737605,6.937633282332087,7.041447448722013,7.420863236663366
284000,6.285355625783514,5.017796339000481,5.4596754656179804,6.969050417266494,6.903548099646256,7.11779179497437,7.223591855319214
284400,9.1860552585992,6.030253618784326,5.887638926316824,7.064025359232315,7.073065866681571,7.179671463459769,7.274723492130837
284800,13.42335006337806,7.713896214075207,6.54381361559723,6.886025502847616,7.40319624094065,7.207647825105495,7.348197975535987
285200,17.256962576948894,9.781079024747438,7.6251305667391875,7.6076707682433895,7.905512470740684,7.51944565468104,7.47328328575585
285600,3.626708568619629,9.95568641866586,7.51868364835872,7.424922286227741,7.830148700494104,7.496985812318873,7.4554243052802125
286000,6.552999269222649,10.009215147353686,7.513505743177085,7.210799102967833,7.807224575331397,7.449118654607615,7.473023008879243
286400,4.05277564162986,8.98255922395982,7.506406421372074,6.652052359256645,7.786032418870557,7.275577126009788,7.371409201283006
286800,7.08093416476131,7.714076044236469,7.71398612915584,6.6932658787539525,7.685587419628538,7.270622636470248,7.367911243420051
287200,16.20937683061577,7.504558894969844,8.642818959858644,7.223883595514555,8.013983190791286,7.472977343161817,7.467901017943511
287600,4.361024067577056,7.65142199476133,8.803554206713597,7.18401425601945,7.771681370729601,7.404113513427464,7.393868800320329
288000,19.45231026491389,10.231284193899578,10.120249670626634,7.789962568122304,8.01945016838654,7.7077234923913505,7.718283370104823
288400,5.758148901786611,10.572358845930928,9.777459034945377,7.832548980631097,7.968503251136667,7.749164158747521,7.699228977756889
288800,3.7646667772742113,9.909105368433508,8.811590706334991,7.677702160966108,7.527880570676741,7.755294857289234,7.528436401351394
289200,6.475994535796926,7.962428909469739,7.733493902219794,7.679312234479488,7.649611812902191,7.862507828610461,7.56225530418879
289600,3.788487098145714,7.8479215155834705,7.749671755172402,7.634177701765559,7.533172109209294,7.8100294641636765,7.547523000889578
290000,5.749869500175025,5.107433362635698,7.669358778267641,7.591432260722359,7.363652328067768,7.772758126065457,7.49316667933962
290400,1.2174224657827817,4.199288075434931,7.385823460682933,7.446114941027501,6.896642726398739,7.68598017932365,7.297626392944416
290800,5.312921683937456,4.508939056767581,7.209022212600547,7.46150417087819,6.865184656702817,7.566446117871541,7.258302551696309
291200,1.4641997506034552,3.506580099728886,5.7345045045993155,7.188661732228977,6.727423898542807,7.444113519243293,7.125282775449316
291600,3.0195276842401086,3.352788216947765,5.60035486626562,7.201954536489606,6.6561277927681735,7.228849744613607,7.0433617839950955
292000,298.3180653371565,61.86642738434406,33.48693037348988,21.803590022058255,16.35561850324483,14.386320219662375,12.863564868611057
292400,13.444278254861542,64.31179854215982,34.25554330879738,22.016501171871372,16.640213756686524,14.540263265551843,13.050439988757491
292800,86.23337637370098,80.49588948011251,42.502414268440056,25.65700248738752,19.28593953012409,16.271513995117566,14.704718739519398
293200,4.0360142502503376,81.01025238004189,42.25841623988539,24.995955071052588,19.205680236281456,16.301812919647993,14.741689510865447
293600,3.771319888070574,81.16061082080799,42.25669951887788,25.003185637025133,19.175018307469667,16.21405396162644,14.699363475106518
294000,4.595681516852239,22.416134056747133,42.1412807205456,24.905319749406615,19.108048413996773,16.058059426187224,14.646462644961487
294400,5.6709506020416525,20.861468526183156,42.58663353417149,24.986228497427202,19.159621138742164,15.819140428341928,14.666110850293217
294800,12.412931624393837,6.097379576321728,43.296634528217126,25.25282837040883,19.406547623324503,15.973047124581393,14.712483799940655
295200,16.65651534057407,8.621479794386474,44.81586608721419,25.275185295906745,19.731063183890715,16.24953444571065,14.918464032837472
295600,3.630963372901904,8.593408491352742,44.87700965608037,25.23868226117299,19.76030624301986,16.21134825859622,14.758481726906957
296000,3.2858342231200326,8.331439032606301,15.373786544676722,24.430358459083294,19.66032219626441,16.1101605136028,14.583813484665242
296400,3.2610961199568886,7.849468136189346,14.355468331186259,24.30550581999181,19.462823558309662,16.06902740031145,14.503304278678725
296800,9.473719582053654,7.261625727721309,6.679502652021524,24.590958460230784,19.331169208932184,16.134330310598447,14.35311172649836
297200,15.60484952705284,7.051292565017064,7.836386179701774,25.047401209793577,19.27609877393565,16.363356722136533,14.608727571658747
297600,14.536333626121294,9.232366615660942,8.912887553506845,25.584793536192358,19.639752942519042,16.609485618978958,14.753820680002521
298000,2.1630939274387906,9.007818556524693,8.6696287945655,25.405454757555542,19.493422764459577,16.498443509138955,14.58037329986288
298400,7.908832298191373,9.93736579217159,8.893416964180474,25.74002524917597,19.62195798634496,16.593070095101737,14.433995735509633
298800,2.283435250987473,8.499308925958355,7.880467326839837,25.588550927528473,19.462041355885834,16.525027549203337,14.354531165033082
299200,1.7931743188786466,5.736973884323516,6.394133224670296,25.604999655942237,18.981501272161264,16.396830694085608,14.27845420150258
299600,4.53212603896321,3.7361323668918986,6.484249491276427,25.68062957367839,18.98720467120747,16.441292055084,14.26592850513226
300000,8.612965725785632,5.026106726561267,7.016962641542986,11.195374593109845,18.625893186569858,16.499482307584053,14.291520939190837
300400,6.809730349879135,4.806286336898819,7.3718260645352105,10.863647197860725,18.660945901506278,16.44007418486605,14.329587133156203
300800,8.54308396391587,6.058216079484499,7.278762502721432,6.9791325773714705,18.820226474394335,16.318067532379494,14.363216749023042
301200,6.709418674233355,7.041464950555441,6.389219417439484,7.1128027985706215,18.82800727900888,16.05437893481161,14.368529261197123
301600,6.337672480131181,7.402574238789034,5.569353302840472,7.24112042817365,18.912980125075062,16.122153032599396,14.401459155751262
302000,1.4930153436842994,5.978584162368769,5.502345444465023,7.085987119515254,18.77108498652537,15.995653434460937,14.299223896204166
302400,11.237763475764954,6.864190787545932,5.835238562222381,7.364327763201419,19.10509635352478,16.175278130314314,14.441503788525866
302800,8.115081477701189,6.778590290302995,6.418403184893752,7.149435255866787,19.19850167998357,16.201131813137813,14.503702676341417
303200,2.6105818261506246,5.958822920686449,6.50014393562095,6.447138580145614,19.23671441583514,15.861161938026182,14.417493342392676
303600,1.7476817807837572,5.040824780816965,6.221699509803005,6.352974500539707,19.1943195523866,15.795828380856353,14.3973735460278
304000,3.4661984721972896,5.435461406519563,5.707022784444172,6.36199271299357,9.365923990221289,15.396175586038435,14.340990402956074
304400,5.560220872850382,4.299952885936649,5.582071836741296,6.476948950638244,9.103122077487582,15.39122738531503,14.268473715241099
304800,10.900369539458309,4.857010498288072,5.81780039429554,6.548281448508478,6.592021849679494,15.569619954369633,14.218014104762704
305200,7.190069061109567,5.772907945279861,5.865865432983161,6.127542425211313,6.697157010041468,15.587471817502447,14.016676234445917
305600,5.002329530204074,6.423837495163925,5.7323311379904505,5.650842220415453,6.738190664779251,15.617817878303907,14.044188653677606
306000,5.252492122129886,6.781096225150444,6.108278815835009,5.805312130150007,6.760084351621839,15.605383443852778,14.01817851073575
306400,4.844179280619636,6.637887906704295,5.468920396320477,5.65207947927142,6.732525307574438,15.6960523642237,14.034006583515545
306800,3.894443850528672,5.2367027689183665,5.046856633603225,5.732629909248481,6.448575715112267,15.66059041838848,13.970276777230893
307200,4.615527897614008,4.721794536219255,5.2473512407495635,5.873747588185248,6.047209467013598,15.739373622063743,13.738399798570857
307600,4.955102259429379,4.712349082064317,5.568093288614126,5.894896399208557,6.091347429897847,15.787762986443477,13.750281362407904
308000,4.275632022201172,4.516977062078574,5.649036643614513,5.678029714029334,6.124340689867219,8.436702153569593,13.44674779755365
308400,3.743491141390413,4.296839434232728,5.467363670468517,5.524717753604898,6.140420523915002,8.194182475732813,13.406454642345727
308800,3.784139786264107,4.274778621379816,4.755740695149097,5.28677054472231,5.950767864055351,6.132951561046893,13.406844102525524
309200,4.031328814740419,4.157938804805098,4.439866670512183,5.152866051747663,5.564983840311603,6.132834425159145,13.357950788104393
309600,4.751375579116078,4.117193468742438,4.414771275403383,5.073551206696908,5.238818572078096,6.157335817435282,13.377208557723803
310000,1.8173010370876093,3.625527271719725,4.071252166899155,5.089765491367073,5.227292142399723,6.087876305441166,13.298557188462052
310400,4.508349451427415,3.7784989337271258,4.037669183979933,4.753294790150197,5.113942714174258,6.058811276675811,13.364375728174945
310800,3.778409477025773,3.7773528718794593,4.026065746629643,4.536461190116425,5.163775188375535,5.842948222991609,13.333685484036712
311200,3.3602622904614625,3.6431395670236677,3.9005391859143885,4.573945213331967,5.2160114540949625,5.510541896738794,13.371606734833872
311600,3.897110942886633,3.4722866397777787,3.7947400542601146,4.681416671437112,5.194844284225742,5.5171955859884125,13.389158400006805
312000,2.7187247061292563,3.6525713735861074,3.639049322652922,4.64404298313371,4.998369583570531,5.503017848063643,7.477171587386258
312400,4.6261661365089415,3.676134710602413,3.727316822164775,4.597340246316638,4.925584109791524,5.537144598477444,7.300809345019205
312800,3.5506373725836418,3.630580289713987,3.703966580796729,4.229853637972904,4.759169223413783,5.389067543240694,5.647154564996859
313200,1.9076053745216413,3.3400489065260226,3.4915942367748505,3.9657304536435083,4.599108780090059,5.046636439427414,5.604586387482284
313600,3.14615071598342,3.1898568611453806,3.331071750461585,3.872921512932475,4.492724721285134,4.761881866673967,5.592083004040542
314000,3.251427905401426,3.2963975009998143,3.474484437292967,3.7728683020960525,4.551338473342371,4.789090216123033,5.565197931811525
314400,2.021788275847498,2.7755219288675255,3.2258283197349753,3.631748751857445,4.244139300011789,4.641914115564436,5.492214685287642
314800,22.04938132334233,6.475270719019264,5.052925504366631,4.5394956254981285,4.708615961533161,5.136062767373307,5.684943679266612
315200,9.77214954618961,8.048179553352858,5.694114229939446,4.797326707926908,4.9473348855344605,5.335537148056082,5.547256363378923
315600,1.9075390982573768,7.800457229807648,5.49515704547652,4.6449485498683085,4.952663462783581,5.269922474538435,5.512787877886033
316000,4.975484712655762,8.145268591258517,5.7208330461291705,4.679941184391038,5.002973004132197,5.178985449210189,5.546580887676747
316400,3.727972739392956,8.486505483967608,5.631013706417572,4.679165264291165,4.941898066350282,5.101941508948035,5.555918420065468
316800,4.675782277225576,5.011785674744257,5.7435281968817655,4.7237473888392385,4.734411824275858,5.005258966780777,5.459959673968907
317200,2.091179885499709,3.4755917426062766,5.761885647979573,4.6267399423772035,4.56444885175553,4.889802997062436,5.189686281137845
317600,4.71931781523163,4.037947486001127,5.9192023579043935,4.62513705418298,4.555015127923115,4.849344130439947,4.993345964920051
318000,3.699183177603423,3.782687178990659,5.963977885124592,4.719231161208771,4.503238163105566,4.904498326287925,5.0240677499233435
318400,2.043300659140088,3.445752762940086,5.966129123453852,4.595978721594404,4.409875542389581,4.674636755872304,4.906757117142318
318800,6.973784639200357,3.905353235335042,4.458569455039655,4.7557474797031345,4.512520235345304,4.646104334909783,5.000564104906576
319200,5.333745935857944,4.553866445406689,4.014729094006488,4.8544216619729585,4.536460836620102,4.7141834376524665,5.071375537246162
319600,4.280548986017929,4.46611267956395,4.252030082782543,4.873593564129523,4.513975727506387,4.77750511778332,5.066343996187256
320000,5.052185302385623,4.736713104520389,4.259700141755529,4.990266593942342,4.539860836845869,4.817154788538028,4.995128387719256
320400,4.849966808228363,5.298046334338044,4.371899548639069,5.001456627528312,4.5767433590738005,4.799398436922479,4.95593311688624
320800,5.209546718031724,4.945198750104318,4.425275992719685,5.084402094800717,4.624256923466054,4.657127866386813,4.889262371968557
321200,4.394415940930005,4.75733275111873,4.6555995982627145,5.208742623121134,4.636359827672374,4.5872365383823235,4.84296231730249
321600,4.246601547801697,4.750543263475484,4.608327971519722,5.26376516471205,4.6195340266285605,4.568343338822265,4.801140898655901
322000,6.860290443176236,5.112164291633606,4.924438698077003,5.4442082916007895,4.787633673498182,4.608538296848423,4.90848640064574
322400,4.986747244069091,5.139520378801752,5.218783356569903,5.5924562400118685,4.803580266586238,4.612102495934661,4.783466076011822
322800,5.228427721894121,5.143296579574231,5.044247664839279,4.751408559939458,4.851914208081849,4.645452092718797,4.725733000895682
323200,3.983738343876462,5.061161060163522,4.909246905641131,4.461987999823801,4.872696743195683,4.629657353875357,4.753196131250197
323600,5.158748710761181,5.243590492755419,4.997066878115456,4.624548480448992,4.914751335458168,4.634748515158653,4.821417469849746
324000,4.53459937700799,4.77845227952177,4.945308285577693,4.602504213666602,4.975280491154125,4.641222699028823,4.84278548794596
324400,8.803852793768336,5.541873389461619,5.34069688413169,4.856298216385372,5.114536713062772,4.767731740338271,4.9076581263643195
324800,5.254613304720286,5.547110506026852,5.345203542800546,4.8852397677601065,5.171335910800661,4.804493578299676,4.794743001669558
325200,9.921680372951297,6.734698911841818,5.8979299860026755,5.276764792132687,5.438471744081649,4.951752367254947,4.8493752279063935
325600,4.085810555149501,6.520111280719483,5.881850886737456,5.24508942912858,5.469793738720518,4.935113241655783,4.831044848405302
326000,2.169405952110497,6.0470725957399845,5.412762437630882,5.168600567853933,5.433726340277486,4.9439158645313555,4.769383125004914
326400,3.299142255985256,4.9461304881833685,5.244001938822498,5.231392647696191,5.476304806282078,4.913685684645301,4.738482384512227
326800,5.428638913651676,4.980935609969646,5.264023057998254,5.154135361418758,4.922280059292389,4.9549414205609486,4.769166285774687
327200,17.8514532112245,6.566890177624288,6.650794544733057,5.780020725187086,5.191590181460219,5.317221193580025,5.033884792046896
327600,3.3178839987209034,6.413304866338568,6.46670807352903,5.7318874758222345,5.238601678142337,5.302740519975882,5.001140426832727
328000,1.786486601821959,6.336720996280859,6.191896796010427,5.568602540794052,5.132301741114544,5.279434567368199,4.951357518425143
328400,5.133599695591917,6.703612484202192,5.8248714861927855,5.582784185162229,5.179155972987843,5.292120406345274,4.9791596895091725
328800,3.77810515712368,6.373505732896593,5.677220671433124,5.511212107116827,5.149233402317779,5.297807100958774,4.979038996926364
329200,9.643130503798274,4.7318411914113465,5.649365684517822,5.77364783526024,5.400965089594398,5.49119522919069,5.0912750307075205
329600,16.082126400120444,7.284689671691256,6.848997269014916,6.3654240778761775,5.7797253757573595,5.814594621294115,5.317890047127609
330000,3.659929257499918,7.659378202826846,6.998049599553857,6.205406018592361,5.778416911753908,5.824807155096578,5.354742611535856
330400,3.789678444284916,7.390593952565448,7.047103218383823,6.145552578603153,5.83662950459207,5.869004409307513,5.340369191393005
330800,3.718254776567162,7.378623876454142,6.876064804675373,6.070043931336805,5.728111842504296,5.410726245638134,5.339166097383833
331200,3.3023869009027544,6.110475155875038,5.421158173643199,6.035976359188119,5.660399874672456,5.248982179505964,5.338008589592659
331600,3.130889323504681,3.5202277405518863,5.4024587061215765,5.934583389825295,5.622077885922014,5.279565935137145,5.322684157205019
332000,4.515707418686707,3.691383372789244,5.67538078780805,5.93363879190923,5.604195289798718,5.26807150278792,5.358623811456169
332400,5.505843942115359,4.034616472355333,5.712605212460396,5.768738349326581,5.6260578609282845,5.3125182828559785,5.376217367568296
332800,3.6285252576949953,4.016670568580899,5.697647222517527,5.687433946975316,5.573357145583727,5.286336857367715,5.377775125270524
333200,4.568000699687159,4.269793328337781,5.190134242106415,5.41974996331211,5.579143304208966,5.348257377722401,5.430983031773834
333600,4.496628473172903,4.542941158271425,4.031584449411661,5.44029085921328,5.587477535054672,5.342690144170932,5.457992586917624
334000,1.4376328315268978,3.927326240839463,3.8093548068143592,5.403702203184101,5.406722281333027,5.2861513855190205,5.421716685440133
334400,4.8907070860925,3.8042988696348914,3.9194576709951177,5.483280444689463,5.403520942733808,5.35733654619283,5.479095061645033
334800,4.855706487295453,4.049735115554983,4.033202842067946,5.454633823371651,5.39109690158052,5.304384592395207,5.135221564924096
335200,9.730713320105188,5.082277639638589,4.67603548398819,5.048596828815685,5.582662734121476,5.414308777001389,5.134392840402407
335600,3.4990435594996296,4.882760656903934,4.712850907587685,5.0576548068546225,5.527339229079424,5.394771141338431,5.166222929627252
336000,7.5707755214424655,6.109389194887048,5.018357717863261,5.346869252835647,5.628545100560573,5.457735896814852,5.218128745802987
336400,7.019340242481016,6.535115826164751,5.169707347899826,5.4411562801801026,5.569061348850996,5.511970232671168,5.283956095864749
336800,9.538386468311748,7.47165182236801,5.7606934689615015,5.729170345739505,5.711853787637378,5.62019122642817,5.381208179686471
337200,7.36775308954351,6.999059776255675,6.040668707947136,5.615401475026768,5.626722878190453,5.694524655143507,5.486739643767347
337600,5.165126751481667,7.332276414652081,6.107518535778014,5.069551492594829,5.662700084734857,5.717487785235506,5.495655822492348
338000,3.802381161872458,6.5785975427380805,6.343993368812569,5.076674087813456,5.717132591726924,5.641040053202912,5.497719782177729
338400,1.443282601445607,5.4633860145309985,5.99925092034788,4.95935429567149,5.655270603242268,5.552453437137324,5.485719421023839
338800,5.602729135848268,4.676254548038302,6.073953185203161,5.053578013635546,5.661073610648822,5.561810972486177,5.458298310956796
339200,4.912605164322533,4.185224962994107,5.592142369624896,5.134088926806535,5.229778675752089,5.58503264299733,5.449875495526089
339600,3.391380114035504,3.8304756355048744,5.581376025078483,5.147113466333075,5.232228546262576,5.5408484280791885,5.43209211808644
340000,6.940282772417079,4.458055957613799,5.5183267501759445,5.268342234019594,5.404021751949079,5.600990512964415,5.46985406748707
340400,6.173069595838579,5.404013356492393,5.433699685511701,5.301703516705755,5.438670748623968,5.535220933016172,5.496316123239273
340800,8.052895541605324,5.894046637643804,5.285150592841058,5.522922030901272,5.581163761440024,5.605177988938297,5.553183099710745
341200,1.3810808238309318,5.187741769545483,4.686483366269801,5.36357603710846,5.305762105441112,5.391663000210288,5.492916397368764
341600,3.78305631146834,5.266077009032051,4.5482763222684675,5.327897429023232,4.895793102486041,5.38409414411826,5.483645492642097
342000,8.434467936017025,5.56491404175204,5.011484999682925,5.677739184247739,5.054944391769946,5.5407206937159215,5.515129042498912
342400,1.4528654963898815,4.6208732218623005,5.0124432891773525,5.505847104762607,4.977050626840111,5.494563774726037,5.444451407545329
342800,7.512466766513652,4.512787466843966,5.203417052243891,5.638685118723517,5.103524359838327,5.546659471047588,5.49013218843772
343200,1.5985082978472056,4.556272961647221,4.8720073655963585,5.232074867610619,5.046728406403143,5.140335848213154,5.442427587517134
343600,3.0403515591472465,4.407732011183002,4.836904510107532,5.209140267592999,5.043710480924561,5.1333975372238125,5.400059644484855
344000,3.4839103423262854,3.417620492444854,4.491267267098452,5.0047970086371905,5.00931724504588,5.175833130736422,5.379045863791222
344400,2.9727985632588885,3.7216071058186557,4.171240163840484,4.802469924676084,4.924882399083998,5.121813102428096,5.262424779181033
344800,3.339284610362424,2.8869706745884103,3.699879070716194,4.492514831778618,4.915241044172912,5.1108425887590645,5.224118205293876
345200,3.688508151407888,3.3049706453005463,3.930621803473889,4.308552584871837,4.885924625896936,4.9619770299493045,5.099454760863007
345600,4.72069613509985,3.6410395604910675,4.02438578583704,4.286331054052746,4.893393547961168,4.677941273323791,5.112152472462014
346000,4.114032114103933,3.7670639148465965,3.592342203645731,4.301913601664319,4.982606857380403,4.68929384473889,5.151044995701883
346400,3.77181870661687,3.926867943518193,3.8242375246684297,4.418340406922883,4.945310578064548,4.6888473512971895,5.160498524714515
346800,4.639001956841681,4.186811412814045,3.536891043701233,4.370154047972553,4.938087093716089,4.711866030804052,5.1447057855783145
347200,7.27436265944173,4.903982314420813,4.1044764798606845,4.4882419227285135,4.856208738360641,4.811165424767526,4.933163974542659
347600,9.05162321960596,5.770167731322035,4.705603645906557,4.771254078007036,5.041294727030851,4.959183772170059,5.047838758960361
348000,9.066146441802776,6.760590596861803,5.263827255854205,4.877547261476321,5.091140424376196,5.07294474774796,5.193431955759977
348400,4.2462738298017,6.85548162149877,5.391174782508487,4.781207473174477,4.998704877286885,5.041455494940119,5.175685438444173
348800,6.202908781479721,7.168262986426377,5.677537199620216,4.688708135168197,4.887522287725817,5.105815083034737,5.2241815109312935
349200,3.64698026130175,6.442786506798382,5.673384410609603,4.802003107041737,4.763496526784425,5.082789572075102,5.104258506081363
349600,5.669935793683146,5.766449021613818,5.768308376467933,4.896347081152478,4.780323494857807,5.112122255087858,4.896014693952617
350000,4.940268145010508,4.941273362255364,5.85093197955859,4.721637091602152,4.818253060962409,5.199688137924948,4.92162147170283
350400,4.511279660413273,4.994274528377679,5.9248780749382295,4.874557799803322,4.920519629594665,5.190202452282968,4.936053496025397
350800,1.627285014320278,4.079149774945792,5.623706380686089,4.580298712193653,4.788004825543732,5.109491915458588,4.894234100780459
351200,1.9504143937501444,3.73983660143547,5.091311554116931,4.5978940169888,4.689265133191318,4.914984442299712,4.867194650637407
351600,11.455192689926408,4.896887980684122,5.331668501148975,5.018636073527757,4.958058885721016,5.113888170560381,5.033680717965841
352000,18.549252204545745,7.61868479259117,6.279979077423273,5.771903166638731,5.345024533458639,5.388350087637963,5.314351613683021
352400,2.0529948241791915,7.127027825344354,6.060651176861022,5.725912979684746,5.207688707736659,5.264191452180418,5.245294631324299
352800,2.602852158568832,7.322141254194063,5.700645514569933,5.689091357095066,5.026020594968775,5.090803094436845,5.2247811693417745
353200,11.919297081604345,9.315917791764903,6.527877196600192,6.100630803604889,5.3772944702278895,5.204591694238365,5.3718070969801195
353600,2.8526143728834663,7.595402128356317,6.246145054520225,6.00722671549407,5.346279738941727,5.14677888477341,5.3389268149743305
354000,7.282616743864207,5.342075036220008,6.480379914405594,6.165655946982083,5.307884699203299,5.233784774323205,5.4558264932210765
354400,9.278822988176977,6.787240669019565,6.957134247181965,6.4410061610600895,5.568749948929536,5.429673283991488,5.543588811262765
354800,3.4374432114216646,6.954158879590132,7.138150066892104,6.3809282237890885,5.432915830426469,5.375541135880824,5.51522354574529
355200,1.9986303869495257,4.970025540659168,7.142971666212041,6.117141610164477,5.446253233396547,5.3026917664464985,5.360581887082177
355600,2.322720093401483,4.864046684762771,6.229724406559549,5.780696453854254,5.422332184538354,5.275975265930648,5.337055417760214
356000,5.924610381768665,4.592445412343663,4.967260224281841,5.6236196508525484,5.503688852519768,5.250583456164437,5.3041321149667375
356400,11.227325145191758,4.982145843746619,5.884693256383097,5.972672216622052,5.778839738584196,5.376939844898267,5.3882918130209525
356800,9.327901471591408,6.160237495780568,6.557198187685356,6.128921851127636,5.978460300625162,5.408814993147919,5.384082113086546
357200,5.0362641220187845,6.767764242794419,5.868894891726799,6.198386044163488,6.023385499645526,5.500194575602615,5.33745233373605
357600,4.002983452256977,7.103816914565519,5.98393179966415,6.115038427092179,5.999461743550764,5.505692754122331,5.314209467751558
358000,3.897184599499356,6.698331758111657,5.645388585227665,6.062884249816621,5.992233493063945,5.39226067070939,5.316105536504096
358400,9.62936792920438,6.378740314914181,5.680443079330405,6.318788663256177,6.187485133816861,5.596673231529752,5.479827243059271
358800,2.3278029861300973,4.978720617821919,5.569479056801249,6.353814561846667,6.110445168126476,5.467056637020162,5.414328720064907
359200,7.655571238734641,5.502582041165089,6.13517314197976,6.639072404095893,6.123152120769572,5.618483210542349,5.46918804155315
359600,8.273120504876657,6.356609451689026,6.730213183127279,6.479968794843406,6.097202030278596,5.7493024341855845,5.566822849369973
360000,7.169979630862825,7.011168457961719,6.854750108036694,5.911005166159258,6.033996469913931,5.841454166398998,5.5714167865388875
360400,3.6004395679165886,5.805382785704162,6.092061550309177,5.988377403346129,6.0124686611844265,5.857145191515441,5.519964185980447
360800,5.058683903720473,6.3515589692222365,5.6651397935220835,6.111168990603711,5.974327831925786,5.900130173849392,5.460079953222751
361200,1.4721299053220476,5.114870702539719,5.30872637185241,5.588810631789595,5.901832820059795,5.844720717697245,5.461900934852573
361600,3.055685916071806,4.071383784778748,5.213996618233892,5.598964208949012,5.81469115747275,5.803095462221544,5.447353526944642
362000,6.840923387369081,4.005572536079999,5.508370497020865,5.576879541124257,5.878046332218036,5.871267744053172,5.415482635971683
362400,2.351558232483728,3.7557962689934272,4.7805895273488,5.230516303339594,5.806055617953718,5.835761232199844,5.433456490693561
362800,7.120994912692688,4.168258470787871,5.259908720005059,5.414693888403145,5.989179281232798,5.89781105609612,5.4256270536171405
363200,5.555090252819088,4.984850540287278,5.049860621413504,5.592516881696624,6.109335143201763,5.854829245930554,5.504758692716579
363600,6.90796695098911,5.755306747270739,4.913345266024749,5.821779224576005,5.957760951903853,5.801237839215132,5.582111000553416
364000,17.55984987498321,7.899092044793565,5.952332290436788,6.403541199236732,5.924780874251768,6.013580425044643,5.863629791206555
364400,7.30551552087891,8.889883502472603,6.3228398857330195,6.20745071802109,6.099864897475092,6.090061467321574,5.950284130358955
364800,6.041445194499546,8.673973558833975,6.421116014810927,6.043127904166497,6.21448466533945,6.086024877647069,6.004327342041697
365200,10.100226338523465,9.583000775974849,7.28392565813107,6.29632601499173,6.15384897390342,6.247356029577612,6.132561705784009
365600,8.213592511483968,9.84412588807382,7.799716317672285,6.506856467953081,6.332548245190103,6.310947447522633,6.202419633311691
366000,22.60965462955999,10.854086838989176,9.376589441891378,7.442479969456113,6.84344950804663,6.752682109636369,6.572332083620813
366400,6.073102949093565,10.607604324632106,9.74874391355236,7.26466672045057,6.736592173410516,6.791727691853377,6.618357768470346
366800,7.461280437460321,10.891571373224261,9.782772466029124,7.521340593017084,6.870720080945138,6.937577577431878,6.67480333808272
367200,5.194670872511403,9.910460280021848,9.746730527998356,7.398295574705921,6.977254763797201,7.01868398940091,6.633209502344113
367600,18.20660630879551,11.909063039484158,10.876594463778996,7.8949698649018645,7.506717637643669,7.187469329872637,6.816309164127904
368000,5.562150766392024,8.499562266850564,9.676824552919877,7.814578421678324,7.4946356504644465,6.8627917939187935,6.746229250619689
368400,6.013725523741934,8.487686781780237,9.547645553206179,7.93524271946959,7.32084899641612,6.961810061407863,6.781578284498494
368800,5.17386363870983,8.03020342203014,9.460887397627207,7.941001706219059,7.182381068653401,7.026085348411388,6.7609973816430955
369200,1.799310287409342,7.351131305009728,8.630795792515794,7.957360725323424,7.0744826074997516,6.773085678556512,6.724043982165248
369600,13.759880983402926,6.461786239931212,9.18542463970769,8.49257047868998,7.399712525204617,7.045767343819499,6.885842885959644
370000,11.646459551258888,7.678647996904584,8.089105131877579,8.73284728688447,7.658021690263268,7.154863414004366,7.019966714084611
370400,6.715716254554726,7.819046143067142,8.153366462423696,8.95105518798802,7.560899967774946,7.09078574566381,7.06405544596744
370800,7.840638886403134,8.352401192605804,8.191302307317978,8.987037386673542,7.744661164450714,7.200865637538347,7.188322523409097
371200,18.28021285721004,11.648581706565944,9.499856505787841,9.62329351689309,8.09881588506656,7.607905199294859,7.514918492678294
371600,20.78756270384738,13.054118050654832,9.757952145293029,10.317273304536004,8.515963958365585,8.069526264556007,7.701565892956714
372000,5.253010080819645,11.775428156566985,9.727038076735791,9.701931314827824,8.452064973364147,8.052736257032281,7.435641050482193
372400,8.450161295307403,12.12231716471752,9.970681653892337,9.759163603549249,8.613722364277173,7.983307160785172,7.563584379904756
372800,3.8958212916931183,11.333353645775517,9.842877419190666,9.651882408408927,8.574960277209593,7.847505156287715,7.589443762567242
373200,6.896715300639732,9.056654134461457,10.352617920513705,9.49170685651474,8.75577979038685,7.8940164357532385,7.48899212694795
373600,4.668481465694683,5.832837886830917,9.44347796874288,9.314451304225276,8.809539642040948,7.9106538860891815,7.525309468804173
374000,4.753776234713024,5.732991117609592,8.754209637088294,8.42165738448293,8.739968070285746,7.932068676969523,7.47473265862115
374400,5.279008574598074,5.098760573467726,8.61053886909263,8.381952665758154,8.837549748356222,7.823309693104366,7.394736370349573
374800,2.914714176882488,4.902539150505601,8.117946398140564,8.154624352729261,8.697340390495883,7.837982472873175,7.38428178965879
375200,5.788309445614351,4.680857979500524,6.868756056980996,8.18430628138441,8.705114363589058,7.7913009280451675,7.460075370832086
375600,12.001172402071273,6.147396166775842,5.990117026803384,7.874034586048198,8.87488787862513,7.884502225475034,7.653644417005482
376000,1.64305180020597,5.525251279874431,5.629121198742017,7.678079637738895,8.344327942799222,7.746329029708612,7.568013245374227
376400,1.904224798062455,4.850294524567307,4.974527549017522,7.472604601454921,8.164284918705341,7.703923660462259,7.381551238431642
376800,1.9329879142697048,4.65394927204475,4.778244211275181,7.310560815232916,8.027336342697678,7.625781260725989,7.233652967285208
377200,7.097919669166614,4.9158713167552035,4.798364648127869,7.575491284320778,7.927259453719118,7.766426004822104,7.274886078228165
377600,10.31706577845758,4.5790499920324645,5.363223079404159,7.403350524073511,7.997375229284904,7.947960501381749,7.401167724752176
378000,6.248280823998369,5.500095796790944,5.5126735383326935,7.133441587710484,7.45199610243285,7.933144437297481,7.448189649242156
378400,6.778950486690765,6.475040934516606,5.662667729541963,7.136603299317288,7.475524353686091,8.043829243652656,7.391181300391885
378800,1.731666841022138,6.434776719867093,5.544362995955927,6.831154697048237,7.2845372338048175,7.909096041860893,7.379258577489725
379200,7.503659878270469,6.515924761687865,5.71589803922154,6.292327048101259,7.361503533996786,7.957810282497178,7.376220350280441
379600,6.344277427965589,5.721367091589466,5.150208541810971,5.570162784307169,6.966092571302456,7.943718044421589,7.33764348874222
380000,2.2681999177322245,4.925350910336237,5.212723353563597,5.420922276152799,6.856294209680462,7.561426795490315,7.239607894479608
380400,2.5738908610464164,4.084338985207367,5.279689959861993,5.127108754439749,6.741633054257278,7.443136178994502,7.219076920342205
380800,8.527960426551296,5.443597702313199,5.939187211090152,5.358715711182658,6.85343628051866,7.505299059795796,7.2884624507988205
381200,7.215427859704935,5.385951298600093,5.950938030143984,5.374651339135918,7.033973532928513,7.433179097825334,7.403328409886479
381600,7.1700209108889394,5.551099995184762,5.636233543387119,5.49972831139563,6.814311530511381,7.407089807810458,7.48561510978282
382000,1.8385530004629116,5.465170611730899,5.195260761033574,5.3539671496831245,6.487381312151515,6.887812267083031,7.385567702044698
382400,13.909472972379607,7.7322870339975385,5.908313009602458,5.785490369572202,6.727173202745678,7.083721517665181,7.616725996842615
382800,3.635996109433038,6.753894170573886,6.098745936443548,5.82155446619973,6.587018443513341,6.988089409464498,7.547026020777423
383200,4.477778819334692,6.206364362499838,5.796157830549971,5.756027934885746,6.126937308917496,6.970167108135081,7.525479792107734
383600,8.289835213290813,6.430327222980212,5.990713609082493,5.570461075446724,5.710346392565611,6.722247830747465,7.5531171573537685
384000,6.459773570594889,7.354571337006608,6.40987097436876,5.811297163966169,5.750571842224785,6.744688400852534,7.331115631266003
384400,5.529975438853107,5.678671830301307,6.705479432149429,5.992584696005702,5.653232313676309,6.7325946487303145,7.2956048296254865
384800,6.444211939431047,6.240314996300909,6.4971045834374035,6.218145897263769,5.738178668600907,6.764353356248344,7.303660164524117
385200,2.035278042354958,5.751814840904963,5.979089601702406,5.965013815923186,5.576130759991414,6.7702525501219855,7.142361198600746
385600,5.014244030361043,5.096696604319009,5.763511913649617,5.6998727285183595,5.587656178813627,6.551611626295939,7.078374228978288
386000,2.528335273949004,4.310408944989832,5.8324901409982255,5.513875451015891,5.513474813454826,6.323658519363191,6.676747841866067
386400,5.614010088830579,4.327215874985326,5.002943852643322,5.455628431122882,5.5246415305959085,6.296115865220088,6.667565984660809
386800,3.1099811085360485,3.6603697088063263,4.9503423525536245,5.524544144498577,5.5311504283176935,6.17784942077341,6.5805399980823225
387200,2.676615608987506,3.7886372221328357,4.770226031518905,5.283191931034429,5.427427300430133,5.787759489567847,6.530178892811844
387600,3.962926723180855,3.578373760696799,4.337535182507909,5.164124395795193,5.159485777800453,5.3671435900511835,6.245305301099552
388000,10.14763385235906,5.102233476378809,4.706321210684326,5.558096092526535,5.442971846205555,5.489509184339669,6.337014962818893
388400,10.228468106764582,6.02512507996561,5.176170477475473,5.940824954812443,5.720446623162292,5.533966854626098,6.421309814479344
388800,15.433056838556286,8.489740225969658,6.075054967387998,6.286079775412692,6.170448920638512,5.822397743297678,6.626493678476274
389200,3.074637441854046,8.569344592542967,6.178990907337907,6.079040254520148,6.036339513061426,5.7268457968280355,6.652000221565169
389600,3.4653417742345183,8.4698276027537,6.024100681725254,5.893806297687427,5.807948712920658,5.696767304541532,6.4461094373818
390000,7.372753265831363,7.914851485448159,6.508542480913491,6.17051631095585,5.845431127648424,5.76224173031949,6.36063531167325
390400,7.412647107130275,7.351687285521298,6.688406182743459,5.845675017693383,5.866554348329741,5.815582693632796,6.374573928724761
390800,7.484314572366784,5.761938832283397,7.125839529126533,6.038090940840069,6.058309272707897,5.9298227035199025,6.367447442444034
391200,8.07323086914748,6.761657517742084,7.66550105514253,6.21786354333071,6.077294972403796,5.986945739108231,6.163307802682783
391600,6.977957445712154,7.46418065203761,7.9670041273956596,6.152269654951776,6.098417639662015,5.861365365199253,5.887115697520078
392000,3.547877179955256,6.69920543486239,7.30702846015528,6.006674835419795,6.141073548402783,5.908985999692985,5.85301303950279
392400,3.4482082609683404,5.906317665630003,6.629002475575656,5.902586476525557,6.170217461733514,5.947585586265633,5.752973978816009
392800,6.8308967871983,5.775634108596305,5.768786470439857,5.921920718913919,6.113648673755081,6.070033308088847,5.811675488726113
393200,6.790290715623326,5.519046077891476,6.140351797816786,6.1596713525773374,6.099477435619027,6.062342584250265,5.809546997025784
393600,6.323857192748202,5.388226027298685,6.426203339668154,6.2251520106966955,6.071271978347669,5.962512369607531,5.842654511566856
394000,3.00876918635204,5.280404428578041,5.989804931720221,6.2491737063168475,6.110279184543973,5.881524578666372,5.8077543705996355
394400,6.94416979674928,5.979596735734229,5.942957200682121,6.315681691712782,5.878102412022963,5.885655061417835,5.84105759504266
394800,15.608125504189225,7.735042479132415,6.755338293864367,6.940588911495441,6.2771733918481685,6.232566527997013,6.094925821588793
395200,3.1789812413505887,7.012780584277867,6.265913331084677,6.9657071931135945,6.233880139248698,6.124449562074015,6.042739257503518
395600,8.624740315611104,7.472957208850448,6.430591618074571,7.198797872735108,6.2450436426593745,6.181461134265152,5.975210615774317
396000,6.367719720372913,8.144747315654623,6.7125758721163375,7.009802166135801,6.2419751809853095,6.2839491293311704,6.0697039741776555
396400,4.257047221381237,7.607322800581014,6.793459768157627,6.711231121866632,6.199544240402914,6.32602803833954,6.116760422644029
396800,5.252801276958548,5.536257955134879,6.6356502171336516,6.202218343786746,6.15983055165383,6.244149059599722,6.183156689897807
397200,14.054316745517776,7.711325055968315,7.362052820123097,6.7512023089699325,6.560465175092591,6.4151212817450425,6.3222846314248295
397600,3.8506029261242767,6.756497578070951,7.114727393460704,6.770465366564421,6.521677138284699,6.3321358321259265,6.192955374378164
398000,3.598158795912912,6.202585393178951,7.173666354416791,6.581735643068498,6.557337922350161,6.376125977012177,6.139952933816455
398400,3.2413627064936894,5.99944849020144,6.8033856453912325,6.373171423036668,6.4782496762722666,6.109423220365029,6.069201178212513
398800,3.326346838057105,5.614157602421152,5.5752077787780205,6.165273036321184,6.485461867256301,6.10168198858063,6.101094778153213
399200,11.059714503475314,5.0152371540126595,6.363281104990493,6.3145972180375765,6.764898497072561,6.266230380684147,6.17221587065731
399600,3.2283824411218585,4.890793057012176,5.823645317541568,6.127118467808062,6.7404136876705945,6.139694061379922,6.109897970920434
400000,8.505651941027372,5.872291686035068,6.037438539607015,6.375007205861667,6.685680957292871,6.190841020640734,6.234647011386338
400400,3.081893285211513,5.840397801778632,5.919923145990042,6.3566914570738255,6.447461796574435,6.129638966799694,6.24480705986964
400800,6.990627425021036,6.573253919171418,6.093705760796291,6.364677988964963,6.166047482789927,6.143299353939444,6.214060399839035
401200,6.558245337931017,5.6729600860625595,5.344098620037615,6.353075720080348,6.282167745992493,6.256373536328845,6.2009167494035555
401600,2.037966930775428,5.434876983993273,5.1628350205027305,6.138781206981709,6.234588584543857,6.181966608839206,6.098275669801286
402000,3.2203912889169004,4.377824853571179,5.125058269803128,6.149362312109952,6.096176518646709,6.1992680092134025,6.125912435570366
402400,2.1682301559146606,4.195092227711808,5.017745014745226,5.910565330068221,5.921362620272855,6.113123510890505,5.891087579241067
402800,1.371982274623699,3.071363197632341,4.822308558401885,5.198758168589944,5.717618210348085,6.069673540042696,5.8458073025448805
403200,10.465297035868282,3.852773537219794,4.7628668116411825,5.563073958315829,5.797353749238779,6.264390575714716,5.965557666875552
403600,2.066719474679233,3.858524046000555,4.64670051499692,5.235172916269236,5.633645816871014,6.216985394502175,5.841095352103321
404000,0.9458388622102476,3.403613560659225,3.8907192071152075,4.964078873361102,5.546911206279514,5.986940519748455,5.730816657935627
404400,5.274258375863438,4.0248192046489795,4.1099557161804,5.014939431085212,5.6077795434426845,5.8630852764759265,5.725702316675833
404800,3.0464484954017386,4.359712448804587,3.71553782321847,4.904621792007371,5.481631267049465,5.553420067897062,5.657747047795247
405200,3.0032979109721394,2.867312623825359,3.360043080522582,4.35207085028009,5.355398173561093,5.551636579625014,5.677107445167592
405600,4.435879948103908,3.3411447185102943,3.5998343822554304,4.381334701379072,5.292465598739615,5.575900033971749,5.665540163522448
406000,1.7892880679522585,3.509834559658697,3.456724060158966,4.290891164981039,5.251816228126289,5.436313404024771,5.650759219402514
406400,5.799668494974819,3.614916583480972,3.8198678940649815,4.418806454405096,5.213666184733808,5.395988938720885,5.654472387525399
406800,2.300447374684286,3.465716359337482,3.9127144040710404,4.367511481236455,4.7700769137503105,5.266392258778823,5.6382817128483635
407200,1.242187182327393,3.113494213608533,2.9904034187169515,3.8766351151790586,4.7055171117828705,5.095616166608321,5.609593144315162
407600,4.142556361681697,3.0548294963240905,3.197987107417198,3.922343811207051,4.556110979985223,5.0247311395075585,5.613185737085177
408000,3.0320030398059856,3.3033724906948363,3.4066035251767715,3.6486613661459812,4.444920423966325,5.011834286003827,5.470873120834117
408400,4.504927833077555,3.0444243583153834,3.3296704708981837,3.7198130935392832,4.453183111022869,5.038252275306557,5.356402315360376
408800,2.286867792205129,3.0417084418195524,3.2537124005785225,3.4846251118984872,4.35431866153109,4.924651550431728,5.093478534433353
409200,4.991278847824937,3.7915267749190606,3.4525104942638025,3.406276787393184,4.052217398274661,4.879676253736768,5.131811362552771
409600,3.6898181724135983,3.700979137065441,3.3779043166947718,3.4888693494750926,4.046857906484305,4.813825278228403,5.136300890516352
410000,4.009341648313841,3.896446858767012,3.5999096747309296,3.528316867444939,4.060564001564336,4.838839589777448,5.069032658166002
410400,5.027685228934111,4.000998337938323,3.522711348126859,3.6712896210959123,4.1201080856456835,4.790927475582069,5.021333420602079
410800,2.1365867265000937,3.970942124797316,3.5063252833084393,3.709519843689731,4.08044941526045,4.454139006139841,4.914378863684745
411200,3.812136853726774,3.7351137259776834,3.763320250448378,3.376861834582656,3.838863493602165,4.469967896449246,4.829156983376331
411600,3.1647787750481897,3.630105846504602,3.665542491785027,3.431764799601104,3.83674337139971,4.333468857935173,4.752893409963051
412000,3.121788711931792,3.452595259228192,3.6745210589976076,3.5405622920871815,3.6572812637631897,4.252320582724145,4.744371640602583
412400,8.190756388793675,4.085209491200105,4.04310391456922,3.686387192733693,3.8275767005492622,4.3506633119094555,4.839222603159089
412800,2.3037628811694613,4.118644722133978,4.044793423465653,3.6492529120220794,3.671347882420876,4.276937352014729,4.7486799250385126
413200,4.176255299661614,4.191468411320946,3.9632910686493203,3.7079007814565528,3.591948214478563,4.029985815868324,4.696399216719278
413600,4.423379688451656,4.44318859400164,4.036647220253127,3.70727576847394,3.6714619730677707,4.044305234926509,4.658389666633346
414000,3.170793736649371,4.452989598945156,3.952792429086679,3.776351051908796,3.669808721325519,4.033621108444921,4.661630157639293
414400,4.856505593224083,3.786139439831237,3.935674465515677,3.7291929068212597,3.759417902569167,4.073999680613181,4.619876873568789
414800,5.45104041621353,4.41559494684005,4.267119834487021,3.8867225588977212,3.8953865072888276,4.127117020067091,4.416735171809275
415200,4.393895429358494,4.4591229727794275,4.325295692050192,4.044307971249276,3.693006453738502,3.96047154321417,4.441033455569434
415600,3.1631026813934517,4.207067571367785,4.325128082684719,3.9953352872348646,3.729552560628975,3.95883954922096,4.331800702885081
416000,7.545105120065717,5.081929848051056,4.767459723498111,4.220990391247851,3.9495281025574913,3.934825878696919,4.355348410878937
416400,6.953055973452348,5.5012399240967085,4.643689681963979,4.343396798266591,4.005488022477121,4.03160494590294,4.409268585920359
416800,3.991143956509351,5.209260632155873,4.812427789497967,4.428610606481802,4.036977871180708,3.9566178591901475,4.384035439511376
417200,3.2903856870191497,4.988558683688003,4.723840828233721,4.343565948441513,4.0465474637156085,3.874921367917351,4.168756818341403
417600,5.660766032523095,5.488091353913933,4.847579462640864,4.442113341446987,4.087376999862915,3.965491345461042,4.204960080469379
418000,2.1348219515188767,4.4060347202045635,4.743982284127815,4.348387356607239,4.098894795981803,3.9383521120260925,4.175693343581498
418400,9.244591790319191,4.864341883577933,5.1827909038373265,4.559232684676493,4.213725572493281,4.115261152886205,4.295757925258009
418800,4.639065332683783,4.993926158812819,5.101593395484352,4.684356614985677,4.291679504426598,4.196938229337707,4.322012295150542
419200,7.972228451526094,5.930294711714208,5.459426697701112,4.892361194875644,4.516014213399888,4.134611514729153,4.260262574111557
419600,15.995526055661776,7.997246716341945,6.7426690351279435,5.533898558906323,4.911113203199224,4.4828316792537155,4.515605446402356
420000,2.5941960658663628,8.08912153921144,6.247578129708009,5.50751892660305,4.896519637401237,4.524040609345119,4.397376328899135
420400,12.927923114475288,8.82578780404266,6.845064843810303,5.744377262887132,5.17728614678116,4.715382227810415,4.594296925484411
420800,3.3786612944248207,8.57370699639087,6.78381657760185,5.7981221835499,5.213679263521817,4.7236875477859925,4.522057602872487
421200,7.777863749005462,8.534834055886742,7.232564383800481,5.978202606017093,5.306565426894502,4.843051693736826,4.546449971093976
421600,2.1768425012398223,5.771097345002351,6.884172030672152,5.865875746656501,5.256132904522043,4.786575757565223,4.549227482503263
422000,6.309762651863041,6.514210662201687,7.301666100706569,6.022824192417184,5.332813604640349,4.899587622162993,4.611014909762186
422400,116.702417032077,27.26910944572203,18.04744862488235,11.615119764359829,9.055304664745112,7.6721563355905475,6.901698647285433
422800,4.391705090583928,27.471718204953852,18.022712600672367,11.56215299807835,9.130475276881238,7.7244377784880385,6.962093103604637
423200,5.695012836796074,27.05514802251197,17.794991039199363,11.627208868450229,9.193237809650215,7.835758419849755,6.866687419623194
423600,393.326522811913,105.28508408464661,55.52809071482447,31.135379874976206,22.19862927754571,17.565357581105538,14.69188348636787
424000,1.898378736058222,104.40280730148564,55.45850898184367,30.853043555775827,22.157848945016593,17.537016973511843,14.710934283844827
424400,3.917933689441686,81.84591063295856,54.55751003934031,30.701287441575296,22.015421521704855,17.522342119920946,14.683807790116393
424800,2.8028437683992777,81.52813836852164,54.499928286737756,30.641872432169794,22.032057551279184,17.5352415193258,14.678935695576344
425200,7.001800725196744,81.78949594620177,54.422321984356884,30.827443184078668,22.12624239879702,17.585504566260095,14.758905751860837
425600,6.043572292140237,4.3329058422472215,54.80899496344692,30.846583497059527,22.180248818919974,17.64434841925326,14.791059598741562
426000,15.310578426825716,7.01534578040072,55.70907654094318,31.505371320824867,22.584908308592517,17.926879338716056,15.061485405919031
426400,3.199369100965186,6.871632862705421,44.35877174783201,31.20311018635717,22.529670425517224,17.881171435516837,15.009479418038838
426800,432.0407598360226,92.71921607623008,87.12367722237587,52.573194911524105,36.74932773951085,28.628775763254897,23.604285667265604
427200,3.625153920773621,92.04388671534545,86.91669133077363,52.35584118498649,36.72370302255802,28.62410118993107,23.65194500203453
427600,6.475096128319843,92.13019148258137,48.23154866241431,51.879819688619385,36.834102804122246,28.70685912376286,23.698595797367293
428000,5.209813706355587,90.11003853848734,48.56269215944405,52.01060057064385,36.756259756998574,28.759059748623457,23.742152010698288
428400,8.362625608364526,91.14268983996722,49.007161351336336,51.782335695338304,36.80324541149564,28.763356479112723,23.81930596620402
428800,6.894998311848328,6.11353753513237,49.41637680568124,51.95815254620949,36.90004055667361,28.8781373648797,23.91146857659689
429200,2.9032580881047543,5.969158368598597,49.006522541972046,51.714422263164444,36.88713630337646,28.84631243459077,23.86970816140248
429600,4.342380213974474,5.542615185729522,48.83640333415546,51.82269914880119,36.843190109424846,28.844287447728846,23.882759402233702
430000,4.0172886210078405,5.304110168659974,47.707074353573674,51.70807544725842,36.905938998407805,28.865449819837806,23.88291834168758
430400,4.587043558395126,4.548993758666093,47.84584179931667,46.102306773574334,36.75068739067701,28.858713268967087,23.874105508276802
430800,9.881084211737171,5.146210938643862,5.629874236888133,46.376775729631994,36.92542135331212,28.969464363855174,24.02899545798154
431200,1.7191153961389969,4.909382400250711,5.43927038442467,46.17798085759914,36.71698425146588,28.90259486302469,23.98713502882979
431600,19.69024900167521,7.978956157790857,6.760785671760208,27.496167167087247,36.84014168299966,29.31577352103173,24.317644433362325
432000,4.099834154185887,7.995465264426466,6.649787716543237,27.60623993799363,36.890329619276976,29.229641746884738,24.33720534220741
432400,7.620326881933538,8.602121929134148,6.575557843900138,27.791359597618225,36.71340974485892,29.246323519596768,24.32579675207021
432800,7.492886224943599,8.124482331775434,6.635346635209665,28.02586172044544,36.85055057587622,29.33386707630762,24.42957921894569
433200,5.5523605931176165,8.89113137117116,6.900256885710952,27.95338971384148,36.77636713734662,29.39041644896008,24.457101324814808
433600,10.928736239897615,7.1388288188156395,7.558892488303266,28.19764791122936,37.068096928635214,29.522115704144447,24.58720845584373
434000,6.50832461562535,7.620526911103534,7.807996087765017,27.757535220669336,37.074715660760624,29.63145327074711,24.65395907342325
434400,6.78203156854737,7.4528678484262985,8.027494888780241,27.936668344048446,33.4107028119763,29.56988926520281,24.692469592929715
434800,7.498824085974728,7.454055420632524,7.789268876203996,6.709571556546054,33.51427344515599,29.64138323403509,24.73342526632494
435200,5.352245286398423,7.414032359288686,8.152581865229939,6.795926124827294,33.50284786014274,29.575883654906892,24.752592263465736
435600,9.673867134910338,7.16305853829123,7.1509436785534515,6.955864675156819,20.71442600424265,29.41784218188811,24.882807552536075
436000,7.391978243312613,7.339789263828683,7.480158087466125,7.064972902004669,20.8975459878178,29.537786736324268,24.879745015001014
436400,8.74847105204706,7.73307716052862,7.592972504477477,7.084265174188796,21.058563899904645,29.43330043476356,24.915653316572907
436800,20.30588838828156,10.294490020989988,8.874272720811273,7.754809678010457,21.64199872056739,29.856481112109982,25.24194820520835
437200,4.232827186015533,10.070606400913409,8.742319380101065,7.8212881329059964,21.549699602594682,29.76785519803523,25.26079703518828
437600,5.973864514854583,9.330605876902258,8.246832207596762,7.902862347950003,21.54737601001849,29.8627807483756,25.26705900483491
438000,4.881073872658444,8.828425002771425,8.08410713330007,7.946051610532533,21.199725858212915,29.827063528895486,25.3219840432577
438400,8.038016891946123,8.686334170751236,8.209705665639946,8.118600277210081,21.36101411791228,27.11045352539221,25.29785254529024
438800,3.46429192283952,5.318014877662829,7.806252449326425,7.797760662765199,7.075131854139513,27.0872681961986,25.274357077093356
439200,5.05163160767328,5.4817757619943785,7.776191081453911,7.964386473341913,7.122681110369501,27.071183665470528,25.215945140216295
439600,5.925421298516975,5.472087118726857,7.401346497814575,7.276145088184004,7.10435861604274,17.386156127635633,25.014543045073403
440000,4.912728371142491,5.478418018423666,7.153421510597562,7.316789799031833,7.094455771535636,17.46151486851274,25.060913691178925
440400,3.3057175893928097,4.531958157913004,6.609146164332138,7.1010593344047965,6.925892170903245,17.446209466011517,24.868469580677274
440800,4.1933691463728815,4.677773602619676,4.99789424014127,6.9360834804762606,6.835837865387396,17.480972600460856,24.884763737716238
441200,7.5363975136420756,5.174726783813435,5.328251272903924,7.035285326502482,6.990275846238641,17.49433752017199,24.879934413008968
441600,8.120598114697918,5.613762147049624,5.5429246328882575,6.894878420242497,7.1162164429294235,17.546263165735933,24.99880952527813
442000,5.836636886515016,5.798543850124129,5.638480934273915,6.861294033786981,7.176861385112995,17.309414627228165,24.98934700997117
442400,6.155600400452038,6.368520412335974,5.450239285124506,6.829972475382216,7.229146613181559,17.383320409715335,22.77841067733867
442800,6.94920046105287,6.919686675271971,5.7987301389458406,6.802491294136122,7.1314171548254155,6.756031425341094,22.829560584748048
443200,151.46749283532515,35.70590573960858,20.440316261711025,14.108253671582457,12.12302973613162,10.45208989820488,25.745010184718627
443600,6.696751611156019,35.421136438900206,20.517449292974934,13.959397895394744,11.689913156447648,10.457631285275786,18.012414760703493
444000,6.373182125406224,35.52844548667844,20.663494668401306,13.908458089499424,11.765691422154992,10.486715495752053,18.101910828490453
444400,5.9805766836065,35.493440743309336,20.930980577822673,13.770063371077395,11.711033082210758,10.427164272633103,18.143163688373747
444800,6.790500915989136,35.46170083429659,21.1906937547843,13.094293997462774,11.687620238578942,10.424551837736622,18.222916831325545
445200,6.895988500618791,6.5473999673553225,21.12665285348197,13.227452063192937,11.732407835495648,10.524370098049472,18.220800586833985
445600,7.113359488562929,6.630721542836705,21.025928990868472,13.284426811878353,11.605228610451158,10.593644579914184,18.24219633076244
446000,5.320295311500511,6.420144180055563,20.97429483336702,13.306387883820458,11.565627633646999,10.626219747176501,18.042390668455933
446400,3.866961029479513,5.997421049230165,20.74543089626977,13.097835090697126,11.468458615678069,10.60821768395361,18.05574250702622
446800,4.966924069151301,5.632705679862598,20.547203257079612,13.172966698012718,11.38406194845062,10.485363680388962,9.514265791688796
447200,5.058280668555459,5.265164113449931,5.906282040402644,13.173299151056828,11.374263127855857,10.568842812199374,9.542928326644432
447600,5.141100926298998,4.870712400997145,5.750716971916942,13.134083132445927,11.223170920902144,10.20511411031497,9.516248422604015
448000,6.966147103389541,5.199882759374951,5.810013469715274,13.236754069058279,11.208976549571377,10.276771934045062,9.551375090544695
448400,5.086014889100111,5.44369353129907,5.720557290264635,13.325768934043642,11.086894677473143,10.213414134224227,9.485842876159408
448800,7.749940223871023,6.000296762243015,5.816501221052824,13.50359748791855,10.668363071992792,10.21984048419741,9.502941714399862
449200,4.555760176424225,5.899792663816768,5.582478388633367,13.35456562105766,10.679127505006415,10.194925473780076,9.535991756166249
449600,4.256651123288215,5.722902703214611,5.2968075521058955,13.161368271487172,10.621887058620871,10.028123345864842,9.534277174352525
450000,4.632815248216476,5.256236332179998,5.228059545777492,13.101177189572246,10.61361177113947,9.981235611679619,9.546587706896696
450400,4.454403403265092,5.129914035012995,5.28680378315605,13.016117339712897,10.494157988183437,9.923044907547563,9.543934903794097
450800,6.61143502824462,4.902212995887714,5.451254879065381,12.999229068072486,10.599062758363607,9.90086018110431,9.478541920124247
451200,7.226717447627448,5.436404450128359,5.668098556972581,5.787190298687601,10.67156561969541,9.947721985135036,9.588693961154014
451600,5.176509497076259,5.620376124885968,5.671639414050307,5.7111781929836125,10.646601892980723,9.835288044189184,9.298419171062037
452000,4.928098914120296,5.679432858066732,5.467834595123382,5.638924032419316,10.647114244413315,9.773691060959376,9.314984466260725
452400,2.289701412408547,5.246492459895423,5.188203247454225,5.454380268859419,10.61324703851384,9.612221819968413,9.208371956870225
452800,22.955836772690542,8.515372808784608,6.708792902336176,6.262647061694489,11.238662626057762,9.678470529578636,9.517630967825163
453200,6.725006962651149,8.415030711789345,6.92571758095887,6.254097984796107,11.211616274358063,9.740775023994527,9.541083895215834
453600,47.15055195544426,16.809839203462946,11.215107664174473,8.255957608140173,12.512614735716276,10.77019221000927,10.265520209526766
454000,6.3422707540762575,17.09267357145414,11.386053214760452,8.307056380268962,12.529469197968318,10.806722132044715,10.262199132295786
454400,82.93333197915335,33.2213996848031,19.233946072349276,12.260374927752654,15.088726917258361,12.679105009224896,11.785225140507904
454800,5.424506466416013,29.715133623548194,19.115253216166415,12.283254047615888,15.037903784103799,12.728110372814308,11.74373878811673
455200,6.236053988159229,29.61734302864981,19.016186870219595,12.342142713596076,10.1968558225316,12.757720932326455,11.761414962151946
455600,3.2386880172690256,20.834970241014766,18.822404722238872,12.247022068144577,10.0815870360687,12.690552600295259,11.632711379799119
456000,2.890219964145956,20.144560083028704,18.618616827241436,12.043225711182398,9.965488297360025,12.639989890120344,11.542676214215787
456400,5.023646292386629,4.5626229456753595,18.892011315239248,12.040107281346724,9.933590617652696,12.68293810769519,11.468179719022578
456800,2.648627976802625,4.0074472477526815,16.861290435650453,11.785041668993305,9.795528186346479,12.644319578455933,11.115034510793
457200,3.52647761466043,3.4655319730529213,16.541437500851384,11.733577540905115,9.683211156814535,12.544071580981392,11.100907519365899
457600,5.309621128506916,3.8797185953005,12.357344418157648,11.78622604116605,9.623086544812667,12.473797156326617,11.087622651638945
458000,5.14962616383014,4.331599835237336,12.238079959133037,11.812066586946733,9.617397573223654,12.456621888259495,11.09299369746238
458400,2.6115644883872946,3.8491834744374698,4.205903210056432,11.719924641202843,9.575551021853915,12.368020990457877,10.9844646493912
458800,5.196363268847812,4.358730532846508,4.1830888902996115,11.649171053233003,9.583198995177131,12.32420006065275,11.019106076311369
459200,4.272612114017091,4.5079574327178396,3.986744702885398,11.501465786552483,9.557010043359185,8.64432804262005,11.003525686438245
459600,2.649756129971148,3.975984433010686,3.92785151415561,11.37512811819723,9.473965216814925,8.543153155590428,10.938012383067328
460000,32.76655351509042,9.499369903262743,6.915484869250056,12.767050848245734,10.333978763871619,9.202987440332532,11.495088885946286
460400,3.4679103155560767,9.670639068696499,6.759911271567002,12.825961293403115,10.280041944753485,9.140170781131271,11.498332740469552
460800,9.113336243284431,10.454033663583823,7.406382098215181,12.133836266932807,10.325488478733932,9.198241664313652,11.596732082407781
461200,7.829565914014731,11.165424423583351,7.836690928150612,12.189064214500986,10.434615336653616,9.221581099648551,11.602595450415235
461600,7.573361428342345,12.150145483257592,8.063064958134154,10.21020468814589,10.545172346822087,9.233081148143038,11.591650716688124
462000,4.138346767021167,6.424504133643739,7.961937018453258,10.100008488793135,10.528690064115578,9.203532434531054,11.557684914298248
462400,7.209379659685245,7.172798002469574,8.421718535583052,6.313810872819731,10.620522605996248,9.287092900286197,11.578760499482913
462800,6.550410131539059,6.6602127801205,8.557123221852178,6.370106056075882,10.61848844277273,9.326680051845893,11.570784692892635
463200,9.612593590747087,7.016818315466972,9.091121369525178,6.538933036205276,10.698017647543384,9.44053787490068,8.733686708001072
463600,2.128399403201409,5.927825910438784,9.038985696848204,6.483418605501894,10.596413977747556,9.365220336823244,8.642319663841981
464000,6.090158538152345,6.31818826466502,6.371346199154395,6.643415534202214,10.635149298548622,9.343320622692312,8.636659192096904
464400,6.134136173563295,6.103139567440629,6.637968784955118,6.698940028261047,10.763297123920449,9.369523654803892,8.639730381896038
464800,5.53959563836847,5.9009766688065115,6.280594724463521,6.843488411339341,10.18275575277638,9.314265040166328,8.614712276343626
465200,3.272655473009602,4.632989045259015,5.8249036803630085,6.8307973042568,10.067677369788328,9.282187422580963,8.542245615791442
465600,3.745403572982762,4.956389879215285,5.44210789482705,6.75258642648059,8.620839090372947,9.269406233823327,8.474886497479838
466000,7.017516721922808,5.141861515969377,5.730024890317214,6.845980954385224,8.643347289301165,9.329023770665986,8.508830925688285
466400,19.43494009603458,7.8020223004636335,6.952580933952149,7.687149734767589,6.526734226530538,9.703537187985223,8.820190507019385
466800,4.503036427216684,7.594710458233277,6.74784356351991,7.652483392686031,6.4960185585572265,9.650827222959524,8.810912754180695
467200,6.390470977904758,8.218273559212308,6.4256313022356775,7.758376335880416,6.501165791548745,9.629921061216455,8.83755656036768
467600,6.71714689390646,8.812622223397048,6.884506051306182,7.961745874077183,6.617114420769993,9.668436996137212,8.869077479719829
468000,6.58968002037418,8.727054883087323,6.9344581995283665,6.652902199341369,6.7404297559776,9.709976523793557,8.861548138059522
468400,9.542317505044748,6.748530364889355,7.27527633267651,6.956622558815802,6.891052129732871,9.891291926109464,8.950674190378415
468800,24.54860765048959,10.757644609543936,9.176177533888623,7.728386129176061,7.6210514521891035,9.93111119805444,9.286647538910787
469200,6.418069528193573,10.7631643196017,9.49071893940702,7.657811309885003,7.717437849306875,9.923437762193,9.323893725946172
469600,5.51031998937935,10.521798938696278,9.667210581046678,7.554659237936853,7.724127811335956,8.882431963041377,9.348967103267995
470000,3.010235725070544,9.80591007963555,9.266482481361452,7.498253685839321,7.6528147967106355,8.799131087316235,9.316515512805077
470400,6.53547843038879,9.204542264704358,7.976536314796872,7.4645586243745,7.783611928110686,6.88918474859712,9.35813701334755
470800,5.615282004956522,5.417877135597746,8.087760872570858,7.417802218045371,7.797575885980975,6.893954137060634,9.33821395288179
471200,10.077856255925775,6.149834481144186,8.456499400372959,7.441065351304306,7.991084024044598,6.989999193754798,9.395236729047756
471600,10.598331377468732,7.167436758762062,8.844617848729186,7.8645619500176736,8.25603653229452,7.173990277759789,9.503673166655604
472000,19.742611784873507,10.513911970722654,10.159911025179118,8.547184612353732,7.821905141287288,7.595300073277978,9.799963424070668
472400,3.4353212673578986,9.893880538116475,9.549211401410435,8.412243867043461,7.8208188396806815,7.55559194765226,9.822875821169657
472800,5.411693567411119,9.853162850607395,7.635519993102586,8.405848763495593,7.697430750484904,7.624668587417473,9.471992957064067
473200,8.014880158771442,9.44056763117653,7.795201056160373,8.642959997783686,7.703607891976795,7.7368786510202465,9.497790420986473
473600,5.198290923204173,8.360559540323617,7.763998149542857,8.715604365294755,7.624438875138855,7.73409539588768,8.658745200341672
474000,9.261456719367452,6.264328527222407,8.389120248972548,8.827801365166987,7.795209206883731,7.836891159776113,8.717128919647497
474400,8.471242548361408,7.271512783423108,8.582696660769809,8.27961648778333,7.837271303172938,7.983383111275465,7.2278871310316575
474800,4.741051956979466,7.137384461336778,8.495273655972102,8.29151726427147,7.776959364020951,7.972000328478757,7.214218040842926
475200,4.341420289167164,6.402692487415922,7.921630059296243,8.189064729834588,7.60125358730162,7.9737205328575085,7.176325366863085
475600,6.601494384061793,6.683333179587447,7.521946359955548,8.183282104342355,7.7503567533302995,8.072513989209773,7.243581494198939
476000,5.05039253786209,5.8411203432863745,6.052724435254406,8.10631773021675,7.715697886653958,7.379609964779067,7.286784945673263
476400,34.0124499326978,10.949361820153651,9.110437301788398,9.329824351599404,8.644975011958442,8.14322345520761,7.866561018479486
476800,4.518071968071664,10.904765822372093,9.02107514185445,8.328297567478506,8.610924222948547,8.02834184832729,7.903949898304867
477200,11.013129667169885,12.239107697972637,9.320900092694295,8.558050574427323,8.868940029420559,8.10793094215617,8.053682939355056
477600,5.160932586285917,11.95099533841746,9.31716425900247,8.540581204272652,8.916124329863996,8.047620221104758,8.050709168510636
478000,1.2557591350698218,11.192068657859007,8.516594500572706,8.452857374772615,8.724065743635565,7.975555530305973,7.97283182793543
478400,3.881645374637476,5.165907746246942,8.057634783200312,8.320165721985049,8.205622586255659,7.892362173179779,7.998233445660433
478800,6.412880854454915,5.544869523523593,8.224817672947859,8.360045664459971,8.269284067163602,7.888923941252676,8.022563797372577
479200,5.167014950270425,4.375646580143701,8.307377139058184,8.114503599177201,8.22850219957579,7.77778447524076,8.040451854097643
479600,4.1661404527853625,4.176688153443591,8.063841745930542,7.7928940529430335,8.143468651538418,7.828728001480359,8.070779540553927
480000,14.075629736506077,6.740662273730841,8.96636546579494,7.509544950524661,8.393000308742815,8.028364781439203,7.69696106498224
480400,7.319550109819945,7.428243220767335,6.297075483507155,7.7037563926477635,8.318908062235321,8.058000129845619,7.773993860867518
480800,11.504908907364728,8.446648831349297,6.99575917743646,8.008417159645445,7.8841181041311605,8.207132961570526,7.821825314149123
481200,6.688212353870759,8.750888312069366,6.563267446106549,7.942083769400409,7.893122864987066,8.292521883592055,7.798998242946244
481600,8.53484779317752,9.624629780147796,6.900658966795708,8.108911612899078,7.993940458447005,8.412257989096922,7.818227970242947
482000,5.962385824913463,8.001980997829273,7.371321635780072,7.943958068176379,8.092345461775103,8.385879716671688,7.854708751400792
482400,7.544459316719242,8.046962839209133,7.737603029988248,7.89761890659427,8.125978157986118,8.088617697188806,7.861410344541473
482800,407.4907916970045,87.24413939713709,47.845394114243206,28.03510589359552,21.521828481054385,18.163311578933502,15.880217975850783
483200,7.777471361746005,87.46199119871213,48.10643975539077,28.20690844722447,21.445148984581728,18.19798658852953,15.843515531270759
483600,5.186775285359687,86.79237669714857,48.2085032386482,28.136172492289358,21.264763781511423,18.159727298315865,15.904683048913926
484000,456.9039735660832,176.98069424538252,92.49133762160591,50.728851543700415,35.836809174218416,29.417584636958587,24.92095934947254
484400,5.451672809598441,176.56213694395836,92.30454989158376,49.300812687545445,35.9040208922931,29.31531851957243,24.907310082193245
484800,5.249769644172217,96.1139325333919,91.6790359652645,49.33739757135048,35.89862342818514,28.832847569414504,24.901513562309322
485200,6.3532605890273,95.82909037884816,91.64554078878017,49.104404117443345,35.84323610919366,28.831227345935343,24.96312566462968
485600,4.938456530068282,95.77942662778989,91.28590166246923,49.093280314632466,35.8345749627558,28.81693075945256,24.986986723771384
486000,10.133272637197372,6.425286442012711,91.70299034369762,49.53715598973884,35.86363549335013,28.995006682255735,25.04930184207688
486400,6.29193209501916,6.593338299096854,91.57773762152763,49.65767032575793,35.790991811572056,28.98891802387149,24.78644168205657
486800,5.134076957610219,6.570199761784456,51.3420661475882,49.593730130915695,35.80409264492641,28.976887897687835,24.79906249266444
487200,6.159660643186466,6.531479772616288,51.18028507573224,49.6433624155615,35.86470065672706,28.87893300736935,24.794446285970075
487600,7.425865093574081,7.028961485317448,51.404194056553685,49.80634864760093,35.892179680377474,28.799621350271984,24.808620649963423
488000,6.960949091874694,6.394496776252913,6.4098916091328295,49.45061461536936,35.95586489884455,28.480079782947012,24.816046031393434
488400,8.452610747489897,6.82663250674706,6.7099854029219745,49.50726764725286,35.103870259337626,28.60551201995032,24.79425189624234
488800,8.04235087120788,7.4082872894665925,6.989243525625541,49.33413974544502,35.2213462227755,28.671278452545238,24.464126760656708
489200,3.058731378967296,6.788101436622758,6.65979060461954,49.15266569669985,34.95619961316875,28.547374733050134,24.39693999767218
489600,7.570698116535294,6.817068041215,6.923014763266241,49.10445821286773,35.03652513084373,28.606684912883413,24.4381475602153
490000,6.933180267950513,6.811514276430165,6.603005526341557,49.152997935019584,35.22577250193975,28.54847800159799,24.5166064510729
490400,3.7964362759231647,5.880279382116818,6.353455944431955,48.96559678297978,35.22293219864927,28.43160784478703,24.461825607983585
490800,5.573961956085363,5.386601599092314,6.39744444427947,28.86975529593382,35.19496823537029,28.452430594764678,24.46099920700616
491200,7.881846795086163,6.351224682316088,6.569663059469439,28.874974067600828,35.28546263019748,28.54094125741266,24.41707901778937
491600,8.639047981784225,6.564894655365873,6.690981348290454,29.047587702422057,35.43455954783077,28.591880097355716,24.37789334987568
492000,7.528455905755243,6.6839497829268195,6.7477320296785095,6.578811819405658,35.21632042013907,28.653831681553044,24.133610232293314
492400,82.59655146534881,22.443972820811947,14.1621261014644,10.436055752193177,37.72555379865671,29.868434219869318,25.716834836253135
492800,7.969959590419759,22.92317234767883,14.15488697338559,10.572065249505552,37.60772215475854,29.954731410428018,25.768000156713306
493200,9.563361927553242,23.259475374172247,14.805350028244183,10.73257031643185,37.70356047388129,29.918487216937603,25.798969792088943
493600,8.23820993398837,23.17930776461307,14.872101209989491,10.897557986627856,37.69367254524165,29.995419150630163,25.859768172304626
494000,447.6842798962233,111.21047256270667,58.947211172816765,32.775108349579156,52.417735680951985,41.156132169658996,34.62822463584175
494400,8.105954269257504,96.31235312348842,59.37816297215021,32.86580945829107,52.436452179369915,41.2617398920245,34.620918870259665
494800,7.395961666300412,96.19755353866455,59.56036294317171,32.97890369372558,39.09995784501312,41.286316912320636,34.674017064446076
495200,9.73737318453168,96.23235579006024,59.74591558211627,33.157789320792844,39.165287905772644,41.40057586817717,34.78193612235338
495600,70.43746884166576,108.6722075715957,65.92575766810441,36.30836950819743,41.34031102431618,43.057359077899186,36.05865561150546
496000,6.9447155603924,20.52429470442954,65.86738363356812,36.30755783162331,26.34166909079315,42.879086223496344,36.09654207195606
496400,21.848416120899245,23.272787074757886,59.79257009912318,36.97734810029378,26.888227201169844,43.24230787377332,35.85326139572009
496800,6.90632729011723,23.17486019952125,59.68620686909293,36.92054692123924,26.94344578936801,43.12734333334214,35.901026502160995
497200,83.59561256387954,37.946508075390824,67.08943193272555,40.947390980484855,29.518190855196416,45.050028338592355,37.35267616009519
497600,4.864418764698017,24.831898059997275,66.75205281579652,40.812077012893,29.515722929684078,44.95826761288037,37.34674588366343
498000,418.3292126584737,107.10879747961353,63.816546092021554,61.381878632419145,43.122254263726624,55.26743828371938,45.68821495413151
498400,8.972773018370841,104.53366885910785,63.90322796693289,61.64069546954154,43.21161562783834,55.303146126260664,45.79003750700618
498800,416.71683449204994,186.49577029949438,104.83531524950783,82.19783909633978,56.93104087898634,55.5337971961368,53.99611657975808
499200,401.5554741117959,250.08774260907768,144.01712534223427,101.88152046217525,70.11090132793998,65.37824726488805,61.92388576298859
499600,409.73209516134233,331.0612778884065,177.94658797420192,121.93617282115315,83.52110899686559,75.49188026178761,70.03520485715973
500000,6.767296143442096,248.74889458540025,177.9288460325069,121.8981148330375,83.51465389858451,64.23846332622158,69.88903818529845
500400,402.4597062357615,327.4462812288783,215.98997504399313,137.89127257155815,96.64822374819356,74.16366416187566,77.79184130781728
500800,3.846967778714319,244.8723078862112,215.68403909285286,137.68512298097286,96.50837764511044,74.12859411523921,77.63868248524427
501200,10.71334706230876,166.7038824763138,208.39581254269575,137.74262223771063,96.76353150122182,74.23759627707125,77.71918517941303
501600,3.1879157620442924,85.39504659645418,208.22816224243033,137.49010752911343,96.61743875607212,74.19383275787064,77.61224653879037
502000,7.1314996165739535,85.46788729108054,167.10839093824038,115.46246851513096,96.62404940102624,74.11878843235506,77.63562881462357
502400,26.80981514574843,10.33790907307794,168.89209515097815,116.39766155895552,97.39116203002041,74.6317355086233,78.02093593120416
502800,3.4005281165050465,10.248621140636084,127.56046451342365,116.19788988146574,97.31871423536774,74.58839678759566,69.93913065959417
503200,5.993816312241854,9.304714990622704,88.00429873346826,116.01071203785128,97.25577988593959,74.58425067932205,69.90345755860409
503600,6.140457157280972,9.89522326967004,47.645134933062124,112.795861453632,97.1724935251228,74.55211548091472,69.92253119604251
504000,2.200515218151468,8.909026389985543,47.188456840533064,112.55865143651995,96.99489550220268,74.43310463407164,60.82846202908387
504400,17.240883908927014,6.995240142621259,8.666574607849617,112.32827482592135,94.81637325032196,74.65281146310757,61.06424625107045
504800,446.1024789976976,95.53563031885976,52.892125729747946,134.2880824113004,109.4207905638979,85.6043146662698,69.88130043814095
505200,6.959214406092008,95.7287099376298,52.51671246412626,130.45626250341098,109.33398564651586,85.70182674194793,69.89341951448225
505600,6.042583544022169,95.70913521497803,52.802179242324065,130.5151707423772,109.26079810018364,85.6636238776351,69.91550205476133
506000,64.26218124366218,108.12146842008016,58.515247405032866,112.81181917163663,96.48006147843161,87.09684890202789,70.99808022689062
506400,7.394250336801119,106.152141705655,56.57369092413815,112.73289303755814,96.4563380140164,87.18679425354983,71.02012659172627
506800,22.265075135196295,21.38466093315474,58.460145626007275,93.01030506971546,96.95197512964624,87.6040720830276,71.36274655527798
507200,5.812485339641602,21.155315119864664,58.44201252874725,73.22315563110774,96.8211455348166,87.5523380466415,71.35580304920708
507600,8.668347322718096,21.680467875603846,58.694801545290964,53.169968239176534,94.76217481751833,87.55307053016485,71.38065269378995
508000,5.673658370783688,9.962763301028149,59.042115860554176,53.11528635054361,94.71980624453137,87.50670059179056,71.35490687936814
508400,9.00892401654407,10.285698036976738,58.21891987131588,33.442747239582744,94.29182317438621,85.66700990557044,71.36603314474922
508800,6.130054707053644,7.058693951348209,14.221677442251494,33.55690158599971,94.26594742161743,85.6210122834863,71.32778722146614
509200,6.65295333033539,7.226787549486967,14.191051334675834,33.35388189940104,91.7011921138326,85.54825206855584,71.39967166049351
509600,14.39067463707715,8.371253012358777,15.02586044398133,33.91401984315269,92.01873397624526,85.70206368613306,71.53607119090435
510000,6.511220220760273,8.538765382354093,9.250764341691138,33.883005873361995,78.2914675616548,74.67273719424648,71.52763198996054
510400,7.179234410170014,8.172827461079283,9.229262749028027,32.90147683658308,78.23168294138144,74.6495691977693,71.59528795264548
510800,7.2274511342810115,8.392306746524756,7.725500348936501,33.09282298747188,64.5820368294558,74.64535643446882,71.6283577362094
511200,413.5840665234283,89.77852938514334,48.50265846731517,53.4723354980312,64.98298990984355,84.74152376794123,79.74240213077624
511600,381.5522363746431,163.21084173265655,85.79104737250768,72.2429244588993,64.04366128362024,92.51939295626566,87.20066589863342
512000,411.8639898169752,244.2813956518995,126.41008051712683,92.7260981888405,77.54688440607134,102.64237481268023,95.28737657685781
512400,8.444183992028629,244.53438556827123,126.35360651467529,92.28626319299558,64.41303366461358,102.30726900945847,93.8043292273914
512800,9.225734535991949,244.93404224861342,126.66317449756912,70.4424259699103,64.59232588985617,102.36525419060533,93.82944472630287
513200,5.605171974640921,163.33826333885594,126.55839636199967,70.37472384833774,64.42205338693391,100.41549317587437,93.7502809272446
513600,419.59385535326777,170.94658713458088,167.07871443361873,91.05228743880002,78.30225137330804,110.78372909058862,101.9773938356302
514000,7.116476758243332,89.99708452283451,167.13924008736703,88.19500221452908,78.30175061136369,100.50341069308286,93.16603777287061
514400,13.47172710320164,91.00259314506911,167.7684893566702,88.49887605284911,77.85714767661213,100.61588454520363,93.27335322954949
514800,6.046985992874961,90.36684343644572,167.65044284252957,87.68797159573303,77.94536293915779,90.34913833272425,93.24637371608097
515200,8.252157609643191,90.89624056344617,127.11725195115109,87.80995520923311,78.0206409824045,80.51655542017043,93.21666940458319
515600,8.920742436494063,8.761617980091426,89.85410255733618,87.82257496492191,78.11331715837827,70.49627160204923,91.98633487647976
516000,9.067328494844087,9.151788327411577,49.57443642512306,87.99225847112493,78.34221093426801,70.55377241083428,92.0287871351688
516400,7.580071465563508,7.97345719988395,49.48802517247655,87.92081584357591,78.02018385282257,60.681781541579326,91.74342024206207
516800,8.460693388793663,8.456198679067692,49.41152105775672,88.03734777766292,63.43212433252577,60.79712468183131,91.77450756403562
517200,10.319448919628222,8.869656941064697,49.882948752255444,88.22067255712754,63.54413214964365,60.787277228264294,90.3089842911506
517600,7.1648779187028095,8.518484037506447,8.640051008798952,87.85938272120883,63.581541962132995,60.886701282180766,90.35499347423067
518000,8.342575526478543,8.373533443833338,8.762660885622473,87.95095048649475,61.71755510489354,60.91697817992838,82.15526073159077
518400,7.373931824862739,8.332305515693184,8.152881357788583,87.96068535722938,61.71687782116226,60.43108109690623,82.12328390772062
518800,7.500116371513633,8.140190112237178,8.298194395652452,87.97431861909101,61.22471252903951,60.53357080328145,73.93894954530988
519200,3.6633742143120487,6.808975171173943,7.839316056119337,67.4782840036352,61.15307549152852,60.475309750833205,65.98110754736021
519600,9.945113555425472,7.3650222985184755,7.941753168012478,48.897927862674315,61.1956343659521,60.570426160786816,57.98536791524188
520000,8.526090655985007,7.401725324419769,7.887629384126569,28.731032904624804,61.29071544212548,60.728565546732646,58.020543805492736
520400,8.79675855235304,7.686290669917829,8.009298092805523,28.748661632641024,61.28364325998577,60.517462412818304,50.14728485182457
520800,6.661224011321127,7.5185121978793275,7.829351155058269,28.62043610640748,61.30134890346135,49.53143103815889,50.2035699764767
521200,6.360360714827538,8.057909497982426,7.433442334578201,28.658195543416817,61.29159581627777,49.51645969587728,50.116510249527074
521600,18.307028162459343,9.7302924193892,8.547657358953854,8.593854183876395,61.42214093379051,49.82307081133821,50.41889249753538
522000,5.676454428702745,9.160365173932748,8.281045249176277,8.521853067399366,61.39431540738859,48.35842764096422,50.38979159377796
522400,7.413637422297239,8.883740947921586,8.285015808919725,8.218948583354145,61.40212884112616,48.35891231810163,50.00186803930893
522800,7.555934158718782,9.062682977401119,8.290597587640239,8.294395991646336,61.41307827527409,47.991183793689686,50.08497616015321
523200,6.68638412770709,9.127887659977029,8.592898578979744,8.216107317549532,47.849822195416714,48.013031263391326,50.09882751646251
523600,91.1180017643006,23.69008238034528,16.710187399867255,12.325970283939858,38.16868104173863,50.07427262443089,51.7983784086029
524000,6.758907657936401,23.906573026192014,16.533469100062398,12.210549242094475,24.665178303104003,50.10140385660971,51.8895462573986
524400,7.545009120408362,23.932847365814233,16.408294156867928,12.208796124836717,24.635205807383326,50.06480598420631,51.69562876162822
524800,4.880462430250117,23.3977530201205,16.23021799876083,12.02978457690954,24.4903634038586,50.033566177286225,42.87118843027928
525200,9.095516064489685,23.87957940747702,16.50373353372704,11.968587934152612,24.606708206853558,50.09463024564008,42.913914463447234
525600,3.9823491685083217,6.452448888318566,15.07126563433194,11.809461496642887,10.752991334028245,49.834422108925864,42.872709775936954
526000,5.5153286824152525,6.203733093214336,15.05515305970319,11.668099154439725,10.69961973150064,49.80952482046724,41.697772724712024
526400,5.145450621328862,5.7238213933984365,14.828334379606352,11.55667509426303,10.422077182104882,49.75868022574621,41.65279673040257
526800,16.63643043070511,8.075014993489436,15.736384006804986,12.013490797222605,10.775058663365886,49.99390470815681,41.540223836312755
527200,7.912224244799864,7.8383566295514715,15.858968018514261,12.225933298746995,10.763727551204443,39.8521086511911,41.582218614415915
527600,10.059486260036044,9.053784047857016,7.753116468087808,12.231651933977524,10.801685678655842,30.56478989832592,41.61004139316228
528000,10.465063291006633,10.043730969575291,8.12373203139483,12.328600565728603,10.848276838527928,20.52981673517671,41.70586949156673
528400,7.543844912748262,10.523409827859172,8.123615610628821,12.265954883748366,10.847069286767418,20.5073082581947,41.676567909490814
528800,10.232358752402682,9.242595492198685,8.658805242844078,12.444511620802443,10.90612479888772,20.53247386360497,41.7586139903978
529200,7.882642525756712,9.236679148390056,8.537517888970779,12.520625711348902,10.824897919092002,20.58941062738286,41.78320777430622
529600,8.354192296504877,8.895620355683823,8.974702201770436,12.022983918051178,10.864541731685405,10.30841905096379,41.66247812749478
530000,4.8477459637049165,7.77215689022348,8.907943929899401,11.981548494801288,10.748047412926281,10.251700781100329,41.62920864235367
530400,8.309270732546317,7.92524205418309,9.224325941021146,12.026330160313742,10.779225376515736,10.122639371833946,41.651809368801196
530800,7.799766691854699,7.438723642073493,8.340659567136106,12.038521786970538,10.789213720527105,10.16645888930844,41.66325567995266
531200,7.445607806670613,7.351316698256272,8.29399792332318,12.076482970918715,10.915288173605722,10.146295144234125,33.540486505617515
531600,516.98358065631,109.07719437021728,58.98640736295058,33.369761915519184,27.816570410301875,22.847866099729522,36.24911339125085
532000,10.434266178246238,110.19449841312556,58.98332765167453,33.553529841534676,27.880176261043914,22.882039541814578,28.220518918476273
532400,7.714975332448228,110.07563933310591,59.00044069364452,33.56202815213667,27.844116820380417,22.885412138486693,28.205934745284665
532800,7.774567929489842,110.07059958063296,58.75466161135324,33.706733427098655,27.881228284319377,22.868259002004102,28.176911413154627
533200,5.7851748726097885,109.73851299382079,58.544914846038544,33.54121636750466,27.86205542291212,22.754902150828638,28.180511471114006
533600,8.055786223493724,7.952954107257542,58.51507423873744,33.744888220253934,27.520347358279935,22.77717485844841,19.94975008851852
534000,75.53780668344567,20.973662208297426,65.58408031071151,37.24601212030545,29.849059100104697,24.45705563737259,21.318176687022564
534400,18.78031799259074,23.18673074032593,66.63118503671595,37.92775548886855,30.227948452447816,24.74221529156579,21.42434850481035
534800,110.9430419154177,43.8204255375115,76.94551255907226,42.64308606310418,33.674185377671115,27.32828843016339,23.5222696232612
535200,7.5719418457411,44.17777893213776,76.9581459629793,42.62607194315124,33.703703968272244,27.426002620949117,23.50866530798316
535600,7.748651806553624,44.11635204874974,26.034653078003664,42.51053022047712,30.924725636347343,27.371091077227316,23.485223495384353
536000,8.034198237061466,30.615630359472902,25.794646283885186,42.38898696777986,30.96723532231818,27.35879376675423,23.4645608902287
536400,4.822676826213491,27.824102126197452,25.505416433261715,42.25292856345312,30.87649091251168,27.259441723600748,23.4094129974417
536800,7.381433627088899,7.111780468531693,25.46610300302162,42.11038230718743,30.95985661907298,27.27744696399494,23.387827802207603
537200,157.12181134111108,37.02175436760569,40.599766649871746,49.57234074795515,35.89406646162703,31.046483229652022,26.323875050637263
537600,7.320901370578365,36.936204280410635,40.52627816458021,49.520676201658816,36.005351535029355,30.771830059855,26.326995519674774
538000,9.3504902577802,37.19946268455438,33.90754652201366,49.74581341636259,36.133190254208195,30.863680955581934,26.347153814300803
538400,15.481520865463402,39.33123149240437,33.577666809300936,50.104425923008435,36.47772592901268,31.06537804166109,26.50930559511282
538800,8.36729671417844,39.528404109822276,23.320092289177005,50.13280242412462,36.20208813846179,31.085662105547584,26.526649201966116
539200,8.262159289144385,9.756473699428936,23.389114033517338,50.173629998248316,36.21375263993993,31.125056484583517,26.618624903462763
539600,8.291298697744713,9.950553164862205,23.443378722636446,24.73901590032005,36.15481305453022,29.054388907919623,26.58554860630915
540000,7.76680573222912,9.63381625975199,23.416639472153207,24.6056428780192,36.06487113590431,29.079586359776936,26.570362907834028
540400,432.7703504565576,93.09158217797082,66.21140683518762,45.858411634224666,50.23908798736462,39.710219893180664,35.04983474591812
540800,8.329779506631072,93.08407873646135,66.30624142314184,45.88617221308173,50.175668679172226,39.796452820090195,35.083205855824325
541200,7.655069234240444,92.96266072548056,51.35956721245477,45.97966693116326,50.168082902788356,39.76044164933396,35.10910002621258
541600,294.9548101764726,150.29536302122614,80.1229580930442,60.32461812881221,59.72143683212062,47.034753174533066,40.642055666492844
542000,20.719316387780943,152.88586515233652,81.25984070604429,57.583693614028974,60.25048917958982,47.414852867167205,40.942912905674405
542400,5.23416977050422,67.37862901512584,80.23510559654837,56.90638620292465,60.14798581418841,47.417070845896596,40.89932355263855
542800,7.770369106532563,67.26674693510613,80.17541283578377,51.747752562480386,60.147005894677676,47.19541931279228,40.90361225159482
543200,2.565362003077538,66.24880548887356,79.60573310717709,51.49742357034721,59.98433103455791,47.06174775674923,40.82119180910223
543600,7.749347626853651,8.80771297894976,79.55153800008797,51.49745836136221,43.00985660024269,47.003994290919664,39.15381872635329
544000,22.47857196346709,9.15956409408699,81.02271462321178,52.21967704768249,43.411333459750054,47.304332007731176,39.46821201246391
544400,7.858291640686945,9.684388468123535,38.53150874162471,52.37145778840617,43.41611067002468,47.31219317592964,39.47447766286948
544800,2.927568599814656,8.715828366779952,37.991287650943065,52.14876453704245,43.25454402570218,47.129573422114944,39.435419786260766
545200,8.68070052083637,9.938896070331719,38.09385077960266,44.72670899602872,43.35106154730973,47.149524871991936,39.4271234753877
545600,11.64631651998304,10.718289848957598,9.7630014139537,44.94297975349895,43.47074589052604,47.23182797757888,39.5804028224172
546000,8.494410012955917,7.921457458855363,8.540510776471198,44.90017574125774,41.235966001509716,47.32299457881016,39.63998444902801
546400,693.945595314309,145.13891819357977,77.41165333085168,78.82337946370002,63.74147524556699,64.46390269335423,53.41598734288761
546800,5.263960197761057,145.60619651316907,77.16101243997453,78.66821263787915,60.21883918831177,64.40050753100188,53.188537938228734
547200,2.6004607558236525,144.39014856016652,77.16452231524913,78.38512771121312,60.05312315198118,64.27937885473071,53.0823026684492
547600,432.8876576100877,228.63841677818746,119.67835331357256,99.61494565683026,74.22442334543233,62.17698077857515,61.53886609545024
548000,399.3360230230531,306.8067393802069,157.36409841953113,119.19340652137146,87.26781750496538,71.89952469969532,69.31628529009116
548400,8.750688207521648,169.76775795884942,157.4533380762146,97.99242340891966,87.39875121767565,71.92541752157217,69.34042215598663
548800,5.428764099382813,169.80071873917376,157.70345762617143,97.84737263855725,87.33366223341878,71.86677242581949,69.24435026292625
549200,10.697190847494202,171.42006475750787,157.9051066588372,97.99947871921994,82.45284155029822,71.9895728251916,69.30064122936099
549600,8.354618437689744,86.51345692302827,157.5759368506079,83.6694691322808,82.4872987858686,71.9970436305465,69.3006497521847
550000,4.021026447679464,7.4504576079535525,157.12859849408022,82.83455463527572,82.30964999219856,70.20912412465233,69.28411536186418
550400,7.767118243340696,7.253743615117361,88.51075078698341,82.96120205891755,82.05250323812783,69.93379413092109,69.27327231208007
550800,7.224843885555373,7.6129595723518735,88.70683915576284,82.93392579786868,82.01442147717371,67.34083918017453,69.26177385595408
551200,417.7976005914791,89.03304152114886,130.22655313932836,103.69553772728878,95.6656028539182,77.59648064881799,77.46881371165026
551600,7.596772982617078,88.88147243013432,87.69746467658132,103.68790899507694,95.64245199674727,77.59268367821957,67.28107755817639
552000,9.886639200075168,90.05459498061347,48.75252629428353,103.05831235690735,95.71311311234216,77.63899470229491,67.27012501861297
552400,7.814194387268301,90.06401020939897,48.658876912258194,103.0561074942364,81.54790791003252,77.71378264132127,67.27210939970936
552800,11.684698290180954,90.9559810903241,49.28447033133801,103.4939639787547,81.65973853615083,77.82136425789858,67.35031200692319
553200,12.94710290478403,9.985881552985083,49.509461537067,103.70728409795211,81.83613965850229,74.21699654699042,67.49355056756667
553600,7.065707771872955,9.87966851083626,49.38057047048532,103.47825366054659,72.23983624501562,74.21061670702278,67.47374899853426
554000,7.299384202112601,9.362217511243745,49.70840624592863,103.41850237000445,71.79250517216002,74.15933905563108,66.1089805489076
554400,10.05850564836238,9.811079763462562,49.937544986430794,69.2241478867071,71.95331636808864,74.02376367520355,65.93454430202303
554800,107.11954224591727,28.898048554609822,59.92701482246698,74.31692698911492,75.26495547273478,76.49256981349704,65.85807430863302
555200,6.073413540772779,27.523310681807573,18.754596117396353,74.49057462836238,75.3818905239913,76.43785116978773,65.82810374253366
555600,8.074737736957342,27.72511667482445,18.80239259283038,53.24992863470585,75.39273686099475,76.43243714576806,65.83462546114173
556000,6.40502671673937,27.546245177749803,18.454231344496797,33.60337881939016,74.85695201943716,76.39839267038082,65.8020420307353
556400,20.002144370442988,29.534972922165927,19.673026342814268,34.16595162753624,75.26174711042901,66.07918751822794,66.10563138161989
556800,434.284106131112,94.96788569920488,61.93296712690737,55.608718729122685,89.64029836147228,76.72804568383997,74.64368483170034
557200,6.099377941198393,94.97307857929,61.24819463054881,55.3788280838079,89.55425427548434,76.68915340151392,71.62323616370209
557600,7.624310310546791,94.8829930940079,61.3040548844162,55.34231267745075,89.42018740183647,69.50589090486577,71.62930434250146
558000,18.5214414529009,97.30627604124021,62.426260609495024,56.06733342771182,89.75442178316797,69.45094403149378,71.81272336640387
558400,6.631134620641952,94.63207409128,62.08352350672298,56.01053424657689,66.84393976004573,69.4858681527472,71.63571564150745
558800,434.3211064085436,94.63947414676632,94.80367992298561,77.36534737272629,81.14584463373848,80.14963658529749,80.15479183539475
559200,5.125324765094597,94.44466351154556,94.7088710454178,56.73173358140707,81.23000676738086,80.21363565434791,80.09205514491376
559600,6.258519729835537,94.17150539540332,94.52724924470562,56.66482091876799,67.00903550470576,80.17636495692246,80.05139956555557
560000,13.667865448268028,93.20079019447672,95.2535331178585,56.85388223117765,54.15343025221294,79.9560972940425,80.16942075987635
560400,439.2426192561169,179.72308712157172,137.17758060642586,78.42530347462007,68.5031612871661,90.74070548442823,80.29886613586753
560800,7.652705323019462,94.38940690446688,94.5144405256166,78.223703826262,68.57729266128734,90.85883390250835,80.2853246521953
561200,6.6372182857524615,94.69178560859845,94.56822456007203,77.90820959531041,68.44196024256262,90.80774684663126,80.26496763322554
561600,7.992874794284806,95.03865662148831,94.60508100844581,77.95456794643101,68.42990212111577,90.7164108034888,74.52572892558177
562000,16.50185712853574,95.60545495754187,94.40312257600931,78.41469159275218,68.84592981047764,90.9165969813783,74.44137974039688
562400,5.703849262267468,8.897700958771976,94.31039404017186,78.19695877344742,68.77715417777522,73.71055333007726,74.45077333023214
562800,5.696979132435117,8.506555720655108,51.44798131256101,73.1258306177733,68.72622535267121,73.72137880344411,74.4093055307502
563200,427.7003450619532,92.71918107589525,93.70548334224686,94.20717719383234,69.05631683502034,84.34887591109734,82.9120051919277
563600,10.339372705121722,93.18848065806263,94.1135686397755,94.32040894224056,69.14773682577048,73.78516878847321,82.96380569349307
564000,4.321262132603298,90.75236165887614,93.178908308209,94.21622071303374,68.96222425685477,63.90979976621195,82.60065949687578
564400,7.222516884540216,91.0560951833307,49.976898071051345,93.57723933873861,68.9425016734305,63.87159548313741,82.58794400175286
564800,6.176394820466585,91.15197832093699,49.82926702079606,72.17185377320634,68.75889155777334,63.89028625116451,82.65292052616589
565200,5.376135467419146,6.687136402030182,49.70315873896273,72.13569164951737,68.50652597652785,63.757259866662636,82.58682922509756
565600,7.783412578800477,6.1759443767659326,49.6822125174143,72.14364676293006,68.53044947009211,63.742979720190405,82.5095711462739
566000,6.92349128676777,6.696390207598827,48.724375933237496,71.5637492546234,68.51791970624728,63.81554134116762,82.47815277175013
566400,5.81054394735508,6.413995620161801,48.73504540174626,71.52271972095906,68.37632098288037,63.76662698376798,68.71545174441106
566800,5.55170711016146,6.289058078100775,48.7205181995189,50.08424975603995,64.99072647835517,63.72479856438313,68.72120668265907
567200,5.467085138196994,6.307248012256345,6.497192207143274,50.101337774695075,64.97051553160264,53.41653567805107,68.77853917030654
567600,5.092992519374392,5.769164000371128,5.972554188568543,50.043061414172016,64.87112402434988,53.35394116647001,60.222645868492265
568000,2.4041060414143285,4.8652869513004395,5.780838579449645,49.479873443829334,64.73776000183904,53.16687783750349,52.28400752885949
568400,2.8839931157935,4.279976784988124,5.346986202574973,27.66194213681316,64.1671549600174,53.04362280571662,52.16667362702493
568800,615.374814060713,126.24459817509845,66.26682812659962,58.04804757369784,70.2035118910041,68.13587569997992,64.36559462625154
569200,594.0527347146066,243.96172809038035,125.13448805131836,87.41882339514055,89.80195711678438,82.66351649522548,76.03270550359377
569600,3.904571248509873,243.72404383620747,124.7466039182893,87.2144082178518,89.67796581471647,82.5844880821414,75.94370455981019
570000,2.7316505992568523,243.78955274777599,124.3274198495382,86.52589789138786,89.15163945292834,82.47029474207002,75.91791704284172
570400,302.8270728794617,303.7781687005096,154.02907274274887,101.38205907224757,99.02483739488899,89.78950892284749,81.81911613556416
570800,481.0679996461064,276.9168058175883,201.58070199634335,125.15061009793112,100.58306716947442,99.1382203578522,91.29597925077516
571200,2.72648774302895,158.65155642327275,201.30664225682656,103.90191723198491,100.50310593540556,99.05454721290863,82.99455699380619
571600,16.340826489248276,161.13880747142042,202.43142565381396,104.20198992119124,100.83918282738598,99.2611994317159,83.1694380639388
572000,1.3943165186249062,160.87134065529403,202.330446701535,104.05564264049232,100.43006452973123,99.13593167676302,82.99959161030978
572400,472.7893032873269,194.8637867368671,249.32097771868834,127.33398196063165,101.54828733077154,110.45561064968513,92.29909378831097
572800,15.900318164204132,101.83025044048664,189.37352812903742,127.82017812781854,101.82320775881105,99.99601595051243,92.38340618579142
573200,16.053583365177985,104.49566956491644,131.57361299409462,128.35405052270647,102.1370865947919,100.24487108611193,92.4455357949993
573600,18.15791306571454,104.8590868802097,132.99894717581506,128.87277554705219,102.47592120383955,100.50821115499112,92.66737990087613
574000,11.343382472706068,106.84890007102592,133.86012036315998,129.0937701063491,102.30397204864524,100.32875968048624,92.74825986628801
574400,447.7763638029604,101.84631217415263,148.35504945550986,151.19206109912935,117.03972253333498,111.35739041004422,101.50261702937996
574800,631.0553395874642,224.87731645880467,163.35378344964565,182.4672427229945,137.8850012151693,116.27574623951723,111.9813329762109
575200,6.20341170433742,222.90728212663652,163.70147584577649,182.5040590513015,123.8351034365821,116.3026984129983,111.9839329394822
575600,4.6788182682373325,220.21146316714106,162.5352750236754,182.48335033874466,123.64641828868596,116.26320587645833,111.91601455010779
576000,2.671212802228781,218.47702923304564,162.66296465203578,182.49670567678538,123.59141664434014,115.98828956030736,111.84133827181756
576400,6.666312177542604,130.2550189079621,116.05066554105736,182.68582162987286,123.57287648744023,105.173881883343,111.57462162795957
576800,750.0411877397196,154.05218853841316,189.4647524986089,189.4191403138232,148.36836958474865,123.73359394376052,117.88976326013173
577200,7.52497537845342,154.31650127323636,188.61189169993645,160.0927523470155,148.43999758178316,123.75578787107801,117.91827520887682
577600,461.29564448610427,245.63986651680972,232.92566484197542,182.96230600889524,163.55707197869327,135.08835711337355,126.99170189238798
578000,5.84251479134045,246.2741269146321,232.37557807383882,183.11784921849943,163.52103942884568,134.82187355494364,126.73812335915676
578400,446.23804898389466,334.1884742759025,232.2217465919323,190.28839802372107,178.201956263397,145.83522854798431,135.53026164642182
578800,5.522537179530813,185.28474416386473,169.66846635113893,166.5111249003923,178.20098393237598,145.8308674991617,126.95429026184156
579200,547.8470589902757,293.34916088622924,223.83283107973276,193.76715346275464,196.28031639411196,148.83453534736978,137.8087249463452
579600,11.776659344480224,203.4453638579044,224.54261518735706,193.53894510551623,196.50310528828214,148.87046751335373,137.91908773863807
580000,9.25161020360888,204.12718294035807,225.20065492749504,193.93180978976542,196.73135542702192,148.99372621512887,137.83076263374488
580400,875.4792258126329,289.9754183061057,312.0819462910041,214.06630591603076,225.81786318358326,170.7001439383312,146.55549476487522
580800,3.2979148588441984,289.53049384196845,237.4076190029166,213.43618575076272,205.41529987685428,170.62818193929064,146.4683989555917
581200,1.4897542860274238,180.25903290111873,236.80409689367394,212.7079942968052,185.66320052923498,170.53102240975585,146.3654496755972
581600,2.8027312248729643,178.46424727719727,190.95480556755084,211.94023520476313,185.62647252844712,170.40650537590767,146.26164680420897
582000,459.3913839575225,268.49220202798,236.30969248416903,234.34263527900393,200.84846364038927,181.71820269267653,155.11943734078872
582400,18.380886701420835,97.07253420573758,193.52397625592167,212.872861423927,191.36692410112127,182.03246126152817,155.37297808957177
582800,375.5386221952847,171.5206756730257,230.52558475749706,200.097025554318,187.84927818609384,191.28213413865623,162.76981095082877
583200,15.176398095759938,174.25800443497218,177.25851866804547,200.54567487388914,188.26427519785156,191.5248669625953,154.51933201150493
583600,21.19154617185524,177.93576742436863,178.20000735078295,201.37131126907002,188.4259658539385,191.92733080390732,154.73637548083957
584000,2.761557364355664,86.60980210573527,177.55100206685762,201.37582849717637,188.47154054879618,191.93626708698088,154.70518138547462
584400,3.9440931468003786,83.72244339481118,90.39748880027437,201.23971754563925,172.84336687744528,191.96276958775604,154.63961291071985
584800,15.48943606508501,11.712606168771247,91.61664092089846,164.51212996190753,172.82967080747463,176.96563513786535,154.8258737356122
585200,2.1016849430580966,9.09766353823088,91.67783398660154,164.24096544013776,172.36460752673733,162.1668588935766,154.760384725125
585600,4.345634229538028,5.728481149767435,91.83212428706804,141.39346492730945,171.9041982321981,162.17788546810235,154.69162915813973
586000,12.961612864095938,7.76849224971549,47.18914717772538,141.74941983094723,171.95813924524444,162.43363452472332,154.8123915896863
586400,2.5501757815711423,7.489708776669643,45.60607608574041,119.56502617083103,157.1172663111981,154.92671209727604,154.74718422637062
586800,5.177919057203988,5.427405375093438,8.570005771932342,119.54779526471471,136.25468562685612,143.0294600825535,154.73970846531148
587200,2.718801482265603,5.55082868293494,7.3242461105829095,92.29138238931418,136.13853195278705,143.0292679260344,154.68474279219282
587600,2.2921735601949607,5.140136549066327,5.434308849416881,91.81715810009992,136.05897712918562,142.67805160280807,154.62872641300925
588000,3.5313659821078778,3.254087172668714,5.511289711192102,91.53114588902487,136.08764890184827,142.73147783939515,154.65127161182312
588400,9.486134891449971,4.64127899464448,6.0654938856570615,48.231491342965725,136.18164299231185,131.1488986294982,154.78331444733624
588800,6.922185893156485,4.990132361834979,5.208768868464209,48.41270489468134,111.4110095974264,130.92444532272205,142.6142618839851
589200,969.3526326335318,198.31689859208822,101.93386363751158,96.80584881205655,143.47193150592904,154.75692155443087,150.12025984236362
589600,14.985060116376784,200.8554759033246,102.99780622619546,97.41496525663175,128.59491202693812,154.67760023069744,150.34186961972097
590000,5.243964776110141,201.19799566212504,102.22604141739689,74.70759429756113,128.5749603597638,154.52511478828256,150.39211590325803
590400,8.747302299193832,201.05022914367382,102.84575406915914,74.22591507744978,113.99193547027375,143.54938825068837,144.51052049165267
590800,664.5790760270118,332.58160717044484,168.7858697661399,88.67793776903613,135.96048676518978,144.38748166167707,148.18074201927078
591200,135.30037855076557,165.77115635389163,182.0440274729899,94.68413679178641,122.20893075053942,147.61490583283776,150.8322198354255
591600,16.393283192055414,166.05280096902734,183.45413843617595,94.44422364279643,122.36281821212528,147.90776745593323,150.83326896948165
592000,6.505573184377703,166.30512265068086,183.75155915640295,94.63142443379753,122.27128364481756,148.00362646548695,150.93549410279672
592400,187.57253446314445,202.07016908347097,201.5601991135724,103.81284649961472,99.34106059983463,152.526282022627,145.23115872631305
592800,5.861535480832527,70.32666097423512,201.45413407234,103.33145147040209,99.42651462056756,133.92179071615482,145.03038307264563
593200,126.69786786251127,68.60615883658427,117.18865759523797,109.56126061637477,103.60011840645035,136.90111302825625,147.2432687625923
593600,3.5518302726339672,66.03786825269998,116.04533461086366,109.52157041852956,103.62508837470907,125.4575176729195,146.95114710673067
594000,3.202746523556541,65.37730292053575,115.84121278560829,109.03362710150259,88.41880046024353,125.39152346622488,146.78833438774768
594400,493.80782471267366,126.6243609704416,164.34726502695628,133.59650954805772,104.26636506061863,126.58076785944438,147.70896360594196
594800,514.1782084057511,228.2876955554253,149.3071782648302,159.04652401548506,108.8876846009675,139.2971596400999,145.3714209823077
595200,2.119882306821414,203.37209844428736,135.9891286404358,159.01657805671286,108.45246740800287,125.65398022301353,145.28975039435738
595600,41.48372218539339,210.95847682683925,138.4981725397696,160.9761554879728,109.12887327512082,126.39665679403636,146.0258484727005
596000,0.9942476004816084,210.51677704222425,137.94703998138,160.84929956889147,109.06996294965833,126.19022272895818,145.99230916866557
596400,5.150909308127816,112.7853939613151,119.70487746587833,160.63253828972537,109.11019015503594,104.43201481634556,145.96200111127726
596800,8.234541961314028,11.596660672427674,119.94217811392647,160.69815609313326,108.8683603515769,104.55543049390728,131.12586819570913
597200,14.328790863891689,14.03844238384173,108.70527041406451,112.94696400465125,109.27593054893802,104.87640640835389,131.26194450541792
597600,2541.8603554308893,514.1137690329409,362.53612292989004,239.2907287703769,193.85975458898307,168.3528470135043,172.8732387243136
598000,4.019288166726399,514.7187771461898,362.61777709420704,239.22949493990768,193.56167709907078,156.9685446187344,172.83677419182132
598400,2.662022669423266,514.2209998184491,313.503196889882,238.92523095841915,193.5654053286658,156.57557301793446,163.9652536655319
598800,5.608926646853381,513.6958767555569,262.64626871399224,205.97672348941123,193.5797722483208,147.3273306292237,163.96698145487832
599200,568.8955317032675,624.6092249234321,319.3238336536368,227.65648114703632,212.45232992235418,161.17030896941137,164.3879509091382
599600,3.62009289337098,116.96117241592837,315.53747072443457,227.01782163210208,212.49659390012673,160.73102263744926,164.224819580116
600000,1.994737356278124,116.55626225383874,315.63751970001425,226.79227984069712,212.4453729459324,160.71185213724732,164.07968212316936
600400,2.9425618864367578,116.61237009724141,315.4166849578451,217.56078121186175,212.22725384576532,160.68681385573825,146.62894884464546
600800,10.124868306249834,117.51555842912073,315.6057175923387,217.7739478531326,212.33400992620173,160.55269966176735,146.76548791359357
601200,3.942042421718379,4.524860572810907,314.56704274812137,211.63615658109296,180.1536569191413,160.59870859873388,146.8145336763074
601600,489.5227600673157,101.70539400759985,109.33328321176403,235.93470307082703,195.97158025083925,172.7281367446783,156.54893425315623
602000,8.787201777828246,103.06388689190987,109.81007457287419,236.21392583354063,196.0896881508965,172.62377646752162,147.53685060956235
602400,369.3985929172388,176.35509309807028,146.48373159765578,229.9934642437689,208.1113978381647,181.7949868959133,154.55720473387873
602800,6.314251761662248,175.59296978915276,146.55426410913665,204.60026641156443,186.1692370293197,181.82339521352475,147.17271732520626
603200,681.4112401994778,311.08680934470465,157.80583495875766,238.56483430619727,204.37293241761012,198.79070618145505,160.49741416728062
603600,35.19454123058577,220.22116557735868,160.96327979247914,238.25037525845687,204.99964101889447,199.61326537321483,160.77747406845523
604000,25.534967013885904,223.5707186245702,163.31730275823995,239.4774112291271,205.6339541465447,200.16335539900928,161.23294226144583
604400,176.46403841686495,184.98380772449542,180.66945041128275,248.04306768456394,205.26367094500208,204.33780298714467,164.68334116684713
604800,5.894396290167692,184.89983663019652,180.24640320967453,247.9260604010066,205.26476630531323,204.31210824706994,164.49144037134877
605200,237.70633492577176,96.1588555754553,203.6228324600799,259.09493760410066,208.96504854075525,186.02095080437593,169.20353337100306
605600,567.8586864430071,202.69168461793956,211.45642509764903,160.3948541547065,227.7752770797677,199.8427914625417,180.47379441527247
606000,303.0117778218068,258.1870467795237,240.87888270204684,175.34447863746055,237.76891145637606,207.2869867886841,186.27479771442668
606400,307.9226725019432,284.4787735965394,234.7312906605173,190.60751112908653,231.57273971601836,214.76637104375283,192.38224764883412
606800,408.9045383356285,365.08080200563154,274.990319317914,210.77229171352528,228.0636173803476,208.37450760146825,200.45678003440258
607200,144.37774821457933,346.41508466339303,221.2869701194241,189.54640253909088,232.80554624393955,208.60144184306358,203.28995896904885
607600,3.1218709444016235,233.46772156367197,218.07970309080565,189.5214914416424,231.5268178692398,208.2696565368723,203.306552916733
608000,3.691018973123564,173.60356979393532,215.89530828672946,189.6063055224847,231.61671024832785,208.1992926815909,203.3097459765533
608400,550.2345724268715,222.065949778921,253.2723616877301,216.97090604950645,249.78616568561932,217.2658436306841,214.12471472726173
608800,199.45079302666085,180.17520071712747,272.62800136137946,226.43720228552698,256.1600407211309,222.10557506932983,217.97528686993184
609200,6.251634970143414,152.54997806824025,249.48253136581656,226.55268191294823,255.8908021913393,219.09441924702054,198.71326691666403
609600,12.018004706266618,154.32920482061326,193.89846319214254,202.6774441448958,171.5627238338519,219.30607360786144,198.65392580846185
610000,549.1495323817737,263.4209075023433,218.51223864813923,229.69556067509302,189.73373197435342,232.95474325431687,209.53203716057513
610400,3.271553633731802,154.02830374371538,188.04712676131808,211.38920871091767,189.7540496731637,220.6913364773433,209.42252218726588
610800,4.292555283562214,114.99665619509562,147.58592845611147,211.28812388701266,189.7101706277207,207.9441951492886,196.2167917723969
611200,617.1473429184724,237.17579778476147,194.86288792650075,208.07492902296244,191.3185643348942,223.3198816645798,205.853731059751
611600,4.334354189704942,235.63906768144906,194.9841362510311,206.5319196709184,191.342373044772,222.39114746468763,205.612552479704
612000,4.480679373436307,126.70529707978162,195.0631022910624,205.4792052888959,191.42523777867726,222.4783082590115,205.57205460348518
612400,605.744807478274,247.19994784869004,200.6141257962026,226.94324374196634,211.5186459650718,237.49315571326514,213.93550006378777
612800,551.5646725957371,356.65437131112503,235.82551375311022,254.2267575572448,229.56663944138805,251.0764089791257,224.84956280608588
613200,5.608056302201201,234.34651398787076,235.761155886316,242.62184362606632,229.62217323740416,250.8583906150835,222.42776657487968
613600,3.720514277307692,234.22374600539132,234.93140684342015,214.41493501778137,213.42876504440392,187.40489458624393,222.43114025497314
614000,82.95812394775017,249.91923492025413,188.31226600001776,203.4122523240785,215.9011291167346,189.3783654807695,224.02624780345704
614400,4.135042571579632,129.59728193891524,188.39861489380257,188.2228708275603,203.72567743854597,189.41519097832344,214.23279216063514
614800,2.8463303166240714,19.853613483092644,188.25399239710876,167.9199604266101,203.61008005704474,189.3461260700677,204.0061545988526
615200,5.399449977145032,19.811892218081407,127.07920310297602,160.9710455147384,181.07635371630028,175.25872402691465,204.07174595225908
615600,8.723280488179354,20.81244546025574,127.51809573282347,161.2511159919273,180.19397835822008,175.38630371678485,203.41653711831478
616000,5.939150246484148,5.408650720002538,127.66394282012823,161.3635225555953,179.54078446597336,175.48491403904,203.51543517123486
616400,661.726485834339,136.9269393725544,133.26211065573474,166.9381182259687,195.71619937988913,191.95451213773754,216.64694670175905
616800,6.048372921364111,137.56734789350241,78.71048068829745,157.26799722070385,195.72133193426237,191.8525997531154,216.60322332096007
617200,528.1494499284478,242.117347883763,130.9646200509221,183.36288796861908,205.40276910101824,204.95778494078363,226.8796365022512
617600,546.0801341078165,349.5887186076904,185.20058203397298,210.06599443869655,204.6768173565119,206.37171929179618,186.96403207578973
618000,4.461266711070942,349.29314190060774,177.35089631030507,182.83158115516142,194.7251336528207,206.26357091512722,186.97287164667662
618400,17.595661498503972,220.46697703344074,178.69695820299748,183.5477865484,185.04756661937273,197.46849762965886,187.27154442325823
618800,4.72896245188679,220.20309493954528,178.88522141652376,183.56960690681626,171.575047423248,197.4288653969145,187.2539451393589
619200,4.667402015619502,115.50668535697965,178.81201662037122,152.9456098616736,166.91803588328267,180.51026944231802,175.96938254560595
619600,5.11362715868765,7.313383967153863,178.45105128742205,152.98457351012274,166.98442775709222,179.75824659052057,175.99925323091225
620000,17.1571967236298,9.852569969665634,179.5728559351366,153.61839937763241,167.43330034877576,179.54880233326418,176.3025024182593
620400,3.4044694649542677,7.014331562955692,113.74065429819814,123.50138247696643,149.20563025004517,175.2223131094664,176.31174056982968
620800,16.852235389559766,9.438986150490289,114.82104054501772,96.76576061665756,143.11901166214182,175.4962590869512,176.44628791149586
621200,3.571354223973564,9.2197765921611,62.36323097457027,96.6639255127462,143.0296689706028,169.64288456940625,176.43887414754096
621600,164.23029310377973,41.04310978117952,24.178246874166597,104.68941445406979,148.10341191718655,159.55217473592558,169.93302480827026
622000,10.735299845495266,39.75873040555261,24.80565018760903,101.07827324895705,130.15627083264397,152.24526278651777,169.9719867696236
622400,133.75148492097685,65.82813349675712,36.42123252985632,107.55909536642692,134.50560187555212,147.8909830969936,165.25904460969835
622800,572.2604935595685,176.90978513075888,93.1743856406245,136.02980352857412,153.43786648475233,151.97488197759213,176.5779694456565
623200,429.1992008037411,262.0353544467124,135.62756551943667,157.21979106990392,147.17292841426126,159.09541829232114,171.53372865774173
623600,671.2181036459081,363.43291655513804,202.23801316815872,190.34453222779038,169.40238672946808,175.79782410985882,184.2541999060482
624000,10.955057543148351,363.4768680946687,201.61779925011055,190.5953275926236,169.61819933512515,175.97942507410946,183.96260171663343
624400,16.567099574113236,340.03999102529593,202.93406226102644,158.3373582796123,149.97894240498644,162.63773825279048,180.76466293977842
624800,17.760496355798246,229.1399915845419,203.0248883576503,158.92296445133402,132.18546986365516,158.0954808360189,181.00198494109102
625200,5.971972531598161,144.4945459301133,203.26495018841277,132.8140905814915,132.19760040463504,158.08848927505528,176.36729769320755
625600,461.0536538203404,102.46165596499978,232.9472862600688,128.5627665671177,147.44203838940282,169.3143805029071,174.23119704075424
626000,8.763175170624462,102.02327949049499,232.75007379258176,128.7778619900954,144.96887343016527,155.8047215726284,168.34622498773058
626400,1.885675782461535,99.08699473216465,219.56349287873022,127.99236270429328,144.89389453719465,155.77007462634666,162.22548505334095
626800,13.303202758425114,98.19553601269003,163.66776379861588,128.42107471962018,145.24245695192138,155.9953408132182,154.31345834179686
627200,13.130100224761,99.62716155132259,122.06085374071786,128.84420963007727,145.50014529350858,140.89490974587542,151.6885053820005
627600,7.173032813777302,8.851037350009973,55.656346657504784,128.94717991283173,145.4484703710285,140.96587671147725,151.769528619388
628000,12.689760989218556,9.636354513728792,55.8298170021118,128.72380812611118,145.67349072911966,141.1711037518718,151.94950345970992
628400,4.218137987662092,10.102846954768903,54.59492084346668,128.76449155224657,123.75654580089709,126.1329370146065,141.02917477092572
628800,3.2998581391658712,8.102178030917054,53.14885702180345,128.08687268972687,123.66492864149049,112.42631665319223,137.10615607317584
629200,3.6718733016406575,6.210532646292987,52.9188470988077,128.09189864361025,106.18234275393024,112.3779120781782,137.05456083980576
629600,5.203243842173957,5.816574851972318,7.333806100991055,120.14054618052994,88.15311307840882,112.41498031729986,136.91826562252393
630000,5.015677444936932,4.281758143115993,6.959056328422301,119.85456506050203,88.17159343620436,110.46641915472955,126.0355885237872
630400,2.9674774774616783,4.03162604107591,7.067236497922316,113.31536468832626,87.68398730216963,110.43723002737659,126.02950700066178
630800,35.30390965354712,10.43243634395216,9.267307187434517,86.4675354930252,88.70315220889162,111.24866951079966,126.64973408806149
631200,16.831106859120297,13.06428305544809,9.637407850870447,65.84913079579415,89.10860903700832,111.53446093284906,114.64340936687444
631600,3.42756470871377,12.70914722875605,9.262861040364093,32.459603848934435,89.05240695534252,111.4020680383624,114.62527357725462
632000,1.9558129926413013,12.097174338296925,8.189466240706368,32.00964162140909,88.54569416430958,111.30248460701634,114.57477624963873
632400,5.520989985041929,12.607876839812976,8.319751440444351,31.457336141955516,88.6162448483125,94.8973472107839,102.57029989977407
632800,17.353974485361128,9.017889806175777,9.725163075063879,31.437010048433667,88.6329694848392,95.17998724988384,91.88608593756656
633200,14.301014675457532,8.511871369443224,10.788077212445566,31.85346215562663,88.99062483322201,82.33377636855907,92.05994510503167
633600,2.6199159174313733,8.350341611186746,10.529744419971307,8.93177526048118,83.60361226034372,68.74727091379944,92.03793313783416
634000,3.738634374628896,8.706905887584263,10.402040112940503,8.680548220681402,83.37039007798151,68.72920510538839,90.45354334637173
634400,2.302574391115616,8.063222768799,10.335549804305897,8.701393151114107,78.98875972698615,68.34687792770369,90.41689398276245
634800,14.53576465838465,7.499580803403704,8.25873530478965,8.763021246112084,60.397935430280015,68.59204798286613,90.65068266959764
635200,1.7099393238651832,4.9813657330852354,6.746618551264137,8.192013201067294,46.14829338095081,68.51811141557228,90.57689245653208
635600,1.4883576810920252,4.755054085817365,6.552697848501962,7.90777944443303,23.823968515456947,68.42747967863238,90.43219400039033
636000,4.26768246311651,4.860863703514887,6.7838847955494845,7.486675518127926,23.601056012789222,68.10524182211955,90.39876464472296
636400,1.6381081388968235,4.727970453071129,6.395596610934974,7.357674025689663,23.10342296494867,68.06108278896812,77.19699709081412
636800,16.793463825607425,5.179510286515685,6.339545544959604,8.03235431001174,23.071188547275646,68.0596134998693,77.41189890889899
637200,19.308870204628032,8.699296462668254,6.840331097876654,8.814204155161109,23.515751803043308,68.45305139938567,67.23508731442259
637600,4.309358517315915,9.263496629913032,7.009275357865109,8.769509888918208,8.290941959609157,64.45502803472408,56.39967180261258
638000,6.220842224332372,9.654128582156206,7.257496142835455,8.829768127887979,8.206197528066086,64.34216659419499,56.43486331287781
638400,7.883228430508336,10.903152640478508,7.815561546774728,9.075555675540313,8.406115949667647,61.195460181933285,56.2406146515179
638800,6.17336082394053,8.779132040145129,6.979321163330316,7.619028234059982,8.168454551851495,47.04328186354259,56.26950261895897
639200,5.999648084142893,6.117287616048101,7.408292039358086,7.077455295311113,7.93077281383089,36.46329304555263,56.296147540329436
639600,6.840267385851568,6.623469389755232,7.94348300983404,7.248090429168002,7.919680632900033,19.85384713905122,56.33068034487271
640000,2.5527139898563727,5.889843742860032,7.771986162508027,7.277935479028757,7.581779066254627,19.643788550218922,56.03859069019725
640400,3.309311483399063,4.9750603534381765,7.939106496958251,7.167351553946612,7.551484849445859,19.312343847951066,56.03668753056614
640800,5.117201789669056,4.763828546583882,6.771480293364414,6.555512919162008,7.612062971129299,18.996261483797838,55.80198685856833
641200,3.83008986282613,4.329916902320529,5.223602259184224,6.031966678530439,7.617336856502147,18.942714417078534,55.80716157134539
641600,13.309561281170415,5.623775681384299,6.123622535569673,6.566448946717391,7.887547437802029,7.749112103599286,52.7887469348932
642000,1.8234338251821989,5.477919648449465,5.683881695654656,6.470688919245056,7.781139317143539,7.57561856996323,52.610509614486936
642400,479.74535050899226,100.76512745356811,52.87009390350305,30.342827725138886,23.673735084861224,19.522110438126496,59.53038692624724
642800,12.121792103393078,102.1660455163129,53.4649370314483,30.222129097389306,22.90099783318942,19.492575171750694,48.32761289712373
643200,2.470555479545224,101.89413863965673,53.11202777098854,30.26015990517331,22.422312787203584,19.226086553120304,39.79303999063981
643600,1082.8046605910167,315.793158501626,160.70846709150504,84.32597505066954,58.40154931661368,46.11687724755129,48.02477112954199
644000,219.90317481138075,359.4091066988657,182.4435131736575,95.10774966808275,65.66646137723833,51.29721259310535,52.20373347490663
644400,39.76251271181452,271.4125391394301,186.08883329649902,97.01396989672864,66.80784546813075,52.18582196120915,52.66764173766066
644800,29.709396563791948,274.9300600315099,188.54805277391134,97.65976653363786,67.2196928707451,52.8460604218248,52.906619741820535
645200,4.03649226801298,275.24324738920353,188.56869301443004,96.89614763680711,66.8775421238303,52.85517589598412,52.867910136548836
645600,8.762413994113158,60.434798069822804,188.11397828572427,97.11880041064697,67.08229205971969,52.94415514978259,43.82208534002429
646000,4.360460292754915,17.326255166097642,188.36768093248156,97.0257813140681,67.10301959032388,52.927774720978036,43.734031042466896
646400,385.69398135792,86.51254889531874,178.9625440173743,115.91631896043869,79.88273315588404,62.4959373179895,51.41019715397607
646800,4.741318062405122,81.51893319504137,178.22449661327553,115.8447168223619,79.5562516026847,61.73187252821094,51.23895946005566
647200,8.27711562301795,82.36705786604236,178.80515262762282,115.95859019930565,79.77515747932313,61.518022747308386,51.14189976802079
647600,8.240240185540486,82.26262310432783,71.34871058707519,116.02858883929011,80.00022022947141,61.638339634229055,51.16324391545607
648000,6.830424366751306,82.7566159191271,50.041435542612234,116.24247435813484,80.08564495959257,61.760204918581806,51.04605718300672
648400,3.154730761421643,6.248765799827438,46.38065734757295,116.23474532203599,80.13619904701007,61.701048437991304,51.02478903848191
648800,408.0173305577087,86.90396829888815,84.21145074696463,136.37975176043795,93.17699460474678,71.46763233979999,59.11913848685277
649200,5.533531657266487,86.35525150573787,84.36115468588997,136.46492385015998,92.71781665316806,71.24844526434522,59.15637165396529
649600,330.8527812960888,150.87775972784752,116.57019141608752,152.3420848509059,103.60259741246048,79.45426689881165,65.66936240304358
650000,4.655785855985193,150.4428320256943,116.59972397241059,152.48370245244604,103.55042886684893,79.47719568584556,65.66216457126455
650400,9.851774424108203,151.78224075823158,79.01550327902939,128.98902364820185,103.61604706663557,79.66592568667036,65.79985051019747
650800,10.52698806961546,72.28417226061296,79.59407027975043,128.90928344651297,103.76116797482474,79.56570627195114,65.30431207851885
651200,1.853995772747549,71.54826508370917,78.95175829472339,128.8784554611731,103.6229795644449,79.56930768317321,65.00476985679138
651600,9.07940627956712,7.193590080404841,79.03567490412605,75.19219274560061,103.69761752756877,79.75908389813509,65.11780668820846
652000,303.61127614520217,66.98468813824823,108.71376008197112,79.37759781229167,113.73290293274695,87.24267374018723,71.15091595125966
652400,506.60523795605496,166.33538084463757,159.05881080143445,102.7197340745037,130.50943381516882,99.86685198561618,81.17260091067993
652800,483.9342360661036,261.0168304439352,166.65050135227395,125.43097604961926,146.4700016243833,111.54537129162858,90.50420614229479
653200,6.203774862962554,261.8867862619782,166.71752567284358,125.53934017936676,146.54912445772118,111.21774390808693,90.34226134604486
653600,2.842629256425073,260.6394308573498,133.91651046887722,125.24335094248235,146.20022672356302,111.18107567656466,90.34671561282475
654000,474.3549478009512,294.78816518849965,180.88642666337378,148.74307531789216,161.95127718942197,122.88442831598013,99.75904188135121
654400,7.348819890376231,194.93688157536388,180.6361312100006,129.82581724451498,146.20472616880141,122.87106810247685,99.85996679133643
654800,6.443855087168107,99.43880537957676,180.22781791175584,129.9109440957531,146.01546160159393,122.87783045905753,99.69812859991208
655200,2.0392307660363023,98.60589656019151,180.24634141108473,129.59904985290405,146.0010841111436,122.77882002610485,99.70471442875551
655600,25.27925702947137,103.09322211480078,181.86632648607514,130.4510006951006,110.75023732575877,123.23979476719538,100.1805324157231
656000,438.6681581103665,95.95586417668383,195.37201468259158,152.04288738228132,118.04240343572498,134.14268087020812,108.8685419286681
656400,6.802311681685604,95.84656253494572,145.39172205515464,152.22526642829456,116.94373006805401,134.2300058751653,108.97182599952389
656800,223.05765410105425,139.16932233772295,119.30406385864971,142.97728260546182,123.38867198596274,139.67851718294992,113.09710980503282
657200,2.708808300787922,139.30323784467328,118.95456720243226,142.8360464376379,123.34441585372193,139.65048514389895,112.765108566956
657600,1.8024599581884613,134.60787843041666,118.85055027260857,126.38353037074287,123.11241738585777,139.3628076108244,112.71497059577345
658000,259.45980688557535,98.76620818545845,97.36103618107101,139.1237314222224,131.61572893895178,145.80371693733423,117.77974988899832
658400,3.594821913335148,98.12471023178837,96.9856363833669,138.81088379668375,118.87909029079896,133.89995372244283,117.69398175865486
658800,11.95801801468508,55.904783014514535,97.53705267611859,138.88243529393722,119.11964695587494,133.8958593702251,117.80967490246974
659200,9.20828880419388,57.204679115195724,98.25395847993437,139.25014994550955,119.15068606191416,134.0643027033413,117.87384771687076
659600,10.740358490279922,58.99225882161401,96.80006862601522,139.33319755604518,119.2340233387388,107.2626951508229,117.95184953895932
660000,11.23614498981303,9.347526442461549,54.05686731395987,124.71444099827572,119.38088069284086,102.04601940528372,118.12551815895846
660400,246.7080324348851,57.97016854677154,78.04743938927982,111.71958072221723,127.4993240819563,107.21965739836048,122.99349257798818
660800,9.430101191712245,57.464585182176975,56.68468409834562,87.99437397849765,114.21308310308976,106.71267501405848,123.07975056602905
661200,447.0328715393771,145.0295017292136,101.11709042220453,110.03582881231837,128.92972776582675,117.78758449584257,131.94380619956007
661600,497.43374494542326,242.36817902024228,150.680218920928,134.76538459676829,134.48242655413793,130.00436776962533,141.62628987284512
662000,4.940911744426304,241.10913237116492,125.2283294068131,111.29468279394204,134.4919307504193,130.01887905591713,141.68863943123
662400,429.10327644880266,277.58818117394844,167.77917486035986,132.38240562186337,148.46698081790913,131.1041114331892,140.67579795002624
662800,5.814233138902895,276.86500756338654,167.1647963727816,132.3509245244501,148.30988898688534,131.13093431010162,140.54964677073642
663200,2.195087075495925,187.89745067061034,166.46347619991184,132.3587173399231,148.32125869697697,130.9788835964136,140.54413740265542
663600,469.3597102994473,182.28264374141514,212.3254113808286,154.56274000342188,163.66393549763964,142.50687034926125,128.27523839682405
664000,17.80286996570669,184.85503538567121,212.98208387841797,133.5194755961889,154.1369886249898,142.78118148923514,124.23323229991054
664400,3.041579720577672,99.64269604002622,188.6154386069872,133.3314389981335,137.3515333504739,142.77835271321405,123.49881364008581
664800,6.759167160595971,99.83168284436485,188.34834520387557,122.51651465111058,121.4456977202903,132.7468986282862,123.0398090520219
665200,597.3822773671914,218.86912090270394,203.383285786657,152.25018810443075,141.1516478037646,147.54311727103433,134.9067247540055
665600,7.551238011501815,126.50742644511486,154.39503509326485,152.53762700709643,141.3086014289338,139.46057868891964,134.88250123435324
666000,185.0492775669005,159.95670796535362,172.4058716755123,148.8171005411627,131.6650790877988,143.97041598169255,138.49627757983615
666400,7.375237612052645,160.8234395436486,130.2330677918373,149.00612132609857,131.66595967852135,143.90850256139117,130.92990270491882
666800,12.49779722167812,161.97116555586504,130.9014242001148,149.03311028644822,131.86775774967165,143.9577727901927,131.08503228810426
667200,5.408743314782368,43.57645874538323,131.22278982404345,148.8431330119776,131.98007483462987,144.0466414787436,131.02766484193955
667600,491.4749230227344,140.36119574762975,133.43431109637214,172.87986123860034,147.51993036773865,156.10652939732276,140.69235849868343
668000,24.890752947738143,108.32949082379727,134.14309939457527,173.56259163649662,133.727350195651,149.13851631738618,141.05356507030316
668400,3.006793143160305,107.45580193001881,134.13962073683356,161.3775296719104,133.6008329110335,136.5485551970638,141.05060631793793
668800,537.9398952883065,212.54422154334446,187.25769354960462,187.80301937674008,144.09690761727524,137.8986966776189,143.6490576125499
669200,10.377590512039692,213.53799098279592,128.55722486408945,165.97025532537322,144.35253369098368,138.00304206884582,143.74593878964535
669600,9.950153922389047,117.23303716272687,128.79711645517818,141.5960757742215,144.62412348979035,138.1807301854949,137.32788624217136
670000,14.720729197496947,115.19903241267863,111.76426161823784,142.08506664687505,136.46615423352105,126.68987472040855,137.5291851090016
670400,403.808834750743,195.35944073419518,151.40762133210686,140.82034456197206,149.80662132810133,136.60137509191773,145.4083263155343
670800,9.661510110766343,89.70376369868714,151.1239926210157,141.01270841056524,149.73007106463737,136.68181646750767,145.39101675635732
671200,12.15678394435192,90.05960238514959,151.79879668397263,141.51079325400804,149.82835423597595,136.9347552969656,145.5970725197894
671600,2.9539342813194365,88.66035845693567,102.94669780983114,118.19050445310162,149.56880676234397,136.37662222826177,145.47456307982446
672000,9.428108852167387,87.60183438786976,101.40043340027405,117.77176639742467,149.5085388910891,125.6456209968068,139.59089973396377
672400,7.096267499276327,8.259320937576419,101.80938083588566,117.97450078635961,141.52148005990213,125.65296989224657,129.6007203248282
672800,14.24999170015931,9.177017255455013,49.44039047707094,118.34904201333777,141.6821430768504,120.43277833222419,120.20703543750929
673200,7.840607821342803,8.313782030853188,49.18669220800125,88.87195853604534,127.0424009529159,120.56107332023805,120.23977209667692
673600,8.577888472694736,9.438572869128247,49.049465663031825,88.923291059105,110.74720573715828,120.73045903310071,120.35447728100229
674000,482.84032579896507,104.1210162584878,95.86142532317862,103.8128434707082,126.67718620564291,126.31497200593546,120.52418484096258
674400,15.517420614166642,105.80524688146583,57.03228390952099,104.21995262081391,112.89099101115502,126.61303697345625,120.68755685543837
674800,699.2947750997748,242.81420356138898,125.99561040842184,138.55980151471874,136.00700907651745,143.79645590058348,134.54457525569052
675200,701.7112995430417,381.5883419057287,194.95106196829084,173.37492932613173,159.32421615876896,161.1090311690547,148.53801663123062
675600,8.316454591356367,381.53605512946103,195.4873139992945,149.2170059045628,143.95610763516595,161.0484335715816,148.1987605824683
676000,466.8789736135563,378.34378469237924,241.2324004754334,171.31641693785372,158.92531109009423,172.43950428717517,148.76297689253212
676400,6.514780919988324,376.54325675354363,241.17425181750463,171.49181632669513,159.04108446340794,166.43467299930276,148.75722627729817
676800,28.65634656210212,242.41557104600906,242.61488730369888,146.0276388903849,159.77099044345815,166.9153291335625,144.8692001265191
677200,5.281320812677089,103.12957529993619,242.35895860283236,145.77282540541677,140.034291891641,155.871540365395,144.92065037675692
677600,3.5100832480984674,102.16830103128459,241.85217808037268,145.45082187170223,139.89958673286088,143.5234488229619,144.9548028425551
678000,18.238861479754284,12.440278604524192,195.39203164845162,145.6267284858151,134.33923952995602,143.85589756634508,140.1303839344387
678400,5.291235614659884,12.195569543458504,194.36941314850094,125.70084852901095,134.2697727967096,133.26059654549152,140.1643122084652
678800,25.40836846298301,11.545973923634683,126.98077248482176,126.4881914466218,134.70012517141976,133.75044992859353,140.43331921743115
679200,2012.3230449311468,412.95431874732856,258.04194702363225,226.49650449596157,201.59726855863192,184.00364887498478,180.4956143399702
679600,6.808037699053359,413.61390963751967,257.8911053344019,226.68920966684823,185.4417057145092,172.43985705997494,180.4169679241457
680000,19.646091611191896,413.8953556638072,213.1678171341655,227.20010880479944,185.26688366995765,172.48593760111208,180.58516685657327
680400,1083.233524059007,629.4838133526766,320.83969144806736,281.006971632786,221.27444136715255,199.4907362095728,197.3156766890557
680800,9.21077175809794,626.2442940116996,318.89513396766694,280.7550106356829,203.65013724947892,199.55202632451036,197.3112901003834
681200,6.845691225270593,225.14882327052428,319.0515710089263,280.70526480587927,203.5324072732533,184.78861167096233,188.5075464941013
681600,3.1826949051510014,224.4237547117438,319.0188321746316,280.4355051275021,203.30682530601203,184.67939809330358,178.62252549329583
682000,16.394353108331057,223.77340701117168,318.8343813374892,257.11320649297045,203.3626127697065,180.46302498183934,178.85159432057392
682400,7.066404764728097,8.539983152315873,319.01189825249605,256.6906557004985,190.137865103506,180.45530416065623,170.41085688689245
682800,873.1046051808206,181.3187498368604,403.78152192427984,265.38114720455076,218.91930160584113,201.9704743596348,187.7566643277308
683200,3.4063228640773744,180.63087616462178,202.88984971757287,230.46589837060256,218.627619569832,201.92041384836716,187.78088904350238
683600,6.775946307179931,181.34952644502755,202.88664057838554,230.38887295639378,218.755019970694,189.8029394304783,178.52921376365705
684000,19.04279924455456,181.87921567227224,202.8263113417218,207.99706423794365,219.07550965044027,189.6567405878987,178.554012349234
684400,11.344031639067817,182.73474104714018,95.63736209972788,208.23852677389763,219.21710178843333,189.8651715502964,178.7200613876038
684800,2.9366869138913057,8.701157393754333,95.00995361530721,206.9525437914871,218.83999162889103,176.490091340936,178.64361178266975
685200,492.9779695297741,106.61548672689369,143.62318144575755,231.33737622734196,235.01123701917206,188.55510081637937,176.55552562592138
685600,9.101782462679116,107.08065395799352,144.21509020151035,231.616961188071,235.02870015217155,188.53389152988663,176.58653651494492
686000,4.108935600762407,104.09388122923508,142.98654845075353,230.9104648941214,219.07098714556477,188.26859668996826,172.96772967562217
686400,10.216985201117216,103.86847194164496,143.30160649439242,231.15675237344425,218.8943059651298,178.4288004512276,173.02456462740346
686800,23.738055322171384,108.02874562330096,58.3649515085275,231.07323671640364,196.3757486392097,178.78071408151274,173.24936978941332
687200,465.1078006441532,102.45471184617682,104.53509928653507,153.712474502054,188.48896534258012,190.10448949900777,182.44335093600074
687600,12.129372104509006,103.06022977454279,105.07044186626797,153.97854122232678,188.61606259301848,190.33387544458753,172.85643991763624
688000,8.752007581724552,103.9888441707352,104.04136269998499,153.4338370208534,173.34516372529077,190.31697291282643,172.53366501031596
688400,662.3948399177206,234.42441511405588,169.14644352785027,132.39190281378907,195.2078323585485,206.69943722328753,185.72142594580717
688800,7.78717452216805,231.23423895405523,169.63149228867792,132.3207229519926,194.51219329055073,206.5378667938378,175.1183715304844
689200,682.8657526611981,274.7858293574642,188.62027060182035,166.12172602378897,217.09834101883476,223.41349541483413,188.56813477346756
689600,27.30077899020613,277.82011073460365,190.44017025457305,167.32763022804173,217.89136421023835,223.8815676777719,188.9151472748239
690000,11.734561231699642,278.4166214645987,191.20273281766677,167.09464063421015,217.67455420196984,212.10392356359029,188.85542391550797
690400,2.73931783579921,146.48551704821438,190.45496608113496,166.8782862877637,217.58949027600784,211.7844709941311,180.83403357720908
690800,3.098139915204357,145.54771012682164,188.39097454043826,123.3779630244829,216.84581599108188,194.37955511451688,180.70276617329785
691200,19.407914175505283,12.85614242968306,143.82098589357346,124.17804259005429,150.4153116325605,177.32197048032845,180.8477887779209
691600,14.625311947246669,10.32104902109117,144.07057987784725,124.57051087205761,150.6758874408336,177.4796919142257,181.08121633123946
692000,7.965520565180178,9.567240887787275,143.9919311761928,124.01664693808891,150.2865350726332,166.00685558801632,181.05196456549973
692400,26.26424853948133,14.272227028523698,80.37887203836888,124.76265778310957,115.05422588864901,166.5005922785036,181.4353241863038
692800,15.500771704626237,16.752753386408077,81.1502317566147,125.39086202264632,115.2638925535333,166.17170290706673,181.46033978639315
693200,5.698958735764542,14.010962298459926,13.433552364071335,101.02691148294585,115.22566813721642,166.18214385514392,181.41750680468158
693600,12.062075225903303,13.498314954191253,11.909681987641052,101.17492612110706,115.52164748124149,166.39594365458902,181.48719053974574
694000,15.843702476792126,15.073951336513645,12.320596112150302,101.76166446490853,115.5032924601902,166.336064679515,172.14725807330228
694400,42.355864611678,18.29227455095298,16.28225078973818,103.36860843543658,116.67960778842188,167.26268040444043,172.68402695325256
694800,14.007135750390606,17.99354736010585,17.373150373256806,102.88206245684755,88.04302547407421,166.97764958662563,158.97827416626484
695200,16.27221165058626,20.108197943070195,17.0595801207649,80.4402830071692,88.4718884336245,117.07637875461162,145.26949240841574
695600,2.2693083360367003,18.149644565096875,15.823979759643908,79.94727981874559,88.32166716791973,116.96291052053618,145.14854948330935
696000,12.600952613437826,17.501094592426018,16.28752296446967,80.13972707033125,88.1069389468825,116.78678204559233,136.062989063307
696400,13.008878439673886,11.631697358025193,14.961985954488927,47.67042899642891,88.16243384023602,90.031165905109,136.1928710137007
696800,34.09217218643295,15.64870464523366,16.821126002669597,48.98567887964216,89.20095001598742,90.65320091581738,136.3015875261873
697200,26.634774936555928,17.721217302427597,18.914707622748736,16.174129993410048,73.65617686288014,91.14792800859951,136.7286566086649
697600,23.57272236635289,21.981900108490834,20.065772336793696,15.987727162217386,74.13854152633594,91.65767869512956,137.12990939102997
698000,1.295697838645138,19.720849153532292,18.610971872978993,15.465783992564662,74.04476693426537,91.28021231338741,136.7910461182078
698400,278.3157739285117,72.78222825129986,42.20696280466236,29.244606797200287,82.98139322517854,98.061446542482,142.2515368844848
698800,8.462366061778058,67.65626702636888,41.65248583580111,29.512818104528968,82.47220358316541,76.44539056450594,141.9126168364607
699200,1861.091498156322,434.5476116703221,226.13441448637468,121.5969973035698,129.0049935002377,122.88751994681206,138.88798590096422
699600,9.406338536106702,431.7143349042728,226.8481175063817,121.3360486330128,128.91422571462428,122.95327975253524,138.9399519177053
700000,17.82464820448891,435.0201249774415,227.3704870654868,121.82900501497822,129.21664706871644,122.92282597653359,138.90352304957122
700400,1016.6938219346866,582.6957345786766,327.7389814149881,171.3504836847385,141.02661313594862,148.05657073392405,137.57272900708483
700800,19.168913623442474,584.8370440910095,326.24665555868904,171.53389078067931,141.40600443932445,148.46237640166285,137.77189184439172
701200,11.187061357226243,214.8561567311903,324.70188420075607,171.8082959117524,119.01671472919205,136.41760369734914,137.85871924703082
701600,40.73938121601408,221.12276526717181,326.41855008572213,173.24216121125795,119.46466813671898,137.2085436661825,138.60985297324808
702000,10.358063068577223,219.62944823998947,327.3247866087154,172.9678792408472,119.4187848646149,137.36477185287788,138.489127172453
702400,3.505882672262854,16.991860387504712,299.8437974830905,171.02538014387642,119.44433702583036,137.19699428965652,138.4179167306037
702800,18.124735698871312,16.78302480259048,300.8100344467998,171.23126014130048,119.94522355195258,137.05666129907402,121.31831934096472
703200,6.012878539787801,15.748188239102792,115.30217248514641,170.71829348576054,119.49872236409534,125.57928824646487,121.37045045447893
703600,21.659818612653364,11.932275718430647,116.52752049280107,171.6878189995914,119.7332059196089,125.81754940916849,121.66812790058839
704000,16.66142218140655,13.19294754099651,116.41119789049283,171.89084247798982,120.02306930681645,126.01528477416055,121.62050035932543
704400,38.41099681287497,20.173970369118933,18.582915378311665,173.16094839664987,120.42796091592957,110.4156886965394,122.16183966280158
704800,7.443858474949605,18.037794924334595,17.410409863462377,171.8285327110757,120.15939714160702,110.40710579535894,122.25198309402275
705200,548.810295581465,126.59727833267002,71.17273328588625,197.93730874332115,138.26310836979704,107.05571936836562,123.36862961505656
705600,16.05719451706247,125.47675351355186,68.70451461599109,197.56153235085662,138.39627901283566,106.77462975653702,123.50773785614423
706000,500.7019898801504,222.28486705330062,117.7389072971484,222.5318469529319,154.55822192628094,118.9988154727483,133.43959894173202
706400,5.672456541938844,215.73715899911335,117.95556468411601,208.89968108360327,153.33544165728964,119.07214394040177,133.34870836854842
706800,2.5380898735339263,214.7560052788302,116.39690010158225,208.60346727419105,152.95314012806108,119.05814268936001,132.92470905957566
707200,38.24767031886698,112.64348022631066,119.62037927949018,117.46127588231829,153.68565541700374,119.52913659294407,124.38750645306995
707600,19.679068847702915,113.36785509243873,119.42230430299514,117.97491239789811,154.26598076739265,119.65548051545548,124.53850038793384
708000,5.021835228312607,14.231824162071192,118.25834560768574,117.3347717490893,154.0133435212218,119.58188838203378,124.46389694086558
708400,60.09745727345337,25.1168243083741,120.42699165374358,69.50495351602764,155.5829628156811,120.42771860038309,112.41794928798025
708800,23.602283647847667,29.329663063236843,122.04283417103338,69.72662201724789,155.23329986439495,120.63025639896364,112.73425147049383
709200,939.163182859318,209.51276557132707,161.0781228988187,116.1254280923525,185.65091346182035,143.96686200205244,117.86020007445623
709600,3.304265007683078,206.23780480332312,159.80282994788075,114.25367228193595,184.97529821653134,143.74791674659693,117.38026979480577
710000,1306.1173391158447,466.4569055808295,240.3443648714502,179.0416360842993,228.46935292577135,176.00475766257327,143.2679253524887
710400,2.116058703891301,454.86062586691713,239.9887250876455,178.97214488588074,219.26269575161734,174.9987625148786,143.25546016985052
710800,6.244128071910328,451.3889947517297,240.35932890748313,178.3781145045327,219.18875448528843,174.8046873229166,143.31837993298464
711200,2.8364459301803224,264.1236473659021,236.81820646861442,178.21929287405231,157.2469194110837,174.46879317990644,142.98695056807813
711600,548.0273112650367,373.06825661737287,289.65303071034776,204.53766750667148,175.20095183538135,188.11274325313144,153.65499055443394
712000,495.8415107166624,211.01309093753633,338.7349982591828,228.4966719334343,191.1348472524538,200.19375720571207,163.4125103574636
712400,8.544674921063466,212.2988141809708,333.5797200239438,227.0033558388437,157.52987568533305,200.0821521177468,163.05811888509524
712800,29.41432782728191,216.93285413204512,334.16092444188723,228.1018793064603,157.87138949212766,199.965206008768,163.33639000754835
713200,2.185281889813788,216.80262132397178,240.4631343449368,200.77062862187776,157.57133017654726,199.3539686825995,163.26611647062933
713600,8.184100343706909,108.83397913970585,240.9511178785392,200.37697391320998,156.48615414747036,198.96925313203332,163.1885569729854
714000,3.672665231244012,10.400210042622152,110.7066504900791,175.52550768076463,156.26330755289257,199.0286773168483,162.94513622807443
714400,783.643850289528,165.42004511631507,188.8594296486428,214.4240773681441,182.26790647346806,211.6618792258737,177.77089594163144
714800,3.5739611408866576,160.251971779036,188.5924129555404,214.4758709315118,181.78288065486862,211.53966910285143,177.56223244944135
715200,6.96513248619257,161.20794189831173,189.0052816111416,212.91174403987807,181.81462245308208,165.18650996109818,177.37609086615348
715600,1474.4591396303538,454.46294975564115,281.64846444767335,285.65074757901056,230.24126648700545,201.81282998845435,206.81988749203984
716000,20.003298085882367,457.7290763265688,234.06464318459535,286.3998207218891,230.35266235048798,201.8672962354892,206.96793440148872
716400,3.5923915048352426,301.7187845696302,233.5694148429725,283.5745674334582,229.1920421735533,176.5397604747429,206.77960466279194
716800,2904.235264099143,881.8510451612816,521.0515084701586,427.60621645602293,325.7517556943597,248.66641923663542,264.1824665010461
717200,1137.6184895437618,1107.9817165727954,634.5948292355533,437.52898179024515,345.37869549310295,276.8272049412988,286.40214079319026
717600,7.715322419755397,814.6329531306758,634.5479514431582,437.7495346608487,345.10063308985934,276.00160347139234,286.0849927942583
718000,3.794971933825802,811.3912879002644,634.5601821134164,372.63341630174773,328.53706582498194,275.83752619302356,286.1349782761619
718400,173.5120919424252,845.3752279877824,573.5470062787061,381.20321796367443,334.13172033833143,280.0876814247776,284.0389046364402
718800,4.716781201712627,265.47153140829636,573.6612882847887,381.1268506201646,334.2043433826041,279.75248256234863,283.9639929392389
719200,4.219185745335378,38.79167064861106,573.3866936107031,381.1959876109223,333.0700605634864,279.7076402424874,246.8265466910192
719600,5.012788865664883,38.25116393779295,426.4420585342341,354.04526149095375,332.58118456408505,279.2914644988126,246.73867569761032
720000,2.513296230299967,37.99482879708779,424.6930583486759,329.37885076663565,332.4975665974847,278.937761350035,246.43244865812653
720400,13.579861645426188,6.008382737687991,425.69180536273495,329.6306101028537,330.9469800765504,278.31698297084876,226.37016945234132
720800,16.13728942649719,8.292484382644904,136.88200789547045,328.9667581828145,330.69814693583874,278.53431874463746,226.30953696840243
721200,1021.1674035160792,211.68212793679368,125.23689929270218,379.9158642641278,333.4316209577308,290.3432464430028,246.5091438115795
721600,8.069606109816878,212.29349138562407,125.27232766170832,379.9101395524333,333.5904656611353,290.14355673282165,245.85574830945555
722000,345.34274179509055,280.8593804985822,159.42710464783482,396.99364338062566,301.5646457504435,286.25957553069514,252.5554418839858
722400,9.560864939233587,280.0555811573437,143.03198194751565,358.2894941131109,301.81280595828815,286.3567857406275,252.67654152932522
722800,3.340125473823294,277.4961483668089,142.8943163747267,358.2778023297577,301.7160058716853,286.3768366306348,252.38084932482425
723200,4.868479001246139,74.23636346384228,142.95924570031778,358.1729696555104,301.7837403073875,285.54235684769424,252.35796133405344
723600,40.00795470624218,80.62403318312734,146.45876228437552,286.4504104093048,284.84976175542766,286.0505789941577,252.72492405592521
724000,50.683340741932405,21.692152972495702,151.27576673553875,287.98441254210735,270.01115608960333,287.1921166319982,253.40536242713574
724400,11.072851515484542,21.994550287745895,151.0250657225446,288.35843554263977,270.09542864275073,285.966501488049,252.85859952118793
724800,9.482428296713184,23.22301085232387,150.3595796095662,143.6207937525183,269.4310319917318,285.61350510427064,252.8993709176232
725200,11.622304886812048,24.573776029437052,49.405069746639484,87.32098451967082,269.74559942496506,262.424983154958,242.1556111037301
725600,1.5640516869300294,16.884995425574623,48.75451430435079,87.01342098302953,269.5249311364058,262.38147782193914,241.8657482471275
726000,259.65529555133975,58.67938638745609,40.185769679975714,99.80643716390524,278.057685480409,236.21992673282654,237.04481436055127
726400,6.325617054542445,57.72993949526766,39.8622448915066,91.44711341951111,252.14707770590945,236.32516569159284,237.05787757080336
726800,8.639590651409872,57.561371966207005,40.39219140926526,91.64325389199595,252.31593202292692,236.38505225608031,237.17990758636086
727200,39.051532862955206,63.04721756143563,43.810496795436165,93.38487124787694,253.38547870215234,237.2904294293997,237.19598483724266
727600,11.418836667723305,65.01817455759429,40.95158499158428,93.70517363797987,204.61746860339798,223.87521756446682,237.03078019364304
728000,5.472046826671505,14.18152481266065,36.43045560005818,93.85311116779846,204.1330935614243,211.61598096721704,237.0397844256102
728400,7.208377335606988,14.358076868873557,36.044008182070435,93.53453695230749,204.25362642245003,211.58257352758065,235.9820028268533
728800,496.5527297312482,111.94070468484122,84.75103832552392,117.55530896754503,123.99754194352019,223.26103357517982,245.4410117485213
729200,11.344612167639063,106.39932054577798,84.72326905360663,67.06416940012303,86.4550793643161,223.4900168321254,226.88464033468773
729600,13.984754627328266,106.91250413769896,85.96533934764645,67.3599268259986,86.66406043790185,223.635033189216,227.0982501270806
730000,40.49752454827431,113.91759968201954,64.0495622473399,52.117665963657785,87.88747885838347,224.55565467214174,201.7858538357292
730400,10.948893693508442,114.66570295359983,64.51188991123652,52.18706740137153,82.46870558341958,205.23828075724123,201.96251053552155
730800,25.845217926028845,20.524200592555967,66.2324526386984,53.312322023981814,83.17298680756348,205.79506217686975,202.35453233260392
731200,5.108433060105633,19.27696477104928,62.838142658413446,53.3243197269248,83.20262838472247,205.74864469121763,202.3999720752024
731600,7.51745874149153,17.983505593881937,62.44800486579027,51.699794928687254,83.28611738058335,169.07510266899607,191.5897750247315
732000,478.27866323315874,105.53973333085882,109.728666506439,73.07956105324857,99.14496294734532,180.53198679767797,191.23851807506145
732400,505.0844183465731,204.36683826147174,159.5162706075356,97.780139394803,115.52844817071689,193.06928746872143,201.16931294357164
732800,3.7139798891932014,199.94059065410462,110.2323956233301,97.49171697442699,115.11433785280674,120.55625536347267,200.65530598480984
733200,34.21128224234894,205.76116049055327,112.51906263080109,98.62116584220384,82.21580047701575,92.97107518093735,201.29582599186054
733600,16.19452862831747,207.4965744679185,112.74004003090002,99.3526896892732,82.48663122763243,93.1830553361514,201.45603455755278
734000,8.416586476619964,113.52415911661072,109.53194622373458,86.79075423553722,71.2557593836834,93.29859569972125,201.5509129824603
734400,7.375712672359593,13.982417981768018,109.1746281216197,86.84325901642808,71.1829209747876,89.14518621796961,186.02555023011692
734800,4.471799478436775,14.133981899616733,107.0372862768605,86.63486945777943,71.22064344160806,89.13906167488773,186.0435069968679
735200,9.445930828681476,9.180911616883238,107.47103605371808,85.15458935606574,71.37322516918924,89.26973030197138,186.09312296371772
735600,6.978334097496935,7.33767271071913,107.4171235893186,84.93256422755442,70.2722378155644,89.31886893276717,156.74350685306058
736000,916.116205968032,188.87759660900153,151.20087786280595,130.46477218462246,99.1199999897677,112.15894167621047,174.66576501070358
736400,4.819400810458368,188.3663342366213,101.17437610919447,130.34532335836502,98.9115516329335,111.93993015533627,174.69030519681604
736800,25.64494784265832,192.6009639094656,103.36747290454097,106.79993426393551,99.450302284465,112.1776216157403,117.11849887168633
737200,818.2921444785994,354.3702066394492,181.775559128166,147.14731087948354,126.33929693752458,107.10574013980332,110.73197197038309
737600,14.365310673956031,355.847601954741,181.5926373327299,147.16633868181492,126.76600557042545,107.26313275390677,110.8649717354671
738000,11.08148172750728,174.84065710663606,181.8591268578186,145.69553654077657,118.48021177629771,98.9066012522172,111.01070193134072
738400,3.408897751931738,174.55855649493074,181.46244536577584,145.31853674369773,118.38298779954401,98.75280207253466,107.60863804753086
738800,16.447198029016178,172.71900653220231,182.6599852208338,144.84863574884713,118.64324137879754,99.08047888641448,107.84324638407693
739200,529.0259823421176,114.86577410490595,234.6179903721774,171.04451321294772,134.97572302810298,112.18441646993627,118.33938231601257
739600,8.66432590463945,113.72557715104263,234.78658955289166,171.1018565711051,134.88390600266683,111.4008257498962,118.41241305679206
740000,948.8624124112928,301.2817632877997,238.0612101972177,194.6310440300118,166.3302515221542,133.8553025416302,137.33939538041193
740400,6.428608924825933,301.88570552237854,238.22213100865446,169.69825355892448,166.30425924179482,133.73919647686375,137.1963703259999
740800,21.664998200578147,302.92926555669095,237.82413604444642,170.5958044744937,150.47466819077252,134.04376072446036,137.30692450148155
741200,5.218934465467283,198.1678559813609,156.51681504313325,169.14618708564961,150.27047893403343,133.88367646392675,116.98795512046928
741600,14.607189676279928,199.356428735689,156.54100294336564,169.06682013804772,150.29122676899848,134.2097549136605,117.11870679179854
742000,770.1641291608751,163.61677208560545,232.4492676867024,207.1541972722605,174.61344692275188,146.9724757538989,125.61513453911427
742400,17.020253947109172,165.7351010900621,233.81040330622014,207.636424335998,174.8158255978719,147.23984167621305,125.76432231927176
742800,4.658625662867912,162.33382658252006,232.63154606960535,207.64576564521954,174.10960585576655,147.1403175514995,125.79069232305267
743200,650.928620757578,291.4757638409422,244.82180991115138,239.71990014166437,195.63694544568227,162.43724474886506,138.7118951581793
743600,9.805101742991608,290.5153462542845,244.93588749498653,239.86123852393908,195.71320021239896,162.39690137574678,138.1078380989143
744000,791.2729820618573,294.737116834481,229.17694446004302,233.61907732863034,206.14634417335554,182.04192475662643,152.9196309253128
744400,888.9180554917111,469.1166771434014,317.4258891167316,277.824010062693,218.94079874486016,204.08466671052904,170.4765350048373
744800,918.4327437623332,651.8715007632943,407.10266367290706,322.4633998586767,249.43142420729816,214.63166706130613,188.6555413141497
745200,1526.8991604130283,827.0656086943845,559.2706862676632,357.89375065539815,299.18768681298747,252.52053076744087,218.961078424674
745600,715.5674088593998,968.2180701176661,629.3667081859751,392.95385556467033,322.5001161540236,270.06009712324266,233.24114556812344
746000,992.5980550098524,1008.4830847072651,651.6101007708728,442.0296842287877,355.3061651051313,293.8626103847821,247.90000075729367
746400,10.158321222360083,832.7311378533948,650.923907498398,442.3671554023091,355.39891872346465,293.84284607300344,247.97665484065
746800,874.8938355826508,824.0233562174584,737.9474284903762,485.2894872799908,384.4129865936051,315.069061514419,265.30173973927486
747200,29.58878071992789,524.5612802788385,675.8134444866112,460.31762719888127,385.0844149233133,315.6810702059145,265.1124846964143
747600,21.372955011762237,385.72238950931086,676.9702298134882,460.95305865423745,385.5642356204555,316.0274576126713,265.31156706329506
748000,1009.7247656059828,389.147731628537,698.815408167901,463.99617631397194,388.6845209417205,329.31361017199185,285.3966214388813
748400,8.979919261341701,388.9120512363333,610.821594544864,464.1237418307977,388.82320489008333,316.91099769486107,285.43205227739605
748800,11.391690069392,216.21162213368152,520.1174891755697,463.61007642423846,388.34809629764106,317.10294044936603,275.7288314841589
749200,6.691267293703618,211.63211944843664,368.09669986363735,463.6836930656503,361.29473372481124,316.41494007564995,275.6357645866802
749600,6.369766176457697,208.63148168137576,297.17693559534314,463.27182189065917,361.02821557489466,316.16932101435344,275.48346481766276
750000,293.27466907469733,65.34146237511865,227.24459700182766,439.4273488863502,370.4346551531343,323.2907730793054,280.5390077081912
750400,504.532692218749,164.4520169666001,276.6820341014665,463.80297079993227,387.13878163536157,335.71969756796517,290.41068367869605
750800,9.72706265470397,164.11909148366252,190.16535680867182,464.05639264952396,386.9147771228845,335.8510791473718,290.0883205732696
751200,2.208385932247791,163.22251521137133,187.42731732990381,431.6203809082575,369.35419057588877,335.67014052496097,290.03031963071237
751600,5.337878283478072,163.0161376327754,185.8238096570754,431.3970197352818,369.2433089885168,335.6291291296105,289.9867280215521
752000,822.5706483682638,268.87533349148873,167.1083979333035,432.9619030506022,365.03358352041585,333.29049018961626,296.8725677242542
752400,2.9869999769588573,168.56619504313068,166.50910600486523,388.6653502748645,364.91886322215356,333.24468016877876,286.8306193568619
752800,465.3584303035748,259.6924685729049,211.90578002828352,366.01163460192663,379.7086442922535,344.2375172303017,296.0635083651496
753200,2.5272372085838084,259.75623882817206,211.48937701977152,289.7930384417044,379.6189210503573,323.8433945485513,295.4298274644743
753600,7.864926889207084,260.26164854931784,211.63889309104644,254.40791434319476,379.3941789574549,323.6808849539326,295.2632354296921
754000,5.784433877745589,96.9044056512142,182.8898695713513,205.06723328658944,353.9148557813506,323.54845875768854,295.2105923777146
754400,661.286416100242,228.56428887587086,198.56524195950058,237.62363803048356,375.39039451978834,339.99539671639633,308.2888064462722
754800,7.452442949526657,136.9830914050612,198.33777998898285,194.25156839882732,375.48352176267696,339.77052783940906,308.348419315694
755200,594.0476271573039,255.28716939480523,257.5217041114885,222.47451072069612,373.5874886426679,341.39606895978875,320.04045324226644
755600,4.04302593801072,254.52278920456598,257.39221887694174,221.60801426700854,373.3954194491685,341.280536460623,319.98174707907674
756000,3.796519167142937,254.1252062624454,175.51480595682966,171.31160194506654,347.1462040193446,317.6538891295193,301.73535334305893
756400,370.557281583609,195.9793793591188,212.27183411749465,189.39047006117988,329.86751155574126,326.7571059459888,309.05011095852194
756800,209.75884703546447,236.44066017630635,186.71187579068362,199.30882790948354,306.2450483315123,331.459452166861,312.73238894237807
757200,3.8512954130739705,118.40139382746038,186.84428161113266,199.16682931545205,255.47678616484717,331.42526119055117,296.44357196106756
757600,8.929106213195553,119.37860988249733,186.95069954353147,199.29479631728896,231.92217607664034,331.2833091039741,296.3348478718524
758000,3.4791118182871377,119.31512841272618,186.72016733758565,184.80501845446844,198.9515446369215,312.1161836704094,296.182800473668
758400,2.0396270121776827,45.61159749843992,120.79548842877921,159.68036519413988,198.68092149658207,311.741667997036,296.1554150588729
758800,3.339031928745782,4.3276344770961845,120.38414732670113,159.36096365784195,169.62909470811863,311.708678153683,295.8932517368675
759200,894.0335179457086,182.3640789836231,150.38273640554158,203.952220258515,198.44391928231133,317.78630058338626,303.1934024489393
759600,2.659521199360374,181.11016198085608,150.24438593167656,203.81830240430912,197.82013815523123,317.6076610697955,303.07330635483373
760000,4.324401973667015,181.27922001193207,150.29717421232897,162.9059900845793,164.30679270082067,297.93394656759074,284.1825461460812
760400,670.6756742123295,315.0064294519624,180.30901347520097,196.2904237963478,186.36331786585365,292.47788703560616,297.46748745183123
760800,3302.2461120793937,974.787845482092,489.55773997959386,338.13480788513874,296.05846526618706,352.0732212435327,363.07910972940755
761200,560.2450806370543,908.030158020361,545.197118501992,366.0207000565623,314.5102590442987,327.90686924913336,374.1796326528393
761600,162.72445781483268,940.0431453434555,560.5766536621556,373.7636766028436,319.72208209891124,314.0857954730192,377.1419780156104
762000,56.98679545051522,950.5756240388251,565.9274220253785,376.32379468148207,311.84581964477184,290.69551398403576,362.8784313414032
762400,21.144133048002868,820.66931580596,567.8378726289609,344.31668052887005,295.73286767241365,290.9701592796768,362.9609089234211
762800,30.97234834428421,166.41456305893797,570.6012042705148,345.492675798608,296.44104386206624,269.8721220987176,363.48718337704935
763200,8.84404091531339,56.134355114589766,482.08225656747527,316.23249648650847,296.6622323615018,269.3535036036023,350.6454917802041
763600,7.230419491066781,25.035547449836585,482.53934639664595,316.39186616416123,296.7253170684214,268.9999402155849,350.5939981351656
764000,6.739026177004898,14.98599359513452,482.7808088169798,316.5389915146543,269.5309296620461,243.92529672986046,334.9033190174685
764400,3.634651679902837,11.484097321514515,416.0767065637371,298.19286001946904,269.55251805214425,243.79166504032452,317.1976509412323
764800,11.900124369141972,7.669652526486066,87.04210779271192,288.2999238861529,254.43724118766315,243.80437589781826,299.06699855336853
765200,1077.3328741074904,221.36741916492147,138.75088713975552,341.97400282087375,290.26409575096005,270.5704160681629,290.0756728272578
765600,559.3785587513411,331.7970470169763,178.4162972334064,369.496475447781,308.64788347969784,284.395635882535,286.95189582509664
766000,8.856642672448952,332.2205703160651,173.60328195559973,369.7653519904891,308.7502904395213,277.28518522247884,267.2770675783485
766400,515.5612371691385,434.6058874139123,223.04499236771335,395.4414324983371,303.8927844751512,277.5608988462385,277.3851258972841
766800,6.574696646932219,433.54080186947033,220.60522719797808,395.6032157342464,303.8635262650647,277.4820896960442,260.0187431185697
767200,8.025435696268904,219.679314187226,220.5233666760737,351.3028116217744,284.3294532163635,277.62751594014475,259.5874762180966
767600,10.07223418939492,109.8180492748368,220.80754814590645,351.6734472712762,284.530426824743,277.7458748377927,259.3614618016492
768000,45.25673668897318,117.09806807814164,224.6593191971033,353.7200640070415,285.9124340754707,258.3130270458104,240.07210122330903
768400,276.4699419759891,69.27980903951176,251.942848226712,334.0097773952245,282.7761894218833,265.15010059578617,245.42190167760197
768800,1073.0384958212092,282.57256887436716,358.05668537191866,222.54939658231524,311.5521777147415,280.342102233727,266.6548377926383
769200,8.899133703144216,282.7473084757422,251.21331133148405,194.98209923561973,311.7204389910772,280.50139964609104,266.69899512082713
769600,6.813482899714315,282.0955582178061,195.95680374632136,187.18655048986383,311.64991821396114,280.4751135463537,266.70786945529227
770000,8.439039354264347,274.7320187508643,195.91504341450292,184.7591626850513,311.815249131827,280.5414786832667,261.0111568608836
770400,3.4888867246388893,220.13580770059428,144.70780837005296,183.87640036888308,311.8635577889091,264.0965404488766,250.99028075100142
770800,9.920246963426427,7.51215792903773,145.04236340170237,182.82379529984019,312.08293162339845,264.1582355492241,250.99414443717586
771200,3.771749352152132,6.486681058839314,144.6169947672907,182.57018072168214,282.4075393369465,249.40133860409532,251.02541170557393
771600,4.900884334849533,6.104161345866356,144.09985978183616,182.45370396387125,282.48225144146284,249.42278506401627,251.01667182660137
772000,22.38748709031109,8.893850893075705,141.81293482196992,183.23612700953657,283.0843542786843,249.88755926209546,235.01300860104232
772400,700.7334033246368,148.3427542130753,184.23928095683473,218.0910645917733,284.08627858242795,258.1419623056212,248.9679366679959
772800,685.081908766826,283.3750865737552,145.4436222513964,251.7501538116575,196.84747180534228,270.0250388489052,253.3624062372609
773200,47.66760077779403,292.15425685888357,149.3204689588614,200.26689014517268,179.76155581003366,271.1204464830232,254.2652135086451
773600,2.836274798444846,291.74133495160265,148.92274814873443,172.43977594752783,174.43194970948738,270.96812569765444,254.16464046682984
774000,9.343272213764456,289.13249197629335,149.01317143468447,172.46410742459364,172.84383226826236,271.1147297075414,254.23581723355022
774400,5.434242581423758,150.0726598276507,149.20770702036293,146.9577576952079,172.3201692527097,271.19959509677255,241.1187737631739
774800,521.3677707733907,117.32983222896364,200.35245940135937,172.69741140153081,188.66668333367994,284.1503135678887,251.39708031965114
775200,42.06684765604789,116.20968160461442,204.18196923174892,174.39948199951976,189.77411022503776,262.85114681064715,240.357464729626
775600,370.1917842327276,189.68078349147098,240.71105922153674,192.40545950168638,201.8728223830931,272.03945338648134,247.6804398955204
776000,9.912765635837758,189.79468217588564,239.46358707608942,190.63826094902964,201.97861369838753,272.1791624780356,247.80276482489427
776400,2.554883642552837,189.21881038811145,169.645735107881,176.9425080323578,201.94262143047587,255.4761427137912,240.44271686607314
776800,402.1747903865077,165.38021431073486,141.35502326984917,143.39932276062274,214.95177696438805,182.97435967146902,244.29103573309402
777200,49.820169384445286,166.93087865641434,141.5702801305143,145.4453745446878,180.7013534736199,170.2137368901538,245.21041321252142
777600,495.4758453617502,191.98769088221883,190.83423718684486,169.8784926677896,178.57126302730018,178.53252157882673,254.9413479954925
778000,66.2370867069796,203.25255509644722,196.52361863616633,172.76839503542536,180.48394449511787,178.76377886023835,256.1965074932664
778400,695.8885460707461,341.9192875820859,265.5690489850986,207.38837800273072,186.4948547918381,195.63238918580691,270.0734858744378
778800,14.098970126343149,264.30412353005295,214.84216892039382,207.59731416087658,186.7456639078185,195.2105547303584,270.28868463838967
779200,49.31359253531695,264.2028081602273,215.56684340832075,209.87440632003478,188.1219358024534,196.22229352085847,253.39428613018183
779600,24.144322170089627,169.9365035218952,180.96209720205695,210.83657821179682,188.59100540180992,196.64514108783405,253.82398214959642
780000,23.03618555128581,161.29632329075642,182.27443919360175,210.86901313484555,187.85032036388702,197.0525700721911,254.1982178211488
780400,1.1969637124270451,22.358006819092605,182.13864720058916,175.89219115423504,178.67455442176828,196.9916278730042,240.80864361115076
780800,33.13024634347286,26.16426206251855,145.2341927962857,143.2946080330674,144.01094610584374,197.52238092236246,175.42632629643234
781200,3.94390249222492,17.09032405390014,140.64656610706365,141.10842311878895,143.8457717321464,170.68765663198081,164.30030273353574
781600,3.151238299223555,12.89170727972693,91.41410540081098,141.12417129382786,143.72369691213007,156.7819736206779,161.10883834322357
782000,12.608455913295009,10.806161352128768,86.05124232144252,141.2874304788044,143.86267746409777,156.87576895169906,160.22127155247918
782400,9.278880964156494,12.422544802474658,17.390275810783564,141.479662397941,144.05567727208168,144.21871004657447,159.98396651080225
782800,498.1777110020527,105.43203773419063,65.79814989835452,140.32015940937416,160.3309260733692,156.5087854054525,169.3280737639576
783200,13.270851540142004,107.29742754377405,62.19387579883703,138.88035960357882,160.64756281296886,156.63992080154932,169.4166099764542
783600,405.95682498991175,187.85854488191168,100.37512608081924,140.66861164143805,174.0160941681376,166.53703557156226,177.39113808643108
784000,3.591437336120399,186.05514116647674,98.4306512593027,140.35254522645218,173.38955917633126,165.49540308774093,177.32818630961341
784400,10.098340160076688,186.2190330056608,99.32078890406765,140.72971805232837,150.36839040417925,158.83611304234313,177.4574600792169
784800,1093.660020243974,305.315494854045,205.3737662941178,175.30397954520168,163.98766078675087,159.35165115291224,199.09265799671354
785200,5.560342516147238,303.77339304924607,205.53541029651,173.0909882017868,162.58408551136262,159.26818137323733,177.65720736488666
785600,11.739893684691372,224.93000678820198,206.39427583505682,148.90419061793384,162.88087280757085,159.39134164286173,166.70443406355366
786000,16.975352854459242,227.60678989186977,206.83096552917323,146.44110392530783,163.13527549559402,159.6047494803666,166.86680826719387
786400,6.235136043295997,226.83414906851363,206.5265910370872,111.95843342393532,163.16197194432308,159.673405713333,156.68028624467703
786800,33.39221290924599,14.780587601568016,160.0480412278065,112.92309556308047,146.89612001551825,160.2602048619785,157.2166365699233
787200,13.322215313262058,16.332962160990977,160.05317760511852,111.12352670197772,145.93796560409206,160.49896651100627,157.32257216226316
787600,2.325839981813549,14.450151420415413,119.6900791043087,110.0326025925639,133.67576746239493,160.4345904021804,157.16764427811154
788000,3.825662890815748,11.820213427686713,119.71350165977822,109.07207645954043,133.47286403756087,159.97054479719299,156.33902280214838
788400,2.3289172975313788,11.03896967853379,118.93655937352369,109.12867413879562,133.46533182606015,142.51043264651534,150.85620230857924
788800,953.7103480768473,195.10259671205404,104.94159215681103,155.15767922546434,151.84985041573816,149.2261436292659,148.469639353692
789200,180.0515409985285,228.44846184910733,122.39071200504914,163.96306115077954,156.19089613620756,152.53574213478424,151.89268749959967
789600,1206.504096737786,469.28411320030193,241.86713231035864,224.13070407270766,179.8918378487421,182.62743768326777,175.88649977636112
790000,477.1307858753036,563.9451377971994,287.88267561244305,247.35682057080808,193.58829448768626,194.32212552480627,185.26033470678186
790400,31.60574272790569,569.8005028832742,290.41973628090403,248.4731636589955,171.44553437625822,194.9764130284683,185.82267182684723
790800,6.557853482436929,380.3700039643922,287.7363003382231,223.89217078301476,171.19416382146136,182.10616509619447,185.75542395722744
791200,5.118692922805211,345.3834343492475,286.91594809917746,223.48456285214792,169.7210005010443,181.1824612278634,185.78236282864052
791600,1435.9472592220525,391.2720668461008,430.27809002320134,274.98408456375495,216.78109840277642,207.8263481025965,214.40329032638456
792000,28.97675750545118,301.6412611721303,432.7931994846649,276.2533505722215,216.97911746791524,208.30294789933686,214.53507573468738
792400,760.7555214127602,447.47121690910126,508.63585989618775,313.7862096348557,242.29773605792633,227.25796384359205,215.73551809644985
792800,3.921855548307098,446.94401732227533,413.6570106433338,259.2993014000723,241.3241230314208,217.30164047263708,202.11231703207943
793200,4.081305928798362,446.7365399234739,396.05998713636075,259.2253495707049,241.32870314597326,216.15816888624585,201.24059113509958
793600,9.535555915061376,161.4541992620757,276.3631330540882,259.11513268222336,241.54151373316787,204.0096616500786,201.37457675743187
794000,8.671863450581617,157.39322045110177,229.51724081161606,258.69995821202946,241.41029398441074,202.57053106866869,201.3611485821682
794400,5.935809336556905,6.429278035861117,226.95024747248118,258.68499187669255,241.29885826349076,185.32171265031394,201.3711799172709
794800,724.2523070681438,150.49536833982845,298.7196928310518,293.2279965846374,248.83467813236047,203.07554607385896,205.42887064316594
795200,34.09749269011824,156.49860569209244,301.6175728077832,294.26676045348023,249.52889950402636,202.695143577729,205.26948354384734
795600,1428.835640372206,440.35862258352137,300.9064109227985,365.59225047299986,283.62486001676945,237.8124265327819,226.44236066663692
796000,2.9322274132186568,439.2106953760488,298.3019579135752,365.54757869912,283.6028863526727,237.30982757933026,226.3027499021845
796400,2866.6566551303144,1011.3548645348003,508.8920712853307,508.7639655907591,378.82149685168065,308.9463198647774,283.58478533193977
796800,7.251794286664911,867.9547619785046,509.2250651591664,461.44103790125,342.6078893197704,308.2993585633572,275.6863254099429
797200,28.922904273383587,866.9198442951576,511.70922499362496,453.88460606499285,343.3866413783449,308.9238336078862,275.26838010772167
797600,6.0292050479620265,582.3585572303087,511.35858990691503,393.86086148050157,343.1962850904539,308.99578277660464,265.47944730144593
798000,31.72659893709125,588.1174315350834,513.664063455566,371.590652133591,343.6879932932083,309.4737363521996,264.7892375460482
798400,5.548923658386763,15.8958852406978,513.625374887749,370.287811180115,343.66511954704475,309.3804874195553,250.98244509780096
798800,1722.8575575950456,359.01703790237394,613.4858999404391,456.1027963857455,399.98063103657137,339.9974835843801,285.157616847175
799200,708.5505783160083,494.94257271089884,680.9312085030282,491.2743906554057,423.15490980332953,357.3794767537768,298.34235656278884
799600,3433.120461713549,1180.3608240440162,881.3596906371624,591.1330507799805,537.5147305277208,433.0585676718677,366.521879353658
800000,7.668542462377871,1175.5492127490736,881.8333221420784,590.0676400278269,537.6428265134394,433.1604953000242,366.2145264918799
800400,253.00971984543608,1225.0413719864835,620.4686286135906,564.6803499494606,545.9988532650364,439.2332797921581,371.25078161454
800800,1515.800331092623,1183.6299266859992,771.3234822941864,640.2742737266764,564.7351860322289,449.7867875633744,400.9041833095231
801200,7.243818814938076,1043.3685747857849,769.1555737483418,640.4323993709834,558.9749286261091,449.82887447084414,400.97018163597727
801600,4.07769490075672,357.56002142322643,768.9604227336213,640.1595063202682,518.8940485648749,449.6373195012458,400.98871076800793
802000,11.227069042750596,358.27172673930096,766.9104697441873,640.2872665998766,503.3639246704564,449.49361240595306,400.96108303059714
802400,16.315961987733132,310.93297516776033,767.9871735771219,640.8062742324354,502.85426531245065,449.74563305456405,401.1018246510686
802800,6.866744840947335,9.146257917425217,596.388092301712,604.9369961210756,502.8645616910677,449.08249635285654,391.27560532784656
803200,16.548509529289714,11.007196060295545,527.1878854230401,604.0595469630341,503.24555557795054,449.16315370825725,391.3411584876295
803600,807.0030854631588,171.59227417277594,264.57614779800116,572.9679192175818,482.2807497859874,469.2800848452909,399.3620836970944
804000,11.471187448874128,171.64109785400066,264.95641229665074,573.3948672193645,481.69723078410146,469.47122295924237,399.51967869934947
804400,17.723479496961954,171.92260135584644,241.42778826180339,430.94820843769696,456.92949605357484,469.8560870142281,399.67218148608714
804800,7.0051022045227045,171.95027282856148,90.54826537299331,430.9358738335898,457.03227094211536,446.1884558674199,377.9390831252981
805200,6.302586638358809,169.90108825037532,90.45414215533539,429.8048579518386,457.1063136324341,441.84473200841575,377.95392800774243
805600,8.401111096378589,10.180693377019283,90.88648377489758,429.9234532542594,457.06849880514466,411.8921573673805,377.8871523559761
806000,2.6907690499819497,8.424609697240848,90.03285377562071,428.47166175990395,456.86912899179134,400.0311569467475,377.6014606798866
806400,10.931589762081671,7.066231750264791,89.49441655305556,428.7407950650887,457.03565500597546,399.5143031226019,377.6953897542623
806800,1585.0750912633323,322.68022956202674,247.31525119529405,421.851671748503,485.7297478124818,438.9772340671243,408.72904732134407
807200,19.508553096452783,325.32142285364546,247.6112555520104,387.39957048752524,485.2434498260263,439.3369805714654,408.85277407700784
807600,649.2550371737443,453.49220806911865,231.83645072306894,248.20629926053502,459.2574297194108,419.6696750202577,421.7913580208465
808000,12.483597917872066,455.4507738426966,231.9376917699687,248.44705203330972,459.57580873623266,419.25734603056827,421.9645167213876
808400,13.17734373877718,455.8999246380358,231.48307819415027,236.4554332279768,364.45983168984804,400.5678915887187,422.1814852502125
808800,6.738322429013926,140.2325708711721,231.45640021659938,161.00233279479633,364.44271596125964,400.63830326073634,403.2420447372558
809200,3.6100211472824055,137.05286448133802,231.18714366749174,160.82064291141353,363.5989531903897,400.62652114119845,399.71321434023093
809600,22.19973098566029,11.641803243721219,232.5670056564199,161.72674471565873,364.1379707216463,400.9431255179635,376.0271270251884
810000,29.76011662403136,15.097106984953077,235.27394041382482,162.65339709472275,364.0724213112109,401.4703318472997,367.07971364016294
810400,3.0462277858257525,13.070883794362791,234.48540421619924,161.9899103846274,363.9889981154589,401.39809230853143,366.5085233413214
810800,11.42630321300032,14.008479951160073,77.12052541116604,162.21788830323004,306.9412896360574,383.57744221215285,366.60589233593265
811200,5.3214091683111,14.350757555365812,75.70181101835188,161.6565332851811,283.50031733113417,382.8580401241077,366.60994666084275
811600,4.945777992745203,10.899966956782794,11.270885100251961,121.55366791166043,169.227827873774,347.26079356462117,337.9899170362566
812000,9.244349775512106,6.796813587078941,10.946960286015965,121.44232602799234,169.28035478421182,347.41859662367847,337.59526888165783
812400,7.433717875119776,7.6743116049377464,10.372597699650225,120.92783794690021,161.09448805186793,275.9380231922986,322.528832810905
812800,6.225821514566376,6.634215265250958,10.321347608205468,120.88887391240239,110.77533773259938,275.91237387299617,322.57491213023025
813200,8.092063614920828,7.188346154572903,10.769551854969311,120.9783477612305,110.80361255926547,275.3916028565346,322.65512728395265
813600,17.46536735053466,9.692264026130795,10.29611549145675,121.4315605739383,111.24986830759141,275.6775069140989,322.81372351266214
814000,5.190146049985223,8.881423281025418,7.839118434052135,121.55652942393844,111.04863754116589,275.0140955919212,322.7440891646502
814400,4.395471638261915,8.273774033653847,7.974042819295751,121.22972351774749,110.6512878628502,274.9852592914181,322.71328241068426
814800,22.069809861898204,11.442571703120212,9.038393484185539,43.079459447675774,111.15805669688189,232.46556559808943,308.6696324665594
815200,7.492264219294056,11.322611823994857,9.255478989283834,42.47864500381783,110.85618185321535,214.93910774567158,308.1375278971429
815600,13.22429205772244,10.474396765432413,10.083330395781559,10.677107748016736,84.39688873970083,129.4417035042759,279.8253009308532
816000,7.015559565706804,10.83947946857673,9.860451374801027,10.403705830408473,84.24836781026191,129.42537893185914,279.906967573903
816400,7.337550489920725,11.42789523890849,9.850834636281125,10.11171616796565,83.90217017669387,123.28357469797122,222.7205854810951
816800,5.994404619510529,8.212814190430956,9.827692946775539,10.074520277490482,83.86848025719345,85.53842653614342,222.69543768775202
817200,9.611989828082072,8.636759312188559,9.979685568091664,10.374618711530463,83.97879369685091,85.59763081147203,222.30921939884595
817600,5.471125789247748,7.086126058493621,8.780261411962972,9.538188451709837,83.88112751994655,85.6324665836843,222.2980578136717
818000,11.794073873629898,8.04182892007824,9.44065419432744,8.639886314189763,84.18457101406813,85.64664170445629,221.89940731240247
818400,4.429813034419346,7.460281428977963,9.444088333943181,8.709065576619443,83.96784512314608,85.34948798062344,221.87702509992312
818800,661.5376755854439,138.56893562216464,73.39087490629775,41.21463419524163,53.18326460054978,101.71626124923584,200.6506274597311
819200,7.325474610484151,138.11163257864507,73.37419594541677,41.31483746735027,52.77716198435083,101.4856853762657,186.62612538562058
819600,280.8861463143816,193.19463668367183,100.14038137108268,55.1118558834321,40.498198955705405,88.33276189754629,123.58143907763726
820000,8.244918456165896,192.48480560017904,100.2633172601286,55.06188431746479,40.356909640315195,88.25210517272858,123.59296659751303
820400,4.620873171892667,192.5230176276737,99.99164952832578,54.921242082303436,40.07169395475238,87.92454001460185,118.62518966404215
820800,11.07061518547862,62.42960554768064,100.49927058492258,55.16348176584904,40.2161037133012,88.02617783912574,88.53059534589926
821200,8.702344132650756,62.70497945211396,100.40830601537945,55.19399579173554,40.38584781281348,88.08617177648304,88.55976585225352
821600,7.723224198933643,8.072395029024362,100.63351585634805,54.70688863415548,39.903297586589254,88.06922460404692,88.63267643821705
822000,20.012975786336032,10.426006495058388,101.45540604761867,55.44803012097303,39.578392891999414,88.50227977245576,88.80839457308875
822400,11.183940855820971,11.738620031844048,102.13081882975882,55.78745358185098,39.84964999433259,88.50858854979926,88.70575415045052
822800,4.049437298974656,10.334384454543258,36.3819950011119,54.88643495370481,39.603754463865066,48.98294720069031,88.64940799961107
823200,7.389676351913925,10.07185089839589,36.38841517525488,54.8813055603358,39.67269670331849,48.67997528207684,88.46623133606356
823600,6.867169435657838,9.90063994574073,8.9865174873825,54.56344942923256,39.736743084748916,32.62027858862468,72.46351301551353
824000,6.850605050552343,7.268165798583992,8.847086146821145,54.55520170347485,39.65695159391692,32.47945376694169,72.3711013675471
824400,5.825505673757228,6.196478762171243,8.967549397007602,54.47959946266667,39.60334452053817,32.29565781531618,72.133141891083
824800,4.3979666813110745,6.266184638638527,8.300284546590847,54.3997775657567,39.542416026096326,32.237148921623614,72.08099918061876
825200,7.831720443528385,6.354593456961419,8.21322217767861,54.31076409652901,39.533737920383246,32.342691404029765,72.11158185672215
825600,4.070784623332597,5.795316494496371,7.847978220118506,54.24074703823326,39.08725182947651,31.889467744971576,72.02497532726123
826000,31.31531317707126,10.688258119800155,8.978211959192027,55.21680900340532,39.958090733712716,31.92834765879757,72.59746620980302
826400,13.233081443543824,12.169773273757475,9.183126017964312,55.656972423861546,40.25267772722211,32.18301900024052,72.64349604343226
826800,4.156365827043461,12.121453102903951,9.193818870771192,22.787906935941518,39.655562926060284,32.0012705655916,41.025121534706486
827200,5.022695378919677,11.55964808998221,8.957120773471768,22.672767974363296,39.57324396471448,31.993802720856813,40.735404380355824
827600,10.398203940284247,12.825131953372539,9.310224223934409,9.148370855658426,39.479041027466536,32.13011336954529,27.95826771568662
828000,8.170282330579877,8.196125784074264,9.442191951937163,9.144639049379126,39.517531786295635,32.10326168342199,27.872001403940782
828400,10.460545648201338,7.641618625005765,9.905695949381574,9.43662267319456,39.62163162490499,32.17893237774903,27.817665442129265
828800,11.204776433300976,9.051300746257269,10.586376924580565,9.443330735585677,39.795310685364676,32.30340625071739,27.906994522215
829200,41.92573354692821,16.431908379858974,13.995778234920547,11.10450020629955,40.87243547599287,33.149247999017575,28.673308770207917
829600,321.5904543649839,78.67035846479891,45.74774520908568,26.79786171460206,51.409746428517415,40.7523751743788,34.66112323779439
830000,2.6619188294036675,77.56868576456365,42.88240577431891,25.930308866755446,51.10534126037654,40.68916949386426,34.11915928190184
830400,8.51953526548726,77.18048368802084,42.41105115651327,25.797088587238754,51.24166533474547,40.7922710845449,34.22862543149507
830800,20.018427348370142,78.94321387103467,43.99725730864593,26.595538089708533,29.857690393509678,40.740986521706695,34.400467914202466
831200,8.28842083888288,72.21575132942561,44.32382985464225,26.640475314056978,29.889788601122966,40.760890437196416,34.459808147613906
831600,24.302347184445544,12.758129893317944,45.71424417905838,27.512234201496362,21.336995296791763,41.0378418153645,34.84693953144791
832000,7.936765352821205,13.813099198001453,45.69089248128252,27.56654221660981,21.326723526680272,41.06087196004235,34.82078784299409
832400,17.055059456324447,15.520204036168888,46.35034386209482,28.12801990573817,21.741196402828,41.30380968420245,35.01321467461818
832800,23.762337791828216,16.268986124860504,47.60609999794755,29.096238461264022,22.164253823039655,41.748008013510386,35.36394500016342
833200,18.32342324263021,18.275986605609965,45.24586896751775,29.620823601219122,22.48495646003897,41.9657938488741,35.56857219271761
833600,6.260964815566897,14.66771013183424,13.712920012576053,29.730332610830835,22.43621448059341,41.985539824532076,35.34448414201825
834000,223.7500452721805,57.8303661157061,35.82173265685374,39.35206921558629,29.227450130121557,47.284439109495835,39.715682126462156
834400,24.290296503669072,59.27741352517503,37.398808780671914,39.904929968592555,29.664328651716495,47.78095119622708,40.1135786237703
834800,2.6033751362723927,55.04562099406387,35.657303559462136,39.827280434054,29.61612657962642,31.30759368499779,39.72424992925779
835200,14.7957174017787,54.34007982589357,36.30803321575172,40.31593153519695,29.86299461462191,31.494349754780153,39.87031899290748
835600,10.972977788270796,55.282482420434334,34.97509627613425,40.34467022759628,29.999854893042347,24.746520541627383,39.82529270751845
836000,13.42486658775408,13.21744668354906,35.523906399627535,40.60739944045499,30.218996944282406,24.87601924491709,39.95347884795939
836400,5.096571864088324,9.37870175563291,34.32805764040392,40.339200751249344,30.19469915062677,24.887911712221978,39.908659275442744
836800,11.830670233796807,11.224160775137793,33.13489088460078,40.37049544127414,30.442455935709628,24.906913088429935,40.02538458772847
837200,1003.3682205153348,208.938661397849,131.63937061187124,88.44261978969446,63.62700593810317,49.77355999799703,59.900509201473525
837600,1203.1428370066003,447.3726332415149,251.32755783097454,132.52023892177527,103.59607435087877,79.6590503181887,83.85394342582057
838000,169.29191271558693,478.5460424670815,245.88174457531522,140.85173861608445,108.19529433549596,83.39102374141997,87.00390020265972
838400,630.0688260668287,603.5404933076295,306.4595975316312,171.92920315615152,128.7564858229388,98.86314587169515,99.51668046330789
838800,21.84849725066912,605.544058711004,308.38410974307084,172.02070665126647,129.34622353705964,99.30812237048752,86.7228968966124
839200,12.663770585188832,407.4031687249748,308.17091506141185,172.23947413858176,129.6009260439353,99.43997472631939,86.8296628161065
839600,70.25490857528918,180.8255830387126,314.0991081401137,174.53710220812394,131.59614953176876,101.02466820481018,82.61703806132464
840000,128.110202034536,172.5892409025024,325.5676416847919,180.5457740422097,135.594146855234,104.05615812940978,85.01434373289204
840400,2.8286998900592595,47.14121566714852,325.340854487389,179.83445606389643,135.33975199662925,103.98123798481734,84.97850026725537
840800,821.9487816701613,207.16127255104698,406.3526656310254,219.74377825781306,162.36455217119126,124.42000835953858,101.19606359694903
841200,7.269937365013552,206.08250590701192,306.7428373159933,219.19110396393225,161.20935896512745,124.4059637825757,101.16741546159628
841600,300.2447913675731,252.0804824654687,216.45303275209062,233.8902952915326,160.49783686521374,131.8103139511817,107.01784680496908
842000,24.53844065782652,231.36613019012674,201.97768554631458,223.92971506081486,161.2270542594945,131.64089213820063,107.10835610239889
842400,11.445600670773064,233.08951034626952,140.115363006709,223.28748026917006,161.32458977300402,131.59620511888133,107.11358929869793
842800,587.3826860072377,186.1762912136848,196.66878188236586,252.52644581271835,180.23673172829962,146.1768631233862,118.78025427286319
843200,5.048713029618498,185.7320463466058,195.90727612680882,252.0390955941103,180.1287414679908,146.17751356465365,118.73343500641728
843600,22.626440788880327,130.20837623086726,191.14442934816793,252.6217687441408,180.07287792147196,146.48321948586857,119.04862043348174
844000,21.77557711563869,129.6558035224297,180.5109668562782,253.039304270535,180.5341716468992,146.82335185549502,119.34711987478346
844400,1499.4306413277368,427.2528116538224,330.17116100004597,327.7560077437174,229.94669104261297,184.04760424748343,149.21922258786304
844800,12.505956222008187,312.27746569677646,249.22687845523063,327.789772043128,229.57147832361898,184.0801337422011,149.381382378677
845200,16.644634885052945,314.5966500678634,250.1643482072346,278.45359276161395,229.51551871169974,183.4481062756542,149.55764066750748
845600,8.38375472703451,311.74811285549424,220.97824454318075,218.71563864763567,229.58627837541528,175.6179387847055,149.64390006958152
846000,11.559261293322328,309.704849691031,219.68032660673035,210.8290060765224,222.5132522427867,175.84037234630347,149.24877903190654
846400,27.031875668478214,15.225096559179235,221.23895410650078,180.6771585566049,222.60463821494702,176.30318085637822,149.52475491640524
846800,17.944283142527276,16.312761943283057,164.29511382002977,180.4819478511978,223.1160018151555,176.25132725123214,149.80051326271493
847200,6.417937981192315,14.26742256251093,164.43203631518716,180.16965622099798,222.83674250113597,176.20456517978988,149.82841811476038
847600,13.726474018466638,15.335966420797353,163.5420396381458,177.34323449315684,222.92852570880913,175.9401683506404,149.894983516324
848000,68.45421783862845,26.714957729858575,168.20990371044476,174.36043528336145,224.76283741717162,177.45310466278562,151.10066222648499
848400,60.18303600454252,33.34518979707144,24.285143178125338,177.22815208908565,226.59905288852008,178.53130407649104,152.0951120336118
848800,14.894245407014624,32.73518224996891,24.523972096625982,136.87542527592828,226.7011720609607,178.3096017668707,152.16890141308608
849200,21.59044743481976,35.769684140694395,25.018553351602666,137.5914507794186,193.9752462916102,178.39127737167547,151.7621956908439
849600,28.79100348119504,38.78259003324008,27.059278227018716,124.0187613850997,154.83018517409667,178.95452833831615,145.90620667316813
850000,624.2281622071855,149.9373789069515,88.32616831840502,154.00324746256766,169.99472682381662,188.96648126169129,158.33753154072377
850400,2.051804151959789,138.31113253643497,85.82816116675318,153.533557636627,149.060826093321,188.41051895289854,158.20817691845323
850800,891.2500158227994,313.5822866195919,173.1587344347804,168.72692412740508,178.04087671239205,210.62668497006175,175.6328086879418
851200,1087.7263560801105,526.8094683486501,281.2895762446722,222.8608062799297,213.8762962288894,237.44995093702,197.22156739276636
851600,5.744738974996196,522.2002154474102,280.4914027403252,222.01672118923548,211.72595724221298,237.31924496668813,196.85041522857736
852000,303.2060478069315,457.99579256735944,303.96658573715547,236.0882447238001,217.56248543462615,244.5637744971676,202.7558008776596
852400,17.84828454841966,461.15508864665145,299.7331105915432,162.00912688483427,218.0631382565715,244.88256731427586,202.7716653795015
852800,3.5101301908805995,283.6071115202677,298.5946990699298,161.55933558327786,190.78184987392882,244.67455381320298,202.36662122748254
853200,9.823184856768542,68.02647727559926,297.4179728121247,161.21826308186365,190.86695812365397,219.8359279217388,202.1966164597653
853600,435.6803825297309,154.0136059865462,338.10691071697823,182.58309447199846,195.38147782905924,200.6493665598171,210.7850048140486
854000,415.4057641295114,176.45354925106216,317.22467090921083,202.77541961380794,208.41038861144872,206.8022128451652,214.6181191911952
854400,13.062725173451522,175.49643737606854,318.32576301136,202.0769620890566,208.46429276153802,191.37706032283077,214.39356776459084
854800,21.254551049028645,179.04532154769814,231.32621653398292,202.24247548438166,189.59335492959772,191.36221166778975,214.76659128284598
855200,34.209207430102694,183.92252606236497,125.97450166898216,203.6320389568272,190.56537140961385,191.9008475889126,215.15486108341244
855600,11.221188107613376,99.03068717794147,126.52214658224389,203.5067746612845,190.1851963202383,190.4250045772207,215.1598252897993
856000,8.140880236132542,17.577710399265708,97.01562982516398,200.49110778115974,189.73070642425472,187.42577153226063,215.05414556276685
856400,594.8000321527664,133.9251717951287,154.71080458559868,227.22195758857092,159.57635278508909,202.22505483882827,226.84821476854043
856800,607.2608203682576,251.12642565897448,215.08587360333635,256.8402863366331,179.40151492329738,196.8578558062807,238.75681777122966
857200,333.3466186968225,310.9539079123184,247.43821698734178,272.4280948997332,189.95824771702303,205.00977283957596,225.3563857348594
857600,348.5057694683787,378.4108241844715,238.72075568120653,288.4138331990924,201.29564820840116,206.21629729209607,208.263644384095
858000,521.978150951549,481.17827832755484,249.3779943634103,283.3013326363106,218.3096111970087,218.65229004943913,215.3173691488142
858400,36.26872959017581,369.4720178150366,251.6985948050827,285.01217890822136,218.61750632773197,219.2728682724242,203.44136721928118
858800,8.854489680786484,249.7907516775424,250.45858866825853,240.8924026011207,218.3145132123406,204.80966336426292,203.1814870678835
859200,58.05264993308222,194.7319579247944,252.84293291855647,189.40871729376929,220.03567027740363,206.1347617868495,204.08926465484134
859600,21.24182018372112,129.2791680678629,253.84499612616725,190.18357135420553,220.28618181624543,206.1001462717205,203.10900288700998
860000,22.803740935286694,29.444286064610445,255.3112821960827,176.1634560106233,218.7644992528007,206.1258503672117,201.00287366502505
860400,1161.4972542402256,254.4899909946204,311.9810044048286,233.34590449521357,255.47497319399014,197.67751569002394,224.1762447520283
860800,4.930564239553701,253.70520590637383,251.74797879195822,233.41692619764723,255.1428504884081,197.4881308904626,207.83588040341618
861200,42.83905210332322,250.662486340422,222.69722213260826,235.06771955997496,255.85113731069157,198.14299132091935,208.54726269818238
861600,263.0763423560134,299.0293907748805,214.1542794213717,226.4375175512891,263.66064860651886,204.5103060116438,207.80389371795118
862000,52.22690832622726,304.9140242530686,167.17915515883956,208.2785747611249,244.59394014382025,205.52699718746643,208.3576630713192
862400,648.6028418474311,202.3351417745097,228.41256638456508,240.05558059482388,266.14564140033593,221.06627134194028,221.10080789485238
862800,768.1088665923189,354.9708022450627,304.33800407571835,277.39829637198835,262.04093642598656,239.82038592818503,224.71533150655398
863200,1464.0100629868534,639.2050044217688,444.9337453810955,348.8883391498259,274.58372665621135,276.2601890533266,253.89455850569868
863600,7.9557868042153075,588.1808933114091,443.60514204314484,348.725069084656,274.6574282505187,276.11592187297026,253.6011454260054
864000,14.88273952933032,580.7120595520298,442.81304190254934,349.06216204931593,265.046651307932,274.7766349152379,253.46328867427926
864400,13.831232494091616,453.75773768136185,328.0464397279358,320.01372206638223,264.91274957278773,273.6178398274766,223.7513004976063
864800,3.998474409457319,300.9356592447895,327.95323074492615,289.85060476844217,264.9290277134069,273.3454455525376,223.5811508613553
865200,280.4519913210039,64.22404491161964,351.7145246666943,287.20587339965124,273.94998792888146,279.81698414969225,228.85729799007433
865600,6.586099243232549,63.95010739942309,326.0655003554162,270.1098898883939,259.6468451526648,279.2618615437432,228.82134488039827
866000,171.60367841673332,95.29429517690369,338.00317736446675,252.59116626165314,251.52010896223888,267.94624944898186,232.02223322286648
866400,5.516236515177191,93.63129598112081,273.6945168312414,251.0535416079032,251.26855934029643,268.03286025806227,231.59192043980048
866800,4.778996011542175,93.78740030153779,197.3615297731637,250.84976692444098,250.71937417238016,245.87108476278087,231.3286146971808
867200,67.24259136554899,51.1455203104468,57.68478261103327,251.30926399606437,251.82048697022842,220.35899064491687,232.5451077648679
867600,20.758185291553552,53.979937520111,58.96502245976709,251.28508225145598,252.13838687635973,220.73432680283082,232.68574199032966
868000,19.89669949942184,23.6385417366487,59.46641845677625,251.13973017966273,252.5302475184694,213.65159309514303,231.71459162354552
868400,13.940498043621911,25.323394042337647,59.47734501172928,193.76189236983254,233.16826304816456,213.5538984325231,230.78974086432711
868800,8.946932520645717,26.156981344158357,59.97219082284812,193.96271078388713,213.2244667865775,213.6898184907672,230.67079460659974
869200,4.772661612092127,13.662995393466982,32.404257851956935,192.0593912593256,202.2720015504198,213.56355540965032,230.33443889014518
869600,26.04296128171984,14.719950591500242,34.349944055805665,180.2077222056109,191.52324127753118,203.32261987845,230.27947804615567
870000,8.380528186599083,12.416716328935689,18.02762903279224,178.01540319862949,174.40332051869956,193.14698897987722,217.96252536574394
870400,51.49669793253874,19.927956306719057,22.625675174528396,148.16009600288487,174.91091946344494,194.1078382988544,218.95142324135554
870800,6.195539289205951,19.3776776604311,22.767329502294775,110.0644296377292,174.8222877837256,193.73136300485882,201.25033371068366
871200,72.03491478484572,32.83012829498182,23.24656184422445,40.465672227628836,175.28836327878437,194.6770056887274,180.93650488477837
871600,10.289067245765237,29.679349487790898,22.199650039645615,40.58233624970633,174.92327151418584,194.65370266718122,181.02739145019376
872000,5.939943662272828,29.191232582925647,20.803974455930714,40.135196456353455,174.36114493841876,194.5986792528347,175.08206936730053
872400,27.81217717414325,24.45432843124655,22.19114236898285,40.83424369035604,136.57164236954932,180.42398287836915,175.28134721981505
872800,101.42245054594032,43.49971068259343,31.43869417151231,45.70544249718019,139.7880385797622,167.7780236328112,177.23959362691625
873200,73.43306939377436,43.779341604379155,38.30473494968054,35.35449640081871,140.8078391561106,161.280184900235,178.51179131765636
873600,2.558659387872971,42.23326003280071,35.95630476029585,35.153124408050736,132.1239163905059,152.63150714822234,169.84935685481915
874000,3.655808954300677,41.77643309120627,35.483832837066004,26.7557309349291,130.50487974477502,139.67344859829115,161.61435775131497
874400,114.19269770603805,59.05253719758523,41.75343281441594,32.18955399447214,112.69120827339525,141.6215478011877,163.6369572019667
874800,4.975918275149747,39.763230743427115,41.631470713010316,32.19940010765252,87.25344332948958,141.5245835160468,163.31138454648914
875200,85.20898302414616,42.118413469501476,42.948877536940365,33.09771969058238,41.2934073307327,142.2034918433234,164.33138005837
875600,10.403428946710578,43.687367381269,42.9603137070349,32.57998187334023,41.37499540214921,141.9325320623981,164.31502487515195
876000,12.420266186624978,45.44025882773386,43.60834595947011,32.20616020770039,41.29291295739235,141.67294519368158,164.4006125941618
876400,4.996768605997294,23.60107300772571,41.32680510265551,31.75897373581916,40.998430827789214,112.76043305282587,152.6045473232264
876800,57.467662643323024,34.099421881360364,36.931326312393786,34.18501024195303,42.7807371022514,114.0738605129201,141.6086841687277
877200,15.016236828663146,20.060872642263757,31.089643055882664,34.69718900278157,33.93287861917337,113.37829013105359,135.24207653136452
877600,12.592083401958362,20.498603533313315,32.0929854572912,34.02464510879351,34.133078091130905,107.11618365720224,128.52380281003613
878000,4.459449361197593,18.90644016822784,32.173349497980894,33.82859116752343,28.561603789279715,105.9219971830765,118.1734287782291
878400,4.133391397105067,18.733764726449394,21.167418867087594,31.460425840751743,28.51550895201064,89.81026092181833,117.53072201436767
878800,16.564640864800932,10.553160370744974,22.326291126052716,31.97888091953149,28.9083637804526,71.02165527863038,117.684925038048
879200,11.332962478380932,9.816505500688532,14.93868907147619,28.943783304208257,27.04470948421367,34.70472776591857,116.75053128895394
879600,25.83781192167133,12.465651204631126,16.482127368972264,29.721220538003557,27.21403037188426,35.15177839385497,116.84245112371295
880000,4.319307931785106,12.437622918748628,15.672031543488279,29.640188751479172,26.69478398629637,34.887692603916335,116.47276246364292
880400,8.415282143834384,13.294001068094492,16.013882897271987,28.670343999963727,26.510610122970114,34.75229384515991,93.4111230217151
880800,71.71437541388462,24.323947977911228,17.438554174328146,27.184940243360945,28.602858219411413,36.44519137027059,94.74679924520171
881200,158.644700854784,53.786295653191836,31.801400576940228,31.44552181641143,33.73192619416781,33.400009108615095,97.06291222023094
881600,9.321222503330386,50.48297776952365,31.474314487077436,31.7836499721843,33.17453490155483,33.46838719011753,91.98780982317727
882000,10.648158856720892,51.748747954510804,32.09318543662977,32.13326746730531,33.25012259055889,29.44449920111723,91.15623483378712
882400,8.966007767887083,51.85889307932134,32.57644707370797,26.871932970397758,31.832432918403832,29.530743482434975,78.36349815219626
882800,20.523523976457668,41.62072279183595,32.97233538487364,27.649313255463152,32.31003240797889,29.92435668155786,63.411791299879035
883200,13.83350131684819,12.658482884248793,33.22238926872036,24.080539170098255,30.369985292378974,28.589129430340343,34.40826006647893
883600,16.848798934331786,14.163998170449071,32.32348796998641,24.402807669479316,30.58864301533119,28.491394771409794,34.58612030908126
884000,18.27258870639682,15.688884140384257,33.71881604744758,24.69542379546791,30.999731183468658,28.45079200158417,34.65391729262259
884400,19.504656051973583,17.79661379720156,34.827753438261496,25.420818167766726,30.72281381272967,28.589895951792965,34.767385763780226
884800,23.917117176025165,18.47533243711506,30.04802761447555,23.74329089440183,28.139302700399163,28.964150568177452,35.165758619111585
885200,15.16859794436136,18.74235176261769,15.70041732343329,23.75090895018674,26.197153652085397,29.22404897648418,29.86009075157873
885600,26.37314330520847,20.64722063679303,17.4056094036211,24.439961945349246,26.990969782663246,29.232303527071394,30.25583163281825
886000,10.02581577094063,18.99786604970179,17.343375095043072,24.7182802658364,27.20330334321791,29.273435716679938,27.024274379902398
886400,16.033917256520976,18.30371829061127,18.050166043906465,25.31330655880719,23.931343994900676,28.38686619977949,27.234627994729273
886800,80.45010243344896,29.610315342096026,24.042823889605593,28.507579637239598,26.44715013351065,30.243230278385568,28.74805012316741
887200,14.810095807228596,29.538614914669477,24.140483338643634,28.681436303681977,24.1005205596134,28.812609803945133,27.699400212000995
887600,105.69357267818243,45.40270078926427,33.0249607130287,32.67422434150753,27.27685868399579,31.19772243975557,29.39810795973358
888000,13.607292213247588,46.11899607772566,32.558431063713776,33.13862355558066,27.316426218216545,31.38940615352994,29.272319814010093
888400,22.59100843521189,47.43041431346385,32.86706630203761,33.847409870149534,27.902900879190366,31.258876935056655,29.445330021841897
888800,14.134655933708268,34.1673250135157,31.88882017780592,30.968423896140713,26.458467322203205,29.076682069750852,29.549084490103144
889200,108.00282036249894,52.80586992456978,41.17224241961968,28.43632987152646,29.558020106664404,29.940925843968966,31.61368766511128
889600,72.1618738075246,46.09953015043821,45.751115469851285,31.57836243673617,31.543679786849943,31.68100620446026,32.536065915627375
890000,28.871111249486574,49.152293957686005,47.635645017705876,32.489510056374456,32.35740184979291,32.31138876183991,32.945877576885124
890400,80.18869753964702,60.67183177857303,54.05112304601848,36.05064454496245,34.892578721210974,31.461288757680126,33.519717569027286
890800,24.73662246529531,62.79222508489043,48.47977504920313,36.261299469404335,35.16497810789412,31.955306362433767,33.890539232549074
891200,13.504449638722694,43.892550940135195,48.349210432352535,36.24484688549806,35.237361013238846,30.162693027798177,32.719929929626616
891600,146.54631900050742,58.76943997873175,52.43448506458503,42.72972288880684,39.26097791586672,33.5662652791431,35.445074964721464
892000,17.542228000241973,56.50366332888283,52.827978643284474,42.693204853499104,39.701741918148606,33.69431432448353,35.67712065148085
892400,27.033054871099136,45.87253479517325,53.27218328687319,43.06962479445538,40.32233434239077,34.245221481111074,35.66153820541996
892800,117.37284958380332,64.39978021887485,63.5960026518827,47.742411414844284,41.84428348138806,35.74285115462308,35.98054618617722
893200,103.48902780759131,82.39669585264858,63.144623396391935,52.158432908005786,40.00576104648163,37.95467092909628,36.58166535445356
893600,12.680305274804455,55.62349310750799,57.19646654311991,51.47379100648558,40.11773047219744,37.95687647591744,36.78409827219219
894000,13.380601798639056,54.791167867187404,55.647415598035174,51.641530307870504,40.20881190359471,38.179905286853476,36.978594129078964
894400,52.13942585060426,59.812442063088426,52.84248842913089,53.446805737574664,41.647925839685286,39.38005614819095,35.73752869197028
894800,11.67261516913303,38.67239518015437,51.53608769951467,50.00793137435887,41.352895546107796,39.25775550579926,35.87146262984995
895200,715.0061748330874,160.97582458525358,121.68626021895113,85.0177353256518,64.72531799664911,56.84958581466692,48.46740646602877
895600,14.310440453571506,161.30185162100696,108.46267236425756,80.44857871442126,64.64070604729042,56.561401527964414,48.54554669616599
896000,38.85664096976859,166.39705945523286,110.59411366121019,81.71104615224732,65.32684112273616,57.424834853914,49.07427419182886
896400,24.44727513033685,160.8586293111794,110.33553568713398,81.80385948700356,65.49159509201492,57.82563467857657,49.46328432231565
896800,2.2908604535330577,158.98227836805944,98.82733677410695,81.21166971299479,64.77071986793185,56.09004680456777,48.35974827851985
897200,13.075069137282096,18.596057228898374,89.78594090707603,76.46528215173396,64.70093557436255,52.450806011630235,48.320924924692235
897600,999.3850723429074,215.61098360676556,188.45641761388634,122.8264420785031,97.13466654228584,77.20240225761965,68.05678470351121
898000,21.223494285961127,212.0843542700041,189.24070686261854,122.44406123032684,97.50792249278652,77.46678564335068,68.39206560200648
898400,5.209811076873397,208.23686145931137,184.54774538524546,118.69511690718817,97.14711895346494,77.37288072607532,68.41359399560184
898800,5.23255902361336,208.82520117332746,183.90373977069348,117.71991373510404,94.63986750647041,76.99060660225422,68.1869523587781
899200,22.75589103872336,210.76136555361572,114.67871139125707,118.18248580510408,94.90472734752025,77.21366634530109,68.41541092998496
899600,12.08257546769309,13.300866178572821,114.45592489266922,111.45929862846336,91.78436077383726,77.09451075863512,68.14030620090539
900000,10.637051529292547,11.183577627239107,111.63396594862164,111.11403980491589,91.68535275103878,76.90362232920751,68.26666107285553
900400,11.134695491160231,12.368554510096471,110.30270798470397,110.31912183591896,91.3034756529037,76.69437331518718,68.32104933980204
900800,1.856205205569711,11.69328374648774,110.25924245990764,104.54328961700726,90.89419396196577,76.1428505159258,66.92388593563575
901200,6.948998976006862,8.531905333944442,109.64663544378011,99.71628817542805,87.5257332490827,75.93736054171693,63.88997189806021
901600,25.136570434252988,11.142704327256421,12.221785252914668,100.33910143340047,85.9582231366403,75.90644621994305,64.20627885667865
902000,7.700070832532607,10.555308187904433,10.869442907571814,100.05507488509514,85.2525217894085,75.84830259648285,64.1473170961949
902400,11.328451471989494,10.594059384070286,11.481306947083425,98.01452616616442,82.95718025381991,75.73066595186955,64.19456597027694
902800,10.571440772154697,12.337106497387285,12.015195121937559,97.95946744631549,82.48500753071524,73.98369941033721,63.99552430619088
903200,24.70856212684704,15.88901912755532,12.210462230749926,63.444586811003475,82.85847794698606,74.23116106832767,64.21302552239086
903600,2.549204316700584,11.371545904044838,11.257125115650677,62.856525004159934,78.05857412419249,71.65255185929063,63.92703363003823
904000,2.1929421952394548,10.270120176586207,10.412714182245367,61.023340065433466,77.54693126402573,71.36719310884041,63.60544069981509
904400,14.907769283000189,10.985983738788347,10.790021561429361,60.54636477306665,77.14275507775577,71.17511213003513,63.51350296443562
904800,4.811586793896766,9.834012943136761,11.085559720262069,60.672401090084826,73.39071298475889,70.94203540153983,63.13139235679305
905200,2.3235635657927016,5.357013230925894,10.623016179240652,60.134825811510346,70.0185308433656,68.30005398162218,62.874491669221676
905600,186.9388036410788,42.23493309580154,26.803239499923233,19.512512376418925,75.82714745557473,71.16947722746104,66.08580487593909
906000,8.621399823965609,43.52062462154677,26.89537239906653,18.882407653319152,75.66850738975229,70.66323444182301,66.05771655699958
906400,119.48042963888795,64.43515669272432,37.710570215756384,24.59593858141988,77.91320751602842,71.64552774430402,68.12664680464692
906800,2.9228779715473667,64.05741492825445,36.94571393569565,24.48045452881658,77.62154960944221,71.10018413196033,66.57610231540889
907200,17.1925399868529,67.03121021246648,36.19411172169623,24.202286976223057,54.36109511456774,71.19238639066359,66.62375119900138
907600,270.5087667289077,83.74520283003226,62.99006796291694,37.12359653928378,62.90103932374562,74.29144758387359,69.92005508001589
908000,51.70758647658301,92.36244016055574,67.94153239105131,39.17712328664831,63.32940417397276,75.14558154578212,70.6820609652826
908400,12.31454183016046,70.92926259881023,67.68220964576733,39.23611560359832,62.92497973063355,74.77761871975865,70.47653163318155
908800,1187.032293635382,307.75114573157714,185.90428032991585,98.49492002508893,102.41636083669519,101.51910482104813,93.93448438721505
909200,836.977058640611,471.70804946232874,269.36962983739767,139.99632300831917,129.87976048680613,119.85630559187362,108.51396915277728
909600,9.707864428228804,419.54786900219307,251.64653591611273,139.22488770801795,96.89052022298353,119.78199457070923,107.26488896519136
910000,12.828667487897668,411.77208520445595,252.06726268250586,139.4813175407862,96.61069266304806,119.7681962129407,106.94404008995959
910400,12.71911861551981,411.8530005615277,241.3911315801691,139.5508508979627,96.86100291433628,118.78268853206357,105.59464851147703
910800,7.18329386568492,175.88320060758832,241.81717316958284,139.38144355263924,96.926027409072,118.67045549947738,105.24358193948483
911200,6.740864473533375,9.835961774172825,240.7720056182509,138.48305866997356,96.39219319023233,100.96382274048854,105.10831023618104
911600,13.564226800987896,10.607234248724643,215.0775516254589,139.0338097941879,96.44158156800883,100.94516739917394,102.44866839219065
912000,15.566430134683474,11.154786778081803,211.463435991269,139.7024841911601,96.60589418818854,100.36291212829681,102.40915243487949
912400,304.81882221147526,69.5747274972729,240.71386402940044,154.19803683758386,106.3953650788657,107.37220080532526,107.964867781687
912800,11.547660087944164,70.44760074172476,123.16540067465664,154.53484050228624,106.71841357494485,107.60362079618554,105.84836399176982
913200,8.291455745940471,70.75771899620617,40.29684038518961,154.83323511129362,106.76316213394264,107.484030461402,103.94441255053681
913600,20.166347409772893,72.07814311796315,41.342688683344015,146.49461229972832,106.59748803312664,83.00356233807365,104.09413339323619
914000,10.933075644467191,71.1514722199199,41.15312949900097,146.6101960907534,106.70525486019113,82.7463018720363,104.04518287015274
914400,13.902756009138107,12.968258979452475,41.2714932383628,141.3313124092659,106.79106501142942,82.96362549534291,103.28044947332343
914800,14.492395454847314,13.557206052833104,42.00240339727903,141.9097882834309,106.92176350085249,83.19512140612376,103.3368450790377
915200,16.834961718713817,15.265907247387776,43.01181312179708,141.89190937002394,106.65931015391472,83.04709817312353,89.37342081675023
915600,8.85380804372585,13.003399374178366,42.540771246070875,128.80916143576485,106.86946361148223,82.96637898752434,89.26428816855332
916000,30.224215577206024,16.86162736072613,44.006549790323135,127.73499289079601,107.80383939088112,83.45605808872219,89.09163966070207
916400,10.524266331742425,16.185929425246997,14.57709420234985,127.6454791158751,107.65772262583918,83.44079735973673,88.81317948473017
916800,1228.4959971164342,258.98664975756435,136.27192790519885,129.71866428992772,148.44720296992375,114.10679215750835,113.33728221798822
917200,20.88426672966387,259.79651075975437,137.53120900357118,88.91402469438037,149.06589307538613,114.45517385134978,113.49346616983584
917600,2.700210788061021,258.56579130862144,135.7845953414,88.56364201237199,142.92460664695224,113.89426486019497,93.55976893873891
918000,11.852110234409446,254.8913702400621,135.87649880039422,88.51481414969757,143.032296993967,113.9980658452419,93.37234125770787
918400,847.868441008909,422.3602051754954,219.2730673003713,130.27228026936703,167.31189737296774,134.91156558366487,110.22551385634858
918800,595.239172418591,295.7088402359268,277.3477449967457,159.67507419701232,187.05577385453583,149.52825887482578,122.02564612424814
919200,3.58606246177357,292.2491993823487,276.0228550710516,159.51733409642435,186.60222460369988,149.00019638319895,121.64224955270915
919600,14.957903702940328,294.70073796532455,276.63326463697314,159.587017941522,178.08386250283428,149.31041386785495,121.6997561174141
920000,739.2693431428013,440.1841845470029,347.5377773935326,195.77216359192784,201.00258772504154,167.73732389154398,136.27240194968428
920400,9.33746366177807,272.47798907757675,347.4190971265362,180.998095664443,200.90335178609547,167.59806625101345,136.23645731309662
920800,886.0945256230607,330.6490597184707,313.17894997719884,224.7254389411988,190.87209285235141,189.63013972174252,153.92122372144647
921200,13.588668815997083,332.64958098931544,312.44939018583216,224.99029959470164,163.42581319153095,189.91176735299763,154.05401711824626
921600,1913.3296531533747,712.3239308794023,503.51233442236355,319.64846488188175,226.87987281570253,233.07153859080503,191.8178787726287
922000,1643.877799700923,893.2456221910267,666.714903369015,401.29570108470455,281.2481772228033,273.95294858772894,224.5414333499965
922400,9.106990074235744,893.1995274735182,582.8387582755475,401.0559127879594,281.12777293809387,271.1936125986127,224.4970041220414
922800,31.308229733411967,722.2422682955885,526.4456640070297,401.8967045018877,281.93193746701814,271.9032463926593,224.91173990126654
923200,685.4403814758884,856.6126108275666,594.6310959084412,435.32697548974636,304.55525470042994,288.60944242988523,238.1263762882474
923600,815.3475418556893,637.0161885680296,674.6700597237161,475.65166218034454,331.2813652022533,302.2304118080547,254.38234303902715
924000,6.283486902570697,309.49732600835915,601.371474099693,474.4546257466128,330.9719337611829,301.09480931870445,254.4641539331738
924400,14.7480140148943,310.62553079649086,601.9125291350045,474.6658131307704,321.30290682129686,301.15564612332275,254.4609588278117
924800,9.207972447810167,306.2054793393705,514.2238738174796,413.70141189733914,321.2249172332924,271.71003809363344,254.54888654088995
925200,702.4958544713057,309.616573938454,583.1145923830104,447.7819912844213,344.3650638574712,268.3480079894008,268.55233235900016
925600,184.4136732456096,183.42980021643803,410.222994392234,456.8676644072987,349.8399747186658,272.71565320983535,268.5018297510908
926000,33.15879366377676,188.80486156867923,249.15109378851935,457.932998578767,350.58083198597615,273.22390636423233,268.99257762788704
926400,2081.287650792028,602.112788924106,456.3691598602985,519.6039590679231,419.4936618120725,324.9381196686451,308.22872205094984
926800,8.661330646514417,602.0034605638468,454.10446995160885,490.2750669793192,419.29929298512803,324.9750705881658,308.3434911044492
927200,4.11447526858581,462.3271847233029,385.97187933087855,490.30148761965984,418.8752767701238,324.9094108580421,308.08192981008386
927600,18.83587378293124,429.21162483076716,306.32071252360277,490.4953861236594,419.20801229476393,325.04120203259066,303.04847195116434
928000,614.3083926313536,545.4415446242826,367.123203096481,484.2473385980869,438.6774848632356,340.0097510950074,314.30048807425976
928400,629.9841376780057,255.18084200147806,428.6468154627922,515.2796722988984,459.32614724144435,348.1388839816707,326.6538799912166
928800,927.3703399762112,438.92264386741743,520.4630522156324,517.3434630165559,449.2886253367702,371.0344509788774,321.4606409180332
929200,1983.8177138148303,834.8632915766663,648.5952381499847,615.8549152664975,514.7197402396091,420.4226074305996,344.3974540215176
929600,8.604212576338455,832.8169593353477,631.0142920830576,520.6186432376456,514.9165402992184,420.1335540597637,344.37538098447976
930000,11.105898266281606,712.1764604623334,628.8090025433081,438.9800481659137,514.8916665669474,420.1378746253091,344.3409256000474
930400,2886.9137243434534,1163.562377795423,709.3716098984506,582.8703848793746,582.8598426780989,491.96314883366693,401.8248177146062
930800,4.900858547864565,979.0684815097536,708.9955626885856,581.5500163200971,563.1818988824081,491.7233604109924,401.7791690082497
931200,162.58763107797864,614.8224649623833,724.8428782695249,555.4073788002017,568.4819511696148,495.3671771449741,404.89610434033864
931600,2893.7228057463567,1191.846183596387,1012.3315714658675,659.326141994735,664.4407812377287,567.4889020875397,462.499275919246
932000,1534.41875191116,1496.5087543253626,1104.342607393848,735.7329052451645,690.9457615300073,605.0937654958886,492.87632235477554
932400,600.239275653644,1039.1738645874007,1101.3681211914118,765.0074683271021,710.6424885964028,619.8366407289361,498.78473142361895
932800,10.090056914805858,1040.211704260789,1009.6400928852714,765.0515725504517,681.442339639461,589.3764922238955,498.7555793601561
933200,7.245398334498713,1009.1432577120928,811.9828613372382,730.2890497436114,681.2308972900778,589.0355205140163,498.7346582119273
933600,51.63250041856836,440.72519664653527,816.2856901214611,723.6499911022594,619.1743255322509,590.2588277547791,499.3639812721032
934000,156.45446906505586,165.13234007731447,830.8205472013385,729.8147748723233,569.5935478443886,593.8738867255452,502.274409140515
934400,149.0771737294442,74.89991969247451,557.0368921399378,633.2042510191941,574.2592206328956,576.4041050435586,504.97789749492114
934800,15.5864858110455,75.99920547172243,558.1054548662557,633.5505087774206,573.73516250215,561.91278787837,504.9997793020451
935200,19.502671451904646,78.45066009520363,543.7969589036484,634.3199185865866,551.537238834684,562.3107031031232,505.0531334967089
935600,135.83981829051004,95.29212366959196,268.0086601580638,640.1701158119655,528.8869813825113,565.3327509678124,507.5928537016446
936000,137.16071328239593,91.43337251305998,128.28285629518737,616.3127318445178,533.2495555951722,550.2800352213023,509.7315836557484
936400,2.922945449224033,62.20252685701594,68.55122327474535,584.9596722330787,532.8553866429831,550.1196722659885,509.57955723809806
936800,222.7952419952101,103.64427809384885,89.82174178278578,549.7309173340285,539.9749622945632,533.5371901752923,489.46554213567356
937200,137.70635052537375,127.28501390854267,102.8678370018733,457.4253491695557,521.1486454963654,536.6401322180266,491.8019838115878
937600,6.799309926437244,101.47691223572812,98.38451795266018,457.33510403706066,515.2281667190596,488.9768736373532,491.8839657943552
938000,40.38454573960419,82.12167872716978,86.77752562011501,458.7990364107268,515.4690251215872,448.8895422883202,492.4546145044592
938400,7.641578989667255,83.06540543525843,72.63396614613731,314.83542914303746,446.3474893948418,448.852907011206,475.65007726407435
938800,6.927728622368429,39.89190276069009,71.76809042726961,314.9367726467627,446.28970266070365,448.2433944834299,463.88384838814983
939200,8.093267474319216,13.969286150479178,70.62715002951106,307.2120544665797,446.4223290675614,431.3097166333907,463.97399248840077
939600,145.4625692547115,41.70193801613403,71.58942512593121,169.79904264199746,450.64321891662075,414.5625923183663,466.5840857994362
940000,17.73419485272976,37.17186783875914,59.64677328296459,93.96481478907593,430.757412324,414.8488600171202,452.15338283363474
940400,6.098134578372284,36.86317895650014,59.96429219587942,64.25775773531235,409.9612122206788,414.63261303120714,452.0885962519667
940800,10.9733028808141,37.67229380818928,38.78209828443982,64.30192003361275,379.4146443174989,414.6767462920323,434.5861717971217
941200,8.289784844887311,37.7115972823029,25.840441716391176,64.35413935913219,313.56371335183417,397.3215945513718,434.48019411769957
941600,286.2108030362874,65.86124403861808,53.781591027376194,76.08305449001814,322.8172663671658,399.8665227961388,401.93781711535775
942000,21.632253729191667,66.64085581391046,51.906361826334944,69.34194372322493,323.1681448825961,399.5783592977741,369.4929061959232
942400,7.829371467462246,66.98710319172847,51.925141074114435,62.27955361012583,227.19866645339644,347.74190231465997,369.46735382378773
942800,16.89832503391539,68.17210762234872,52.92220071526913,62.34514557126933,227.5985820029315,347.947827174345,369.1791557297978
943200,8.629504919327966,68.24005163723685,52.97582445977001,61.8014872446405,222.46664446430978,348.06070291561355,355.64293819866657
943600,13.00381877859569,13.5986547856985,39.729949412158426,55.659687269044774,126.4426782320511,347.9149015405052,339.59606373712467
944000,12.719085335108709,11.816021106881909,39.228438460396326,49.43760587168042,75.71935601284937,332.8751688580991,339.72477570577547
944400,9.048839575080706,12.059914728405602,39.52350896006716,49.74390057797325,56.01300814356394,317.3517864055259,339.6107922169792
944800,10.568783216111829,10.794006364844888,39.48305699359694,39.132577639018336,56.0289656869408,294.4317474865235,339.63800843234526
945200,4.136381434019261,9.895381667783148,39.06771665251013,32.454079184450606,55.925331790258156,244.93971417700314,325.6708189715995
945600,13.058105070302007,9.906238926124411,11.752446855911591,32.76701894164385,54.63951861198261,245.05106148935224,322.2437076080933
946000,6.330312008300629,8.628484260762795,10.22225268382249,31.06430725507867,49.6353800434241,244.9316718329027,321.70713797498377
946400,60.03130291738708,18.82497692922407,15.442445828814972,33.683793451464666,46.667184349688874,174.25961129725107,281.28201101749096
946800,38.54438294096147,24.420096874193998,17.60705161951958,35.26462616739431,47.43244758735273,175.10069940707848,281.87967206337987
947200,8.228073724902867,25.23843533237072,17.56690850007707,35.27136647992349,47.056627663119336,171.2417104732516,281.96194403250627
947600,13.184247501059524,25.26366381852222,17.584951372323452,28.657450392240897,42.968108636804324,99.22824651711917,281.84891150686883
948000,17.40154815280344,27.477911047422786,18.053197654092926,28.64081805724458,38.97613646581791,61.30281642316025,269.9107746172978
948400,3.5032930682926406,16.172309077603895,17.49864300341412,28.5110759817406,38.99548138645352,46.38441685852647,257.38115772510355
948800,125.28853562590189,33.52113961459198,28.970618244393126,34.22683761899499,35.74525784080991,49.26437882630387,241.33952163809735
949200,1081.7871306892662,248.23295100746464,136.73569316991782,87.90170491121394,67.21461717960634,76.12792213517307,223.29890997558607
949600,152.48329767155138,276.092761041563,150.67821243004275,81.21532964297714,72.07075010444348,78.64919206649765,226.17649167749033
950000,168.56514342832205,306.3254800966667,166.90169557204487,88.56197412793365,76.34343669406739,78.95195892557929,229.3256765807311
950400,27.6573048165713,311.1562824463225,163.66429576196333,89.55337079538911,77.0106275549642,75.91646220275746,172.1405481901935
950800,2.317750088555904,286.56212533885326,160.04163247672278,88.82434204812114,76.85696160383712,75.58474380969523,172.08888602100734
951200,3.6520179270948976,70.93510278641902,159.58402689694196,88.57546769850947,76.70891995226296,75.18847747157498,168.91017375798964
951600,8.304122157472534,42.099267683603244,159.09601436258328,88.34048286745332,72.13697171568833,72.00008506824904,111.20180008621197
952000,147.68229649303922,37.92269829654668,172.12408919660683,95.08864342534984,76.46857510369865,72.26312464851512,83.46707097784956
952400,261.7626816022187,84.74377365367616,197.95002804999945,107.72433552670675,84.9907266711602,78.73411805234,76.69753909682106
952800,7.815403587137873,85.84330435339257,186.20271484612306,107.58666654525805,84.88546336137098,73.35962209213818,76.6520460302677
953200,59.48291970010087,97.00948470799376,83.97229374720652,110.35399345856213,86.59190118987812,71.40403632150637,77.69679645757974
953600,10.600995345016084,97.46885934550247,69.78406351455298,110.23113797229784,77.40490760016905,71.49907845697084,76.8761663561087
954000,7.773076014182376,69.4870152497311,53.70485677313902,110.30327617259192,76.94293500966877,70.68379171383529,73.90253849509122
954400,6.806724064789738,18.49582374224531,51.61979869796087,107.64204722996206,76.90884676291302,70.66292034071336,71.05712950179813
954800,495.12806253072137,115.95835553096201,100.90082994217741,130.47123120945005,92.84983801280653,82.86792868842218,80.64796103619165
955200,7.908404190257681,105.64345242899337,101.3264685684937,130.4552477327178,92.82580132183753,82.86330710632063,80.41607569095872
955600,7.434756795110641,105.0102047190123,101.2395320322575,130.16777319742033,92.64016592238802,79.41261179483061,77.84797446105071
956000,7.389803231395112,104.93355016245482,87.2102827060931,129.66718595134995,92.46252318559758,79.15400200429725,75.25255626003072
956400,6.58302120031168,104.8888095895592,61.69231666590239,129.82117235795087,92.38032923977194,79.16612416984573,75.32575777505247
956800,2.513877012509376,6.365972485916818,61.16216400843954,123.68243942728127,92.11183236631852,78.95463852313812,70.92013047539845
957200,6.851940749023509,6.154679797669983,55.8990661133318,69.93567993026912,92.20235101015199,78.91869242074152,68.30304227987145
957600,2.4862079195945648,5.164970022566768,55.08758737078965,62.43582544267129,91.84995443846175,71.8255775428242,68.21678023973459
958000,9.141878207689006,5.515385017825547,55.22446759014032,54.46466218163964,91.9436733117747,71.51331815478663,67.59192688909629
958400,6.751762831728821,5.549133344108975,55.21897146683422,53.419385082397504,90.16768864225277,71.4863779388933,67.57413056593751
958800,15.420853544475111,8.130528650502123,7.248250568209596,54.07454025519347,89.39690432903654,71.44944115165728,67.74399306437965
959200,35.06841102139603,13.773822704976627,9.964251251323429,55.64535990990853,90.29158223891964,72.110413804209,68.28349593532118
959600,5.169049810867011,14.310391083231115,9.737680552899068,55.488606292578254,90.0244089825799,71.91454458001577,65.4776255464443
960000,1015.9309502543967,215.66820549257267,110.59179525519923,98.90103898064612,123.30872238596633,96.99484120299799,85.44156065447764
960400,6.623166523797273,215.64248623098632,110.5958097875478,86.14406322672505,123.4127181678165,96.9341993767159,85.45206129338614
960800,8.96816971539546,214.3519494651704,111.2412390578364,86.20170153313794,119.53537263746628,96.89418403919798,85.41195863007778
961200,1.420316427028604,207.62233054629692,110.69807662563692,83.29857136948432,83.52314549539169,96.82628241402321,85.27456926172059
961600,5.804133235864333,207.7493472312964,111.0298691572639,83.05872826402674,78.63384001420212,96.64493311816227,79.66643586571213
962000,6.637392277081263,5.890635635833296,110.77942056420314,83.00194407717169,73.23624830916077,96.65261012488179,79.36653863666992
962400,10.553784042706004,6.676759139615042,111.15962268530083,83.18929707606749,72.66613095003191,95.41567215301475,79.4210268881748
962800,4.724153128970347,5.8279558223300185,110.08995264375037,58.66910160597994,72.7463443847124,94.57016640771499,79.17754345007589
963200,14.497260157189803,8.44334456836226,108.03283755732976,58.99854440432655,73.10785245904891,94.72689606852217,79.29489855483313
963600,8.366429152679189,8.955803751725231,108.35257549151095,59.04512802220497,73.10992935888913,94.60645060981265,79.2021507623148
964000,2.7808223915886257,8.184489774626702,7.037562705230135,58.81467898021465,68.27988022217411,94.24093246578228,79.00338550344439
964400,2.511613564737861,6.5760556790330735,6.6264074093241945,58.611108598435955,59.638177954258076,94.21614047819341,78.87264098323755
964800,1.4311033428312352,5.917445721805253,5.8727007720677715,58.55696991495205,59.42536794611452,91.11970467111664,78.68988738577194
965200,15.262535137160976,6.070500717799486,7.256922643081009,58.97749963435892,57.951355127349856,64.45658978231401,78.91241045983476
965600,9.533580995096408,6.30393108628293,7.629867419004216,59.329868288134016,57.915774649019205,60.882846865402634,78.84191997833065
966000,21.307673184541105,10.009301244873427,9.096895509750201,59.93815803697662,58.366927888031164,57.20141010930812,79.14146720185546
966400,1.5379448331705752,9.814567498559969,8.195311588796658,59.67746713704871,58.191301913643855,56.548426109723096,77.97160004017114
966800,1.4834337888682725,9.825033587767376,7.87123965478645,58.980596149268365,41.73648095558209,56.52756820223091,77.23038105712926
967200,5.789206396768318,7.930367839688844,7.000434278744303,57.51663591803698,41.665841029132444,56.58099791397275,77.18160371056656
967600,1122.6778528396344,230.55922220859642,118.43157664743983,113.39207606947534,78.84061089728324,84.4403411810268,99.37147581733807
968000,1.4435865414536453,226.58640487997894,118.29785306242634,62.6677078838282,78.64240367428518,80.78437343223715,99.05231658511107
968400,3.2458607797574737,226.9279880692963,118.3712777839283,62.49884259662622,78.53116499360004,74.3214529116756,99.04716793934038
968800,14.527915352504287,229.53688438202352,119.6809589848956,62.77682987848165,78.93163293826655,74.48926570580979,96.83195553387242
969200,1.666618252723574,228.71236675321455,118.32136729645185,62.78914496976639,78.75878885505655,73.04385816962535,75.22954528514157
969600,10.620230934177403,6.300842372123186,118.43003229035996,63.029949854682044,79.02992295554265,73.04433905935439,72.39228395039409
970000,14.22096130145752,8.85631732412396,117.72136110205159,63.40912830590086,79.19922572533493,73.20553619153625,69.3054003078568
970400,16.84281572968715,11.575708314109896,119.25184819170326,63.72357989024992,79.53559415526686,73.45643848315869,69.08911052611911
970800,5.766779346116861,9.823481112832411,119.6801827474281,63.77571120110724,79.21379168198827,61.22240640354359,69.15809111127034
971200,485.4754440131654,106.58524626492076,167.6488065090678,87.32462039390603,94.22735944838057,73.16158239911627,78.79455963299175
971600,12.558299354675036,106.97285994902032,56.63685116057188,87.53421390400582,94.4736677665075,73.28967096310538,78.8796431769358
972000,6.875882330403321,105.50384415480946,57.180080739466845,87.73896690094656,60.838498835707725,73.27682294058059,76.06351489368308
972400,428.645375329356,187.86435607474323,99.7200321944267,109.04565498917745,74.90590579589302,83.8283817938067,79.40116876822583
972800,13.8462117614767,189.4802425578152,99.65186183532394,109.66641041010973,75.06850719742906,84.11169016253089,79.5217849317126
973200,9.968817152487691,94.37891718567965,100.48208172530035,109.40172451087605,75.35345722161104,84.18961207261749,78.53150288076034
973600,21.833373669151083,96.23393204857486,101.60339599879772,110.0167141445788,75.88776523605392,84.6732912163564,78.75615044724303
974000,14.254452392642529,97.70964606102271,101.60674510791623,109.66405310498388,76.14166723990596,84.80110557098024,78.88577797481224
974400,1242.3189611951557,260.4443632341826,224.1543596544631,171.70310392308312,117.20050647832095,115.69028553006589,103.59602271741956
974800,6.8448977012671,259.04410042214073,224.26217148997813,171.97117711870308,117.27119796406417,115.47588663398571,93.83035942083046
975200,7.369036880896319,258.52414436782243,176.4515307767512,172.05016864290945,117.03359052152106,114.78340228047321,93.81957207464326
975600,10.95752841916084,256.3489753178244,176.2914536831998,116.4641524218858,117.11996049707044,114.92811424568056,93.89002750712424
976000,34.948962467743584,260.4878773328446,179.09876169693382,118.1394212182003,118.19223183294227,90.40356455101423,94.44121069185121
976400,2.3751288366926038,12.499110861151998,136.47173704766746,118.09588462104705,118.18768234200745,90.29736360883662,94.35705284457885
976800,4.252220654034353,11.980575451705448,135.51233793692322,117.58209988612354,118.28171958571421,90.1794648823026,94.39181971740935
977200,812.8246294912076,173.0716939737677,215.79791917079524,158.14000044804774,144.8671227308491,110.46457270890707,110.51127349225303
977600,5.395919546405898,171.95937219921672,214.1541737585207,157.87878487865916,144.72920068255942,110.45436736667061,110.56946772478925
978000,7.713741806147632,166.5123280668975,213.5001026998712,157.55342390389367,144.276069636613,110.48127610489726,110.54090499675841
978400,36.48076296051765,173.3334548916625,92.91628287640742,158.53532126543521,145.44083024085785,111.12945057784255,111.13548499933418
978800,10.102601637963678,174.5035310884484,93.2420532700771,158.75211238002754,145.72813583582771,111.26391179056739,111.02911996120396
979200,8.53050115142271,13.644705420491423,93.35819969712972,134.90486523694042,145.81951232764953,111.11474281542321,110.4983617638045
979600,832.9935382084686,179.16422915290397,175.5618006760605,175.9266271796301,136.16336850661068,131.73042054181795,127.05485153175654
980000,2.910825405174557,178.2036458727094,172.3579869698036,175.72837433336866,136.2122764687347,131.7336706171576,106.7944490347721
980400,8.412305964200646,172.58995447344597,172.9617046825544,154.71672086511086,136.38449130821613,131.88118792714414,106.83023182358016
980800,1.5755294907636972,170.88454004400597,172.69403556622734,154.10318675157524,135.95274511282477,131.88479858084247,106.68237901908753
981200,19.72975126950457,173.12439006762233,93.38454774405703,154.59123345742609,136.55484954671746,131.99647898415105,107.04856771593704
981600,10.043859884337866,8.534454402796175,93.84934177785023,154.00175776818543,136.5356371783895,132.0092359563821,107.13336224890652
982000,3.6505467371591496,8.682398669193095,93.44302227095139,153.47156248541125,136.18329002624623,131.56780779519755,107.07362533810807
982400,50.86351223495048,17.17263992334306,94.88129719839466,93.89879003740099,137.31731324308834,132.80094698024203,107.87981990195296
982800,8.631715708307782,18.583877166851877,94.73420860542907,93.98813093775303,137.412811121828,132.97965402822803,107.95797115353972
983200,5.166036158463481,15.67113414464366,94.39776210613316,93.87798090163139,121.4024975266713,132.9640747722704,107.77134667356519
983600,4.81986122490643,14.626334412757373,11.580394407776932,93.57109754191865,121.14454958901234,105.01762498190222,107.70041531500972
984000,3.2756749121767283,14.551360047760886,11.61687935847715,91.98743316414031,121.02454267507146,105.06342719117029,107.71031236542149
984400,9.89832339784994,6.358322280340781,11.76548110184208,92.36359289219818,107.06630761068791,105.2297387566226,107.85804656208373
984800,29.392587264157203,10.510496591510666,14.54718687918143,93.62061122270433,107.58452012744394,105.60135555441391,108.41727624051026
985200,261.405138733924,61.758317106602775,38.71472562562337,66.04963668484015,115.96573084682514,112.09481856644393,113.34012831244553
985600,22.465808500004268,65.28750656162234,39.95692048719001,66.90313113252006,115.98681200785359,112.39095800558962,113.59877286254367
986000,22.364450606478027,69.1052617004826,41.8283108741219,67.63566657253658,116.2571452816481,112.59454523821512,113.6199084109824
986400,5.74312283630117,68.27422158817284,37.31627193425697,66.09878456632576,75.0379506696863,112.31705291588045,113.70401197104502
986800,2.0197654351935106,62.7996572223801,36.65507690694554,65.69464275618725,74.87711292748385,112.2233775681074,113.71473860397153
987200,2.562154332238848,11.031060342043073,36.39468872432308,65.39622541522806,74.71688350919524,100.15054532608423,113.65019756268093
987600,1.3327170235476065,6.804442046751741,36.0459743041872,23.81318435598201,74.3960564626748,99.86990576780605,91.22329484635921
988000,5.71086026576458,3.473723978609052,36.289492839545986,23.95318609901151,73.4214530559422,99.84078021619008,91.30864032084543
988400,1.8477898166240476,2.6946573746736275,35.484439481423394,23.624960291632682,73.40387508860655,89.17084057837177,91.28067890158275
988800,22.560594209426064,6.802823129520138,34.80124017595028,24.6742135275658,74.01415420711962,89.3887001395705,91.44133247872118
989200,6.52143178114334,7.594678619301037,9.312869480672214,24.013797553147736,47.13738095011748,89.30251550528689,91.53842874928958
989600,3.2945356181479166,7.987042338221099,7.395742192486578,23.67633133983824,47.06733481917554,88.8390445540118,91.39191484296899
990000,2.392582284890832,7.323386742046348,5.39855536032786,23.613433117224826,46.88996283513365,88.54249780131804,91.15534726263765
990400,9.740793488667764,8.901987476455092,5.798322425564519,21.557297179910687,45.99863051940532,57.728043608655824,91.01330681781727
990800,3.908643207199259,5.171597276009732,5.987210202765094,21.32114355485526,45.79216523837984,57.65463724630414,90.97614409503893
991200,13.015130169194366,6.470336953619936,7.032507786460646,21.71359825539181,45.94165287230556,57.795789578511574,81.5269378181595
991600,3.375531625624133,6.4865361551151794,7.236789246668299,21.641381775427693,18.287719319544074,57.60623965867317,81.34328246357848
992000,1.0492741002076835,6.21787451817855,6.770630630112609,21.53006173482924,18.22566760937851,56.75874744948477,81.22675029897457
992400,27.641627924896905,9.79804140542438,9.350014440939894,22.417226961181587,18.866645008068385,57.39040992668987,73.20667535088539
992800,4.042414694703604,9.824795702925247,7.498196489467648,21.149718332708908,18.948874514866386,57.3851647777066,73.01059940954993
993200,1255.522396797037,258.32624902849375,132.398292991057,70.85558123586455,60.141962699117464,68.45260896035234,97.9216710024409
993600,1470.0310486832225,551.6573524400135,279.07194429756447,143.23384324502547,108.80820232574696,105.06848718877276,126.88562450272234
994000,3.153813527031427,552.0782603253782,279.14806742177853,142.27331139105314,108.79164455207602,104.95448898179487,126.66361172541012
994400,4.131318577816451,547.3761984559621,278.58711993069335,142.19272117812892,107.2339047635049,104.1457528722273,101.89985887306334
994800,4.186453127220085,547.4050061424653,278.6149009226955,142.30105556273023,107.08572934413529,103.99784915945875,101.84668998158239
995200,3.1744621469100167,296.93541921244,277.63083412046706,142.33167095346377,107.0193435437502,103.86394818434592,101.76279848690267
995600,613.2686798993811,125.58294545567173,338.6201489478427,172.92846909725546,127.30097083289935,98.37082672661873,113.80902151650707
996000,514.8125717505021,227.9146971003659,389.99647871287215,198.38355467149233,144.3522007275102,111.1683703852519,123.40629370216224
996400,12.17124794477565,229.52268297375772,388.44944071486003,198.8997275778999,144.42796487907438,111.26234393476629,123.6022160843239
996800,36.95908627773935,236.07720960386155,391.7411078731636,199.6196521813156,144.68018151286046,112.14693285444068,124.256353396798
997200,21.9332326252812,239.8289636995358,268.38219145598805,200.39024222352248,136.69778464257237,112.2020198883351,108.43852545947946
997600,253.3362382206301,167.84247536378558,146.71271040972883,212.89232735364658,144.3934656332599,118.2843293467424,113.39733183296396
998000,421.0937447224288,149.09870995817093,188.50670352926858,233.8273854755235,157.6844421037916,128.72040929637416,121.66493189128958
998400,277.3117286792948,202.12680610507476,215.8247445394164,247.20593223505483,166.73672896522473,134.38161470748275,126.48155120566513
998800,440.5200309872456,282.83899504697604,259.45810232541896,269.0365016240571,181.35340448362643,145.1788225894562,135.08989979265075
999200,3.293695775322079,279.1110876769842,259.47002568826014,268.55042990436357,181.37778919839587,145.13201407987765,134.98516368512875
999600,11.379010438224697,230.71964212050307,199.2810587421445,268.95060384499357,181.71266564555177,145.29599281021063,118.55287312972386
1000000,3.385332160259416,147.17795960806922,148.13833478312023,269.0674067479962,181.63514804203493,145.2987342414127,118.56236326482556
1000400,266.98999894813375,145.113613661837,173.62020988345606,281.034825299158,190.47322167975193,151.72602613016977,123.73391712450422
1000800,574.4150310897113,171.89261368233016,227.36580436465323,309.5534561189084,208.86836957576142,165.35158722580863,135.1907071564832
1001200,13.492329675088014,173.93234046228335,226.52171406963393,247.45195276281092,209.10073283889292,159.15376699933773,135.06595872459485
1001600,15.282779058679251,174.71309418637426,202.71636815343885,174.71453928158377,209.5003409535773,158.9741912633046,135.17073710808165
1002000,51.66980416787628,184.36998858789764,165.7739740979836,177.14033881362602,211.1429150163435,159.70682510233956,136.13112225669602
1002400,74.7736032769681,145.9267094536645,145.5201615577509,180.6724530485836,213.31067534262016,161.43258711335625,136.60932407753637
1002800,34.81298527211085,38.00630029014443,104.94945698623744,182.20377965582813,214.34082007811722,162.25241760927915,137.13294946881243
1003200,118.18075449027316,58.94398525318146,116.43816285773255,187.95409427299631,217.84634088881984,165.14288261323003,139.39324383544863
1003600,3.88330695675936,56.66409083279749,115.68859250958602,157.4848256258652,217.863266733191,165.20664736156033,139.3745127500857
1004000,6.521509945260815,47.63443198827439,116.00221028808616,132.07027253560312,218.04567459469277,165.22691360354773,139.43942945074735
1004400,624.8440038607786,157.64851210503647,151.78761077935064,162.70391033140328,237.95242045922217,180.8018189546516,151.73834306000595
1004800,45.49936813743583,159.78578867810148,98.8960444841231,163.1309244243881,239.33431890731325,181.37528830285183,152.0604786774715
1005200,20.4105373957127,140.23174525918938,99.58786525618555,163.05478966290968,198.16392359393575,181.72251594321605,147.2405866507073
1005600,801.8412864614049,299.8233411601185,178.24371599645812,190.48004207494841,175.8909315198752,201.6861847142975,162.8280962099353
1006000,27.09933374289991,303.9389059196463,175.7866689539605,170.78032152597197,176.68911552707084,202.30385350074772,162.92279387266373
1006400,410.9581983155314,261.1617448105969,209.40512845781683,177.4626450077838,190.250011518328,212.33428862141932,171.02709538224835
1006800,26.68010639279893,257.3978924616695,208.59184056988565,156.77064877806149,190.99979996051394,212.90357520105925,171.52030220140045
1007200,24.90442120252749,258.29666922303244,199.26420724111105,157.85118504942176,191.72413192903454,213.20080747689266,171.96714753880624
1007600,16.357886238963058,101.19998917854409,200.51166516933142,158.10012883945868,171.82710547368725,213.5253663422261,172.26765092311453
1008000,7.2291158882995985,97.22594560762403,200.5824257636353,158.29231802586065,154.90765694494718,213.67986238692842,172.29801603556524
1008400,15.570315931095765,18.1483691307369,139.65505697066703,145.72133387500878,155.02095921115782,213.3780795870834,172.57246655785468
1008800,30.08276516295908,18.82890088476893,138.11339667321937,118.50472057867117,154.79174850733182,214.02908834878977,172.72290997692534
1009200,11.379938123099375,16.124004268883304,137.21033674595802,118.39910100107173,154.43997202392578,182.92552688194132,172.8200801037644
1009600,17.4612409057178,16.344675202234253,58.77233219038931,118.50802409342366,146.57747211342866,146.6112816875037,173.10341420951588
1010000,9.094193700878716,16.71769076475008,56.97181818618718,116.3792435700738,132.84415374604367,146.7597911918499,173.23744643783562
1010400,370.5562615712594,87.71487989278282,52.93162451175999,131.16837648478835,135.95230484244252,155.92041476668595,180.45375579948745
1010800,18.535434502697147,85.40541376073043,52.11715732274981,130.35449894631768,121.8861516262909,156.2791393010729,180.7462916253974
1011200,15.695735519050109,86.26857323992057,51.196288754402076,125.2302479977565,122.29955295108182,156.59217113537642,180.7999037323945
1011600,36.78475387381821,90.13327583354064,53.238975517887596,126.87532034360945,123.1464110656016,142.1800729847373,181.4680881773584
1012000,21.03847764688669,92.52213262274225,54.6199116937463,127.60116872869075,123.73484924848918,129.83572063214694,181.86787224829197
1012400,21.76212215305108,22.76330473910058,55.23909231594182,97.44707464330438,115.5605866886531,130.0754924873538,181.75028213285506
1012800,15.015980453018328,22.059413929164815,53.73241384494776,95.92290525908349,96.91395166743,129.5269148417358,181.96975344802132
1013200,2.2149583097017578,19.363258487295145,52.815915863608,95.01312630478294,96.5380392885838,129.0339579838463,156.90360467827463
1013600,60.10904310580717,24.028116333692935,57.08069608361693,57.92651413700306,98.03224809015472,124.20327810597573,128.70516456672635
1014000,41.102191573762354,28.040859119068067,60.28149587090529,58.626657028546184,97.67999433701759,114.70348927725907,129.46413212766095
1014400,16.31384460744531,26.951203609946912,24.85725417452388,38.89443934314188,95.73133571470017,108.17854217546282,129.70778264825353
1014800,3.938723366480016,24.735752192639254,23.39758306090217,37.757370191825935,94.70219365117914,97.2640094849437,129.70282805303873
1015200,41.73966629143187,32.640693788985274,26.001976138140343,38.599132446271156,92.15415737788443,98.22515874784644,130.47413213592915
1015600,14.712780534510388,23.561441274725922,23.794778804209564,38.51687716104853,92.51513983047612,98.30850300025358,118.50301414863175
1016000,14.584622403200584,18.257927440613567,23.149393279840954,38.88465248679357,92.78391024574078,98.58848525632712,108.49845516168573
1016400,8.9665013827334,16.788458795671183,21.869831202809188,38.55446175937546,72.25466016313928,92.13789781719211,108.43436023044487
1016800,29.977024807265717,21.996119083828326,23.365935638233925,38.54917474159079,71.73724871880026,78.52694766013096,108.29471900103539
1017200,19.388260371680087,17.525837899877967,25.083265844431757,38.94959085401982,71.70317281799917,78.67434592754577,108.24381955596338
1017600,599.5685312831829,134.49698804961247,79.02921466216932,68.05495537289308,64.96074764539179,93.28148973315835,115.16846541721443
1018000,505.38939233998144,232.65794203696865,125.45793473879124,92.8697153048482,80.90374959862784,104.62447943746099,116.8543783695655
1018400,8.657263270686656,232.59609441455927,124.69227660511538,74.77476538981958,67.49371843046634,102.97157093730395,111.48128906139333
1018800,61.84336201476016,238.96936185605819,130.4827404699434,76.94016176542273,68.66582695119838,103.6473303558702,103.90775568194361
1019200,11.72937125731928,237.43758403318603,127.48171096653212,76.74184355233618,68.22665861969145,100.98604577504634,104.07646919158354
1019600,13.740477972914782,120.27197337113239,127.38448071037257,75.58962975729102,68.13941167748983,101.23247505045022,104.12369854227737
1020000,19.231281009004384,23.040351104936985,127.84914657095294,75.49926992539689,68.53948384818,101.5502193270438,104.44061751925227
1020400,14.14054365088496,24.137007180976646,128.3665507977681,75.11819100028859,68.49182477217298,86.28263282179645,99.38362841330729
1020800,13.219966992716076,14.41232817656783,126.69084501631312,75.02839032727347,67.92973149983155,85.47564779317847,88.15972713136738
1021200,7.211048066633033,13.508663538430579,125.47312378580844,75.27819481512003,67.79076849794933,85.14566055995148,88.03410149919827
1021600,26.77102864425304,16.11477367269823,68.19337352191545,73.61129409204233,68.1010947559005,65.76890411452268,88.26386649090976
1022000,2.288598162074329,12.726237103312219,17.883294104124737,71.67061442145793,67.87424157127369,65.14863572500204,87.27624237079371
1022400,7.600271821498142,11.418182737434856,17.77759495920589,71.23493578216058,55.77570857961498,55.064687562651216,85.93277574168432
1022800,3.2461679634160485,9.42342293157485,11.917875554071475,71.20030801200737,55.26606636163894,54.47883910191664,85.30143939551043
1023200,26.413941951151543,13.26400170847855,13.386332623454702,70.43402179499336,55.62333990937566,54.51657712063225,83.46610314472798
1023600,6.816282652027657,9.273052510033477,12.693913091365989,70.03919690086921,54.62439086864931,54.278037030958856,83.52476265863335
1024000,4.49344224251114,9.714021326120838,11.220129214716666,69.53463789283475,54.07288968850345,54.20964518981415,83.48420130457836
1024400,17.044562851692383,11.602879532159687,11.510531134797407,69.9385409662827,53.9156377117915,54.24650136282905,71.32821248439664
1024800,4.966842320223829,11.947014403521242,10.685218667548181,68.68803184193061,53.580666440698344,53.61860329176069,70.5175619680524
1025200,12.233928441954356,9.111011701681806,11.187506705080315,68.33031524544433,53.914632111773436,53.63995304973206,70.35402978897724
1025600,17.02195309466164,11.152145790208602,10.212599150121175,39.202986336018256,52.47839577806859,53.628970854455645,54.657643121642366
1026000,1555.4282958152771,321.3391165047618,165.52656891544146,91.70493150978305,102.95593258611908,92.2873234073156,85.22422236308991
1026400,12.654015675277892,320.46100706947885,166.03194330081942,91.90476913001261,102.83393828838015,83.33976725991607,77.25813871028485
1026800,33.18314613107623,326.10426783164934,169.02564111758545,90.47175833582841,103.80875238053336,83.70596005062555,77.3881995050504
1027200,10.428065754646411,325.7430952941878,167.42705349793493,90.40669306069478,102.76503236264053,83.57426830651545,77.09867239609277
1027600,31.890279769906996,328.71676062923683,169.93445320972288,91.31418315054438,103.33761567048708,83.45190645391769,77.40932026671165
1028000,8.124765580414232,19.256054582264262,170.29758554351318,90.75885737911487,103.12228710972752,83.12906365225587,77.42723326055393
1028400,23.46384574080616,21.418020595369917,170.93951383242455,91.22502248361094,103.60553192166329,83.17160674194974,77.58510385674815
1028800,16.835395210072882,18.148470411169246,172.12636912140948,91.40579389447878,103.16747760175687,83.21709211087611,77.32015645769042
1029200,22.15906461407335,20.49467018305463,173.11888273862138,92.15319472185078,103.25983774316998,83.7156947684854,77.5357389875099
1029600,15.101099105794376,17.136834050232107,172.92679733973463,91.56969824492786,83.77759000392369,82.59049616848509,77.48853615151144
1030000,12.691220571883113,18.050125048525885,18.65308981539523,92.0898293654183,67.35431761165374,81.8802218934381,77.56047668893152
1030400,44.52616740253091,22.26258938087084,21.840304988120533,93.93612414446993,68.54994774938187,82.58552996331524,71.03987480555696
1030800,23.83321327306774,23.662152993469807,20.905311702319686,94.96547640995252,67.28294279132547,83.08289221097992,71.14583038096437
1031200,12.140381065320756,21.65841628371929,21.07654323338712,94.25179836566097,67.29664311825884,82.34291008032716,71.07472329188978
1031600,2051.6169024617534,428.9615769549111,223.04920550257174,196.49182935614726,135.22585726788682,133.26551312850825,111.37136626364848
1032000,17.386340365806298,429.90060091369577,223.975362981111,197.13647426231202,135.16435924644688,133.33555607757336,111.29832351802688
1032400,32.688487038317035,427.53306484085294,224.89782711086204,197.91867047164325,135.78262402602795,133.92860571896296,111.51685081573218
1032800,6.066211186291607,423.9796644234978,223.82090870848393,197.97363891494666,135.5441654991471,133.33083537843862,111.33785543039767
1033200,3.2275823118935354,422.1971046728123,221.92776047826592,197.5233216084436,135.41138330732247,132.92681842694395,111.35810791044149
1033600,2.849267014645421,12.443577583390688,220.70257726915102,196.81468730444277,134.6139912530022,118.0088368202305,110.21291238861826
1034000,17.114422117400085,12.389193933709446,221.14489742370273,119.89899361954895,135.10818538484642,105.80196256466597,109.733156999491
1034400,5.288498882333164,6.9091963025126715,217.22113057168295,119.53071777990169,135.03112628687424,105.71774345495714,109.51265008498876
1034800,363.3985388782456,78.37566184090346,251.17766313220076,136.04148741726016,147.03620531736854,113.25662287654427,116.70184639522408
1035200,28.0757463816698,83.34529465485872,252.77119966383566,136.92387144861135,147.09159879838583,113.66528225465304,116.42856799702884
1035600,10.402600118502043,84.85596127563005,48.6497694295105,135.84948746604113,147.21114271393495,113.58183530829271,116.34236438870869
1036000,4.454535450011884,82.32398394215241,47.356588937931065,135.66597595952095,147.20984582085165,113.21241666931789,116.1397626496449
1036400,595.9016875616225,200.44662167801025,103.67790899026161,164.2878680505618,166.5050833111827,127.75644526708633,127.87846637322268
1036800,24.094722892915428,132.58585848094427,105.48076016092398,164.6508344347039,167.14267933027241,128.02831416459134,127.76082033493567
1037200,13.10622636360979,129.59195447733222,106.46862456609563,164.19819252218073,167.17175592766088,128.17569362201576,127.63517965477428
1037600,525.4678945288157,232.60501335939497,158.73048731751265,189.7165322933318,184.11995397546605,140.64311526912982,126.15316691968692
1038000,523.4031742876568,336.394741126924,209.3593625345383,215.2521299791205,149.71911659121204,153.67097967226937,126.51344255864043
1038400,159.96936214956773,249.208276044513,224.8274488612618,221.0242897164723,154.629628140355,157.48020693047113,129.53968453621806
1038800,492.8889346428151,342.967118394493,237.7764884377187,244.4770757849597,169.95315442407963,169.7212760974561,138.16059598877916
1039200,6.400029396063476,341.6258790009837,235.60891673915808,244.1900582014968,169.8188865454602,169.2209282835789,138.05400915155403
1039600,3.904317261885829,237.31316354759775,234.95908845349646,141.80442894150346,168.88602112852615,169.14812914882535,137.85728593733344
1040000,4.072423009071083,133.44701329188058,234.92087720940236,141.13873307366669,168.75094304281475,169.13760366798934,137.5541087773348
1040400,664.7471494015838,234.40257074228379,241.80542339339854,172.74166619183003,190.12705316484067,185.33016833173662,150.56624089234876
1040800,3.550588609309249,136.5349015355826,239.75100996503792,172.6158850629809,189.68422627814851,185.29476198896378,150.37285332468065
1041200,624.9009293001164,260.2350815163932,300.9304802586886,203.69955241239205,209.77562176768333,200.6114370104178,162.7266509493503
1041600,17.271610365843348,262.90854013718473,250.11085184239133,204.42066957995198,209.84797214301827,200.61767844219736,162.53666258378212
1042000,29.50407713295153,267.9948709619608,200.7209421269208,205.0401523307295,210.4084006950539,162.46957297513922,163.08097216319965
1042400,213.1967885758125,177.68479879680655,206.04368476954528,215.4355668154035,216.03075473416325,167.4831422976526,167.19290249828595
1042800,15.304521942709068,180.03558546348648,158.2852434995347,198.03086596862667,215.74646502315133,167.0361766929434,167.4340695778718
1043200,37.10130433367676,62.47566047019857,161.355370993296,198.482143866227,216.57849579876316,167.70300765741916,167.6478168255223
1043600,2295.0698854289144,518.0353154828128,390.4719278099989,312.71550813174764,224.69359523100186,224.28249779889433,213.41288888106
1044000,14.682012508662682,515.0709025579552,391.53288675995805,313.2268819846802,224.60345096909708,224.44642897210056,213.61666028638308
1044400,43.844002272898265,481.2003452973722,329.44257204708947,285.62399772024395,224.97530147691648,224.95593288540286,214.15264907480716
1044800,3.713662261245753,478.88217336107954,329.4588794122831,284.6049446886605,224.89688317941494,224.6278895616822,214.12758547362762
1045200,19.57455315657589,475.3768231256593,268.92624179792904,284.9283610283088,225.44178220757104,224.56327677524473,214.27439796792004
1045600,4.335512602581655,17.22994856039285,267.6326320216029,258.87174193199706,225.4913237271689,224.29413711266443,214.02066915807845
1046000,1402.985797064984,294.8907054716571,404.9808040148061,302.8508730708635,271.6870362254217,259.051501524992,210.97181918307263
1046400,2.932997445603429,286.70850450619815,383.9544249017852,294.9990548356652,271.608519510864,258.0116722760688,210.77739881847913
1046800,3.470502621171876,286.65987257818335,382.7710229696315,270.5281332345831,259.6109183022949,257.5026045097714,210.183145948281
1047200,4.597129965424787,283.66438793995314,379.5206055328063,270.4379882630511,258.82829775508674,257.314023232274,210.06652723249658
1047600,6.130367277469213,284.02335887493064,150.62665371766178,270.5492907638303,258.685889993719,206.17685985266684,209.55132898264782
1048000,3.0351419971108675,4.033227861356035,149.4619666665066,270.4974267132323,258.6385768786223,205.81807989344946,209.44953651098174
1048400,4.717601523943899,4.390148677024128,145.5493265916112,237.4959493193503,238.93244067736632,205.11880775559013,209.0746116266445
1048800,6.5576080642433805,5.007569765638429,145.83372117191092,237.646300292097,238.34787018307728,205.13109267753893,208.86905588372792
1049200,3.466508284456599,4.781445429444792,144.22291668469902,206.57457924131398,238.02654624710547,205.13706582685305,208.49520475713558
1049600,26.2863618003586,8.81264433402267,146.4180016044767,207.0253168130398,221.3871618228236,205.72299319649588,208.71891001102688
1050000,20.616430246114327,12.32890198382336,8.181064922589744,206.58093446869793,204.6276036881055,205.8105433997137,208.87741420451147
1050400,9.860987890730938,13.357579257180769,8.873863967102494,196.4141444344438,199.62399121281092,205.92485562492365,208.18411061427548
1050800,302.71954309879777,72.58996626409164,38.79876801486508,210.78489549224827,193.285011494677,204.40788073043745,213.7618372107901
1051200,55.47585384782679,82.99183537676568,43.88664040310529,211.7036229679558,194.9208723097358,205.0928834170914,214.62854666644023
1051600,842.8536460006624,246.30529221682644,127.5589682754246,139.09281099654316,222.8858499343617,225.9041595641454,190.4532815372184
1052000,672.5578913382615,376.6935844352559,194.51124320953966,171.9866049380231,245.16869887866804,242.6067434613516,203.55671255666752
1052400,61.64975673489076,387.0513382040878,200.20445873063437,172.87689266112272,225.06545245644494,229.25044519068334,204.13593795059896
1052800,1.4241524588536882,326.792260076099,199.69111317009538,172.76241717100314,224.99457125142973,228.68368092983178,204.04309677605022
1053200,18.349246416513708,319.36693858983637,201.17938698330107,172.70115183400003,204.77618182197634,228.81475643115442,204.34553005814266
1053600,12.88221230758063,153.37265185122004,199.8389720340233,173.12848681924999,204.62986855336757,216.00011437562353,204.54618896400135
1054000,16.392025898536193,22.139478763274973,199.41653159926548,103.79879826092761,204.19280017888707,203.32483566589548,204.53174103962408
1054400,37.26563579706876,17.262654575710574,202.15699638989926,105.51543017850085,198.3284284195956,200.25724250708302,205.17128377791877
1054800,915.515486152298,200.08092131439943,263.43659069524927,151.11767935505716,228.33546055991525,210.8229062948201,216.21362272339982
1055200,119.70996348771968,220.35306472864062,269.86000165923855,156.8733210311719,231.08908253171666,213.65565464711148,218.0463070655208
1055600,21.00938003290182,221.97849827370487,187.6755750624625,157.61727166894354,155.28706568518288,214.08328121638687,218.2584426638088
1056000,856.3012065845753,389.96033441091265,206.0499065870939,200.28057489831676,183.34103882104665,235.38900080577451,235.29537608650003
1056400,7.5417680603584705,384.0155608635706,200.63910771964066,200.4217832251375,182.13096434729533,218.95886627224385,223.52817769647478
1056800,20.062351366370613,204.92493390638515,202.50292761039236,201.09702039024384,182.67592065079953,219.3716603411704,223.44753026594387
1057200,7.950809943500535,182.57310319754131,201.46308396309104,201.32123547319605,182.28846254369697,203.94790735725502,223.3444219375417
1057600,9.052070693116276,180.18164132958424,201.08006980164458,200.4595209178339,182.4456811467148,203.74241886543683,213.0161054608277
1058000,28.60659993935821,14.6427200005408,202.3015272057268,200.8590294024961,136.6330412425273,203.719981935597,203.12017397386174
1058400,24.72399929866324,18.079166248201755,201.04736355588625,201.60217997289274,137.35940797096262,199.00816220366826,200.4152667168437
1058800,9.07392470007124,15.881480914941879,110.4032074106636,186.9198990529564,137.54618870692593,198.85239727260233,190.7389665179888
1059200,41.387881209636,22.56889516816897,102.57099918285522,186.2155004210469,138.77254708173297,198.9595616945013,191.43872355426026
1059600,591.7763363389753,139.11374829734078,159.64769481346258,173.66163493796253,158.29407938378318,156.37722296725283,203.19616393580202
1060000,2295.3848182820248,592.4693919658741,303.55605598320756,254.80298128515068,234.70573525994695,213.39479311158684,249.02241184126106
1060400,15.364672831025356,590.5975266723465,304.33834646027424,252.48872708995742,235.06063763684966,212.68280987554007,236.03476230984995
1060800,9.101970152378914,590.603135762808,303.24230833887503,252.87261797463367,235.1454497064542,212.81751757281836,236.14578994071132
1061200,29.669684428191324,588.2594964065191,305.4141957873441,253.43863987521758,236.01888891124537,213.06989585460875,224.2411650432728
1061600,1296.3427818803111,729.1727855147863,434.14326690606356,317.6116683538541,278.3541029139104,245.370077586552,249.82258847356218
1062000,32.14931441991409,276.5256847423642,434.49753835411923,318.399532779923,278.7385323863704,211.09916552042523,249.87549321930143
1062400,34.2464227721685,280.3020347305928,435.4497807014697,318.24857212867795,279.55138021575175,211.88200115358936,246.29648590322853
1062800,16.404321722567477,281.76250504463053,436.18282040371935,273.2930139071915,270.0075395032107,212.20534663112426,246.3184818988257
1063200,10.949287112656188,278.0184255815235,433.1389609940214,267.8549800884383,268.52332061203833,212.364150559805,245.7954415544053
1063600,2.7464207083940657,19.299153347140066,374.2359694309632,266.9418321222129,240.51974643562937,212.2795518955782,199.94897225999492
1064000,21.017061382948533,17.07270273974695,146.7991937410556,225.17762486213155,218.80171877045228,212.7290998802241,200.0756732374806
1064400,13.118535908602592,12.847125367033772,146.57458004881335,225.45646325454373,217.18401140957602,212.9391232398406,199.4611639101947
1064800,11.26210732512252,11.81868248754478,146.7905937660877,225.01645105248136,217.51194323845164,213.05673572136257,199.6121328114722
1065200,6.155984698741608,10.860022004761863,144.43922379314273,224.92670979024336,217.10550118119258,213.1239726317197,199.34376144231555
1065600,1296.654795641581,269.6416969913993,144.4704251692697,289.3068460376666,259.89792062565925,244.8831834777502,225.1901471030955
1066000,71.62712588898536,279.76370989260664,148.41820631617682,291.457872335148,261.7390906253409,246.15845086882206,198.56297367957555
1066400,2.085987761957092,277.5572002632775,145.20216281515567,290.3259717583127,260.5664356908372,245.96407586560267,198.54603348590263
1066800,6.944009987371743,276.69358079572737,144.25613164163613,290.2194760226777,230.28071981867296,238.56968753781703,198.6155036332266
1067200,1668.8085439698852,609.224092649956,310.042057327359,371.5905091606902,281.9173391680785,278.90300479086847,231.8997319133158
1067600,5.288186367294506,350.9507707950988,310.29623389324905,342.26610166210617,281.3932993792249,257.9638683000343,231.88288829511237
1068000,307.0547667285986,398.03629896302147,338.90000442781405,242.84959908443483,263.085084717359,248.82629018479275,237.96328078974213
1068400,43.564605879456174,406.33202258652125,341.94461142489945,244.2595957368564,264.2858459779956,248.37416141340685,238.74022087685236
1068800,468.0071422311533,498.5446490352776,387.6191149155025,267.2048543407951,279.2173390068217,260.03873615771437,247.96921156019056
1069200,5.397339280149206,165.86240809733036,387.5432503736433,265.991237083393,279.1322233180433,259.71493847930526,248.0078281801044
1069600,1261.2894640706934,417.0626636380101,384.0067172165545,264.2385711929121,320.8734697639626,290.925119773383,272.70789022551105
1070000,1214.92902575615,598.6375154435203,498.3369072032709,323.3775567597239,360.4175506245223,320.8885447698234,296.5941421357118
1070400,1472.2094045507504,884.3664751777793,645.3492488821503,395.275705848653,408.6670641329252,356.76213898866547,325.8411104689122
1070800,1189.9060312868091,1028.7462529889103,763.6454510120941,453.95079132686504,448.0281343524831,363.6219026170282,343.58484023267243
1071200,155.06438604454445,1058.6796623417895,612.27103521956,461.1565462734596,451.81735118031344,364.5057631809488,345.57661087660676
1071600,6.229031083360523,807.6675757443229,612.3651196911666,461.3306767922078,432.29910767179285,364.1362544572103,328.84411857826075
1072000,1676.4608762703626,899.9739458471655,749.3057306453429,544.1028675365785,411.6683096047375,384.640246199355,348.9221782769028
1072400,1019.673514651448,809.466767867305,846.9166215225421,594.4306164737208,445.1452709987516,409.9435398641323,368.08265343523385
1072800,1266.297097635224,824.7449811369879,926.7456170629491,657.1823659892259,487.05177524817975,441.09940852085356,393.3801123387613
1073200,14.85846806236117,796.7037975405512,927.6917299411704,657.6174901574068,486.5580680359854,441.27209997382505,393.3102967716783
1073600,1874.70269854352,1170.3985310325832,989.0330533884531,686.5198853025038,505.836731924759,487.9133656700852,430.54670649639706
1074000,362.2470080764055,907.5557573937916,903.7648516204787,701.0508794118748,516.8399883799754,496.2543758735113,437.4638061399544
1074400,20.00712223859285,707.6224789112207,758.5446233892628,701.9469361357067,516.3653450288563,496.1364539470096,437.1186358687849
1074800,844.7887622829236,623.3208118407607,724.0328964888744,743.8391737504842,543.9781597142014,517.0293248865809,435.70410139139744
1075200,1559.4589979410491,932.2409178164983,864.4723576785248,738.3716964490425,595.5951500751478,554.9811028048663,464.499082080464
1075600,15.473097516119957,560.3949976110182,865.3967643218008,738.8809420064837,596.0193726354054,540.5735218342949,464.3883564301284
1076000,1096.6136195514378,707.2683199060245,807.4120386499083,778.3588846476256,631.8725912410217,510.60424186603024,469.1946046894656
1076400,7.651416062351084,704.7971786707764,706.2098287909986,776.5632251567703,631.6903539128133,510.41141044681325,469.19679764950547
1076800,3.0493389137319653,536.449293996938,579.8850529188494,753.3153349908991,631.416594965767,510.2600946658471,468.85653740045274
1077200,32.0697553264546,230.97144547401905,581.6061816452586,754.6489557932146,632.280387320024,510.3200964383037,469.3389163081118
1077600,870.9673572337413,402.0702974175433,481.23264751428076,735.132850451367,618.0908060397628,499.68571082213947,486.5772220389243
1078000,8.13088493164175,184.37375049358414,445.82103519980444,674.7929434101416,615.9742646745179,499.0852500849326,486.16770773877
1078400,7.406028526527456,184.32467298641942,444.56092582859793,601.5527746089303,616.1515993666703,498.41424022879164,485.82134832332724
1078800,17.28043374057806,187.17089195178863,361.81009297436333,542.9214947316188,616.4961468251105,498.43614302924186,485.98547850413735
1079200,2.793309946954182,181.31560287588854,206.14352417495382,535.3079409267393,560.9623056910128,498.23224360009937,485.2135870788838
1079600,1546.4773595193662,316.4176033330135,359.2439503752785,612.3203573485396,612.3352781294151,536.8255170703736,504.30760754249155
1080000,4.621410086852429,315.7157083640557,250.04472942881995,528.7283840393641,602.254166241357,536.4156257879713,458.49233937858816
1080400,486.0561802479197,411.4457387083341,297.8852058473768,502.0475173191877,617.0038853869725,548.2390668964542,467.906169526926
1080800,4.059967269980112,408.80164541421453,297.98626868300164,438.9356608009255,601.5389795549332,548.0590133950757,467.805329469278
1081200,14.166826949592071,411.0763488147421,296.19597584531533,438.901078745287,601.8312958105814,548.259284451347,467.49527231970603
1081600,4.785636934562177,102.7380042977813,209.57780381539746,345.4052256648391,559.9478349060438,515.9625554836714,441.6641294207911
1082000,40.29077493731572,109.87187726787397,212.79379281596485,329.30741400788463,520.7932265454159,515.1791467098797,441.82695863113906
1082400,3388.859451557553,690.4325315298006,550.9391351190674,497.7500304738327,584.6815614456427,599.8484833047696,508.9192192068468
1082800,8.205543871426467,691.2616468500898,550.0316461321522,455.9208695532578,545.2915451984633,599.880021651871,508.75524364982397
1083200,110.85037315929132,710.5983560920297,560.837352453386,383.4904383141699,543.8177447689548,560.931067381606,510.75326537075665
1083600,8.354786351940586,711.3121859755054,407.0250951366434,383.134522755961,543.8886032779075,561.0077323812222,510.8654326836276
1084000,18.65403742140493,706.9848384723232,408.42835787009864,329.2365436494593,488.62837531627554,553.7977141485424,510.8181722043968
1084400,433.11660166852033,115.83626849451673,403.1344000121587,350.5098029297677,469.07647821684463,563.536514043269,519.2181335195951
1084800,18.12774858209634,117.82070943665072,404.5411781433703,351.26372341318597,427.4708332484071,552.2895292020427,519.3554463447346
1085200,269.7132501398823,149.59328483276892,430.0958204623994,363.1458981538574,435.9659926509911,558.897426973536,524.6265916535574
1085600,5.445053944909239,149.01133835136264,430.161762163434,319.86978298941574,373.6574044977041,527.5013167203913,498.802396819624
1086000,298.11938031916446,204.90440693091455,455.9446227016189,334.3692077587919,371.519816905796,504.58107558446665,503.3322419082275
1086400,6.565959973683956,119.59427859194724,117.71527354323204,334.32720433114974,371.07177816363236,467.93998947004,503.4218413524621
1086800,253.03804655086856,166.5763381857017,142.19852381117624,346.11508497166426,351.3467543058972,444.5182898516415,508.343722083732
1087200,7.374187256137307,114.1085256089527,131.85090522086085,346.34412883712344,299.6105939497335,440.8260348819314,475.115034949457
1087600,11.09230844467614,115.23797650890609,132.1246574301344,269.5748762833889,299.464567647352,440.9476168159642,475.23111739100466
1088000,233.15746330132131,102.24559310533746,153.57500001812605,281.00167894411237,270.68269577234815,404.86503149173814,473.7531713224591
1088400,10.666543120732786,103.06570973474723,111.32999416334731,257.232197087753,270.78320000762756,379.6398572034703,473.09521006728465
1088800,271.6339374914445,106.78488792286241,136.6806130542821,270.61089559882623,279.73601996021796,354.7732781998758,469.16774597249054
1089200,6.743673691328539,106.65878520990066,110.38365540942672,270.23973793591307,278.8918172390471,354.5704083406,469.19467266071405
1089600,121.81225870361833,128.8027752616891,122.02037588529763,276.0910690243658,253.91998062137634,310.74814734460244,446.40512855337255
1090000,56.63483355708519,93.49824931284186,97.87192120908972,276.90827195535434,255.5367789088911,303.10784298161946,423.2392447093912
1090400,174.69019610147618,126.30297990899055,114.68434482186895,116.19980918255048,261.1129178280561,306.9749198281915,397.2888605404058
1090800,1872.5641551658712,446.4890234438759,276.6369556833692,209.41773974727272,322.95570854223246,332.6693046502652,410.942023017987
1091200,381.5659313829077,521.4534749821917,314.0561300960463,222.95351765845353,335.58146259009766,303.2219779863117,415.4720539247543
1091600,716.4800186132381,640.3870269641156,384.59490111290245,258.3597792715184,307.91488455989344,320.74715101373965,429.67707367535183
1092000,19.909975545983087,633.0420553618953,363.2701523373686,258.4225761777474,308.42450340853105,293.82955991360325,396.5460556608642
1092400,15.680739639099924,601.24016406942,363.7715719892053,237.55078307627633,292.74532205490374,294.03029300302194,376.4662001606173
1092800,23.77769380174076,231.4828717965939,338.9859476202349,237.83328033725851,293.40257960596244,294.5485018752222,351.6158120839477
1093200,99.73895434728266,175.1174763894689,348.28547568583036,229.33456554762853,296.2549838525521,296.24023185074293,353.3134218096461
1093600,28.25812284592164,37.473097236005614,338.9300621000607,230.47521899267917,297.03740004959747,275.1725009910474,316.38453029569405
1094000,73.08110032991232,48.10732219279146,340.5746887773434,219.22330499321657,298.1304108960173,276.7962563760042,310.60121214076423
1094400,6.555560829984676,46.282286430968405,323.7612252501943,219.2227850360316,185.38694787176505,276.7749946835906,310.33218091259204
1094800,12.850143140801684,44.0967762987806,137.78982404768732,207.21338986552823,185.54176784741088,276.6642374185962,293.6934085297496
1095200,128.52913830077802,49.85481308947966,112.48614473947434,213.27113741776026,186.13106001879376,279.8076331274418,265.0748113369442
1095600,87.7477557804673,61.7527396763888,49.61291845619725,217.10390978454984,188.777492333078,243.33939303396932,266.52030450223117
1096000,155.5522439435622,78.24696839911877,63.177145295955164,213.22364881666186,193.34076588381654,247.11266388038706,247.69907699007365
1096400,10.436695764181206,79.02319538595808,62.652740908463294,213.21215644883432,179.25143568700526,235.22217676829365,247.75478258411025
1096800,1271.4339320316933,330.7399531641364,187.41836473145855,263.2021561758467,221.02830846865848,266.90652588733644,273.1224744464695
1097200,1369.0644772058374,578.8470209451483,314.350917017314,331.31819635157217,257.67334937085695,300.77896714374253,299.86236888405716
1097600,5.411935917561069,562.379856972567,312.06629832447794,325.49818021226935,257.67224543661206,300.7946246183175,282.5512604577335
1098000,19.953136214523575,535.2600354267594,306.7535019129391,323.6640953451412,248.40003729979068,300.2861836502478,282.78770548339116
1098400,41.478156292646645,541.4683275324523,310.24576145920526,317.00349335469974,249.56377717708943,216.60165126862506,283.4691480387135
1098800,24.05369904840996,291.99228093579575,311.36611704996614,224.57797054882673,241.93096559367416,216.99785514804967,283.6046133448702
1099200,12.921405891766891,20.76366667298163,299.805343809065,206.1457442742697,242.11587288152847,214.54963096636158,283.8071752637664
1099600,36.78907043256707,27.039093575982825,294.70947527427495,172.16119686523612,242.97243161445815,215.2604880683772,253.61340948203045
1100000,5.468981415733638,24.142262616224844,279.70114902149214,171.43914715872364,235.38281555160523,214.93086166823542,253.63036090860805
1100400,36.03154414718146,23.052940187131803,282.26063385979216,172.45668738412772,236.22831558582024,205.00373523020198,244.6298681865933
1100800,27.05159579505778,23.65251953646137,157.8224002361286,172.62038248379355,228.07557086260732,205.226831410526,245.08970075709485
1101200,334.62036192371977,87.99231074285194,54.37798870791683,184.36445286261545,239.004793803687,206.84950920512193,251.4987714565774
1101600,328.8335034125792,146.40119733885436,86.72014545741864,199.3932218909483,245.9055019606524,214.9342204418137,257.97972878613774
1102000,1589.621974912665,463.23179603824065,243.6870293272328,275.22026562008597,297.0050733391717,247.22178530665119,288.96635278564474
1102400,11.117484904086442,458.2489841896216,240.65096218837675,275.44836182379106,291.5526496325921,247.33557342991125,221.4115134525754
1102800,35.11849004367735,459.86236303934555,241.75744128790353,276.5617791689348,230.3044607951856,241.88758451723146,221.9497723760204
1103200,1987.6421092855023,790.4667125117021,439.229511627277,369.517427718171,283.84033339193877,291.39428256796566,259.4856070985447
1103600,17.489193553785626,728.1978505399434,437.29952393939885,366.00449960683693,260.5406392232904,291.55420469569333,259.66829524258156
1104000,43.71712748457565,419.0168810543255,441.12433854628307,360.4127437838876,261.33421095457675,286.81819630027474,260.1695570438449
1104400,42.25584299955841,425.2445526734199,441.7467684315208,362.00370114565646,262.2200477332587,287.60792879724534,252.35234187046572
1104800,6.070517948412314,419.43495825436696,439.6486606468563,298.7355304414924,261.62980853814776,280.96884330866953,252.11119725779204
1105200,34.538875389942945,28.81431147525499,409.6405119934785,232.00925035069767,259.4564725729031,281.6637233511349,247.40770976279325
1105600,11.26319102193548,27.569110968884964,377.8834807544142,232.30181310591647,258.8899748454369,278.89999665909284,247.52407250433382
1106000,4.757272948419893,19.777140061653807,219.39701055798963,231.54201994261126,256.61251393272045,277.60305764387624,241.6568303569189
1106400,14.766400569890068,14.279251575720142,219.76190212457004,230.20643215647343,256.88620859071733,273.6049627555866,241.820839168843
1106800,14.009833013126974,15.867114588663071,217.651036421515,229.70423885470927,256.92486491979486,227.14110470176792,237.04027489808817
1107200,3.6992370004375807,9.699186910761998,19.256749193008496,229.24313041014278,252.7638682097835,217.6944373422062,236.96677589297417
1107600,1887.8546106493368,385.0174708362423,206.2932909025636,321.79640742098127,312.76743003874583,246.97880214310868,274.5020219370674
1108000,1446.3061934359134,673.327254933741,346.5521974976974,393.8382680219903,355.7925616884908,282.63870759035694,298.7649965397593
1108400,38.78823164572235,678.1316211489075,346.2054363623138,393.9761023969173,356.7376128845422,283.2163948905225,299.32743031025905
1108800,2512.7468984981974,1177.8790342459215,596.8730744172923,518.2608675320744,398.114711766759,345.4406250079339,344.1496895303941
1109200,1860.258225194034,1549.1908318846408,779.4450093977014,594.54276069559,414.48783669969896,389.45360677910264,381.21998056044816
1109600,509.8034444645981,1273.580598647693,829.2990347419676,603.591257748191,431.30088698460014,401.4922398195696,388.9798042756678
1110000,28.180669624634653,989.9554938854374,831.6413744095892,525.5191924837894,431.5751380982705,400.36972905193767,388.4107209970188
1110400,18.809289217157787,985.9597053997244,832.0456632743159,525.9037826994429,430.8195091957542,400.676072261617,385.29310285933235
1110800,708.0805898148346,625.0264436630519,901.4527389544867,559.5518876880009,453.620405554635,418.05683342846777,362.00343155231167
1111200,8.958771534907335,254.76655293122653,901.9786924079337,460.61772080047115,453.48831774273975,415.067574259321,354.55128835535163
1111600,6.470572720607336,154.09997858242838,713.8402886150607,460.06678975881215,452.47770115234107,413.03564468282457,340.35109943749904
1112000,27.079670856613664,153.87977882882416,571.9176363571307,459.2349169274141,453.1980574670371,409.8238303556508,340.49449334371167
1112400,12.892766873703309,152.69647436013327,569.3280898799288,457.7667631211213,452.4267648912545,409.88523213338885,340.4387338884037
1112800,25.81496672055305,16.243349741276937,320.6348967021644,458.75398555972833,452.3855439221043,378.7447580006104,340.47947934678
1113200,506.858657686106,115.82332697151669,185.2949399513716,482.3699746745366,458.1268204475172,357.18961251261715,348.62187341355644
1113600,16.584357620777844,117.84608395155078,135.97303126698955,482.6360330044787,447.7185155877905,357.4689230551975,348.3883981090535
1114000,13.566713905123748,115.14349256125281,134.51163569503848,483.07650505231385,395.1833402208724,357.3092624974625,347.19811038055786
1114400,3.073805449400534,113.17970027639224,132.93808731826275,482.49187529628944,394.91521757238286,356.34915372638136,347.1284752729461
1114800,9.43352279626251,109.90341149153414,63.073380616405544,482.26305978544616,394.0590519974691,355.9836493200777,347.06014286605534
1115200,1182.9234347118795,245.11636689668885,180.46984693410278,541.2242696710183,367.2350961783483,385.2337000405805,368.14802879427737
1115600,337.7777355751327,309.35504248755984,213.6005632195553,463.720425917308,377.91138091239316,392.7584166691446,373.1486283901707
1116000,25.9066482270452,311.8230293519441,213.48326095659846,392.70044865686464,377.31769827047555,393.2693583394274,370.5557164758403
1116400,175.01750466556032,346.2117691951761,229.69573473578416,399.5119123078565,381.7430869926756,396.7440073523869,373.8473326538679
1116800,3.3805772511438628,345.0011800861523,227.45229578884323,274.04359624550386,381.6534223027666,396.15223188878906,348.48626555825695
1117200,4.700064321213779,109.35650600801917,177.236436452354,181.26568820186284,380.65879526714235,387.9042244487264,321.1989773005645
1117600,644.259482229695,170.6528553389316,240.00394891324572,187.9884900901177,401.7586716407343,395.7898739191543,333.9759282268071
1118000,20.873664055008785,169.64625850452435,240.73464392823422,187.6231398116364,402.2958846776206,356.5711661477129,333.99433878361685
1118400,1643.4622348958735,463.335204550587,404.7734868728815,268.85578709557217,456.58574582182,397.37978489750753,366.0340203556814
1118800,9.435102930334356,464.5461096864252,404.7736448862887,233.92351275134715,456.4332548190603,396.73770021967397,365.74164843331994
1119200,1365.2630537239786,736.658707566978,423.0076067874987,301.73872686080074,501.8187153765117,381.17822383063583,392.78848138996415
1119600,1772.2703297095793,962.2608770629549,566.4568662009433,390.02871471024935,497.96590601185306,425.0477522345307,427.4981065755044
1120000,14.936045447622217,961.0733533414775,565.359805923001,389.4215334397997,450.25356774557673,424.3282251836069,427.6874478561421
1120400,16.01074283174566,635.5830549286521,549.4591297396195,389.5774322377018,449.4943181184442,423.6720976794116,427.2870318298334
1120800,331.88957872523423,700.073950087632,582.3100298870286,404.8811628379359,376.79907412601204,431.81757419883206,433.383791488437
1121200,4.0600512590974525,427.8333495946557,582.2460285808169,379.74123251658546,314.92580166151413,431.0556035955609,426.77258527514454
1121600,40.5646202170404,81.49220769614803,521.8765423795514,380.94024564639864,299.2845075199289,431.7881393254385,421.0072076112337
1122000,4.4002113180088,79.38504087022535,520.2291971058514,380.48192051704285,298.4918255763747,431.7792127846783,389.3027723393405
1122400,15.388952951250264,79.26068289412628,357.42186891138914,381.0976778921353,298.3778143675111,431.7947765942123,389.3882017002839
1122800,399.3155757023087,92.74588228954117,396.4099161885866,400.59178053743767,288.08564723042696,441.42742016144183,396.6721434134565
1123200,31.075952360969435,98.14906250991557,262.99120605228563,342.9994064198921,288.8228865912957,442.11183804545516,357.5408202749659
1123600,20.34059433598569,94.10425733370462,87.7982325149263,327.1275493579348,289.28522064514164,395.4239876376214,357.5978482906098
1124000,7.061848853065394,94.63658484071594,87.01081285547062,326.18530938923584,288.61795991169004,359.4428790230502,356.8647427179796
1124400,1382.9343675524697,368.1456677609598,223.70317532754302,386.5811525335813,334.28601326764885,393.04653242071885,383.6783132090378
1124800,908.8220092519886,470.0469544708958,281.39641838021845,431.85322413362354,363.7195813520301,352.9484101895637,401.7333430351093
1125200,281.33778421982566,520.099320842667,309.1241916762913,445.6851101285541,356.202218903154,313.4753991652084,406.6693212117071
1125600,10.383500133342798,518.1079020021384,306.1060796679215,413.9913110237365,355.99552365357283,300.989900556927,406.65172739393523
1126000,195.18605268831053,555.7327427691874,325.1846638049517,422.7069304554017,362.04950161301247,305.1650351335189,410.460302988733
1126400,9.610721686507588,281.06801359599507,324.6068406784774,341.0143547949333,362.26739882091607,304.93507094525273,410.35718941106535
1126800,12.412560851517664,101.7861239159009,285.9165391933983,341.16322769099247,362.3667000894245,287.54337022116977,410.32524396783316
1127200,197.19903510952216,84.95837409384019,302.5288474682536,282.7600267602696,329.5092201026793,292.2493768105352,414.1952399300148
1127600,919.1943659794938,266.7205472630704,392.41422463260443,240.10622857376538,348.8897744494913,315.06747164200726,394.822035036618
1128000,1171.1660836535684,461.91655345612196,508.8246481126547,297.9177304840627,387.0650889637087,343.6696319619312,389.3192328409711
1128400,33.35474587835883,466.6653582944922,373.8666859452436,298.78493063639337,382.3429970041353,344.18118143704754,389.2105631256238
1128800,826.1893019395741,629.4207065121034,365.6034152140022,323.49991679711036,409.7699544937497,364.1905398175231,355.4794111944513
1129200,3414.6832636850186,1272.9175522272028,678.9379631605215,494.0310774184064,523.4360611392099,436.8861549674959,386.56791196427105
1129600,3.3670798735631164,1089.7520950060166,678.2363211345435,492.17120040123257,502.0729810606721,436.5557230238155,376.4391846724504
1130000,4.96507737708465,856.5118937507199,659.2142236034209,492.19944370418636,501.5426948380746,436.3406821106146,375.9748728274993
1130400,2724.396644206221,1394.7202734162922,930.6928158553923,627.6498282669348,537.5738418150863,504.37375307953505,430.08661992728065
1130800,66.84994239517484,1242.8524015074124,936.136554009758,611.0265466015782,539.4876697972476,505.80916356950786,417.26200697888737
1131200,7.871833333441351,561.4901154370971,917.2038338321499,609.8663406502018,494.2412957842297,476.43287353504695,417.2402682148581
1131600,3.4778981598914376,561.5122790943627,825.6321870501897,609.023205841397,435.28154806590675,468.0753775996659,417.18041472364376
1132000,500.0390414979888,660.5270719185435,758.5194828346317,633.6720654736432,451.45164793425226,479.92868743143947,426.6396021364713
1132400,64.05318535920775,128.45838014914085,761.5893267827166,567.7280063639802,453.05306268516773,477.1545794487806,427.66281050618136
1132800,71.35705964636765,129.3598035993794,686.1061025533961,525.8547588836991,444.36864538253883,478.85399150866124,428.57365236469764
1133200,57.66054566098354,139.31754606488784,350.4038307509925,514.670896955757,446.1553285292684,480.1780035421555,419.58969012419516
1133600,975.314573697592,333.68488117242794,447.59858013339533,562.9174506339695,477.31366031195347,488.45438082885295,438.7642944457315
1134000,2078.24026772476,649.3251264177823,654.9260991681629,657.0701613857918,546.4416621921786,539.8885459205967,480.05776552212427
1134400,1167.8322376091116,870.0809368677631,499.2696585084519,714.9812371819221,584.8564383474405,527.9977959884277,503.35293416531846
1134800,88.44631428655099,873.4987877957996,501.4292956975895,718.7829248536739,574.4941296335819,529.9730762723331,504.93318999512417
1135200,1858.3939651135804,1233.645471686319,686.4815088756034,801.8426713538767,635.4047300586689,542.3013490570731,518.4426006031582
1135600,3.251404484136502,1039.232837843628,686.4588595080279,756.0455232791089,634.8350903969407,498.07587592643705,511.7520739813383
1136000,2295.0256389270944,1082.5899120840947,865.9575192509385,812.2385010427852,711.100550066075,555.078115763424,557.1344537953393
1136400,390.8787330227538,927.1992111668233,898.6400740172933,830.114700400005,678.0320289150844,564.4498155181991,561.4516783624831
1136800,4.937181597128334,910.4973846289388,891.9980862123691,789.0520943828826,647.9025346599225,556.2760055899964,561.4828104494028
1137200,1155.9846776982768,770.015527145878,1001.8304994160984,676.1171650835455,677.0574311092041,585.0741212509758,584.5085027169441
1137600,6.503307070037097,770.6659076630581,904.949372753343,676.2739764433693,676.9280913404273,584.2225884223009,571.7533792137509
1138000,1423.717026970392,596.4041852717176,839.4970486779063,747.2115739230346,717.8791238164965,619.7055088136104,599.8102464720586
1138400,3.2336323037550208,518.8751651279179,723.0371881473706,611.1534233279114,717.6665541704049,619.401625797423,567.0056744202162
1138800,3465.3104027238373,1210.9498093532595,1060.7235969910992,781.0764463443444,832.7631488994822,696.0514964729612,636.1231804160863
1139200,46.53846161091114,989.0605661357864,879.5380466408321,783.009777758218,827.7411297828619,696.4380592042097,609.7486885738249
1139600,4.795879188985077,988.7190805595761,879.6924941113172,783.0756768096726,797.2611802231783,696.0494413255349,574.399199563413
1140000,5.579678307455633,705.0916108269888,650.7478980493532,758.3527086501459,758.4083000449745,696.0123870618945,574.2120722206098
1140400,528.313811145249,810.1076465952876,664.4914058616027,781.5657399394479,774.9069355538708,674.6468731517141,584.4581335868799
1140800,14.375868626227373,119.92073977576565,665.4352745645126,778.7166803884409,747.8464877767593,652.28571963607,578.1078593848996
1141200,32.62265580486304,117.13757861455603,553.0990723751713,777.4647858956349,635.111134180754,646.0678414256959,578.6791114758149
1141600,1544.482027277524,425.07480823226376,706.8969443959201,805.9231585746314,686.4816324275528,684.4203046043004,608.7574596170247
1142000,4.16947739591387,424.79276804995544,564.942189438472,702.2196190581892,686.4551124281804,679.6448902219905,608.7528449385828
1142400,39.78903303693061,327.0878124282917,568.5977295117898,645.8174588295802,596.9681920558706,680.3993480057511,609.2408465402964
1142800,4.954233486499091,325.2034854003461,222.56211258805592,641.6428547895775,594.9050017589149,680.2128898216256,601.3536196959801
1143200,5.3777116887608845,319.7544965771257,218.4460375958409,548.9920421183366,594.8218643707588,675.4173567361066,600.839654882536
1143600,6.925927607527845,12.24327664312646,218.65904243769515,549.1757682745063,594.9367986856801,652.6106457768075,600.5713615479668
1144000,1374.8399928396354,286.37737973187075,355.5850738909131,503.1664859701332,624.0968303970683,657.7024935064592,627.9269244276983
1144400,7.778539015997512,279.97528092768414,303.531546677988,484.01147626979537,622.2210088522946,657.0630883349,600.4238078569688
1144800,1926.2020379583175,664.2248418220479,494.714163611197,580.0747190878549,684.0491747960263,684.5634067353687,620.7714084310954
1145200,6.527341336073824,664.4547677515104,492.1046321643181,522.6018522697448,682.3447346518626,599.3595086766451,615.2751995734203
1145600,2161.462996305372,1095.3621814910791,553.8027290671029,630.3498367315115,721.8830154054552,653.3119065874403,658.2967894968609
1146000,1449.8158785123303,1110.3573586256182,698.3673691787446,631.6547793086083,700.9355357650409,689.4331766158214,683.3893860133413
1146400,15.699470202324555,1111.9415448628838,695.9584128952839,632.2780712035368,662.5311101848147,621.715747265724,683.5111609836576
1146800,19.67795455230823,730.6367281816819,697.4307850018648,459.99644879496043,660.2388315270066,620.5364475696524,683.6564688576734
1147200,6.966732396126042,730.7246063936923,697.5896870726014,458.01786233422115,598.5245904364249,620.5138200462195,679.8518228034055
1147600,1593.2123158271006,617.0744702980379,856.2183258945586,537.4386841661269,651.5232874811902,660.2571804878996,693.3321818003578
1148000,16.627226447329377,330.43673988503775,720.397049255328,537.9910615731205,575.5766737318647,648.1718851116332,670.2414046562328
1148400,254.00792153198577,378.09843015097,745.0199875069269,524.2757670924574,571.0143133488392,652.9207535159527,674.6544681693053
1148800,4.51239834452586,375.0653189094135,552.8510235455477,523.7825935783724,571.0001539070857,651.2496369834066,658.2209300974044
1149200,1296.2051587868625,632.9130041875608,681.8188052906265,586.9617187274723,575.6741699433719,682.2132523115536,615.8513679994413
1149600,5.57715369862966,315.38597176186664,466.2302210299523,510.0164750485275,575.643298164325,657.9698168115794,615.8955694759427
1150000,5.750914956769653,313.2107094637547,321.82372467439626,510.09554692657036,528.3777610972043,606.1575829923797,615.9112862275364
1150400,363.9230724597443,335.1937396493064,356.64608490013825,526.302248897711,540.4007424357372,586.0598538636456,568.7018147926068
1150800,10.909890478617717,336.47323807612474,355.76927849276916,526.600031747317,425.2540586942299,584.1214432684473,567.5830137542757
1151200,7.71137614317515,78.7744815473873,355.8437428674741,526.7167149700379,423.95982251197205,537.8543785441872,567.5798046104704
1151600,6.939191574449287,79.04688912255122,197.21643044220895,526.7173781683839,424.03126625815423,537.946573221445,567.6490304787616
1152000,6.680212009277136,79.23274853305271,196.22172899840376,458.3093891268659,424.0679507148816,480.7379375484995,557.7818538889874
1152400,14.146922900223757,9.27751862114861,172.23562913522753,458.6278083210773,406.9290544400474,471.31964229543627,556.7837286398077
1152800,12.709659569266654,9.637472439278396,173.05535525770162,362.9531894016246,406.8735141381487,471.5139542447397,555.6107806382656
1153200,1631.8530188200605,334.46580097465545,206.6201412610214,444.21947327582404,460.181192905322,483.41066277278424,587.0946301014471
1153600,1094.838235808136,552.0456098213929,315.5462494719721,390.88823525096217,445.19306652300907,510.61903599123673,589.485103343658
1154000,6.134524755540936,551.9364723706456,315.5846104518492,318.7041675631227,445.2585681016633,475.1794734358656,548.0429884842737
1154400,21.97446885650662,553.5019815619022,281.3897500915254,319.01791749583185,444.66474929564913,475.64799434968427,525.1258331092215
1154800,15.58913316103453,554.0778762802556,281.8576743597671,318.81347642626815,445.019245951467,389.40496261061423,523.6686894867112
1155200,5.946100849494419,228.8964926861425,281.68114683039903,318.7624448489366,445.0381922568248,388.3901535915788,486.6197322014295
1155600,15.291429018260128,12.987131328167328,282.5163705747801,239.86640050849456,445.3170423038492,388.65254233731065,486.860532692112
1156000,615.8825427944787,134.9367349359549,343.43660365330027,269.829166325852,420.0184606356773,403.91011394948623,453.27767076945963
1156400,12.824589028459204,133.1067589703454,343.3043702661238,257.76999970067567,420.1866623027594,391.0228833965665,445.7165878895737
1156800,5.95565727014663,131.1800637921678,342.62897003621185,257.84216264695675,356.1784496131537,390.8123781126645,445.7369574030341
1157200,29.15535201979157,135.82191402622726,182.3592033561849,194.48967230860316,356.93271663594425,390.7256955180377,423.2003708894644
1157600,15.78285101778734,135.92019842613269,74.45366487715006,194.99995717456108,285.41004512635817,352.5082161115443,423.38596176841935
1158000,909.370765013438,194.61784286992457,164.77728890293977,240.1809496773945,267.3952080097284,375.13824830198234,413.09903652928034
1158400,16.222308469647096,195.29738675816216,164.2020728642538,222.7959114778896,267.41263595197245,374.5490801878003,413.3588100525982
1158800,19.38324172140508,197.98290364841384,164.58148372029086,223.21957904002898,267.40281219094237,374.9098053936729,344.4402668325495
1159200,2.4280989009526968,192.63745302464605,164.2296835254367,222.95541517791784,267.25152440776986,374.83606507397775,343.55805957835037
1159600,5.828022877870776,190.64648739666274,163.28334291139777,222.89985674308895,214.33871464279557,374.80861745573634,343.578702452128
1160000,12.545879529589731,11.281510299893077,102.94967658490887,223.1931401191046,214.20266974553758,340.75126462298516,343.71802647657074
1160400,1.945327828602531,8.426114171684164,101.8617504649232,222.5830603655235,205.8005832887581,340.6054343433003,333.1906568102378
1160800,19.134845263562543,8.376434880115657,103.17966926426479,222.9043196502383,206.28799818605935,292.9287545259314,333.28583634298457
1161200,50.25374482348444,17.941564064622003,105.28950854463407,143.82435595040948,164.7562843872801,294.0219146131167,333.638458123357
1161600,4.573934274008112,17.690746343849472,104.16861687025614,89.31114087370311,164.7228437397927,240.09968806233263,302.84029626328663
1162000,4.122820386413853,16.006134515214296,13.643822407553731,89.21055565524675,164.66857392078086,203.9573616091847,302.8393631230967
1162400,1170.4964615483682,249.71636125916743,129.07123771542584,146.63665528983984,191.5543535570683,232.8272863928358,325.4535116933254
1162800,2.0145218578313218,246.2922965780212,127.33436572906847,145.95792472467969,191.25784126970876,232.38570057547386,325.394717460752
1163200,13.890170328858694,239.019581679096,128.48057287185904,146.3551281986479,191.46380107589823,232.55878652379215,325.56496663355404
1163600,2128.3220208978355,663.7691990038614,340.7299726738555,252.00665779262667,262.1765620533444,245.93652915056055,367.9928884993602
1164000,2.774021653863998,663.4994392573515,339.75278688628293,221.35123173559595,262.046355708164,245.5901990307239,340.55156907564475
1164400,1.5123523574669424,429.7026174191712,339.7094893391694,220.7856199020463,261.6252033567388,239.27780980136095,340.4262453424741
1164800,11.037699929760691,431.5072530335571,338.8997748057892,221.03972203502698,261.5694713687552,239.4409423409918,302.122958581903
1165200,1023.2794709991534,633.385113167616,436.20234742335606,270.7459279839951,241.28368644139164,232.61780014629912,322.45800117516455
1165600,4.790278765900516,208.67876474122903,436.2239818725453,270.19629937140076,204.9487545399838,232.5981282729809,279.32454682437515
1166000,658.973876477864,339.918735706029,501.7090874816904,257.6764549446221,226.71006626406125,248.92870231100818,263.5077067836858
1166400,45.76026494684613,348.7683182239049,389.23546782153824,259.153352768482,227.5029261337392,240.97463212318576,264.1089226785762
1166800,26.10420013734784,351.78161826542225,391.6444356494898,259.4894006892792,227.853428366283,241.35448986465403,264.23744759027704
1167200,1166.38020836093,380.4017657377776,506.893439452697,317.687006162278,266.5345652833309,270.3212106700979,287.4257171095731
1167600,30.278254300733902,385.4993608447443,297.0890627929868,318.90951773342124,267.03412612607997,270.904687238255,256.1670358790458
1168000,453.2856977515987,344.3617250994913,342.14023040276027,340.94650864452166,261.6142312913173,282.069824381813,264.9002053051312
1168400,5.53335195699249,336.3163425015205,342.54233036271285,341.1259098509411,261.37119005560174,281.85448510823227,259.9307139136313
1168800,8.787017168400546,332.85290590773104,342.3172620865768,340.60851844618304,261.46556871887685,281.7564190482106,260.0162062901088
1169200,47.78117644374768,109.13309952429458,244.76743263103623,340.48489002719623,262.08642953300875,242.1546229888028,235.04772664324653
1169600,8.797126184926615,104.83687390113312,245.16811737293887,340.6960496227422,261.85357203858007,215.00359524822255,235.11212609297246
1170000,3.660169185617641,14.911768187936904,179.63674664371422,340.67291706270237,231.6632188443194,214.9417363589745,235.0703111775494
1170400,47.57762016716645,23.320621829971696,179.81848216574627,284.5269749936422,232.70839590090338,215.58181514174098,228.74340213169785
1170800,8.240246095629299,23.211267615417448,178.0320867615744,284.83826120553215,232.33696271337752,215.39809296510583,228.6900092440381
1171200,8.679654085191773,15.390963143706268,62.26203133400058,284.57773539334875,232.5453478861855,215.4664317959983,228.70937480287841
1171600,9.881765579732535,15.607891022667449,60.22238246190044,178.65572262744362,232.6804726429142,215.33119021003512,228.7682262829841
1172000,32.34004091181184,21.34386536790629,18.127816777921755,180.134023590341,233.3402780223216,200.74262766296843,229.28142286103477
1172400,11.955505406170564,14.21944241570711,18.770032122839563,180.6561812427762,233.67395060824055,200.72090057241118,229.23759451115373
1172800,46.152386890056526,21.801870574592556,22.506569095005162,182.41191559079098,234.57453532912368,201.72581881290893,229.90644905756952
1173200,2622.4691228588163,544.5597643293174,279.975363736512,262.3713981837741,320.31504793030143,266.5586630838846,249.7187711383446
1173600,2285.763504314725,999.736112076316,507.6720015494919,376.4200594612154,396.35470026499195,323.308179416308,273.5372765084764
1174000,17.329701967659755,996.7340442874856,509.0389548276961,344.33785073570516,396.7949296510335,301.0071528401636,273.7611800527188
1174400,6.822111221597484,995.7073654505709,504.9634039331392,342.3909430494427,358.00578464014114,300.77214790896227,273.4581329000206
1174800,2389.808895670807,1464.438667206721,743.1202688906569,460.5761778261156,437.598930433907,360.03278925769735,320.94252815021605
1175200,4.025261326674668,940.7498949002927,742.6548296148053,402.4584304744029,437.2701001338342,360.07271831834043,320.90411135975967
1175600,14.945890302683916,486.58637209788446,743.1612420871004,401.69181227450036,366.82422911399584,360.3006650039607,320.89720058544816
1176000,2028.3201497706189,888.7844616584764,942.7592529729811,480.4435348754514,434.3424333845543,410.6950217599865,349.1459527249709
1176400,2035.8594741442705,1294.5919342430109,1145.149649846791,581.9598409848153,502.1540041107811,461.5428754178782,389.60665042728715
1176800,8.861294253758553,818.4024139596012,1141.4205405831613,581.9635548390831,502.08145725491437,461.286036642633,389.6647631669594
1177200,58.17325764884885,829.232013224036,884.9909540621645,582.4831588993382,469.9112501432375,461.4840244632672,390.24512127954057
1177600,1422.403514173245,1110.7235379981482,798.6549550480165,653.1634782987542,517.1650246568156,496.9297639607481,418.37753454264964
1178000,10.085452316595436,707.0765985073435,797.9305300829101,653.484742455303,495.53541051810674,497.07882975900264,400.3918282887129
1178400,175.775187385956,335.0597411556806,814.8258376993459,659.8946208162425,499.86924126607704,472.2107979049423,403.582885867039
1178800,6.784459971293868,334.6443742991877,576.5233941293945,659.8218315100257,499.2252499272086,472.3300463577789,403.3309102320368
1179200,31.00787698587985,329.2112981665939,579.2216556953151,660.9382426550602,461.3795055480403,472.7579890242044,403.9025057937353
1179600,15.07612691441399,47.745820714827744,579.2346793564882,661.1979607217943,460.87276796849625,419.9268416746189,404.08746787446626
1180000,46.05716958194953,54.94016416789856,381.0083813376212,661.8838171553011,447.2984836961746,421.008920372821,404.75769367551334
1180400,16.49674142204052,23.084474975115462,179.0721080653982,662.1108789560947,447.6639300116762,421.3835300994354,405.04872194738215
1180800,3594.971259137843,740.7218348084252,537.6831045538066,839.551822568484,567.203404743991,510.9818690796375,476.56545022486785
1181200,186.58113411311072,771.8364862338715,550.5238922002329,717.7574231311987,571.8300699996364,490.0644106574864,479.2919980106602
1181600,23.130231449561688,773.4473071409009,410.59656392786445,604.6257594879405,572.3078401751243,490.5229094745779,479.6631239541714
1182000,7.122938876830017,765.660460999877,410.300312583888,604.115421333399,572.4232658314979,474.22663603455203,479.72312632397967
1182400,6.288818611133446,763.6188764376956,393.3516757064057,604.0887567028758,571.0469724462969,473.23984987615916,456.43897346523505
1182800,2.008313907763549,45.0262873916797,392.87406110005264,484.6987276147236,570.8392413733679,472.6374527204196,456.4388493062336
1183200,297.45440157675864,67.20094088440928,419.51871355914056,499.3701846272278,580.4650662897535,450.9143075508153,462.1101339311917
1183600,15.704884871502063,65.71587156879737,419.58158935484937,499.4081343556687,580.6591702661459,450.54997331508446,419.85779121066497
1184000,2.1924707457053327,64.72977794257243,415.1951194712249,398.1017504044231,579.6542512606089,439.2726426399372,419.84616019250177
1184400,168.9924206026086,97.27049834086745,430.44468738928174,304.7583977273399,584.8888151004902,443.35911935607754,423.19576155740464
1184800,11.170715179239751,99.1029785951627,72.06463299342144,304.873868773614,583.7227593767964,443.41871180634854,423.1984218623942
1185200,930.7537987611422,225.76285803203942,146.4818994582246,348.5028958292287,527.3322485735406,465.4930273642834,421.34790841763396
1185600,29.262872092493343,228.47445547623767,147.09516352251774,278.8458637251911,452.1155608327996,466.00467101197256,421.83736028416587
1186000,8.161431533013516,229.66824763369928,147.19901278813612,278.749662686012,451.80995181831133,466.1172025706575,408.8211113852688
1186400,36.06771112046549,203.08330573727068,150.1769020390693,271.76428887273744,452.78480514827356,465.82945484448993,408.62726030874126
1186800,5.64610246731766,201.97838319488625,150.5406808950247,271.7073709975387,373.31271204149067,465.7646012537822,408.21809835534054
1187200,271.8184288623433,70.19130921512648,147.97708362358318,283.74789859136183,382.23915095934626,472.34307062321096,390.32686276536884
1187600,10.222330603657154,66.38320091735923,147.4288281967987,283.505208775824,382.08169896937864,472.3515847488091,389.92574429142735
1188000,2282.614177700781,521.2737501509127,375.4709988923063,395.3330591817656,390.5581665670507,528.6084381685334,426.51231389041095
1188400,6.709173605490863,515.4020426479178,359.2426741925945,394.8436807909381,322.9198232157581,528.4772798735164,426.53583032338094
1188800,37.70593829203018,521.8140098128604,361.8961965038735,216.98041474864743,323.8813113503671,528.2661186585657,427.11420874585355
1189200,515.1114417580017,570.472612391992,320.33196080355947,233.40693013089202,339.11258415400556,475.58217663104523,436.4608140521387
1189600,3287.737880209026,1225.975722313066,646.1794616152126,396.63731256886524,401.29039635519825,500.6315360284028,502.03962913262063
1190000,15.876089919063292,772.6281047567222,646.9509274538177,397.0749701209769,401.4834176086139,500.5951957271879,502.2839475472895
1190400,3325.6803930092915,1436.4223486374824,975.9121956427003,563.0445488408848,506.48025779605837,583.5666527718802,567.8460030041321
1190800,1793.7932177306918,1787.6398045252147,1154.7269071690375,652.6337940320312,566.0472163880384,568.6662608233773,603.5570624368333
1191200,14.884178525775996,1687.5943518787694,1129.033482135381,638.5052828794821,565.5097597727015,568.9377337533549,603.6811529256449
1191600,29.40003736857441,1035.9267833106792,1130.9512528118728,639.1900405043357,565.9872234545069,569.2990874300023,604.0715183614218
1192000,635.6562569634705,1159.8828167195607,966.2554607381417,670.8632298152239,585.6405263672242,534.4824901098234,616.1378426824549
1192400,2406.3089676910304,976.0085316559085,1206.2154401466955,782.7290571696451,665.3009339095239,543.7437274484926,664.0249119281522
1192800,9.74180868782036,619.1982498473341,1203.4190271862747,782.6576118450741,545.7932855611898,543.7657403093441,663.2967003641076
1193200,2050.54281350371,1026.329976842921,1356.9621643608455,838.6470625822025,607.9253415408765,593.5749792057155,651.8581741770054
1193600,3.536390948324887,1021.1572475588712,1028.5420154347753,837.3607385249941,607.2722135241686,558.1033011250926,606.2136319096772
1194000,305.5526782367846,955.1365318135338,1057.5096742665476,852.2303008601826,617.2198715028337,565.4899817730973,611.9780914350598
1194400,3.977810911798726,474.6703004576875,725.3394160567982,850.6258058497493,617.1428379128558,561.1950473612434,611.9212054288638
1194800,22.727399597573672,477.26741863963815,548.2328342434864,851.4798707062621,617.8334741025162,561.5936208519004,564.5795755073991
1195200,8.628344087477867,68.88452475639176,547.6072507996566,838.3203664675187,608.2059388528736,561.0341325294403,564.6716371626152
1195600,4.389164674127073,69.0550795015522,545.1061635302118,838.0287081710424,607.8287481796276,560.7669584734331,564.4605026500441
1196000,16.01862561400378,11.148268976996041,483.1424003952652,724.6989305667034,608.289620008571,560.0159948742345,524.2144721669118
1196400,9.857617009500435,12.324230196536384,243.49726532711216,724.8563527369039,602.9851265554674,559.850016763921,483.6944350242164
1196800,18.323384061772263,11.443427089376103,244.35542286450737,723.887225025391,603.2235488515519,470.43381988701924,483.88367682037665
1197200,1274.4123769024177,264.60023365236407,166.74237920437812,761.8522717826118,614.6788347895944,497.6296009567518,508.2084592054481
1197600,680.3990107090763,399.8022028593539,234.42864118045327,631.4853283076143,636.3833727434804,514.0613204382397,493.3683691361647
1198000,626.9231150121932,521.9831007389918,266.56568485799414,662.0376795622708,657.0087621927864,529.5563248416238,505.70512239007655
1198400,558.5610974313034,631.7237968233524,322.0240135099446,523.6817147833715,674.4252084031475,543.3631318121281,513.3608405909836
1198800,12.434873340614454,630.5460946791208,320.9947608842487,434.6137975638675,674.6515007655909,543.6237957979494,513.4738488583699
1199200,4.149465185243839,376.49351233568603,320.54687299402525,434.077061896841,665.7292019763541,536.2911723881615,512.9366806223572
1199600,2338.3362793596707,708.0809660658049,553.9415844625796,549.5238739963958,743.3330002682213,594.3569572503657,559.4018836712625
1200000,2120.516324962018,1006.7996080557699,764.3913543973811,623.766877396323,737.9297385102625,647.3150536057735,600.8910667788638
1200400,2.72832207551648,895.6330529846125,763.6784249039827,503.5878451155474,737.7970434592634,643.1584511425962,600.6156983919333
1200800,11.417177096295545,895.4295137357487,762.9878042074349,503.67161353597123,736.9207514194056,643.1646126905226,528.9446167511023
1201200,1195.4957861467924,1133.6987779280585,755.0961451318724,460.9192621681253,759.6002295656986,649.7831623751638,549.122909791776
1201600,1449.7597854668006,955.9834791494844,832.0322226076448,533.230431894049,698.3342930742912,685.2955852095215,577.6555008721208
1202000,7.427803146878004,533.3657747864564,770.0826914211134,518.3241881395537,698.0526835152183,685.2772444998681,577.6615981575218
1202400,603.4734012468248,653.514790620718,774.5739218026655,548.2989676563051,607.3124504564694,699.4623867530271,589.6052898102356
1202800,5.8151835452432925,652.3943919105076,773.9119528231284,547.4533568536885,547.7131826502878,699.4666137799752,589.6814272029851
1203200,8.267357864810043,414.94870625411113,774.323742091085,547.4353075425552,547.4926219615888,692.877837005037,583.8976863287461
1203600,289.5300940372098,182.902767968193,569.4431235588389,561.6923540107093,556.1636238505434,699.8605310908758,589.3741905120603
1204000,5.611391642082751,182.53948566723395,357.9526302268454,561.1719923121133,535.1621283398305,642.9354614394082,589.4425689299879
1204400,3364.5927507013803,734.763355558145,694.1390730894318,728.9087489967071,567.1049211068422,726.8825508668054,653.3545755319633
1204800,6.210909211265668,734.8425006913495,693.6184463009288,728.3031252541819,566.9872244576237,726.0951751397863,653.2553794126038
1205200,6.611884774514143,734.5114060732903,574.730056163701,664.9131006477867,498.85619349998376,713.3826862151993,634.7725411328713
1205600,128.30710254424676,702.2668077746978,442.5847878714456,637.3085052395452,503.01521721984784,634.3969167735797,636.7534257419063
1206000,7.282451067516933,702.6010196597846,442.57025266350945,606.3264720423115,493.07287631420564,634.182075802291,636.7358461325964
1206400,2811.36448583146,591.9553666858005,663.359361121973,718.9666414623192,586.652432144861,621.3241781228453,692.2417816268162
1206800,6.815459610309071,592.0762767656092,663.4593887284796,718.685670775804,586.1220341452856,576.6497341698357,692.265168769676
1207200,5.163833509425261,591.7866665125914,663.149036292941,718.736389192013,586.0065504593505,576.4067255444269,686.9320768626178
1207600,6.760135236593317,567.4772730510607,634.8720404128794,602.1575819858592,586.0855828114327,575.8407279911273,686.8628329552764
1208000,291.70371230930897,624.3615252994192,663.481272479602,510.7169513532237,595.2750857012761,567.2419143747734,647.044623647447
1208400,3298.6915778567027,721.8269437044677,656.8911551951344,675.5151141422831,704.9028843961829,589.5514796289151,712.8842717324712
1208800,564.6188694382407,833.3876256700539,712.7319512178318,703.1751987593802,723.1127339087319,603.4234061476757,723.4225303553955
1209200,6.058295136020429,833.5665179953733,712.6765922539824,643.7033242088417,680.8342645165186,552.3112931884835,713.2414674229559
1209600,5.296389607039404,833.2737688694622,700.3755209602617,571.4801544158537,658.3308438131173,552.3552931549514,647.5926376109161
1210000,969.368976245524,968.8068216567053,796.5841734780624,619.5772130707859,669.7457058542284,568.9507006051698,666.6624953374453
1210400,18.575911129024902,312.78368831116967,517.3053160078189,590.332338564896,651.7461996441525,569.3156531106004,600.52040569984
1210800,7.537809461879918,201.36747631589753,517.377550992976,590.4184698607278,651.5829641815279,568.9359133572082,564.7952975344638
1211200,3498.0158984492027,899.758996978534,866.6627574869538,764.9058968899474,768.04517862366,656.1706022162513,634.4579319329323
1211600,6.607946246590578,900.0213083064442,866.6475385879534,750.7597895004166,690.3209008532239,656.2260717555628,634.0020901104926
1212000,7.898352461259448,707.7271835495914,838.2670026031485,750.8741375413754,619.9003017698653,656.0230649267442,621.4469320204485
1212400,7.156277836128819,705.4432568910122,509.11347260109113,583.0023138981127,620.0479002952192,655.9555314474098,573.4638782233504
1212800,5.841306410263211,705.1039562806889,453.23571629829337,582.9838337580626,619.8620379390179,655.6434795061222,573.3858681777992
1213200,3462.5538580015823,698.0115481911647,798.8852725848495,755.7809324194161,695.4306403341777,710.3470165336014,601.6260890677567
1213600,7.257376813223376,698.1414343044913,799.081371305468,749.7284461328649,647.3472267123917,693.5184756862051,601.7005087850546
1214000,13.100865191759052,699.1819368505912,703.4545602000915,750.019366839077,647.5363287805544,678.1729194406942,595.8514725241541
1214400,8.119881814515054,699.3746576462684,702.4089572686405,609.8571366382297,627.6912114661441,664.4118890502745,595.9343139422085
1214800,24.434839758333,703.0933643158824,704.0986602982858,610.7381056456309,628.3118666732472,664.7118882107173,595.9684627454237
1215200,5.830300302421777,11.74865277605027,354.88010048360775,610.7714289852809,628.2306314211675,664.7539090886469,595.9125018697225
1215600,6.22022471011044,11.541222355427683,354.84132832995977,610.7444334589566,618.7869691102642,606.4510077224079,595.9491230704422
1216000,10.779265052046934,11.076902327485259,355.1294195890385,596.6982110960935,618.9592315572629,553.7075812246586,595.844335859203
1216400,683.1342035438101,146.0797666733443,422.7272121598065,465.9203423804489,529.5772799853439,570.7177282613659,609.3098675898892
1216800,12.879045974519894,143.76860791658163,423.43098611623225,438.3333512072628,529.7995512107858,570.7542749833215,609.2009808281442
1217200,563.7307589577364,255.34869964764457,133.54867621184763,466.2169743983486,548.3701803502265,554.960149303595,594.9873484692506
1217600,13.761174223894455,256.8568895504014,134.19905595291476,466.6402136291914,544.5519827395482,519.0601840225224,581.654591739547
1218000,28.553247452675688,260.41168603052716,135.74429417900643,419.5994271895489,545.2610092857201,519.5883201301674,569.6871943883566
1218400,1494.8216967536976,422.7491846725046,284.41447567292465,493.4117164707826,501.37624964979466,541.8720275178392,588.4124063748045
1218800,7.955680500109536,421.7645115776225,282.7665597471023,493.432610022694,501.41425701278797,541.9255399417109,588.3228225179944
1219200,6.448015528994008,310.307962891874,282.8283312697596,318.85421587668367,501.457063080107,541.8800563833155,588.3687935248694
1219600,819.2542118439837,471.4065704158919,364.1317299831469,359.4865291565533,528.5401989670199,555.1231593284848,557.9871521745557
1220000,923.2757444499772,650.3510698153522,455.3813779229399,405.2553987559892,549.5926000383755,578.0647681486822,534.0423405643148
1220400,6.499973601971324,352.686725185007,387.71795492875606,405.2225835442813,439.8528798965512,494.112448721197,534.1177735948439
1220800,7.330309748347916,352.56165103465463,387.16308130613885,405.2970337111856,421.27659457355475,494.1404337346241,534.036036247885
1221200,1973.9189128131543,746.0558304914867,528.1818966916805,330.8652864517641,486.8719484961259,543.3231094355899,549.6044987812122
1221600,7.719064327631147,583.7488009882162,527.5776857020544,330.8883708274845,486.95270432014564,540.3084084801746,520.7636843584288
1222000,27.785743792633934,404.65080085674754,527.50093533605,331.62261475752825,455.56659657171593,540.8209907983025,521.1708431713439
1222400,246.920140950554,452.73483432646407,402.71077975573576,343.56262771433023,463.17807089910025,476.7098821762799,514.0397779654185
1222800,2898.4844920394416,1030.965670784683,691.7636609096689,487.2651103283856,559.5429603183524,549.0016079870082,571.8931641353025
1223200,512.668718399373,738.7156319019266,742.385731196707,512.6070312332332,460.03138765002467,561.6892301092569,581.9811913459938
1223600,6.680496949631269,738.5079184263266,661.1283597072717,512.6300448452092,460.03380600679264,561.687239152083,576.3241994042422
1224000,1204.196628827882,973.7900954333761,689.220448145062,572.3009130340009,499.9104152190134,584.4995620650473,600.2959041479581
1224400,7.073702514662557,925.8208077461979,689.2778210363313,538.4978879825436,499.9076627082979,502.20911518149626,533.1455231842237
1224800,21.67222031673639,350.45835340165684,690.7120120931701,538.9375466996544,500.43535983851365,488.6354489534586,533.4547494063332
1225200,2088.218746312168,665.5683589842158,702.1419954430714,615.1619460673761,454.62418944886656,540.6894602328623,575.0868866370863
1225600,826.3807761661501,829.5084148275197,784.0081666269234,655.7929261644888,481.92830276063074,561.2165698968399,589.0483601095243
1226000,414.9058742509301,671.6502639121293,822.7201796727529,675.1105575044015,495.3218030626031,547.3549923469752,597.2008285731927
1226400,619.4798326349913,794.1314899361951,859.9761488411966,631.3434642984662,515.7004680899523,562.3775903846243,553.3631355092633
1226800,568.9525875321303,903.5875633792739,627.0229583904655,659.3933096500672,533.8510596824123,576.4129598363805,564.6058780676997
1227200,7.85198887026212,487.5142118908926,576.5412854375545,659.4635083171307,533.9184493013403,489.15886209690717,564.6596411749164
1227600,315.0309960254708,385.24425586275675,607.3763353451384,634.252347526205,544.212141678519,496.8694383413792,570.8250583906939
1228000,438.95937517313234,390.0549560471972,530.8526099796635,610.0365290623628,558.4848120158885,507.645963909176,573.7701716479705
1228400,1199.2683654557952,506.01266261135805,650.0720762737767,669.674948655054,575.6892840796213,537.4487660996676,531.7817073999523
1228800,588.4873430832348,509.91961372157886,706.7535885504266,698.7328003217983,594.8762273165784,552.0149170164918,532.2590768728521
1229200,796.4185978987987,667.6329355272862,577.5735737090897,639.8577845760806,602.6324886146139,485.36153551392226,548.0662829281077
1229600,5.497835244564562,605.7263033711049,495.48527961693105,639.7467231219272,602.3570439819695,485.3175469747058,548.0703118408583
1230000,1724.4321740635846,862.8208631491955,626.4379095981965,724.5790446354747,658.8863415356665,528.1008296965015,563.1715757972194
1230400,4.845958350304377,623.9363817280972,564.9745221697278,712.4753355054622,609.2204835888867,528.0189816098962,562.8969767416451
1230800,342.6055568660525,574.7600244846608,542.33981910312,584.6813887467929,620.3754794677515,535.9732495375891,569.5983316897285
1231200,2086.0459526136437,832.6854954276298,750.1592154774582,663.3502504575063,689.6954107039065,587.9786408453697,541.3589327730173
1231600,402.3468043733147,912.0552892533799,758.8907963122426,683.1335658286905,675.7984971215508,597.8818053369498,549.2737099355518
1232000,2197.868144036818,1006.7424832480265,934.7816731986111,732.8171415891372,718.2849104411122,652.5590273115691,593.073105767063
1232400,790.3648719670649,1163.8462659713784,893.8913238497382,771.9817000617575,744.4137403866152,655.2397940221505,608.7372776496817
1232800,7.422487699289017,1096.809652138026,835.7848383113435,771.2692134308851,744.4168129849801,655.1033800652697,608.7689012754622
1233200,3.497959959666924,680.3000536072306,756.4927745174303,667.03317411326,678.7361145565304,641.097560090318,539.5877833146238
1233600,192.0883283067801,638.2483583939236,775.151823823652,635.3185517202916,684.8817566891687,645.5557389423901,543.284402344495
1234000,1700.7860916641105,538.8319479193822,772.7872155837046,699.6125625909506,740.6484349515512,687.361560047676,577.0381068739421
1234400,8.655022687270383,382.48997806342317,773.1681220174012,669.0713220935645,732.7062643427752,650.2073931960152,577.0488096913972
1234800,6.986259289398086,382.40273238144505,739.6061922597357,640.9730056814278,636.3229899177737,650.1831576657476,576.6998380820185
1235200,4.128709508920976,382.5288822912958,531.4144679492634,640.7868417133608,619.371656288092,650.1251750152456,576.6658062661485
1235600,4.036242659003379,344.9184651617405,491.58341177783234,625.2371040450374,619.2835144784044,629.7447257856212,576.6221266251264
1236000,3.641862485617328,5.489619326041849,272.16078362271224,603.4712284106616,579.2650222669956,606.7538787365122,576.4793785737977
1236400,3.5541223397358093,4.469439256534934,193.47970865997928,543.6855162548587,579.1477029278315,606.6802324549564,562.8877769497162
1236800,12.30429392174826,5.533046183004968,193.96788928222523,514.8763637967844,578.8354387146651,606.8045820592913,562.8762819086609
1237200,36.55300929180388,12.01790613958155,197.2733942154389,476.8830843664347,510.44658081398626,558.3704344712576,552.3327269153422
1237600,3163.3602448102392,643.8827065698287,494.4005858657849,634.7762048447183,588.3458964354559,637.2614639833228,615.3247083270691
1238000,3.1217310323267555,643.7786802791705,324.63414980260643,548.7106826931555,574.619758328169,636.6448636643152,614.8160779986621
1238400,6.549559530425302,644.3777677173084,324.42360348692193,548.7958627521615,554.1887492246836,630.6355991288118,585.0506352541967
1238800,4.736847884362099,642.8642785098313,324.19866234641836,531.902427303077,535.3815579030912,558.2919080249349,584.9862586018817
1239200,5.135517318602979,636.5807801151911,324.2993431273866,427.856905538325,535.2910088513694,545.6035779979156,584.9600086376738
1239600,6.592395524866388,5.227210258116523,324.5549584139728,408.0691850959026,525.0097221680159,545.6013754622965,568.7067723112915
1240000,708.5061965703646,146.3041033657241,395.0413918224475,333.6010877225799,533.9946162145903,533.2091146558585,564.4113813536992
1240400,4.966228052662116,145.98743707017147,395.1826023937402,294.3311555268598,494.18454496781914,533.1564277943086,564.3807064427131
1240800,2.92606556625565,145.62528060655018,394.24477955819094,294.1063344202081,474.6658357172532,532.6877739255466,564.2926215590712
1241200,352.9630958524306,215.1907963133157,425.88578821425364,311.5795912148463,459.88398564904094,489.3063826640531,531.8735052198567
1241600,22.683504065357265,218.40901802141389,111.81811413976543,303.10935000277516,460.45684127640067,469.21395086153336,532.1727940146113
1242000,4.445804841369411,77.59693967561483,111.9505215206697,218.29233566163802,403.1239623023268,458.9524491262943,531.705995235586
1242400,4.64794592346451,77.53328324977531,111.7603601599736,218.0919818234478,403.1173618880988,443.58165195850614,526.8605513350442
1242800,504.2648926998103,177.80104867648623,161.7131646415184,242.95591349396835,408.50600641589074,441.9644595876981,478.9761593482516
1243200,10.751691561610064,109.35876781832212,162.27478206581912,243.2870625966028,339.32953104748964,442.03695215498175,468.93781881149624
1243600,17.323708151763352,108.28680863560335,163.34791332850884,243.95143587124085,326.49542784010464,434.594269958139,469.150683035539
1244000,11.577246484060613,109.7130969641416,93.65501831987844,244.34820507116302,253.61906458834605,423.90971674091236,445.2982953886625
1244400,9.352005809123286,110.65390894127333,94.09359609552455,244.63809924463234,227.5853023830813,394.1618077497455,445.34386145455176
1244800,13.723879497120755,12.545706300735432,95.17337748861107,244.70907852340096,227.7953487763424,379.79272116009264,445.1848946381594
1245200,3.324576626922138,11.060283313797846,60.20952556606021,243.0476568901569,227.78956933191753,359.9653706282957,403.48701124445455
1245600,3.553577940514133,8.306257271548002,58.2965329535759,85.05732354667066,221.505077653042,359.91676419569444,387.03046727994183
1246000,49.634936574775146,15.91779528969091,62.81544612691647,87.38298382379307,166.4667058167308,318.04683325847424,379.7250485264187
1246400,8.584277273277136,15.76424958252168,63.20907926189774,87.48471971093566,166.4643476362644,318.14029123154853,367.50713741918435
1246800,238.8527663596172,60.79002695502097,36.667866627878425,99.19051563469843,174.1932312052717,315.54647146888766,360.9051409957341
1247200,97.1700505879734,79.55912174723122,45.30970253051476,103.79224229816695,177.29460924124012,265.8245739182459,362.69150223008836
1247600,10.078782885266548,80.86416273618171,44.58521000386508,103.96656166618695,177.4960272487822,256.01787338104475,356.5924579672843
1248000,3.658344003877936,71.66884422200226,43.79331975584681,68.72416903786262,177.49657663272424,201.16262838022124,347.88643734389916
1248400,6.588317120050385,71.26965219135691,43.516950886939526,68.80527349123204,177.59771645873474,181.56821450904584,324.0328363771843
1248800,18.99387485916731,27.29787389126694,44.04395042314418,69.60866395587762,177.820702489982,181.85749918804282,312.6429670127029
1249200,13.05607035979311,10.475077845630874,45.01709979643128,52.613312681245745,177.0374711922483,182.09645194804597,296.97571646192284
1249600,59.31439257964381,20.322199784506328,50.593181260344245,54.44485710696007,73.56927611789516,178.77710355486755,298.05204760862443
1250000,41.42164219621593,27.87485942297393,49.77185182248832,56.2936489747024,74.84593982335811,137.2929923181702,264.39183697127703
1250400,18.758038128087016,30.30880362458125,50.78922790796931,56.999153584933524,75.25288910994685,137.5455677041906,264.6700785668327
1250800,3554.102571617821,737.330542976312,382.3142084337897,209.49103753083403,193.56507990106215,226.2234755124012,328.9000188618681
1251200,110.681802989386,756.8556895022306,383.66538367393093,214.4875431022229,197.08328942342158,228.8873028494128,289.39273586938293
1251600,217.00675447186669,788.3941618806751,404.358180832591,224.47169541822805,204.0971013883216,234.2115656447344,285.685934871354
1252000,115.01297449071458,803.1124283395749,415.4936438812746,229.6434818185607,184.31399398566657,236.9958434448618,244.0288314804319
1252400,220.59874077606585,843.4805688691706,436.8946862468762,240.20581856690788,191.50174440978,242.42195890577005,232.6335088566119
1252800,3.3261084873445843,133.32527624307536,435.32790960969385,239.68593001641906,191.51507917381633,242.19750426990996,232.55158127237303
1253200,31.03742228288068,117.39640010177429,437.12604480200264,241.071572299217,180.78422338816466,242.0596145946869,233.10237051883726
1253600,3.432562161939203,74.6815616397888,431.5378617602322,241.06552151028822,180.14252532471744,163.0614225284794,229.32925519594045
1254000,557.0608059898973,163.09112793962532,483.10177813960036,266.43681498104434,198.56302536300166,176.90989940241866,206.45474948245624
1254400,98.4112008468326,138.65361995377867,491.06709441147495,270.9281611597221,201.6884671937806,179.20644043532883,208.24987304564743
1254800,5.032531662680676,138.9949045888459,136.16009041596084,259.2371494248753,185.04738849254292,179.2138325297868,208.21079849311312
1255200,460.2983164270648,224.84708341768274,171.12174175972874,277.3935627168299,200.0322759880581,190.59290250749834,217.33419063147596
1255600,3497.336223186558,923.6278156226065,499.15468863119787,451.7564347318944,316.0326931558846,277.8614981990407,287.2001902420271
1256000,3363.2310556716457,1484.8618655589562,823.9764967492908,619.7350703152828,427.75448679547077,344.22961967657267,354.39197410574764
1256400,308.1625500573908,1526.8121354010677,832.7328776774235,634.81378196215,437.714838270413,351.8095277266909,360.4841426601007
1256800,7.993234643890741,1527.40427599731,833.1995902930781,634.263749951386,437.5238167753053,351.93620695363177,360.3979214745435
1257200,15.271940546591322,1438.3990008212152,831.623042119449,634.3745434607259,437.92206223929435,343.49392807098576,359.9723000996393
1257600,15.501007196616303,742.0319576232267,832.8298866229168,632.1838741915747,438.3203098811644,343.31436564926724,297.0151153473669
1258000,34.2807376233846,76.24189401357457,780.5518797862655,631.826828962933,437.80850324945135,344.06023896881766,297.63829547918806
1258400,57.20878404113824,26.051140810324057,776.4316381056962,633.7493662585855,439.4293201417134,345.37425992175946,298.6514799694023
1258800,8.757432496533946,26.2039803808527,776.8041281890814,456.48210930252117,431.75947567961066,332.9865734166776,298.73189166164576
1259200,136.88708979648834,50.527010230832104,744.4630055260238,457.7923736428764,433.0833769865611,336.1399583725496,301.36692311120345
1259600,573.8327392849823,162.1933566485053,452.11265713586624,475.63367288353203,451.87517553321834,350.05268415088005,312.7117299864057
1260000,4.528432702000168,156.2428956642284,116.24239483890172,470.1094457940964,451.9041784898224,349.8764638063285,298.63217470903845
1260400,92.33365849226504,163.26787055445376,94.65950568238915,463.6961916799063,454.76235653556284,351.95100512340707,300.37952331783055
1260800,4.365358594182254,162.38945577398346,94.29671807741829,463.7481541852482,454.27473932673007,351.71704210083357,300.40830917838906
1261200,3363.8320453564047,807.7784468859667,429.15272855839964,630.3878853389244,565.9672718266171,435.7297288190706,360.62568816846857
1261600,3.841863925701656,693.7802718141105,427.9868142313082,630.4083504271125,564.1181875381524,435.7369359687003,360.2488553656754
1262000,3412.841392765699,1375.4428638268503,765.8428797455396,773.1973797659026,676.4988458904685,519.8170973734734,428.416767124162
1262400,2183.812954811564,1793.7387230907102,978.5032968225821,877.4674674641392,748.667343113251,574.1978143119306,472.000067301924
1262800,63.5945611071189,1805.5845635932972,983.9870096836406,880.3955689363611,632.3170760962277,569.8163591806182,463.1866606700701
1263200,61.19490562276962,1145.0571356465703,976.4177912662686,860.4403983961463,630.6675128506737,568.916980556488,464.1955249512934
1263600,90.1413626671845,1162.317035394867,928.0486536044889,690.0806553701775,626.4386664571844,570.9185450510361,465.65187804160183
1264000,4.67564156831821,480.68388515539084,928.0633744911207,522.1528846650112,622.7607553597712,570.9439774901471,465.5138459432869
1264400,19.38574342613744,47.79844287830555,920.768582984508,507.7140443334486,616.053655448107,571.2639131477993,465.71452069562724
1264800,101.52227517995703,55.38398569287318,930.4842746430855,512.390496360252,619.3268610045272,573.327123155819,467.470488609284
1265200,69.18229639762137,56.98146384784353,601.0192997472071,515.0860141528034,620.5983568083519,574.7302788067647,468.7876430046979
1265600,46.55968811506165,48.26512893741896,605.2910821661433,516.6389481987256,622.035927673456,574.4114111951501,469.64776520818884
1266000,428.8257126274338,133.0951431492421,306.8895141523167,536.3661969489282,617.7614245613739,584.0965129559305,477.23158072924207
1266400,5.843983007035605,130.38679106542173,89.09261697186386,533.797956897223,614.6758506333807,583.7736615779042,477.1767748439172
1266800,529.4775767986191,215.97785138915415,135.68091854101388,559.8339641123273,632.157352137912,508.1580367074242,482.9892710526973
1267200,4.97044001755918,203.13548011314168,130.05847198049284,553.2381316233808,616.9797562575951,505.5152526331284,481.145278841289
1267600,32.902712729392555,200.40408503600787,124.33460698671365,526.1916302956013,501.49863924235626,500.9126515895667,481.6017574381715
1268000,8.735024477326434,116.3859474059864,124.74054527761446,526.4019598843677,389.6821048692123,498.25570283923196,481.70329104764045
1268400,1304.2069197377884,376.058534752137,253.2226629087796,586.9956229466437,422.8835838585589,525.345907313275,507.6556630999952
1268800,256.0183941932157,321.36669823105626,268.6722748101055,599.5782747265955,431.1510891768697,531.6632144559218,512.3961534866762
1269200,4.16785979753605,321.20618218705164,262.1708311500969,431.59506544865206,430.7809531519012,530.9914753937882,512.218389275431
1269600,1607.9039729164426,636.2064342244616,418.305259630235,511.7981708981891,483.8610520092288,571.1032606626508,543.190180882167
1270000,74.6952641976835,649.3984821685331,382.89221478725995,344.8908644697883,485.2082028950387,559.0441221178454,543.8556533221964
1270400,765.1012209515677,541.5773424112889,458.8179385817131,273.9552777767885,508.8046174587197,575.7113726204637,558.7825169786661
1270800,986.9144887348392,687.7565613196136,504.56162977533523,320.1212741581745,541.4098526666633,600.2584215472677,507.43875532100634
1271200,1018.4552130273293,890.6140319655722,605.9101070763122,367.98428952840254,570.795456774358,614.2123439622744,525.5942235217652
1271600,127.58342402911804,594.5499221881074,615.3781782062848,369.8563925964992,555.9204795991625,529.9685239833383,523.8057569129102
1272000,26.155821257414978,584.8420336000537,617.1202578842937,370.930401580954,556.6413925510095,446.54164312298263,522.0286138482443
1272400,136.74962155682528,459.17171372110516,500.3745280661973,376.7985954874884,558.1219246531615,442.2563199104685,520.3516314638595
1272800,93.45017914847998,280.4788518038333,484.11770656172376,376.39499068591454,561.0914186716382,444.3927435230832,522.1541128770822
1273200,14.374237662130223,79.66265673079351,485.1383443481832,373.65458774914,449.442825081829,444.3703009509716,521.8208491846672
1273600,18.82706632927832,57.911385190825584,326.23065368946675,372.2679566598509,449.94233182861495,444.45345242928823,522.128739268014
1274000,48.87031039810323,62.454283018963224,323.6481583095087,353.27018654838434,337.8099624163617,444.81819174865615,511.96492935617806
1274400,50.80965241054976,45.26628918970812,252.2190014554069,355.51847001856004,266.7098523363279,444.65821345789146,511.01289838745237
1274800,16.125507368451355,29.801354833702398,155.14010331876813,329.8508665470516,265.127550545039,444.84241532968935,511.2347579015678
1275200,13.659189807010376,29.658345262678427,54.66050099673622,330.2853040365242,263.5430266845137,441.76171782995243,502.30197536916677
1275600,30.81035513150519,32.0550030231238,44.98319410697494,330.1806861566298,261.5653264333244,428.18615822611554,432.9714580080656
1276000,26.7407176245996,27.62908446842307,45.041683743693405,331.08097081399353,262.3008289685338,428.74146534918054,366.24165124712476
1276400,468.57147588317326,111.18144916294777,78.22386917632821,289.2991986212627,277.2736867171016,438.14741078395326,369.44982976364037
1276800,810.3152150908445,270.0193907074264,149.91037277056466,317.0140396661442,300.9001180474645,458.2961571963698,385.4962693725795
1277200,21.36366608456029,271.5602859629364,150.60931561280765,317.8738299804954,299.30616370369586,374.73444771457366,385.61810388333885
1277600,97.43553875360428,284.8853226873562,158.47016285524026,242.3504082723535,301.0020253916473,377.07428958527123,387.2567945144786
1278000,104.23349903334226,300.3838789691048,164.00648171876418,243.82732001413638,290.18228493851086,294.35909224196234,388.65584974267773
1278400,16.3898613250599,209.94755605748205,160.56450261021516,206.391752032811,290.53381421577836,240.17351490479973,387.8394712883562
1278800,258.72190203344786,99.62889344600273,184.82414207671482,169.98212269774143,281.5086250569393,245.05169842795794,392.83876067909443
1279200,56.76308609166141,106.70877744742295,189.13453170517994,121.89751635095806,283.2350465927427,244.94090293968026,391.2362806049979
1279600,126.36350736667995,112.49437117003808,198.6898469286974,121.83652051783614,286.3504064139857,245.84645655716764,382.28689596663185
1280000,34.85428427016282,98.6185282174022,199.50120359325373,122.27144366847354,287.2210484070802,246.60092262471375,382.8934129979952
1280400,3330.2389541408184,761.3883467805539,485.6679514190182,281.9459102976732,354.7554495538478,329.3722528925808,447.65151891096616
1280800,20.315157656110763,713.7069979050865,406.66794567554484,278.28915922305475,346.89867500261096,327.3420749544846,447.97051489220473
1281200,147.63362637253977,731.8811059612622,419.2949417043427,284.9521286585752,351.6808672217778,329.30335820385756,383.6465465125275
1281600,3178.970800549165,1342.4025645977592,727.4484678838987,442.9593153695695,404.04976147620187,407.61363601471015,447.14912524499675
1282000,126.13612695949156,1360.658933135625,729.6387306765138,446.822606197639,405.76445690159545,400.0463963730116,381.41501992887265
1282400,322.8298137062893,759.177105048719,760.2827259146367,460.423614262426,391.0220766600862,407.97104214049295,344.1953571067671
1282800,28.686139099846425,760.8513013374661,737.2791496212765,461.05164584899575,359.0811316722531,395.4512561980236,343.49718866662164
1283200,123.08656037212928,755.9418881373841,743.9114970493234,466.5230143772516,329.2355099170798,398.40415920688787,344.7350217616089
1283600,14.007433427862082,122.94921471312355,732.6758896554417,465.68286829206943,325.44964356370457,397.9317772243496,343.2123431768224
1284000,3428.557851866324,783.43355969449,1072.0462464150578,635.7737250041557,438.86304458400156,483.4273479090745,411.6899873827826
1284400,209.2786768859097,760.7233323304141,759.9502186895668,622.8090850542925,441.2806797616377,456.0541418377776,415.48784605197795
1284800,69.38788131052713,768.8636807725502,764.8574910550085,585.7627183652767,440.4786031670393,451.3883790157103,414.84515817458936
1285200,233.4931605163372,790.9450008013919,773.4434444693882,596.3691930868656,447.7825672621795,457.1215115336804,418.1313754569637
1285600,3170.0779856791087,1422.1591112516412,772.5541629823826,750.0013154331407,552.8242645738405,496.1758618527471,480.6017414082446
1286000,1130.138869878229,962.4753148540221,872.9544372742563,801.296583975385,588.8665498898447,522.5619519947606,494.62800455326055
1286400,3355.558870845364,1591.7313536459128,1176.2273429881639,968.2550344514002,699.0248571710052,587.3233932421056,561.6223023100272
1286800,14.03915531205744,1580.661608446219,1174.762644609385,956.0208971153309,698.9553121024587,563.0015099065361,551.3135338802958
1287200,109.38179593721244,1555.839335530394,1173.3921681658933,958.6518326076082,702.1460656401322,540.2746744792831,553.4017609986889
1287600,64.69254592813478,934.7622475801991,1178.4606794159204,955.5682845356811,703.2754720000197,538.7024025267585,554.0375576626639
1288000,15.7391506327402,711.8823037311015,837.178809292562,954.61252785381,702.9087531002912,538.4419857611417,554.1776401857721
1288400,11.339766742464118,43.03848291052152,817.3849182782176,788.6675684838922,687.6676961289342,535.3067393907826,528.3202971258655
1288800,160.55546725699492,72.34174529950903,826.5016768728643,795.6795839639365,666.0090378678058,536.9843715934956,526.4110385871412
1289200,413.6567606632156,133.19673824470965,844.5180368875523,808.9807406784702,679.0854743537609,546.9664346685227,534.6008166044547
1289600,20.56181363274883,124.37059178563246,529.5664196829163,651.0602913326494,676.5230168497326,547.0098033511093,502.85397341878087
1290000,87.53800399893609,138.73036245887164,425.3063330949869,649.1303851846217,675.9665003485857,547.9764956911301,503.11082821480596
1290400,263.02240704750415,189.06689051987965,116.0526867152009,646.1400148516823,684.1875852060004,553.2818145570541,493.06925193672464
1290800,20.140659649370008,160.98392899835466,116.66283714893218,645.7127408791586,676.2348771265312,553.382193364077,473.7337753550153
1291200,344.8066968039158,147.21391622649472,140.2053272356025,656.798747700748,685.8363308169396,561.6608810389996,460.260805030547
1291600,149.897511390316,173.08105577800816,148.72582378182062,663.5932515988704,686.6207976177276,564.63805994547,460.70708677777094
1292000,407.2404491672757,237.02154481167608,187.87595363527416,512.5273814639181,699.0336697809646,574.1505532340368,468.32877933596814
1292400,3511.3842496060925,886.6939133233936,537.880401921637,677.6326600999272,705.0718462964737,650.22087257711,535.8214718969535
1292800,11.85871155929025,885.0375237053779,523.0107263518664,674.7562016123654,704.789964759913,630.2594599888209,534.1896425451697
1293200,25.740260488648232,821.2242364423242,484.2190763344098,664.3685566109809,700.7268525637833,630.3688748489233,534.4169630017001
1293600,10.841015686964704,793.4129373016541,483.24699653983134,506.4067081113738,595.1225264017099,628.2040117722572,534.2572419888538
1294000,10.676058006107036,714.1000590694202,475.56080194054846,450.43356751776776,591.2738574365973,625.8650757465764,533.4933569410139
1294400,218.09512485035629,55.44223411827303,471.0680737208337,293.56038021801726,587.7827011413995,630.9077073347087,536.83906638981
1294800,1732.7292003931443,399.61633188504385,642.3269277952111,379.49488247207165,644.5841365178426,667.7578897937012,571.1711402503039
1295200,924.8872535922176,579.4457305057578,700.3349834740413,420.2701553548219,671.3108262918455,689.4609939812151,589.395701526008
1295600,961.3947361421864,769.556474596802,781.4847059492283,465.1052648655244,702.8904030489898,710.3367747006026,608.0073891462217
1296000,196.24828088519112,806.6709191726188,760.3854891210199,474.130721378147,595.146750682952,714.3716246159785,611.3975404114334
1296400,7.346387054287737,764.5211716134052,409.98170286583934,473.9310523937382,588.4156743552311,631.2993104388152,602.1730386348557
1296800,1660.8783771029134,750.151006955359,574.8836694202016,548.9471978860341,641.4653575483109,672.3133909249852,619.1843018750972
1297200,192.97593121817567,603.7687424805506,591.6072364931545,537.9131564137822,640.1147832383721,673.4469485461261,622.6165471777695
1297600,240.8562756426291,459.66105038063915,614.6087624887209,548.9278795142761,542.4740595704894,599.9940854234627,625.4849619155499
1298000,196.33935954204608,459.6792661120101,633.1750926423149,554.3679472914316,511.34740922595,601.7491662380265,627.327079125724
1298400,810.0726444357373,620.2245175883,692.3728446008529,581.7204591608432,426.4978683456291,613.9302370062628,643.2007347879376
1298800,71.94250859655439,302.43734388702825,526.294175421194,584.3105516082026,428.427980121779,615.0116462436805,639.4651469191997
1299200,387.9740572659072,341.43696909657456,472.6028557885629,586.4689196313021,437.71438883273555,621.6338336660249,646.0893663426847
1299600,91.09129961919044,311.4839738918868,385.5725121362633,583.5286090427459,438.594347289104,623.5609303208081,645.3839221877348
1300000,18.01058788500345,275.81821956047827,367.74874283624456,564.0671159786323,438.6700618641795,538.2972487212751,645.0470482600316
1300400,508.2611369840778,215.4559180701464,417.84021782922355,413.91096034753144,455.2341075389,545.7718102237293,588.6074919168968
1300800,13.4457875232155,203.75657385547862,253.09695887125372,413.9903141457277,450.3304515477739,544.3732578790466,588.4701045142389
1301200,460.0599584712951,218.17375409655614,279.80536159656566,435.70629904486015,451.87722480804325,550.0374278279204,594.718631156214
1301600,14.37169840355858,202.8298338534298,257.15690387265863,435.8828331806898,451.6708876337369,471.1447706460317,531.4266491133019
1302000,60.661661006181895,211.3600484776655,243.58913401907225,438.38211333069347,450.77500953397845,444.4078404242306,530.1171597942357
1302400,7.45769732478098,111.19936054580614,163.3276393079766,427.85024195441474,442.2561858765543,360.70531108621594,523.8097174666055
1302800,25.29822772557618,113.56984858627827,158.66321122087876,342.47869332103636,442.4281048124279,360.98678789655395,523.7419592391202
1303200,529.9192164064287,127.541700173305,172.8577271349309,322.73029146174684,448.5985221325117,371.50022340828434,531.8786123598061
1303600,7.233331862650221,126.11402686512334,164.47193035927688,275.02222124777006,443.84304948158945,370.06374305664724,531.7431303285018
1304000,150.19938722321044,144.02157210852903,177.6908102930976,272.71977656467106,435.2750140834539,373.42524897140896,466.17596103563955
1304400,7.409810213396066,144.01199468625208,127.60567761602942,272.7229477226265,318.4758661036974,373.3270000581823,462.13858370218935
1304800,48.54954823448912,148.66225878803465,131.11605368715678,192.10650627920526,319.6988939928707,370.52685208261965,461.72181704066855
1305200,7.828407057442195,44.24409691823733,85.89289854577149,182.84913007116856,319.10183221183047,360.38114324247533,457.20852197149065
1305600,322.49530517843186,107.29649158139367,116.70525922325882,186.9310815479587,329.4903085282128,367.92948053111735,400.2568683614771
1306000,306.7851184350117,138.61363782375392,141.3176049661418,192.453369492607,339.36061054250956,373.41065839201923,383.78979333261276
1306400,692.5524782176518,275.64217142460507,209.8270830554289,186.57736118170274,355.17585565475275,384.148910171273,330.52966548005855
1306800,21.48164257114276,270.2285902919358,209.44542453998557,184.05431788043217,298.1342703940194,384.1824347443173,330.6785152252403
1307200,28.957879024365,274.4544846853204,159.34929080177918,166.10350896835504,268.26995790842426,376.28621429982854,329.0700368869833
1307600,1096.268562860914,429.2091362218168,268.2528139016055,216.36237213044123,272.76575213238186,399.9454905865935,349.7015572256389
1308000,311.8866370188707,430.2294399385886,284.42153888117156,231.0561745871346,276.6203640035045,397.5616452828833,355.6245069533615
1308400,244.7010374644408,340.65915178794637,308.15066160627606,217.8781696111527,284.53218568384295,315.8945649793421,360.291732367801
1308800,4.067397063754578,337.1763026864687,303.70244648920254,217.40925008817968,229.30515301587099,315.69978211695366,357.1619709639362
1309200,6.411318575805571,332.6669905967568,303.56073764103894,194.7268180934052,223.08633259445867,315.2165585691326,349.01706212218807
1309600,63.959456726808426,126.20516936993575,277.7071527958766,197.2062060095677,217.18977196393132,316.5445195951287,349.8850149840692
1310000,10.48073404018544,65.92398877419869,248.07671435639395,194.69715966126788,210.9944844472026,316.5396364959807,348.3438695848942
1310400,18.643026598038617,20.712386600918254,180.68576919443265,195.25642612493075,184.613497185946,311.5533340396727,343.45628197590486
1310800,170.16819806492833,53.932546801153,195.55442474381118,202.4999246418984,187.88768683489175,272.48930898146733,346.45683274421606
1311200,269.9162077419197,106.63352463437582,219.65025761556666,189.49977420867293,183.9524251840922,256.1150328352099,344.9590229629762
1311600,78.45779507693419,109.53319230440097,117.86918083716868,193.0609973693871,183.531308366017,234.04160930857856,343.53022863670856
1312000,190.0252475443736,145.44209500523863,105.68304188971896,195.05229038544525,189.2651303546627,233.8860334750581,339.1859246042504
1312400,168.28806594845383,175.37110287532164,98.04174473812027,203.09620317219816,177.9326946534752,237.90957544741227,272.3240009310977
1312800,215.76247261625852,184.4899577855877,119.21125229337068,211.45684939128665,184.67658415657664,201.7816778352459,276.40207615223704
1313200,8.102864936499799,132.12728922450373,119.3804069294401,211.47057228523954,169.6113477054168,197.159851178204,276.0493282411941
1313600,12.80391833115205,118.99651387534729,114.26485308987446,195.98600294287553,169.55908836966992,191.45854224541708,276.08858629407786
1314000,164.22049180758677,113.83556272798992,129.63882886661457,188.85777161150426,173.0110493963834,190.6555705520556,279.15947497010745
1314400,320.65185766805314,144.30832107190977,159.83971197361603,170.26274058402436,183.45085474115913,178.42005088286348,281.21060962646135
1314800,181.60944638378305,137.4777158254147,160.9838368055015,178.26913077465636,188.66122869643272,181.1617243275442,250.18821454627414
1315200,200.5723225708695,175.97160735228863,154.0494482883965,186.84985295198157,177.6829989019141,176.47668096016827,235.70191592584717
1315600,758.6483313238916,325.1404899508365,222.06850191309223,169.96884137513044,202.7301655506221,193.16560675278578,231.6469878294813
1316000,8.284858000135685,293.9533631893463,203.89446295866844,154.7887524241937,197.9996812431863,192.9224635056641,227.88771937178018
1316400,2013.92943431126,632.6088785179876,388.458599794949,243.25017226653466,264.88366871311507,230.56417093884366,268.01938031691964
1316800,23.01677054208596,600.8903433496482,369.18402958753177,244.1976409404512,264.0325761233683,230.8034455143154,235.26214818570307
1317200,326.85141191935554,626.1461612193455,401.0588842858173,260.2196456076287,274.66667628543206,227.47323185051692,237.93965779972666
1317600,6.414909463608753,475.69947684728885,400.419983399063,257.3424182444688,264.13066309493803,227.27431212701816,233.25083047614626
1318000,8.717213277778487,475.7859479028175,384.8696555460822,257.2542422063484,254.19506625636353,225.9757009338081,229.49838755086094
1318400,12.90734763645841,75.58153056785716,354.0952045429227,256.9674582582694,231.54022857032376,226.1119421916,213.55508161487532
1318800,10.653836136958148,73.1089436868316,336.9996435182403,248.9917401618709,231.17930168918429,225.74583240188457,212.3293081656834
1319200,136.16869268484754,34.97239983992999,330.55928052963804,242.30436440901727,234.75299547786705,215.902069308845,207.2932008740622
1319600,13.09459917623134,36.30833778245451,256.00390731487204,239.03620461398214,198.64719668837762,216.0486009916846,205.73326686520303
1320000,8.115668656709854,36.188028858240784,255.98698838052943,229.94072566959895,188.52149774297226,212.49650802752203,205.53536848063715
1320400,22.863991538847927,38.179357638718685,56.88044410328824,222.66952194911863,181.12692954545247,212.88286256065834,195.82742557173256
1320800,6.072057952286926,37.26300200178444,55.18597284430833,212.18500121592007,181.1937515750702,211.82092530360333,195.67995098031398
1321200,7.041101852278864,11.437483835270708,23.20494183760067,212.131913061709,181.21474435095266,211.80124267347423,186.61957384793368
1321600,1754.8911103799849,359.7967860760214,198.05256192923827,299.23627266415065,237.57913280605854,247.61113780351306,221.4299620874622
1322000,6.753111154442605,359.524274575568,197.8561517169047,291.3629036314934,237.4548787098671,240.11033762149881,220.35179109042738
1322400,8.14350768920563,356.5801778056395,197.3797677221794,275.73748613255106,237.10489474623938,223.00011335828768,220.36550729771588
1322800,60.69170273391261,367.50410676196464,202.38355438187486,269.69159895005754,233.4556782352055,223.98036486235688,221.07337679788262
1323200,10.360641234054173,368.16801463831973,189.80274923679553,260.1810148832168,224.80382601827665,223.5154339175991,210.68220529443516
1323600,1244.5078935545716,266.0913712732371,312.94407867462957,284.4739929947508,263.6721626341979,227.22141718494058,235.42769652827354
1324000,588.3667872418768,382.41410649072384,370.9691905331463,313.4780894568379,276.950213957448,234.13342094051572,244.1910445286469
1324400,218.56863678748047,424.4991323103789,390.53965505800954,223.71004958064887,278.6262329854155,233.48011092359175,248.4142210601286
1324800,6.580848445115668,413.6769614526194,390.59053410729234,222.88825347580035,271.6535121797108,233.54294720812578,247.57484706434113
1325200,6.816501463901066,412.9681334985888,390.5680740684546,206.8865079530276,271.6106333972908,233.5530767803281,247.55460895247026
1325600,22.694895013167955,168.60553379030813,217.34845253177286,207.7005072305056,271.9403326200247,232.52146273748713,241.55860074916498
1326000,762.1212800404737,203.35643235002752,292.88526942037606,245.37071056864033,291.8703588944543,251.3124763874943,250.66532398127424
1326400,6.934963004484156,161.02969759342824,292.76441495190386,245.07209133704163,281.41312907233527,251.01977479765546,236.95297367701087
1326800,28.953125069038872,165.5041529182129,289.5905571854165,245.98705578364564,276.3245850285105,247.4893979727582,237.1024033269688
1327200,16.880054790048593,167.5168635834424,290.24249854101595,240.0226238889057,270.20150943581643,241.16349414896143,236.86084684228248
1327600,15.20133635038696,166.0181518508862,167.31184282059746,240.12796074761349,245.4199429366996,239.58208268079778,215.23950231207198
1328000,7.068803448564733,15.00765653250439,109.18204444126627,240.07561748720627,245.3794077849806,235.00817157840257,209.14314564066584
1328400,10.04611866296139,15.629887664199837,88.32979262881436,239.4347238434119,178.58329726337067,231.0521228962652,204.45004726463623
1328800,61.01336949033925,22.041936548459912,93.77304473333672,242.18178942031454,179.84985056164575,227.18339531811725,205.58896671316793
1329200,7.46950097837978,20.159825786126152,93.83834468478459,242.20320937661958,169.20378686361326,227.16756121916427,205.6101303612194
1329600,10.886966453294162,19.29695180670759,92.65755182879721,155.00300218028505,169.35285542993606,227.11963742221783,204.54868055574917
1330000,12.748632375483728,20.432917592091393,17.72028706229821,155.3027782413371,169.48723606652626,223.33284093641524,204.59403852245512
1330400,205.2125870794033,59.46621127537977,37.54804946979012,165.156232210847,175.89741071462444,220.446859171699,208.32542973208237
1330800,78.58031159935649,62.97959969718322,42.51076812282189,166.0506626541192,178.16162656337104,217.87113080208832,206.49367200277095
1331200,6.995929078180102,62.884885317143286,41.52235555163504,165.8824270463255,173.8558677764821,213.0317209647711,201.2352664294962
1331600,8.061665832571746,62.319825192998806,40.808388499853514,104.06011566022548,173.68810333169347,194.2670543274881,199.82734384460892
1332000,7.375667072676991,61.24523213243746,40.839074862264745,75.0105596517655,173.6634366122257,194.2443245543016,196.17435223517498
1332400,7.590213615598477,21.72075743967649,40.59348435752845,64.46163849317142,173.1543106814507,144.0858440369101,192.96039518851788
1332800,6.156999104779871,7.2360949407611646,35.10784731897251,64.4404460261546,173.1571420532005,143.66434975097744,188.76828571828833
1333200,24.1170497231522,10.660319069755584,36.77260219344976,65.30547343911716,173.72634031556294,136.09599069607236,189.08856941402138
1333600,1169.932009579024,243.034387819046,152.67710650602274,122.66732916740997,154.22770362219757,165.18391819895774,212.23113123897878
1334000,8.386208584071237,243.23649612132485,152.2408641268815,84.98057559458985,154.28214020318518,165.17564308161508,209.11444557450847
1334400,248.3045514611486,291.37936369043484,156.55006056505601,97.04905501742306,162.28750832891663,171.06057317723233,207.66749945037037
1334800,7.003462004874459,291.5486562704538,149.3923756056078,95.95157186421486,160.49790030461537,170.96931382393024,204.1753797627922
1335200,22.097752367324176,291.1447967992882,150.90255793452224,96.21245674307862,160.88913734239102,168.11754031599213,200.6058883587213
1335600,14.377144559054154,60.03382379529425,151.53410580717045,96.17124715351198,119.88477904254043,168.14960395056272,185.72046462342456
1336000,11.63299978790407,60.68318203606081,151.95983907869316,96.39945697047895,100.66031946074135,168.23753722884254,185.78742745917992
1336400,2709.890666150809,553.0004049739929,422.1898843322142,231.39168434487132,183.70438710618564,235.41320409414158,199.70665209597092
1336800,1357.6930736152894,823.1383272960759,557.3434917832652,296.22566955111887,228.74146127852475,269.2037294857166,226.40017815743496
1337200,3054.960876217408,1429.7109520660927,860.4278744326908,448.60023831307024,330.34627377030836,345.40172384484487,280.96236744339603
1337600,7.186694270524811,1428.2728620083867,744.1533429018408,448.4152247039318,329.8293337455535,301.7091134421084,280.9778031395344
1338000,31.781789349932044,1432.3026199207923,746.492900978427,449.36688255265415,305.4846840558688,302.3348303969956,281.4390946609774
1338400,106.89525503192252,911.703537697015,732.3519713355042,444.45101595028007,308.8166937901168,304.8036240805635,283.3188528088867
1338800,5.92958147556792,641.3508392690708,732.2445832825737,440.8184794440907,308.0492423370011,303.4345710491049,283.2243677156589
1339200,1236.2140816016852,277.60148034592623,853.6562162060097,502.27938707026595,348.69370989738894,334.0809070582957,305.22527549399564
1339600,1363.6453790291596,548.8932172976531,988.5830396530204,570.0585727300953,393.6418446533481,337.0593441951604,332.2362910910542
1340000,37.06880323563984,549.9506200747948,991.1266199977939,571.5432295382435,394.64184464625055,323.2768945950044,332.8153537826328
1340400,347.5588297344852,598.0833350153073,754.8934363561614,588.5416603441879,405.8922683486347,326.50164941867956,339.30925054654557
1340800,7.393846704214777,598.3761880610366,619.863513665054,588.6035027241596,404.10495092243053,326.5219743751571,339.33568632158415
1341200,80.14745892722145,367.1628635261439,322.3821719360354,591.4050231843631,406.52754952072524,328.3552483117401,340.797813463083
1341600,9.745038089781058,96.3827953382682,322.638006317961,533.3956746099009,406.48948524194145,328.03150188865544,305.8948920172789
1342000,7.136209151324907,90.39627652140521,320.17344829810025,533.3331746382636,406.3024044678029,309.1568751164267,305.90255397721654
1342400,297.45735405525403,80.37598138555897,339.22965820043345,535.7908147679689,409.3772300336645,316.4199348926959,311.6888309045375
1342800,2745.605038065699,628.0182196578559,613.1972038594465,672.7208935710102,498.2780542492093,384.33623271761246,365.3870976111732
1343200,2223.164962241627,1056.6217203207368,711.8922919234407,782.7742540647253,572.1503553546576,439.49335540390194,409.6431840313247
1343600,3265.6650095262103,1707.8057146080228,902.0942549731459,945.3386473130831,680.7371334777788,520.7549472332975,450.0663263507575
1344000,2142.4109610360283,2134.8606649849635,1112.6284707531847,1051.8775453754893,751.9049766098905,574.1385011729841,481.14720982664056
1344400,1927.778163993121,2460.9248269725367,1270.650404179048,1012.771920267605,815.9112416224746,622.0818023062382,515.3314003707533
1344800,7.050943344574837,1913.2140080283123,1270.6161138430841,945.2398137540692,815.9410397638011,620.7327416525939,515.3408022687426
1345200,3496.488730087013,2167.8787615973893,1612.2502409590634,967.3162064475493,931.6867624425964,707.9582223803097,585.1342468412047
1345600,3273.290559798051,2169.4038716517575,1938.6047931298904,1130.6213997239258,1001.7987141165639,789.5183122139287,650.1461601369024
1346000,3008.1308959053235,2342.5478586256168,2238.70426180529,1279.4388550516953,1101.790203693939,864.4028688021747,695.0663524541993
1346400,1650.2449832896157,2287.041222484915,2373.9830247287264,1356.60634146458,1148.5215514215547,900.5286787074299,727.9325528599021
1346800,24.109315520202664,2290.452896920041,2101.8334524741767,1357.5153281668117,1149.0917465387324,899.1669038054512,727.8356766689253
1347200,661.1756430897626,1723.3902795205909,1945.6345205589903,1328.7634062412155,1170.3943428961468,915.5213966557407,740.7215884349197
1347600,9.801221463523085,1070.6924118536851,1620.0481417527214,1261.0711983629337,1170.2418121262958,915.5648855465146,740.6135861371824
1348000,291.858686229904,527.4379699186013,1434.9929142721091,1273.8106925126472,1179.5826683410294,922.6769610254453,746.3093837928091
1348400,9.617774489108957,199.3125281585,1243.176875321708,1256.913639750378,1089.5735719523059,922.7276500472829,746.3008169093321
1348800,17.904017521167944,198.07146855869306,1244.2621827393673,1257.4391482912258,1044.9139367491684,923.0213255076926,745.4386298699486
1349200,14.958323401259833,68.82800462099249,896.109142070792,1254.1796915149275,943.5805183219636,922.7923573496453,745.5884063184062
1349600,3.6500151369701856,67.5977633556819,569.145087604684,1253.874940367287,943.4626290175116,893.635307488594,745.4436672920798
1350000,300.50289754258336,69.32660561821778,298.38228776840987,1268.5432747868501,952.4199992906001,900.9382247125568,751.1987525954216
1350400,3299.240695967501,727.2511899138962,463.2818590361984,1418.6324418824624,1058.8315139884528,977.2116283252157,813.0793147731836
1350800,2785.844254285369,1280.8392372667363,739.4553529127151,1420.644402693446,1151.495336415446,1046.682648132228,867.2245936269039
1351200,2876.751023798333,1853.1977773461508,961.0128909835721,1453.3237057712813,1206.1799011553344,1118.0489799180032,924.619695521307
1351600,4.623519590200941,1853.392478236797,960.4951207962398,1290.271631274481,1160.8791725073688,1117.8051392937818,924.5509325964596
1352000,21.951417626240644,1797.6821822535287,933.5043939358735,1184.2486541039914,1160.3752596537224,1118.0630997397402,924.8424476075307
1352400,3.7662413819559424,1138.5872913364196,932.9192406251583,1088.048057973433,1148.9155067086383,1050.409989120519,924.765968162858
1352800,2.237510965325181,581.8659426724108,931.352589969574,1087.8073863544707,1148.7436288506751,1016.5236000542698,924.6875784000689
1353200,1040.7353333695337,214.66280458665102,1033.9302909664016,965.0197165185966,1180.7632246654189,966.167961483073,945.0199440729964
1353600,46.18895805859156,222.97589228032916,1038.1841852585635,803.6646364316236,1181.9780219977124,967.1430180777746,922.5450830425877
1354000,3457.905571556882,910.1667230664574,1353.9244526599934,826.1533702142017,1297.0036674112312,1052.7961126329483,991.5354703020441
1354400,917.3913116085736,1092.891737111781,1115.7395142241007,789.5106866301495,1317.6681326630085,1073.0585140473645,1004.9172055049926
1354800,7.56853288374697,1093.9579414954653,837.9119420839382,788.6836474983268,1226.4002491569433,1073.0994878325691,1004.9285069225699
1355200,34.33685991846408,892.6782468052513,553.6705256959516,757.3417083397618,1153.4393124128378,1043.0525572904885,1005.1732890735929
1355600,8.952930379378154,885.2310412694087,554.1034667748693,757.2992937855545,1044.8822431079436,1009.1852460742441,1005.0648047899994
1356000,3.5638548800530847,194.3626979340429,552.2647105002505,742.884552218062,973.587339569411,1008.3476223653545,1004.9034218918423
1356400,3406.173745579765,692.1191847282812,892.5054609200313,912.7123507725948,1022.867192288966,1084.8129952614863,1018.8290834804214
1356800,3101.40391969304,1310.8862620901396,1202.4221017928028,1066.8873458811884,1126.0122915005813,1162.163247086207,1053.7033004019765
1357200,285.093870860382,1361.0376642785234,1126.8579555418878,1080.3941232541445,1018.9657961930269,1167.286907384536,998.3059602948359
1357600,1196.5530871717222,1598.557695636992,1241.894368453201,1140.039276855882,949.7412137721493,1196.9571086115845,1022.0932881528599
1358000,74.1272824629166,1612.670381153565,903.5165395438041,1128.7204961018988,851.941093324069,1198.6318854443743,1022.9401980151196
1358400,251.9921094534774,981.8340539283074,836.9766193282946,976.3580667761975,805.3326641961978,1197.4952543293298,1025.8421351035506
1358800,22.150064820485987,365.98328295379656,838.4347725219686,838.1733573029535,805.2673558395406,1129.4088799981996,1026.166544770449
1359200,10.506142978380158,311.0657373773962,836.0517008279601,694.8611132619559,783.5783725024944,1074.0924095166185,1001.6523859979828
1359600,34.064338130702026,78.56798756919213,838.5628416030926,696.3331541889809,784.3871430580672,993.3023927317308,975.0607651800137
1360000,9.755114612782863,65.69355399916537,839.1819675763654,695.7233390383079,774.9836906708298,939.9859965711496,974.5144914075566
1360400,14.432031716676269,18.181538451805142,500.00779619005664,696.256628555044,775.1441659117486,892.1523432642385,967.8519554472003
1360800,7.338827487316569,15.21929098517126,190.6012869694843,696.5116943811436,774.7919929106204,892.1595403678069,967.8508550628626
1361200,15.52023746289746,16.22210988207472,163.64392362973584,645.2509395858117,774.8107233793415,805.1353280522042,966.5583106335758
1361600,15.944983707710351,12.598238997476384,45.58311328333464,643.7387408682678,775.220555665033,723.7016886499457,966.6823095459346
1362000,1325.1839759181796,275.68401125855576,170.68878262886093,537.1026610863325,809.3765916108861,681.628015650267,993.0432648812717
1362400,3485.6973590037014,969.9370767159608,494.0593075838833,665.5179634560889,815.5918137120929,727.5143250431191,1056.8080649802405
1362800,3385.0829141059203,1645.4858940396814,830.3525925124268,834.3936825171975,835.5664357061112,811.538665007762,1069.5976225010452
1363200,3233.7447711833383,2289.1308007837697,1152.6764553329226,994.3640780804413,847.4662272856114,875.8528932101015,1089.8092186798792
1363600,361.3537267301936,2358.2125493882663,1185.4053941928719,1011.9841178979821,859.3572341902778,884.6417058417683,1031.722993023959
1364000,1501.105974950793,2393.396949194789,1334.5404802266726,1086.861223901519,908.6623861010961,914.8728880597904,1018.8968933022543
1364400,40.96096375626086,1704.4496701453008,1337.1933734306313,918.6005848103439,909.9022101802398,915.6564677914694,981.160549297517
1364800,181.5166438179161,1063.7364160877,1354.611155063691,772.6062210165877,915.878181275326,919.746783448888,984.6498633069839
1365200,927.8634313919616,602.5601481294246,1445.8454744565975,804.7446990431666,912.1157845427404,942.5694111486555,933.2773573330828
1365600,3486.6441032803064,1227.6182234394473,1792.915386413857,919.2492498485959,1026.7976227167974,1029.6442633522388,937.5444282027279
1366000,3.888565073935325,928.1747414640756,1660.7858453294327,915.7373139791468,911.6637225006994,1022.2289050405228,877.4595815861003
1366400,28.21172305073217,925.6248933229699,1315.0372817341358,904.5482946590097,882.0244028821046,940.4531807176033,845.0189163813225
1366800,233.408252149915,936.0032149893698,999.8698155385352,915.1112040254809,889.5523935243102,876.6422806642171,849.2048951139167
1367200,2844.1033103978707,1319.2511907905514,960.9056694599885,1056.7910623964556,983.211275206957,875.8260878292056,892.8634484600788
1367600,58.92885501463827,633.708141137418,930.6631822884331,1058.0342882406524,984.8771393614657,877.1837212148164,893.846001131101
1368000,3458.4068431346486,1324.6117967495607,1126.3932691068185,1230.4668746667455,1100.0385723032855,963.0951068525268,957.1769642691962
1368400,3129.076268055134,1944.7847057504412,1435.2047995367059,1386.1990864836685,1090.8019897191311,1041.2278575193563,1019.5661341405166
1368800,2478.8275194019566,2393.868559200849,1664.9358870951098,1509.7735210794003,1070.0494430427616,1103.142607730272,1068.7846041781322
1369200,1472.449695387472,2119.5378361987696,1719.3945134946612,1582.6199939756293,1109.627970526998,1113.9354667807206,1097.9344316178567
1369600,6.926920728762687,2109.137449341594,1371.4227952395067,1582.1690908266817,1069.9737649788995,1112.9539158474747,1097.9999697296923
1370000,12.643521318378756,1419.9847849783405,1372.298290863951,1516.5420680966918,1067.9243062740816,1026.822364591512,1092.2427822052084
1370400,17.48635001220753,797.6668013697551,1371.2257535600986,1343.131517647117,1060.1074476260392,1004.3247405516029,1026.6076952861026
1370800,1.6318189047744722,302.2276612703187,1348.0481102355845,1173.95896288706,1059.4235060955154,1004.1763227021287,970.9234465784906
1371200,15.18478323858074,10.774678840540473,1065.1562575196554,1013.0309634898219,1059.5794607708553,1003.6975207851316,913.6921217672956
1371600,3559.575903162064,721.3044753272007,1415.220962334398,1172.9420723114156,1177.0965129385675,1092.4630951046988,984.7911694387327
1372000,2558.836101752586,1230.5429914140423,1325.2638881961916,1225.828578651505,1262.0658791765609,1156.3449012765118,1035.5288631212597
1372400,8.678152469869687,1228.7813519055746,1013.2240766376651,1224.2144380871855,1261.8740832016674,1071.4075114487646,1035.627101343018
1372800,57.48356738713467,1239.9517016020466,771.0896814361831,1218.0127842656466,1263.5455745316615,995.3095026411171,1036.7320224714542
1373200,163.50166051183004,1269.6150770566965,640.1948779486189,1179.79469572164,1268.4782886332926,992.2696973824034,1019.1873490143001
1373600,17.62349969364576,561.2245963630128,641.2645358451072,1006.3436655423069,1268.534239166157,962.7964576954513,1018.6160398470013
1374000,18.02187313251226,53.06175063899811,641.8023710265205,1007.0503309452357,1224.9621690733013,961.3938224621912,949.8183658785139
1374400,2523.5699553733207,556.0401112196884,892.4107315626319,1131.8182425613652,1192.891255618955,1018.1832686101873,981.9419387538088
1374800,277.517343635827,600.0468664694267,919.9992840357372,1134.0236971356608,1089.3057366032856,1024.567450580571,987.3409149688504
1375200,2533.2919909514458,1074.0049325573498,1171.8100048070235,1118.4831311633395,1065.9573105955558,1087.6370967798975,1037.32001758951
1375600,3551.7144050181478,1780.8231136222505,1171.023854992632,1293.122408663515,1172.3026665384875,1175.5783484520837,1108.1752470822853
1376000,15.80698728176728,1780.3801364521012,916.7209435455501,1120.992415870871,1122.7927002828535,1175.7296452688083,1108.4201097303196
1376400,9.256255186403092,1277.5173964147177,916.7787538172033,965.0014152274343,1121.735876663858,1175.6002508555514,1040.4817599224525
1376800,3499.878447837045,1921.989617254961,1261.0182418621944,1016.0539616491888,1232.347936797829,1262.9137413642945,1048.4512504853326
1377200,3054.4419632649888,2026.21961171767,1550.1122721375104,1095.1535750430644,1303.2338878602634,1338.8867845093469,1103.8382123334245
1377600,3539.846527539993,2023.846036222039,1902.334574922145,1271.799555383626,1305.007302002253,1426.984323105154,1150.70408114079
1378000,205.63849753325945,2061.812338272338,1921.0962373622199,1281.4493041943701,1311.732299750897,1398.9956861455307,1153.334305442197
1378400,13.35572215353665,2062.632231665764,1670.0748140402416,1281.2427728014366,1311.2370997209907,1312.1871452242767,1148.5615776961981
1378800,3590.597903904083,2080.776122879172,2001.382870067067,1460.6910770514019,1423.1434214461297,1317.3250199692309,1219.93053447787
1379200,21.88042818013422,1474.2638158622008,1750.241713789936,1461.0258592984796,1329.069325372205,1237.028411394151,1220.1580201819052
1379600,14.160694640510172,769.1266492823044,1396.486342752172,1283.755098872402,1327.577053359734,1228.3485855919087,1219.7599473121015
1380000,219.289970737627,771.8569439231778,1416.834641097758,1166.777792321654,1219.6064909465,1196.3031854865794,1223.9506444345982
1380400,3345.986452463004,1438.3830899850714,1750.507660825418,1333.643207321311,1226.8368304267622,1278.928822704248,1290.5817328495248
1380800,271.1773207154665,774.4989733473479,1427.6375481132604,1344.3278949877274,1153.248490470546,1281.1703396266869,1295.8585027140878
1381200,209.42539921421613,812.0079675541645,1143.135891708183,1346.6240819228465,1111.147680598104,1263.2093888222432,1299.7366059491142
1381600,51.609125016701206,819.4976536294025,794.3121514558538,1348.3233631889993,1112.6370874077018,1177.3335143656532,1300.4498887752939
1382000,1534.6048895507413,1082.5606373920255,927.208790657602,1424.1525140099106,1163.3691330154472,1215.6014224775734,1304.638307047945
1382400,14.386859894350788,416.24071887829484,927.3119044316834,1298.6933592359624,1163.2658166781855,1215.255800898664,1235.2120970657581
1382800,1342.6736593049493,630.5399865961914,702.5194799717701,1351.9511750194185,1207.9672113581912,1242.9874360775398,1194.3639119697386
1383200,116.88279151494974,612.0314650563381,712.0197163052516,1231.1307150475936,1211.3571449674039,1174.8069231054665,1132.026672376371
1383600,10.278683132336656,603.7653766794652,711.6315151544343,1054.0589289533032,1093.0472376330795,1173.5906688084092,1125.0051715044137
1384000,2.9700972509754697,297.4384182195121,689.9995278057692,1053.4170844517635,1007.8517041496924,1087.2047501613172,1095.0424539504174
1384400,8.844316699459668,296.3299095805338,356.2853142294147,1053.3964875274164,1007.8572429573453,1009.1989513774255,1094.4001210092815
1384800,244.28472277868784,76.65212227528151,353.59605443573685,890.6168012744986,1014.0839481370638,953.3353814618437,1095.6554825884969
1385200,252.40085291851472,103.75573455599451,357.8935998061667,750.514745757175,1017.04725455062,922.8341604001196,1082.146231019028
1385600,383.07225929233874,178.3144497879949,391.0399132337305,592.6760323447922,1029.2288798705763,932.2377938642092,1020.0747941392686
1386000,426.8072619827287,263.0818827343456,280.2601504769292,603.7344705672656,1042.855059498917,942.591887380818,1028.5331680774443
1386400,1216.7277807583912,504.65857554613183,400.4942425633332,663.9030734975083,999.2936536784193,972.5729231494724,1052.3034892315977
1386800,454.3136757099253,546.6643661323793,311.65824420383086,507.0888620878005,1005.1868647475559,983.8899695696012,1056.721597702798
1387200,3529.0632821074646,1201.9968519701692,652.8762932630823,682.4480047841669,1038.3792411194233,1071.7369320413231,1070.4207971369897
1387600,40.532198792731485,1133.488839870248,655.9016448291219,683.766579991778,921.3398342452426,983.7608394320899,1070.0528640125515
1388000,485.0141865482404,1145.1302247833503,704.1060537588484,697.0527907823086,936.9800742207917,931.9152915519815,1010.5850108808233
1388400,15.471321943878804,904.8789330204478,704.7687542832903,530.5270342563524,937.1872431127077,932.0851207888315,948.3129119585983
1388800,1223.4588746813365,1058.70797281473,802.6861694735551,578.141111954646,861.3065906741841,961.2345034711867,923.205539064186
1389200,8.98852070173044,354.6930205335832,778.3449362518767,568.1192680290217,759.7914759220755,957.3716749759342,893.936315570471
1389600,213.20154104862544,389.226888984762,761.3578644275053,576.198888830618,648.9033097056965,962.2611260098085,898.0618079768684
1390000,3017.9588963153915,895.8158309381921,1020.4730278607716,650.3665891688504,742.6473229984342,1037.2595515893806,958.1681154768086
1390400,341.4946634939906,961.0204992482144,932.9497161343315,666.7219793488324,753.5852877097827,982.7076692923974,964.6482817464442
1390800,339.60242937780833,784.2492101875089,921.47859150112,616.5684178524754,645.2187718922402,984.2597964359469,971.407693955905
1391200,3547.6263290157867,1491.9767718503201,923.3348961919521,788.1055947275172,762.7436352534286,1009.6181548875554,1042.056524871449
1391600,5.004388464722158,1450.3373413335396,919.782115159151,787.8418799941364,762.438425047569,920.9504044737198,970.9650945775023
1392000,51.03793971371552,856.9531500132041,876.3844904756986,790.2452721172735,756.8300240134387,921.8311782845185,920.8091313367248
1392400,3.260300260751988,789.3062773665565,875.1633883073861,789.9660712953381,645.4058189400301,921.6812794113773,920.7007742925425
1392800,355.96601007955826,792.5789935069066,788.414101847208,795.5501356603816,648.2321085855,843.0834684674401,926.6704231463909
1393200,590.029956595057,201.05971902276062,846.5182454365407,812.4315908442088,660.9189271648614,781.4731683006918,935.2009890680555
1393600,654.6705646045712,330.9929542507304,890.6651477921354,826.0115061098204,681.0209751511237,709.3437692273062,947.941930366274
1394000,225.71235953095305,365.92783821417794,611.4404941136916,815.9567609872316,637.3912241504642,709.8456157772486,952.0957400942428
1394400,86.30655299888743,382.537088761805,585.9216830641811,759.4356995992564,639.7885472539486,711.6693865483824,903.350472046754
1394800,37.531180722523054,318.850122890398,555.7145581986526,738.5965748498863,596.2837979678677,622.8427184688433,898.550748788488
1395200,2706.767705011991,742.1976725737848,471.6286957982731,697.4817959951126,682.6132950844359,689.9649003896398,902.020263069699
1395600,12.430839419381565,613.749727536747,472.37134089373905,696.0767280264452,682.6850336273372,689.9216540091115,831.2345917577237
1396000,760.7734917661081,720.7619539837779,543.3448960989783,709.8646932873386,707.9451467778417,703.4587420348236,846.1339218474104
1396400,890.631922022665,881.6270277885335,632.0820582751696,753.6227232912777,737.338066955282,642.074878773815,863.7614351841356
1396800,332.0433596264526,940.5294635693193,629.6897932298591,709.0519475385336,740.2633548502074,643.5965297465898,800.4047334199239
1397200,694.736602402669,538.1232430474549,640.1604578106202,743.3393516235805,755.0078798330125,655.7293098263011,753.2106262026774
1397600,986.5624278113652,732.9495607258516,673.3496441312997,782.0073959617175,775.1242187836468,679.1031423961678,702.1449442081049
1398000,3495.595615760455,1279.9139855247208,1000.3379697542498,805.8892319339707,877.417163909571,728.1279105514104,767.9440865726486
1398400,2720.7086338748786,1645.9293278951639,1263.778177841849,924.8499304530151,927.5498590134539,795.7859549009238,822.0911448070758
1398800,2121.338421044937,2003.7883401788604,1472.1589018740904,1013.9367300363714,983.117350524621,815.2525739444234,792.7059551498928
1399200,6.650703147535003,1866.1711603278338,1202.1472016876448,836.8879487429591,865.7035978926233,812.4967717352381,792.4013606492408
1399600,9.315878569728769,1670.7218504795067,1201.8357056026796,837.1035232482093,864.6630538851899,812.4727016211729,792.3044643278251
1400000,3460.216246140358,1663.645976555487,1471.7799810401043,1007.5624385695413,963.8364558715938,898.9038553434073,857.1229898358797
1400400,203.45117765844165,1160.1944853122,1403.061906603682,1017.5719824394258,970.1024510620791,903.769026867382,794.2722843397885
1400800,3487.946392645077,1433.5160796322277,1718.6522099055444,1174.171001567702,1045.5853683275373,984.8605686140418,858.6076657783808
1401200,1573.3178075551712,1746.849500513755,1806.5103304207946,1223.3353941157075,1097.7296778893185,1017.8834924799581,885.8855139451998
1401600,325.1785993419295,1810.0220446681953,1740.3719475738512,1206.8607958525754,1101.4622464990955,1016.4361509811977,891.3569034317044
1402000,546.0655642362645,1227.1919082873762,1445.4189424214323,1222.878456087841,1019.0658020964579,1019.4176085375362,871.5861169254148
1402400,524.2452606299299,1291.350724881674,1225.7726050969372,1244.775391469393,1025.1574886676558,1002.1055455343246,881.7832849401265
1402800,705.0737006891164,734.776186490482,1084.1461330613552,1278.1525174677229,1037.3398643780326,1008.3745461588045,869.0312857678098
1403200,12.23731903103072,422.5600887856538,1084.7047946497048,1143.4259981686748,919.4935640452076,920.4538970818936,866.9383763181315
1403600,3284.2691315642783,1014.3781952301237,1412.20011994916,1307.0179127759197,1028.8023888151927,1001.5473204011823,932.4181852867702
1404000,3588.2239203766185,1622.8098664581944,1425.0008873727859,1448.3904342064452,1146.7085881706228,1079.1275637468918,1004.1232617492831
1404400,2961.012211757774,2110.163256683763,1700.756990782719,1551.9094486932006,1245.300318553857,1152.7660859922391,1063.1666196504493
1404800,5.715337050258351,1970.2915839559914,1352.5338852232371,1535.5930475643909,1233.6252961195469,1122.322497551462,1058.395231935881
1405200,5.135228167040989,1968.8711657831932,1195.715627284424,1501.1129788526093,1214.1288051719464,1122.2261652380948,1053.4499194408513
1405600,19.70177897293363,1315.9576952649247,1165.1679452475246,1452.769946410688,1192.9631789842251,1117.3886711862028,1046.1825098344632
1406000,291.74100372315644,656.6611119342323,1139.7354891962138,1292.577215808823,1195.164133790632,1049.2332238713968,1043.4811846692717
1406400,170.830277441585,98.62472507099451,1104.3939908773793,1165.0832979871582,1197.981591272055,1044.9666142200865,1022.5632346029357
1406800,33.2193084226437,104.12551934547159,1037.2085516507318,1060.6773423560437,1197.8378621953925,1037.3070361962075,1014.1413472571899
1407200,3551.398519300179,813.3781775720993,1391.1246716776468,1237.914733163676,1225.9922226716656,1037.4013409533172,1014.5880520010443
1407600,171.30403167725757,843.6986281129641,1079.8281616889449,1246.0141408190523,1231.287995746928,1041.5588320336308,1017.2034886587348
1408000,148.63644127342386,815.0777156230175,735.8694137786254,1080.4351505757056,1210.883427397172,1043.9987945726236,1010.4759337532385
1408400,2.3277477304275784,781.377209680786,440.00096737589064,1070.3789790793048,1181.2732882540975,1043.9754807593652,1010.2130622689696
1408800,3442.238821620543,1463.1811123203659,783.6533158329191,1068.0936005280782,1284.946470320567,1121.1323010478898,1054.5886612077536
1409200,233.50540977907804,799.6024904161457,806.4903339941229,1001.1029806392735,1269.572097233114,1112.2191873774905,1059.0789989893005
1409600,949.1272865020288,955.1671413811,899.4328847470324,1032.3004149972785,1268.3242591894696,1119.580605424927,1073.7975138983686
1410000,15.036783591885662,928.4472098447923,871.7624627339053,1005.7489759650595,1152.3056314505168,1114.3137160264503,1013.7390716438985
1410400,238.3619013750356,975.6540405737139,878.5156251272505,991.4548080023147,1069.5607403671888,1118.115099735854,1011.6764164015194
1410800,2.765830196363352,287.75944228887795,875.4702773046225,956.3394144776772,998.9416540055698,1117.2459659726999,1004.9396844178905
1411200,182.0181831070891,277.4619969544801,538.5322436853133,964.8284576814801,1004.7872366708883,1054.1272279250775,937.6275214997165
1411600,770.064485948041,241.64943684368254,598.4082891123917,839.1182254006683,1030.1455235834987,1073.068069088294,952.9287234493828
1412000,3275.207972419072,893.6836746091197,911.0654422269565,823.4674280027909,1023.9785811261225,1135.928931104618,1017.4121241034899
1412400,3226.945706783135,1491.4004356907396,1233.5272381322272,836.7641027540589,1124.7617320969455,1194.3367757236297,1081.8858322339377
1412800,3492.113305414993,2189.2699307344656,1238.5146865116722,1011.0840011722955,1124.9006291892763,1273.3385243683433,1144.6087781406463
1413200,238.2155343754299,2200.5094009881336,1238.9856989713076,1022.7380164827151,1080.3972200832848,1261.9254976676623,1137.5724896962538
1413600,58.57392736795486,2058.2112892721166,1149.9303630579,1024.681623902466,1071.5103976841522,1238.7257851565769,1125.6505569515214
1414000,3110.7751820120334,2025.324731190709,1459.5042028999146,1165.63333281691,1157.0007182766778,1229.1052743128664,1183.351813401143
1414400,49.53661112077888,1389.8429120582377,1440.621673874489,1159.5686495008697,1141.177096626373,1162.3259737440142,1182.616414563581
1414800,877.6241915612767,866.9450892874944,1528.1075100109806,1201.7888936578015,1146.9287796554447,1131.2331180069225,1199.4182747803561
1415200,2.442508143634091,819.7904840411351,1510.1499425146349,1024.3410930999742,1146.6022859591983,1131.1279131318247,1145.3317708429888
1415600,2909.669132246062,1390.0095250167567,1724.110407144437,1161.2593481284143,1134.1156193152578,1203.6367444737334,1203.2765366995225
1416000,2493.878898033926,1266.630268221135,1645.9774997059224,1278.5214709664394,1097.6374519038347,1179.4783107710725,1237.9386448248788
1416400,430.5416388303821,1342.8312737630558,1366.3370929106472,1299.9321655214374,1013.2884328062551,1185.1555723003707,1228.7368391610332
1416800,63.972394100967264,1180.1009142709938,1023.5230017792446,1131.0188441454584,1015.2303347079452,1099.5562223367683,1223.3754198505235
1417200,2074.2111457682595,1594.454641795919,1207.1225629185274,1223.0541309449177,1084.1995319613193,1112.0785557920954,1250.9649107178352
1417600,253.45465107283343,1063.2117455612733,1226.6106352890154,1188.2704991734577,1091.9912943646493,1110.285457085368,1236.3027551830646
1418000,472.7950845244174,658.9949828593716,962.8126255402537,1211.158414220084,1098.026430391358,1108.4536950925717,1175.846744558344
1418400,16.855916096112683,576.2578383125177,959.5445560377872,1200.083114956138,1092.893951679842,1095.7689614792266,1121.7696902027685
1418800,1853.9710867181395,934.2575768359522,1057.1792455534735,1292.643377782227,1153.5856776230253,1124.491396129952,1116.4223435162326
1419200,300.9639805132113,579.6081437849425,1087.0313927904313,1298.590667652533,1045.2378596634599,1131.7095626670066,1122.308609063546
1419600,254.2347582947642,579.7641652293287,821.4879553953012,1272.7991812698692,1048.0022172173767,1055.9587033352686,1127.2069866580468
1420000,2568.6191544309563,998.9289792106363,828.9619810350043,1237.4697403704636,1128.668307655961,1030.4685841866271,1109.3750448238588
1420400,2503.112034940842,1496.1802029795824,1036.2190206460505,1201.2780567783489,1212.0277838963082,1019.0210797662039,1155.3682619695069
1420800,262.76124918583764,1177.938235473122,1056.0979061545374,1039.810453966891,1106.0451981484846,1025.4472275695935,1090.8645591003221
1421200,1034.199011948051,1324.5852417600897,952.0966927725165,1079.609627845522,1132.7349848874505,1051.1738221641185,1080.0821831881797
1421600,9.843145542489982,1275.706919209635,927.7355422194823,1077.1730887542487,1101.4255135221324,1050.9273563283575,1073.7754741121908
1422000,20.47072172641676,766.0772326687272,882.5031059396822,922.6578657399681,1101.6066447932835,1044.145599278439,1063.263577261994
1422400,173.39550157577946,300.1339259957146,898.1570644876489,928.850810262718,1099.4410981333085,1044.209729881794,1056.246582080911
1422800,3326.0448209204023,912.7906403426275,1045.364437907875,1051.2718417306742,1210.2170644907762,1126.5303676942378,1108.6660044855366
1423200,1111.436788223471,928.2381955977114,1126.411718678901,1106.7215557346663,1241.1976846613222,1065.53132441732,1130.6499938693853
1423600,9.367414859810111,928.1430494611756,1101.9249843354057,961.7064698653536,1215.8411156250481,1061.482908996884,1065.151959535296
1424000,3277.051839020672,1579.4592729200267,1172.7682527943773,1000.8651169146909,1215.9025778451012,1139.6932939405651,1058.9285179081771
1424400,952.6244753891152,1735.3050676826938,1017.7194968392047,1026.9692587426275,1140.0918701319674,1163.4507121320325,1018.760763180804
1424800,153.53244225875744,1100.8025919503648,1006.7966161464965,1031.447261150517,1028.805841360093,1081.2330526479877,1021.717105284974
1425200,37.402145916526536,885.9956634889761,907.1169295433441,929.6068111579305,1022.112061744796,1076.330471051424,1022.3624436399637
1425600,1201.9550694442346,1124.5131944058608,1026.3281219335186,977.0318320765003,1060.224766480672,1082.651165624979,1046.0075094493898
1426000,3441.406901718832,1157.3842069454927,1368.4217399327601,1125.4624229362212,1071.2458238042318,1168.3104185781526,1109.0008274093032
1426400,3392.7057730724528,1645.40046648216,1690.3527670824274,1294.2549157850383,1182.6847958692879,1247.169015370588,1173.4383373219205
1426800,6.27926153630803,1615.9498303376704,1358.376211144018,1201.8703245259464,1153.6399648684555,1247.256851154087,1172.8995363841939
1427200,4.488614364117011,1609.3671240271883,1247.6813937580825,1187.0465562184918,1153.7081684091384,1242.8186119355123,1101.9613382854725
1427600,9.613187301315564,1370.8987475986046,1247.7059710022331,1174.8154776688195,1057.03963691098,1223.8073294693443,1098.7275213979538
1428000,330.3719222203897,748.6917516989163,953.0379793222049,1062.903116058291,984.9227377171954,1150.1864282143774,1102.362231016893
1428400,9.098561549977685,71.97030939442124,858.685387938291,938.2024423887478,970.874635141182,1069.7402495835481,1102.497647293284
1428800,9.977723839445202,72.71000185504867,844.32991609636,925.5632661214282,969.0748127991313,982.6868600441596,1033.852425337662
1429200,3398.757236704408,751.5637263231068,1180.465425175148,1043.7911773592461,1013.2263491636695,1061.7004026023842,1097.1574618761688
1429600,717.9199099812867,893.2250708591012,1132.0619092288532,1079.195015581186,1028.708524460618,1078.1840521677173,1092.5333143457538
1430000,213.76845569477288,869.9043775539776,809.2980646264474,1088.8599022796038,1020.0743034996299,1005.7588840097858,1096.5079477878116
1430400,3481.9086114624265,1564.4663875364674,818.2183484654448,1254.285557773936,1135.5760600118404,1091.568184018327,1161.3788819895594
1430800,10.468828215651683,1564.5646084117088,818.6373051333792,1088.5067581386986,1074.125984728424,1069.8892999346865,1161.532941949945
1431200,691.5451305217199,1023.1221871751711,887.3429567491394,1067.512175253611,1087.1453563953744,1087.1168654941387,1171.7234808982378
1431600,3226.319747461181,1524.8021546711502,1209.0136127651258,1228.3597918836797,1186.2148560342548,1095.0331308745165,1220.8485861285005
1432000,1494.6947390981163,1780.9874113518188,1325.4458944528985,1139.2419368875517,1150.4173755231602,1070.0535269011211,1185.2383214620813
1432400,3.675027032802381,1085.3406944658939,1324.903541001181,1091.794464469736,1067.1028085928924,1059.381861606182,1120.7729078670748
1432800,460.8010581849724,1175.4071404597582,1369.9858744357339,1107.1578952660468,1073.70413555953,1069.3025782082818,1060.1466629224744
1433200,1274.3083937478543,1291.959793104985,1157.5409901400785,1169.0032076576133,1081.7077816195235,1049.3050094077719,1080.8685201099229
1433600,2060.36057855013,1058.7679593227747,1291.7850569969628,1211.9234831129081,1150.0583627197782,1094.4776575947042,1120.9042531335665
1434000,3422.2611153869643,1444.2812345805444,1612.634322966182,1210.9661937963147,1263.4513758417966,1168.214308366268,1127.133971801065
1434400,3.3667055828885237,1444.2195702905615,1264.780132378228,1041.4992404218365,1257.7837493087,1167.8770781034373,1126.2105736903072
1434800,1624.949917857847,1677.0493422251361,1426.2282413424477,1122.4327732379134,1201.0805858732815,1162.15154888193,1141.1570882162387
1435200,5.531283026713473,1423.2939200809083,1357.626856592947,1122.4849066710433,1164.2170690333899,1154.7657314447674,1141.2188637139002
1435600,826.5807213684463,1176.5379486445713,1117.6529539836736,1163.3332833743998,1191.4575125836775,1169.0743805216096,1099.557095496348
1436000,748.3387805237354,641.7534816719258,1043.0173581262354,1184.231626289567,1107.1670773004464,1123.567371173929,1064.6462931461442
1436400,3566.479259982715,1354.3759925518912,1399.2977814212268,1362.100661211204,1194.295570120233,1150.1515517999758,1127.3650455691907
1436800,695.4844723160338,1168.4829034435284,1422.7661228343327,1396.3759986350333,1212.3606377888088,1160.9696323782307,1139.9952871334922
1437200,667.5035599155194,1300.8773588212896,1362.0856394510993,1259.813314795589,1233.364018255442,1151.8022460774175,1111.8611354164373
1437600,46.33879508971011,1144.8289735655424,1160.6834611050574,1226.2342590510102,1194.8434757769578,1152.7146373160979,1107.7188182967748
1438000,1733.6869202219127,1341.8986015051778,991.8260415885522,1302.2301822773672,1137.919476393727,1195.5450422784854,1132.9366550107247
1438400,407.1943203175268,710.0416135721402,1032.2088030620162,1148.4944677201222,1038.402427968563,1201.3900127470292,1140.743423095153
1438800,10.105033903277238,572.965725889589,870.724314666559,1148.4762780045035,1038.5299537141286,1118.4915180716011,1103.8661020388558
1439200,957.4964364926022,630.9643012050054,965.920830013148,1161.7738433030474,1070.2968811184114,1114.6430092783291,1116.9967511584434
1439600,4.657594082448131,622.6280610035531,883.728517284548,1000.6907356341108,1070.1316946777824,1114.525263758895,1112.0052078741971
1440000,2636.988871302409,803.2884512196523,1072.5935263624156,1057.8054422443256,1147.0189263138498,1098.5236895659386,1113.3726022116264
1440400,532.4094521950498,828.3314775951569,769.1865455836489,1084.242163502438,1164.4626226686855,1088.018313986087,1073.9585505567104
1440800,375.7815322946743,901.4667772734363,737.2162515815129,1079.991187207923,1176.6560829505263,1093.574541236985,1076.2189562188871
1441200,716.7852585558368,853.3245416860833,742.1444214455448,1052.1150304483222,1087.2570170122408,1110.5591190529676,1069.8706811510428
1441600,1445.746201247557,1141.542263119105,882.0851620613294,1021.3843115831935,1111.5178933877833,1116.6538973480506,1098.5887422651442
1442000,3538.2720947104167,1321.7989078007065,1062.5436795101798,1027.184860549366,1222.3346813549715,1119.0755271728403,1168.9447697248243
1442400,4.131383727541451,1216.1432941072048,1022.2373858511812,1027.2230944565986,1106.4087737638083,1034.3611674392175,1165.5594873678594
1442800,110.44744081200908,1163.0764758106718,1032.2716265420545,951.4979706043068,1109.741394183687,1036.9653719211099,1101.2475397656917
1443200,584.6109708906946,1136.6416182776434,994.9830799818637,980.4519549975059,1106.1769221959862,1051.4684308342744,1090.711023419036
1443600,3590.9619644923496,1565.6847709266017,1353.613517022854,1118.671017153701,1118.3316627636918,1141.0021502640504,1162.3429144116867
1444000,3504.0829436404656,1558.8469407126117,1440.3229242566595,1256.4582253095373,1185.3112695817701,1220.3449257995521,1166.8835365040827
1444400,863.1554995676503,1730.6517638806333,1473.3975289939194,1121.2920372887843,1213.960618666265,1241.696349249994,1165.0941569876534
1444800,3540.332605390421,2416.628796796316,1789.852636303494,1263.5344439425037,1316.61167023978,1329.9552212887686,1232.8301602502868
1445200,11.331286048662433,2301.9728598279094,1719.3072390527766,1230.7258302491607,1274.5124333164738,1245.2695725223748,1232.3087430529295
1445600,1982.806726485756,1980.3418122265907,1773.0132915765967,1327.5492268189632,1271.9273049143278,1276.8917429349865,1247.9257761937597
1446000,3604.4920538436886,2000.4236342672352,1779.635287489924,1421.089483500052,1278.001669529552,1361.6598328887096,1251.187479236257
1446400,4.1075024450242,1828.61403484271,1779.6328993616721,1400.9351426064268,1278.0263627582897,1274.7148051632744,1183.4155138237084
1446800,963.2044917633476,1313.1884121172957,1864.9086044568062,1448.5901154994303,1255.968181888473,1298.5331967519667,1202.5540184282493
1447200,3492.1665405128424,2009.3554630101312,2155.6641614190207,1575.3236207004422,1372.1893571380108,1368.5487320017448,1272.3075769512238
1447600,16.70680880776622,1616.1354794745334,1798.238645850562,1575.9260814367083,1345.1935600526547,1288.3084085354094,1272.4494493813527
1448000,2421.9240775542626,1379.6218842166484,1690.0227592419421,1565.172841749301,1400.979736620339,1311.489141996813,1314.2804924880302
1448400,26.39483004658973,1384.0793497369614,1606.3466922898363,1539.872110641878,1282.9769222891348,1312.0571370721577,1314.6264178579625
1448800,3467.71418240634,1884.9812878655598,1599.0848499914277,1694.4687431474613,1375.384579292145,1387.2299651776918,1383.7811470293004
1449200,3233.376784333587,1833.2233366297085,1921.2893998199204,1820.298319436349,1460.9136867727473,1436.2066749423352,1380.473537981884
1449600,60.18496281959728,1841.918967432075,1729.0272234533045,1751.0202575149506,1461.375225697077,1386.2022845490721,1367.3188390386501
1450000,662.1552248422523,1489.9651968896728,1434.793540553161,1607.2144140215426,1425.657502517755,1317.1996372854542,1376.2865744215999
1450400,9.422389919568468,1486.5707088642687,1435.3250293006154,1607.4789643311437,1412.3984381711562,1317.3510293938712,1306.8368499907426
1450800,3568.1012398418525,1506.648120351371,1695.814704108466,1780.361654282636,1530.998311702442,1365.9298124434713,1377.9894982232665
1451200,599.5874900073749,979.8902614861288,1406.556799057919,1781.11048023847,1519.0680134862678,1380.781217617988,1376.1503454129797
1451600,354.97775294957745,1038.848819512125,1440.3838934721002,1619.3112696613312,1530.7453521151722,1368.9911434075161,1318.7235055227475
1452000,174.7907699452237,941.3759285327191,1215.6705627111965,1452.8466609765694,1448.6720820699327,1354.6524431430535,1292.3254261396899
1452400,422.6599996381686,1024.023450476439,1255.2970796703542,1430.821885980095,1445.0137669847034,1276.0569616344396,1300.705125591797
1452800,17.792672479445617,313.96173700395764,910.3049286776647,1254.6948893345464,1433.0808049908624,1259.114666638525,1291.8449578776865
1453200,6.076312319104845,195.25950146630367,587.5748814762165,1254.4321406480685,1409.3905067829712,1242.5789854486145,1266.4803162491116
1453600,5.0768273461758175,125.27931634562336,582.0640679288744,1155.5456456910895,1361.3681943195918,1241.5474362550262,1225.3746412250323
1454000,3317.845223129232,753.8902069824251,847.6330677575725,1141.2133041553666,1354.0206319335523,1281.1513938277092,1223.2863233798778
1454400,432.2665591313159,755.8115188810544,889.9174846787471,1162.6212569896813,1368.2918044470114,1281.778199798054,1231.8643204508464
1454800,6.346655666441715,753.5223155184538,533.7420262612061,1114.778365184836,1364.8217782754925,1281.6842403421329,1199.4922552070184
1455200,156.64750942852584,783.6365549403379,489.44802820332114,948.0024136306201,1350.556329560087,1261.663017165531,1202.5145797350544
1455600,104.0936017920052,803.4399098295038,464.35961308756384,952.3717532798322,1234.327384136742,1264.14891735827,1188.0648373435258
1456000,28.694924812339394,145.60985016612523,449.7500285742755,832.7102956427359,1118.4811168424712,1198.9415686960183,1173.6719602292976
1456400,96.7139301931796,78.49932437849799,417.15542162977664,836.2262506500654,1092.933064529989,1188.0491806459718,1104.276653633507
1456800,337.8886395701833,144.80772115924628,449.1650183388503,679.7349735082577,986.184932335981,1187.1018583278594,1097.1247369785901
1457200,234.65357019197447,160.408933311936,472.02274412613735,529.798812801177,993.6290084740915,1175.0485661187627,1088.4677371841192
1457600,3614.720848094025,862.53438257234,832.9871462009223,707.5256070648984,1048.0261458610337,1229.2729322899245,1159.8353782442055
1458000,3620.934981058264,1580.982393821525,863.2961219938254,855.4645948756988,1048.5742434348529,1231.3395044486206,1197.5803394609325
1458400,431.7475879179354,1647.989125366476,863.2442248724874,876.5808547756172,1062.8289129506165,1242.0299095533805,1198.0714048129407
1458800,3616.495940144909,2303.710585481421,1224.259153320334,879.00058979077,1151.271961230002,1329.681122036703,1270.1992229377734
1459200,8.683529916758438,2258.516577426378,1209.4627553691575,849.4553917862395,1035.1558608767994,1315.2829360123546,1251.2229648062564
1459600,2052.07138952946,1945.986685713465,1404.260534142903,934.3100736152334,1103.0013469008557,1276.8106716382822,1292.1712407151967
1460000,16.173854338081753,1225.0344603694284,1403.0084270954771,926.3792278348762,1022.8096727936497,1189.6129444057228,1239.75494037591
1460400,276.838019034407,1194.0525465927228,1421.0208359796,919.0881288046882,1031.1577790932436,1174.9550073923915,1234.6435117126973
1460800,3630.564387218367,1196.8662360074145,1750.2884107444181,1099.7267145416342,1036.5861192536443,1177.2108019380903,1299.739168811171
1461200,171.28700010728537,1229.3869300455196,1743.951753735949,1107.9872489310433,934.5164597794344,1181.2096947895557,1288.8292036422001
1461600,13.049758743396785,821.5826038883073,1383.7846448008863,1108.3858955009043,932.9452863102277,1131.965770595997,1260.1752747921169
1462000,3436.2723360283626,1505.6023002263635,1365.3183802978965,1114.3072511458608,1025.4158566830981,1127.760277650614,1258.1352796184758
1462400,65.91883670659993,1463.418463760802,1328.735505176763,1095.9898650246253,1027.299071575999,1129.3055610071533,1259.371028678057
1462800,6.43942596650898,738.5934715104304,967.7298537589228,1095.9945035396283,908.5770111134876,1105.3864343622322,1257.2908683811468
1463200,420.9583427544067,788.5277400398547,1008.9573350426875,1109.2100452059226,902.6227062050554,1028.6062294182714,1254.017815818421
1463600,26.94499190467564,791.3067866721104,806.4446952802091,1105.352614711556,891.688280836892,1028.862183995694,1182.7374763666676
1464000,15.819719741170308,107.21626341467194,806.409281820518,1104.7088544579976,886.3892458300902,968.7095750503668,1112.9722118886818
1464400,52.25677732521302,104.48385153839459,783.9511576495986,1102.4859968145993,874.0424717529917,969.3561237323323,1096.754237443833
1464800,16.473950469868107,106.4907564390664,422.5421139747488,1086.4152623595835,873.9985143526725,883.0751179339206,1026.2770643454219
1465200,330.30094843721906,88.35927757562887,438.4435088077422,1091.1976312718457,884.8060022232763,810.4982220365113,1032.656457593193
1465600,215.83550327102415,126.13737984889858,458.72208326050475,921.2533640306958,891.8312914207711,814.389485547797,997.3170331288985
