Step,Reward,Smoothed5Reward,Smoothed10Reward,Smoothed20Reward,Smoothed30Reward,Smoothed40Reward,Smoothed50Reward
400,14.251883660333265,14.251883660333265,14.251883660333265,14.251883660333265,14.251883660333265,14.251883660333265,14.251883660333265
800,6.785677712407912,10.518780686370588,10.518780686370588,10.518780686370588,10.518780686370588,10.518780686370588,10.518780686370588
1200,5.667807283624673,8.901789552121949,8.901789552121949,8.901789552121949,8.901789552121949,8.901789552121949,8.901789552121949
1600,7.31934611357248,8.506178692484582,8.506178692484582,8.506178692484582,8.506178692484582,8.506178692484582,8.506178692484582
2000,5.51832955254076,7.908608864495818,7.908608864495818,7.908608864495818,7.908608864495818,7.908608864495818,7.908608864495818
2400,2.708400409850939,5.599912214399353,7.041907455388338,7.041907455388338,7.041907455388338,7.041907455388338,7.041907455388338
2800,4.975496027135081,5.237875877344787,6.74670582278073,6.74670582278073,6.74670582278073,6.74670582278073,6.74670582278073
3200,6.397038501859012,5.383722120991655,6.702997407665515,6.702997407665515,6.702997407665515,6.702997407665515,6.702997407665515
3600,7.547167626232407,5.42928642352364,6.796794098617393,6.796794098617393,6.796794098617393,6.796794098617393,6.796794098617393
4000,6.729486593077441,5.671517831630976,6.790063348063397,6.790063348063397,6.790063348063397,6.790063348063397,6.790063348063397
4400,5.803569373271885,6.290551624315166,5.945231919357259,6.700382077627805,6.700382077627805,6.700382077627805,6.700382077627805
4800,6.132896755245491,6.522031769937247,5.879953823641016,6.653091634095946,6.653091634095946,6.653091634095946,6.653091634095946
5200,5.783239859562245,6.399272041477894,5.891497081234775,6.586179959131815,6.586179959131815,6.586179959131815,6.586179959131815
5600,5.793649513404157,6.048568418912244,5.738927421217943,6.529570641579839,6.529570641579839,6.529570641579839,6.529570641579839
6000,6.3707238301016185,5.97681586631708,5.824166848974028,6.518980854147958,6.518980854147958,6.518980854147958,6.518980854147958
6400,7.262864131185992,6.268674817899901,6.2796132211075335,6.565473558962835,6.565473558962835,6.565473558962835,6.565473558962835
6800,6.059962383279595,6.254087943506722,6.388059856721985,6.535737607452056,6.535737607452056,6.535737607452056,6.535737607452056
7200,8.569952281067339,6.811430427807741,6.605351234642816,6.648749533764017,6.648749533764017,6.648749533764017,6.648749533764017
7600,6.101273616606546,6.872955248448219,6.46076183368023,6.6199350118083595,6.6199350118083595,6.6199350118083595,6.6199350118083595
8000,4.452651182034928,6.48934071883488,6.23307829257598,6.5115708203196885,6.5115708203196885,6.5115708203196885,6.5115708203196885
8400,6.54149694511078,6.345067281619838,6.306871049759869,6.126051484558564,6.512995873881168,6.512995873881168,6.512995873881168
8800,6.542136348110803,6.44150207458608,6.347795009046401,6.113874416343709,6.5143204408916064,6.5143204408916064,6.5143204408916064
9200,9.292961601837774,6.586103938740166,6.6987671832739535,6.295132132254364,6.635130926150136,6.635130926150136,6.635130926150136
9600,4.542159291583699,6.2742810737355965,6.5736181610919076,6.156272791154924,6.547923774709868,6.547923774709868,6.547923774709868
10000,5.23293505040563,6.430337847409737,6.459839283122308,6.142003066048168,6.495324225737699,6.495324225737699,6.495324225737699
10400,6.924975198959554,6.507033498179491,6.426050389899665,6.352831805503599,6.511849263169308,6.511849263169308,6.511849263169308
10800,5.605616594741606,6.319729547505653,6.380615811045866,6.384337833883925,6.4782850902645785,6.4782850902645785,6.4782850902645785
11200,7.21211435032815,5.903560097203728,6.244832017971946,6.425091626307382,6.504493278123992,6.504493278123992,6.504493278123992
11600,5.575210384394737,6.110170315765936,6.192225694750766,6.326493764215498,6.47244904040919,6.47244904040919,6.47244904040919
12000,3.2561060941534983,5.714804524515509,6.072571185962623,6.152824739269301,6.365237608867333,6.365237608867333,6.365237608867333
12400,9.002195461593756,6.13024857704235,6.318641037610921,6.312756043685395,6.190248002242683,6.450300765406896,6.450300765406896
12800,4.838727335582433,5.976870725210515,6.148300136358084,6.248047572702242,6.125349656348501,6.399939095724881,6.399939095724881
13200,4.5757633192990825,5.449600519004701,5.6765803081042145,6.187673745689084,6.088948190870981,6.344661041893796,6.344661041893796
13600,6.400814424493645,5.6147213270244825,5.862445821395209,6.218031991243558,6.058330467901686,6.346312611970262,6.346312611970262
14000,5.865788159882038,6.1366577401701905,5.925731132342849,6.192785207732579,6.069912421479729,6.332583341910599,6.332583341910599
14400,6.645257694673711,5.6652701867861825,5.897759381914265,6.161904885906965,6.201140997640488,6.341268740598463,6.341268740598463
14800,4.3993415583712245,5.57739303134394,5.777131878277228,6.078873844661547,6.181935848681692,6.288784222159889,6.288784222159889
15200,5.599826013438608,5.782205570171845,5.615903044588274,5.93036753128011,6.155362099067679,6.270653742983012,6.270653742983012
15600,3.958373550453657,5.2937173953638474,5.454219361194165,5.823222527972466,6.035735629875054,6.211364507277132,6.211364507277132
16000,7.638207708685048,5.64820130512445,5.89242952264732,5.982500354304972,6.066026333728642,6.247035587312331,6.247035587312331
16400,6.096079694525669,5.538365705094841,5.601817945940512,5.960229491775715,6.075776677770434,6.04314048816714,6.243353736268753
16800,6.483010540266313,5.955099501473859,5.7662462664089,5.957273201383491,6.087447137271128,6.0355738088636,6.249059850649647
17200,9.578776682911757,6.750889635368489,6.266547602770167,5.971563955437191,6.213965031382779,6.133348043845777,6.326495125818534
17600,5.0202765983485325,6.963270244947464,6.128493820155656,5.9954698207754324,6.188185934214257,6.075871305965178,6.296808341103306
18000,5.239885529812338,6.483605809172921,6.065903557148686,5.9958173447457686,6.150491324204614,6.068910205396968,6.273321167519062
18400,5.045049831385842,6.273399836544956,5.905882770819899,5.901821076367082,6.076564180877943,6.127326440935341,6.246619616733557
18800,7.361888513029242,6.449175431097542,6.2021374662857,5.989634672281464,6.119961718536264,6.1869862530826945,6.270348742186657
19200,4.897020577315481,5.5128242099782865,6.1318569226733874,5.873879983630831,5.997530661744536,6.149485804969107,6.241737738751841
19600,5.132875639797625,5.5353440182681055,6.249307131607784,5.851763246400975,5.9652507291842385,6.089128505308237,6.219107899997674
20000,6.110018796448639,5.709370671595366,6.0964882403841445,5.994458881515732,6.020496316331362,6.073641810392516,6.216926117926692
20400,6.842899654594471,6.068940636237092,6.171170236391024,5.886494091165767,6.030543073314152,6.099625067425581,6.068746437811917
20800,6.629073530259993,5.922377639683242,6.185776535390392,5.976011400899646,6.033440979385792,6.112029486800944,6.065614354168958
21200,2.916379955604435,5.526249515341033,5.51953686265966,5.8930422327149135,5.820888257844681,6.040357989201999,6.010585807608553
21600,9.2684376755195,6.353361922485408,5.944352970376757,6.0364233952662065,5.978430870642541,6.127227693254882,6.049567638847495
22000,7.238473327893137,6.579052828774307,6.144211750184836,6.10505765366676,6.04528214655879,6.14892143069967,6.083970514354542
22400,7.855192069763171,6.781511311808048,6.4252259740225695,6.1655543724212345,6.076289375585578,6.1637296291641,6.186906347552787
22800,4.927707482356709,6.44123810222739,6.181807870955316,6.191972668620508,6.0536924051727485,6.135423256641028,6.185950576657219
23200,4.822908286333226,6.822543768373149,6.174396641857091,6.15312678226524,5.974052203039583,6.041747156772674,6.154467972346704
23600,6.785803523980988,6.326016938065446,6.339689430275427,6.294498280941606,6.014405307692459,6.058860404457036,6.139240690301675
24000,4.6518725920521655,5.808696790897253,6.19387480983578,6.145181525109962,6.060930857622415,6.063840939707466,6.097688410281169
24400,7.7272469655503215,5.7831077700546825,6.282309540931364,6.226739888661195,6.018432574420967,6.093484690218455,6.136161962126738
24800,4.963968685653736,5.790360010714087,6.115799056470739,6.150787795930565,6.022607286090009,6.054030498657029,6.112783400734903
25200,5.803337096297786,5.9864457727069995,6.404494770540074,5.962015816599867,6.063526411989967,5.966789886018529,6.1131853454696135
25600,8.543757188696036,6.338036505650009,6.332026721857727,6.138189846117242,6.1349578374633795,6.066829833446337,6.168187498975451
26000,4.565340431401783,6.320730073519932,6.064713432208592,6.1044625911967145,6.091609579847371,6.050139967971241,6.132079831001455
26400,5.026326088640987,5.780545898138065,5.781826834096373,6.103526404059472,6.037645192979613,6.002673740213277,6.087349070150554
26800,7.978755094232619,6.383503179853841,6.086931595283964,6.13436973311964,6.156958977508327,6.062002202700553,6.1257249243696155
27200,6.270325551807956,6.476900870955876,6.231673321831438,6.203034981844264,6.17930896212064,6.038457482737547,6.079732389784428
27600,3.464162805721466,5.460981994360962,5.899509250005485,6.119599340140456,6.162835270629566,5.985681293270716,6.026990173566726
28000,8.946688532317616,6.337251614544129,6.32899084403203,6.261432826933905,6.2064512980839845,6.127945854224818,6.116870920572381
28400,3.211760159796252,5.974338428775182,5.877442163456624,6.079875852193995,6.110307313593004,5.983184971679881,6.050276184866089
28800,5.525327654292189,5.4836529407870955,5.933578060320469,6.024688558395604,6.0783845507272,6.000349979647625,6.029940010989716
29200,8.10731780839675,5.851051392104854,6.163976131530366,6.2842354510352205,6.0293359215767,6.088638841875066,6.006227135120896
29600,4.577136559701275,6.073646142900817,5.76731406863089,6.049670395244308,6.014564586955125,6.043046895255257,6.0069266804832475
30000,7.526932042635706,5.789694844964435,6.0634732297542815,6.0640933309814375,6.090799470715904,6.084575492324099,6.052806620327849
30400,9.038109498928389,6.954964712790863,6.464651570783022,6.123239202439698,6.223901459633988,6.144396787430465,6.095069306327225
30800,3.191096304684978,6.488118442869419,5.985885691828258,6.036408643556111,6.0848750526891795,6.11419065608831,6.0467789005260935
31200,7.329438046816929,6.332542490553455,6.0917969413291555,6.161735131580296,6.165955635005894,6.157430956922767,6.049125374455868
31600,6.421837162184435,6.701482611050087,6.387564376975453,6.143536813490469,6.208921019085454,6.219017547216037,6.066057910011662
32000,6.401926746901017,6.476481551903149,6.133088198433792,6.231039521232911,6.218651284100535,6.188110523171437,6.128974323066614
32400,9.4655653832044,6.561972728758351,6.758468720774607,6.317955442115616,6.306073475054199,6.272347665388405,6.138241721498826
32800,4.812322795522311,6.8862180269258175,6.687168234897619,6.310373147609043,6.245515117229609,6.230580471769804,6.137713630697624
33200,6.21291180963723,6.662912779489879,6.497727635021667,6.330851883276017,6.355399512364035,6.146433849937941,6.170456600504386
33600,4.909225066837506,6.360390360420492,6.530936485735291,6.14912527718309,6.210092425407969,6.143657561650166,6.1406248133512635
34000,6.067991927441876,6.293603396528665,6.385042474215907,6.2242578519850955,6.17107637872626,6.164360221590905,6.14466888870246
34400,8.859649045231562,6.172420128934097,6.367196428846225,6.415923999814623,6.20455827790854,6.259725201937047,6.188956715713618
34800,3.903883365938418,5.990732243017318,6.4384751349715685,6.2121804133999134,6.170430807361263,6.173275073259776,6.1790475518649615
35200,7.133694449999228,6.1748887710897185,6.4189007752897975,6.2553488583094765,6.247457012816797,6.22919192007687,6.209724920596174
35600,6.998811706751669,6.592806099072551,6.476598229746521,6.432081303360986,6.254557285575819,6.275840321750722,6.270533683722135
36000,7.24549845532084,6.828307404648344,6.5609554005885045,6.347021799511149,6.341011481018109,6.304227313222527,6.26267949865485
36400,7.223264601550252,6.50103051591208,6.336725322423089,6.547597021598849,6.324212068884774,6.313736436896422,6.285223196795341
36800,7.620548610437667,7.244363564811931,6.617547903914625,6.652358069406122,6.412764733044238,6.338523313900863,6.307973958198769
37200,5.492482502918264,6.916121175395739,6.545504973242728,6.5216163041321975,6.40240291326492,6.402925877583708,6.226248074598899
37600,5.440945441279752,6.6045479223013555,6.598677010686953,6.564806748211121,6.298975855017711,6.307238571727715,6.234661451457523
38000,7.819696305358746,6.719387492308937,6.773847448478639,6.579444961347273,6.40745438414961,6.321769146164355,6.286257666968452
38400,4.729996652484,6.220733902495686,6.360882209203884,6.3640393190250535,6.397576736277711,6.243639260732376,6.2799566033904135
38800,7.063074528051716,6.109239086018496,6.676801325415214,6.55763823019339,6.367054050738346,6.297023436874751,6.273980323690864
39200,7.376112386895079,6.485965062813858,6.701043119104798,6.5599719471972975,6.4039136119079165,6.360853539388797,6.323562159882456
39600,4.737430902170457,6.345262154992,6.4749050386466775,6.4757516341966,6.446355881789549,6.3096442238435335,6.315653265129913
40000,6.335968367341822,6.048516567388615,6.383952029848776,6.47245371521864,6.359331876290357,6.351746618225775,6.320172256547777
40400,7.086611913825984,6.519839619657011,6.370286761076349,6.35350604174972,6.488493601424682,6.335730741932667,6.325046501732406
40800,6.091410377913668,6.325506789629403,6.217372937823949,6.417460420869287,6.507363025545398,6.363916784239166,6.31429323868548
41200,5.781895506591596,6.006663413568705,6.246314238191282,6.395909605717005,6.429848948818559,6.36338074449651,6.371603549705224
41600,4.888303565736695,6.0368379462819535,6.191050050636976,6.394863530661964,6.440221182353073,6.271994403922528,6.284000867509567
42000,7.567798568755707,6.283203986564731,6.165860276976672,6.469853862727656,6.441583399890407,6.347055857356375,6.290587372326819
42400,5.613153236100279,5.988512251019589,6.2541759353383,6.307529072271093,6.327418191129469,6.361726536042857,6.245746595653561
42800,3.904982595076201,5.551226694452096,5.938366742040749,6.307584033727981,6.3512144008091775,6.259882223563947,6.225292097907951
43200,5.559858646241742,5.506819322382126,5.756741367975415,6.228892243540107,6.292228420790004,6.242120550924791,6.24003110510612
43600,5.376432822977954,5.604445173830376,5.820641560056165,6.147773299351421,6.257381609483121,6.289927301356204,6.21184369108606
44000,7.734279399436151,5.637741339966466,5.960472663265597,6.1722123465571865,6.301793364567626,6.259617073034168,6.27349182723374
44400,7.275008346093141,5.970112361965038,5.9793123064923135,6.174799533784331,6.228774796663917,6.36119827769159,6.264447054844596
44800,5.08402617114352,6.205921077178502,5.878573885815299,6.047973411819624,6.237831575851291,6.350165740612873,6.266848204554392
45200,5.60284290361674,6.2145179286535015,5.860668625517813,6.053491431854548,6.217495945650608,6.287553867993372,6.262838320700771
45600,4.870827455259867,6.113396855109884,5.8589210144701305,6.024985532553553,6.2162160252646865,6.294896140382337,6.189379726032048
46000,7.083486723193469,5.983238319861347,5.810489829913907,5.988175053445289,6.250065851789739,6.283810007396282,6.239742651867881
46400,10.387412195168016,6.605719089676323,6.28791572582068,6.2710458305794905,6.3009912901209555,6.317542574802273,6.346964373998421
46800,5.544999851910628,6.697913825829744,6.451917451504123,6.195142096772436,6.355695172986696,6.376390163482914,6.298289269151982
47200,5.406707151740623,6.658686675454521,6.436602302054011,6.096671835014713,6.2981289297114085,6.328321891106006,6.281016901150635
47600,7.05126998870626,7.094775182143799,6.604086018626842,6.212363789341503,6.299877539109895,6.344057711769052,6.352759044810332
48000,6.32858520718176,6.943794878941458,6.463516599401403,6.2119946313335,6.269313764171925,6.34222417327607,6.300396978307614
48400,9.643336034539445,6.794979646815743,6.700349368246033,6.339830837369172,6.349982811938232,6.346668439559446,6.429028495802479
48800,4.3551635630831,6.557012389050238,6.627463107439991,6.253018496627645,6.24113664369308,6.335239458748466,6.405625213978296
49200,6.924084084948104,6.860487775691733,6.759587225573126,6.31012792554547,6.288856696427407,6.353018765631238,6.381960539509323
49600,5.8462768977011015,6.619489157490702,6.857132169817251,6.35802659214369,6.302367744974786,6.376445061402828,6.40734334626932
50000,3.849193971046757,6.123610910263702,6.5337028946025795,6.172096362258243,6.1700176671643865,6.32097511249295,6.333788584837541
50400,5.65742597507517,5.326428898370847,6.060704272593295,6.174309999206987,6.200931977917425,6.240919535739041,6.266174914360477
50800,7.027814337150297,5.860959053184287,6.208985721117261,6.3304515863106925,6.199756638220711,6.3190178100193375,6.342909275009783
51200,4.767221459824232,5.429586528159511,6.145037151925623,6.290819726989817,6.112793607318349,6.259855985264961,6.29166494326993
51600,6.719731781715544,5.6042775049624,6.111883331226551,6.357984674926696,6.178870303303186,6.252878987139058,6.297622835660552
52000,5.057961475907967,5.846031005934642,5.984820958099172,6.224168778750287,6.136270073588724,6.198190562653737,6.270743530240691
52400,6.162295080104424,5.947004826940494,5.636716862655669,6.168533115450852,6.105459512464672,6.171666324617592,6.204678124178692
52800,4.517905303125139,5.445023020135461,5.6529910366598735,6.140227072049933,6.053009343305054,6.094100241934778,6.198789774330748
53200,4.778475170426408,5.447273762255897,5.438430145207704,6.099008685390415,6.019561998766216,6.076250058622482,6.170101041546531
53600,7.255064502970537,5.554340306506895,5.579308905734647,6.218220537775949,6.098454030007343,6.1216030351647515,6.217017830269192
54000,5.754050383663023,5.693558088057906,5.769794546996275,6.151748720799427,6.037995757170919,6.069961887122358,6.210738999393615
54400,5.293789873612597,5.51985704675954,5.733430936850017,5.897067604721656,6.027350311754664,6.084056717650573,6.139421815961234
54800,4.404543673243556,5.497184720783224,5.471103870459343,5.840044795788302,6.044002347693576,6.017593446280369,6.149435022107339
55200,6.756793422167734,5.892848371131489,5.670061066693693,5.907549109309658,6.083900173557776,6.002110472162185,6.141897001550709
55600,3.3898421418218705,5.119803898901756,5.337072102704325,5.724477716965438,6.017680484185906,5.968420753153471,6.069717610252112
56000,8.232916800279341,5.61557718222502,5.654567635141463,5.819694296620318,6.03430173088068,6.01584446397691,6.089465977151283
56400,4.258380705976593,5.408495348697819,5.46417619772868,5.550446530192175,5.933747476210128,5.945138683780674,6.03016829923981
56800,6.602756778909416,5.848137969830991,5.672661345307107,5.66282619098349,5.984371829802324,5.957922343805568,6.009812462609244
57200,7.571016924708592,6.010982670339162,5.951915520735326,5.695172832971515,6.049977630505386,6.002650379258493,6.051383151045051
57600,4.964651131564624,6.325944468287713,5.722874183594735,5.651091544664691,6.053105086382211,6.00455906840419,6.041857264850749
58000,8.043792135050392,6.288119535241924,5.951848358733471,5.860821452864873,6.085115266777441,6.0164589075615575,6.046339181444581
58400,3.735817038973773,6.183606801841359,5.796051075269589,5.764741006059803,5.8633954282376335,5.969525502633395,6.026455589174377
58800,3.9850265580711,5.660060757673696,5.754099363752344,5.6126016171058435,5.811396318442982,5.971526601708268,5.964894629774764
59200,4.316834171128312,5.00922420695764,5.510103438648401,5.590082252671047,5.775067219089239,5.940450989830433,5.903709065459429
59600,6.252775127017929,5.266849006048302,5.796396737168007,5.566734419936166,5.748450723699628,5.962359547431431,5.934015949956378
60000,6.113968483081005,4.880884275654424,5.584501905448174,5.619534770294818,5.7412968328962695,5.921851774522553,5.929575952271161
60400,7.19711703264949,5.573144274389567,5.878375538115463,5.671275867922072,5.659756199499937,5.919904491686461,5.931786054647632
60800,11.99798319942513,7.175735602660373,6.417898180167034,6.045279762737072,5.914516854044672,6.092753417393501,6.049917511077861
61200,6.143427569077537,7.541054282250218,6.275139244603929,6.113527382669628,5.88849497018232,6.1062680340300215,6.0571481523275805
61600,6.203911052780876,7.531281467402808,6.399065236725555,6.060969710160145,5.900416108684978,6.139595123968046,6.083460302068464
62000,4.618515035846124,7.232190777955831,6.056537526805128,6.004192942769299,5.926060144178291,6.077970831784364,6.024474631410271
62400,3.942001146339985,6.581167600693931,6.0771559375417485,5.936603506405669,5.868879316553785,5.9168355555636625,5.991051589615065
62800,5.826319981930961,5.346834957195097,6.261285279927735,6.0076923218400395,5.82882950471314,5.923868558814171,6.0294783373521605
63200,4.891019834530992,5.096353410285788,6.3187038462680025,5.914403642458202,5.832956117203366,5.91097637588393,6.016101561117946
63600,5.980075925320787,5.0515863847937705,6.291433926098289,6.043915331633148,5.808300921990208,5.884196524299293,6.028174423164803
64000,4.730869784605034,5.074057334545552,6.153124056250691,5.868812980849432,5.797397865613443,5.844253638734875,5.96810623086818
64400,6.76174421754202,5.638005948785959,6.109586774739944,5.993981156427704,5.817379503528029,5.772213843309939,5.957840948297157
64800,6.922482112475873,5.8572383748949415,5.602036666045019,6.009967423106026,5.89753206383972,5.836396807044759,5.994610067123806
65200,3.3234304617857124,5.543720500345886,5.320036955315837,5.797588099959883,5.849030573551697,5.746380466465698,5.949021818287184
65600,7.349692077393625,5.817643730760453,5.434615057777111,5.9168401472513334,5.852184826032467,5.783965845958011,5.9985991107298595
66000,4.341569438261587,5.739783661491764,5.406920498018658,5.7317290124118925,5.805102127852419,5.796275232638382,5.9437607650312225
66400,7.957689899078827,5.978972797799125,5.808489373292542,5.942822655417145,5.89389879536796,5.853781830738474,5.895166319109438
66800,6.150711452346019,5.824618665773154,5.840928520334048,6.0511069001308915,5.952104388004709,5.831854258618367,5.907280551118147
67200,4.436093994336128,6.047151372283237,5.795435936314561,6.057069891291282,5.8747477404103225,5.823576071981165,5.887868287970056
67600,7.567539863613844,6.090720929527281,5.954182330143867,6.122808128121077,6.014004331136721,5.844771274028622,5.8981936854682075
68000,5.049816964574066,6.232370434789776,5.9860770481407695,6.069600552195731,5.9079010032798775,5.844567661245274,5.872618320616055
68400,4.4936015772671976,5.53955277042745,5.759262784113288,5.934424779426616,5.9157416989895655,5.802850323674344,5.769623631470608
68800,19.325802834645973,8.174571046887442,6.999594856330297,6.300815761187659,6.339843234180784,6.173047761962365,6.0690364169018665
69200,6.903684564028816,8.66808916082598,7.357620266554609,6.338828610935222,6.317598822158126,6.226177996802425,6.068628426483481
69600,7.7992592164187,8.71443303138695,7.402576980457115,6.418596019117113,6.412085758319927,6.239782864638629,6.107688072857833
70000,4.114167591423485,8.527303156756835,7.379836795773306,6.3933786468959815,6.281098273532364,6.198785794832641,6.1129875452653675
70400,5.876515850890012,8.803886011481397,7.171719390954425,6.490104382123484,6.352454900596239,6.213353944264576,6.117369342781664
70800,7.761692711479491,6.4910639868481015,7.332817516867772,6.586873018600909,6.478343772376518,6.297282670220474,6.132046910268249
71200,6.498428710107473,6.410012816063832,7.539050988444906,6.667243462379733,6.5510635903424905,6.290823552418968,6.166671055273913
71600,5.605359004639905,5.971232773708073,7.342832902547512,6.6485076163456895,6.52948305292989,6.346211473989419,6.144383599732399
72000,7.293280459008955,6.607055347225168,7.567179251991002,6.7766281500658865,6.568793452127488,6.322720565457659,6.189089979394421
72400,6.299479053995827,6.691647987846331,7.747766999663864,6.7535148918885755,6.538872186172366,6.37374802415814,6.191833658872248
72800,6.598151877227,6.458939820995832,6.475001903921966,6.7372983801261315,6.358877808765761,6.373632901616079,6.233438590354285
73200,4.991648629922047,6.157583804958747,6.283798310511289,6.8207092885329486,6.320485177460578,6.3091486942464154,6.237702059544198
73600,8.652196073238713,6.766951218678509,6.369091996193291,6.885834488325203,6.4020946781425065,6.401337317788268,6.265644690949562
74000,6.515198289527762,6.61133478478227,6.609195066003719,6.994515930888513,6.465317453265227,6.363122471650202,6.280867649066856
74400,6.520619354940871,6.6555628449712785,6.673605416408805,6.922662403681615,6.551271393551923,6.43274252954938,6.305404238693423
74800,4.557703051154648,6.247473079756808,6.35320645037632,6.843011983622046,6.508984162526047,6.447059441876469,6.308467426251643
75200,6.441417483187612,6.53742685040992,6.347505327684334,6.94327815806462,6.560664084147933,6.500174024677951,6.30215990747204
75600,6.602902737098637,6.127568183181905,6.447259700930206,6.895046301738859,6.581424977873862,6.508927214929969,6.366421119377576
76000,5.112045971016561,5.846937719479667,6.229136252130967,6.8981577520609845,6.5941308507542455,6.483879152128358,6.304003702792321
76400,7.252682130446401,5.993350274580772,6.324456559776025,7.0361117797199455,6.61049544785106,6.485268279573281,6.363889731281716
76800,4.959248924967171,6.0736594493432765,6.1605662645500425,6.3177840842360045,6.545054341600769,6.309299922711832,6.331019574202872
77200,4.421133627505144,5.6696026782067825,6.103514764308352,6.1936565374098205,6.58164444712475,6.266242574172521,6.268021908258803
77600,9.226044420559914,6.194231014899039,6.160899599040472,6.264995797616882,6.644189525230293,6.341795908366998,6.353249774038709
78000,7.001378572512646,6.572097535198255,6.20951762733896,6.4093563466713395,6.732849829705328,6.401367496783661,6.332401502787953
78400,6.941783627863424,6.50991783468166,6.251634054631216,6.46261973552001,6.698986287331481,6.4763620588217465,6.396520834565747
78800,4.8163316866603,6.4813343870202855,6.277496918181781,6.31535168427905,6.654506961808624,6.4511123514399795,6.413146937137531
79200,4.556239726836809,6.508355606886619,6.088979142546701,6.218242235115517,6.658511819558647,6.442742848747625,6.417935048251701
79600,5.445162275299617,5.752179177834559,5.973205096366799,6.210232398648503,6.587765899948172,6.429370007497096,6.401782791217334
80000,4.83003664616688,5.3179107925654066,5.945004163881831,6.087070208006399,6.5804398893346,6.431849179036142,6.376104154479052
80400,6.131075874662316,5.155769241925184,5.832843538303422,6.078650049039724,6.635022365914437,6.41608247046415,6.354783331319308
80800,4.869586321689972,5.166420168931118,5.823877277975702,5.992221771262872,6.153148482149237,6.364760075694503,6.212215393764605
81200,6.137445268514369,5.482661277266631,5.995508442076625,6.049511603192489,6.127607172298755,6.435110445862719,6.212095747753342
81600,6.11884166734173,5.617397155675054,5.684788166754807,5.92284388289764,6.071593253996189,6.404339185611422,6.210394360044559
82000,6.183005787404287,5.887990983922535,5.60295088824397,5.906234257791466,6.14055452719555,6.450375094339989,6.241684175075722
82400,8.565041599082694,6.374784128806611,5.765276685365897,6.008455369998556,6.2301720521353054,6.4655588868400855,6.334144984130577
82800,7.477404489909545,6.8963477624505245,6.031383965690822,6.154440441936301,6.220695778082974,6.498726212779173,6.367166674290149
83200,3.954317231108594,6.45972215496937,5.971191716118,6.030085429332351,6.135892062116345,6.486681793698485,6.348432622221701
83600,6.771945811595963,6.590342983820217,6.103870069747635,6.0385375830572166,6.17477828901488,6.466791942398038,6.364270019947204
84000,8.48280067316243,7.050301960971845,6.46914647244719,6.20707531816451,6.214428962819996,6.552616535112747,6.439308637718352
84400,4.078392017486286,6.1529720446525635,6.263878086729587,6.0483608125165045,6.140392728269678,6.542236296118224,6.385641593717237
84800,8.326894730412336,6.322870092753122,6.6096089276018235,6.216743102788763,6.198017490042522,6.267263593512384,6.413729846075966
85200,7.799976307510562,7.092001908033515,6.775862031501442,6.385685236789034,6.291628412628806,6.289670887099427,6.503260762990464
85600,5.130907800193119,6.763794305752947,6.677068644786582,6.180928405770694,6.17425213686062,6.222962101693788,6.458885077446454
86000,5.347928651047715,6.1368199013300035,6.593560931150924,6.098255909697447,6.135343148911286,6.253806128184394,6.4790122617021755
86400,6.465343244070952,6.614210146646937,6.38359109564975,6.074433890507824,6.133500611882287,6.268526813013916,6.449165328602018
86800,6.096772309287723,6.168185662422014,6.245527877587568,6.138455921639195,6.184802920486723,6.226903802959123,6.4480865457408525
87200,8.145858802123723,6.237362161344646,6.664682034689081,6.317936875403541,6.2416176311179274,6.268089555259529,6.522281841896605
87600,5.552504163094978,6.321681433925018,6.542737869838982,6.323303969793309,6.206604345317805,6.266768184220906,6.481981127886226
88000,4.695445269568362,6.191184757629148,6.164002329479575,6.316574400963383,6.192717655269532,6.201822304484891,6.474893693986113
88400,4.91671651860262,5.881459412535482,6.2478347795912095,6.255856433160398,6.114852134874739,6.1672532411000605,6.483355992812822
88800,7.296510165149756,6.121406983707888,6.14479632306495,6.377202625333387,6.192760842880825,6.184712198298129,6.242770139422897
89200,6.021868828404992,5.696608988964141,5.966985575154394,6.371423803327918,6.24611868291082,6.210467703260203,6.22513382471042
89600,6.609438185111736,5.907995793367493,6.114838613646255,6.395953629216419,6.158898475062547,6.159398756057028,6.201337404084281
90000,4.164390132351353,5.801784765924092,5.996484761776619,6.295022846463771,6.064332193723839,6.100628552127619,6.202341854902838
90400,6.483110466936069,6.1150635555907815,5.998261484063131,6.19092628985644,6.049043088359594,6.099690829927499,6.214473747223759
90800,5.592997662069599,5.774361054974749,5.947884019341319,6.096705948464444,6.07493195420657,6.1255731952003725,6.171099846235561
91200,9.344728150384732,6.438932919370697,6.067770954167419,6.36622649442825,6.234548234991499,6.198155961880301,6.228025835041106
91600,4.383612260995312,5.993767734547413,5.950881763957453,6.246809816898218,6.19916323451469,6.142673699977717,6.203590900168216
92000,7.185440019149188,6.59797771190698,6.199881238915536,6.181941784197556,6.277676680280766,6.194508551181032,6.201434091371019
92400,5.165234175148963,6.3344024535495596,6.22473300457017,6.23628389208069,6.245481956963656,6.1423223522985975,6.178749193794082
92800,4.648444373145142,6.145491795764667,5.959926425369709,6.0523613742173294,6.2381105586788275,6.134552238503046,6.139755043712444
93200,3.9075843372196313,5.058063033131647,5.748497976251173,5.857741775702783,6.163781860969002,6.121713506245908,6.118073757858396
93600,3.906104751592143,4.962561531251013,5.4781646328992135,5.796501623272734,6.090023963777351,5.9887150145217145,6.023151931425466
94000,6.361337090714724,4.7977409455641205,5.69785932873555,5.847172045256085,6.095968340554364,5.972713977476767,6.020074707449205
94400,5.520139278380963,4.86872196621052,5.601562209880039,5.799911846971585,5.994471596530973,5.9371728687397045,6.000065105918006
94800,6.4435001728085926,5.227733126143211,5.686612460953938,5.817248240147629,5.960008119294275,5.9778520808934115,6.037781048351086
95200,6.967191581029855,5.839654574905255,5.448858804018451,5.758314879092936,6.06043726429165,6.038125877248238,6.0482965303079315
95600,4.475043988206946,5.953442422228216,5.458001976739615,5.704441870348534,5.983873870178683,6.013872920070922,6.005739355330097
96000,7.536651169244823,6.188505237934236,5.493123091749178,5.846502165332358,5.95233555338143,6.08153828314787,6.0542314592946616
96400,5.206011347769701,6.125679651811984,5.497200809011252,5.86096690679071,5.989922864390877,6.058411669975555,6.013298043641128
96800,5.042643676931218,5.845508352636509,5.536620739389859,5.748273582379784,5.88044782927484,6.062738103856586,6.014965938680408
97200,5.31907235044328,5.5158845065191935,5.677769540712225,5.713133758481698,5.79775103070593,6.042278780904808,6.032924713139172
97600,5.984812649771012,5.817838238832007,5.885640330530111,5.681902481714662,5.826214525691859,6.038928055465541,5.968100077723395
98000,6.382251756367247,5.586958356256491,5.8877317970953635,5.792795562915457,5.860691962535844,6.043909204689614,5.955717541400486
98400,3.8682496752926094,5.319406021761073,5.722542836786529,5.662052523333284,5.7741221769099,5.926489406594863,5.8942468623490685
98800,4.839113040191946,5.278699894413219,5.562104123524864,5.6243582922394015,5.732200201273374,5.860532120351922,5.894702489419701
99200,6.042836136045581,5.42345265153368,5.469668579026436,5.459263691522444,5.662099445737437,5.912745092975348,5.9244344176038775
99600,3.25298371389545,4.877086864358567,5.347462551595287,5.40273226416745,5.5854487640974515,5.824771040532834,5.880590846375794
100000,16.24229999595235,6.8490965122755885,6.218027434266039,5.8555752630076086,5.970343921643585,6.018758523602583,6.1088361133715035
100400,4.586855201406833,6.992817617498433,6.156111819629753,5.826656314320502,5.959348544403725,6.031470103200595,6.077951699906395
100800,6.759000331623281,7.376795075784699,6.327747485098959,5.932184112244409,5.941431549952843,5.99227274323087,6.115739980105061
101200,5.825863976378249,7.333400643851233,6.378426647692455,6.02809809420234,5.934898054885283,5.942919934952561,6.109508354262338
101600,5.17215392520401,7.7172346861129455,6.297160775235756,6.091400552882933,5.886988579555027,5.943951088077833,6.090574599419584
102000,4.107786950108916,5.290332076944258,6.069714294609923,5.978723045852643,5.885101806813612,5.912947545554364,6.049070222673676
102400,8.116083200273993,5.99617767671769,6.49449764710806,6.108520241947295,5.939534231258209,5.95421604445944,6.040091054697502
102800,6.9209029375290925,6.028558197898851,6.702676636841775,6.1323903801833195,5.983797740440193,5.974819310165474,6.0289610236498925
103200,3.708647170199985,5.6051148366631995,6.469257740257217,5.969463159641827,5.795928374434035,5.863889019367381,6.024047622431721
103600,8.021205580634152,6.174925167749228,6.946079926931087,6.146771239263186,5.917181485088663,5.92560655480586,6.049032817812485
104000,5.828086184646281,6.518985014656701,5.904658545800479,6.061342990033259,5.8719363572719,5.953922577682809,5.995938528042161
104400,5.359720312096443,5.967712437021191,5.98194505686944,6.069028438249597,5.878419228503481,5.964997672520154,6.021565093934365
104800,6.932076860116124,5.969947221538598,5.999252709718725,6.163500097408842,5.954540311402514,5.955886839894314,5.993668736528441
105200,4.860927315162186,6.200403250531037,5.9027590435971184,6.140592845644788,5.986318410667267,5.926863302063242,5.934887756681474
105600,7.019925335335633,6.000147201471334,6.087536184610281,6.192348479923018,6.090112430125383,5.937125480818841,5.972668107384323
106000,4.801481349409863,5.794826234424049,6.156905624540375,6.113309959575149,6.038117238748554,5.953052761245303,5.961739161351566
106400,5.929121373555615,5.908706446715884,5.938209441868537,6.2163535444883,6.051749975254376,5.9392030339107915,5.95101472394126
106800,9.401687404455195,6.402628555583698,6.186287888561148,6.444482262701461,6.150356216309262,6.034420277470431,6.017113025844609
107200,5.121992575946941,6.45484160774065,6.327622429135844,6.39844008469653,6.088849582806499,5.928851888109486,5.956635701321074
107600,6.804503473942344,6.411757235461993,6.2059522184666625,6.576016072698875,6.166498232331012,5.989374168433163,5.98167568753802
108000,4.683047206974357,6.388070406974891,6.09144832069947,5.998053433249975,6.0713781002553295,5.926814348128792,5.98142772628614
108400,5.386371784415273,6.2795204891468215,6.094113467931353,6.038029262400397,6.077390114810182,5.932342788360449,5.990820831602393
108800,5.375269266725465,5.474236861600876,5.938432708592287,5.968842709155506,6.0884776344699905,5.9505134106999575,5.952396013633908
109200,8.50963681233358,6.151765708878203,6.303303658309426,6.103031350953271,6.194829783199667,6.065564722577807,6.00215137331248
109600,7.24888999682417,6.2406430134545685,6.32620012445828,6.2068681545342805,6.236965694768106,6.149134353708607,6.014940409546728
110000,7.418632276869752,6.787760027433647,6.587915217204269,6.372410420872322,6.271511712118189,6.175566733362483,6.080025252437097
110400,7.092239518296401,7.1289335742098725,6.704227031678347,6.321218236773443,6.378978040218315,6.214869239360369,6.092207833464304
110800,4.9183667854774376,7.037553077960268,6.255894969780572,6.22109142917086,6.381619831727832,6.17674090467709,6.07871521593246
111200,5.364752976491723,6.408576310791896,6.280171009835049,6.303896719485446,6.359017059742703,6.136679939563637,5.9991157124546
111600,5.665874270645039,6.091973165556071,6.1663080895053195,6.1861301539859905,6.439446744967689,6.1664506966245884,6.024760952647593
112000,8.42662431230594,6.293571572643308,6.540665800038478,6.3160570603689745,6.178924222179476,6.188700025201117,6.049584638510729
112400,16.790394123866285,8.233202493757286,7.681068033983578,6.887590750957466,6.585708852928124,6.478309594603532,6.282087837485076
112800,6.222632116585103,8.494055559978818,7.765804318969543,6.8521185137809155,6.567829912426851,6.507809305594878,6.313571592353875
113200,6.98123887290944,8.817352739262361,7.612964525027128,6.9581340916682795,6.606342408977892,6.549363468656533,6.375044683067671
113600,7.961045273341842,9.276386939801721,7.684180052678897,7.005190088568588,6.6993054539158186,6.598769284245803,6.4561434935026645
114000,7.034528987785284,8.997967874897592,7.645769723770449,7.1168424704873585,6.796863521838364,6.615076215031254,6.4696073314440765
114400,7.361443808895174,7.112177811903369,7.672690152830327,7.188458592254338,6.771708875459071,6.702406068371317,6.506433422054361
114800,5.077899477540918,6.883231284094532,7.688643422036674,6.972269195908623,6.710275426792799,6.708375729305042,6.479121408149007
115200,6.870010739210737,6.860985657354791,7.839169198308577,7.059670104071815,6.815654212426491,6.7290550943841705,6.4771777913126245
115600,4.214669565579413,6.111710515802305,7.694048727802015,6.930178408653667,6.688769678591332,6.75309724067627,6.471970302860074
116000,5.0581417326816815,5.716433064781585,7.357200469839587,6.948933134939033,6.663104863525845,6.473493284094504,6.422400114128811
116400,4.240077860831382,5.092159875168827,6.102168843536097,6.891618438759838,6.625783448483676,6.464823850580117,6.403081444390045
116800,5.948255001469471,5.266230979954537,6.074731132024534,6.920267725497038,6.592989386528788,6.444555217326273,6.42119367088081
117200,6.889743862675949,5.2701776046475795,6.065581631001185,6.839273078014156,6.660616604779247,6.471152214483714,6.452607101125462
117600,49.237782569826976,14.274800205497092,10.193255360649697,8.938717706664297,8.067878512595625,7.572792930599289,7.317666499526582
118000,7.289202430402583,14.721012345041274,10.21872270491143,8.932246214340939,8.150802548628716,7.6523283176066315,7.335805513007289
118400,5.308939113088956,14.934784595492786,10.013472235330807,8.843081194080566,8.13012980661316,7.582149715427005,7.364619301763216
118800,5.047863768249362,14.754706348848767,10.010468664401651,8.849556043219163,7.985002352072966,7.535323736195011,7.368794316324365
119200,6.419032005907099,14.660563977494997,9.965370791071287,8.90226999468993,8.028236999738304,7.603083357087689,7.3763182337215945
119600,7.634420839098111,6.339891631349222,10.307345918423156,9.000697323112586,8.055900911910163,7.5934137385492875,7.463946976225649
120000,5.84688148654276,6.051427442577258,10.386219893809265,8.871710181824426,8.094695387895777,7.593883621096699,7.256038606037456
120400,7.580293497754186,6.505698319510303,10.720241457501546,8.411205150518821,8.16782611167374,7.649397950738143,7.3159073719644026
120800,3.0567122268134863,6.107468011223128,10.431087180035947,8.25290915603024,8.090540877010008,7.552513834905577,7.241861609868207
121200,8.06468376073458,6.436598362188624,10.54858116984181,8.307081400421497,8.075709108623375,7.632607746044888,7.286638005555334
121600,7.707719138223996,6.451258022013802,6.3955748266815124,8.294415093665606,8.091003413336702,7.649802591117097,7.337349309815733
122000,7.8638320672493185,6.854648138155113,6.453037790366186,8.335880247638809,8.105843406349354,7.726361359063082,7.412470212158541
122400,20.96121998384832,9.53083343537394,8.018265877442122,9.015869056386464,8.568142755201086,8.102163824320401,7.669372947830028
122800,8.327000024640398,10.584890994939324,8.346179503081226,9.178324083741439,8.681763863173185,8.07529663982503,7.697494889572255
123200,14.289430862570518,11.82984041530651,9.133219388747566,9.549295089909426,8.979253126042476,8.30448259699062,7.909110563419665
123600,6.307788194113472,11.549854226484404,9.000556124249103,9.65395102133613,9.000650256824759,8.292064714994899,7.8748422156892515
124000,6.640545711484905,11.305196955331523,9.079922546743317,9.733071220276292,8.941114303464056,8.341002177607661,7.891091406226024
124400,23.25688717447348,11.764330393456556,10.647581914415246,10.683911685958396,9.15666407181763,8.787765062359117,8.249034743473565
124800,7.400532640305792,11.579036916589633,11.081963955764477,10.756525567900212,9.195927422608321,8.838396646698625,8.258403859077358
125200,6.795217884770825,10.080194321029696,10.955017368168102,10.751799269004957,9.1897267230037,8.795536173509557,8.29708967046953
125600,183.6881008357533,45.55625684935766,28.553055537921033,17.47431518230127,15.047295241750748,13.206516444482784,11.830453180477884
126000,3.148680969869272,44.857883901034526,28.08154042818303,17.267289109274607,14.917766974486879,13.099767661807771,11.797397172887072
126400,8.678073937705534,41.942121253680945,26.853225823568742,17.435745850505434,14.961654645447226,13.139413522293001,11.852376224170069
126800,14.37916395677328,43.33784751697444,27.45844221678204,17.902310859931628,15.27169679475497,13.375933451575396,11.951925755216433
127200,13.573447186787991,44.69349337737787,27.386843849203785,18.260031618975678,15.49514467634088,13.581150806832804,12.120954847433252
127600,7.660297048492153,9.487932619925646,27.522094734641648,18.261325429445375,15.609998925771302,13.63101137627898,12.13807071892425
128000,7.547673386358907,10.367731103223573,27.61280750212905,18.34636502443619,15.692983314227211,13.609037603130307,12.19536324251194
128400,7.235361469911779,10.079188609664822,26.01065493167288,18.329118423044065,15.792826101196558,13.370161786781443,12.23234303622187
128800,7.682027512096564,8.73976132072948,26.03880441885196,18.56038418730822,15.85061851821746,13.40664667166923,12.278478201129293
129200,10.295366788893409,8.084145241150562,26.388819309264214,18.67191833871616,15.964139282424709,13.489499869568828,12.31419280066049
129600,8.321887800493304,8.216463391550793,8.85219800573822,18.702626771829625,14.60027612344692,13.498520932747613,12.335652756733873
130000,12.344006839791453,9.175730082237301,9.771730592730437,18.92663551045673,14.768769603759884,13.63125787904777,12.434160247992306
130400,7.12225555886456,9.153108900027858,9.61614875484634,18.234687289207546,14.829213485285738,13.625278172797005,12.43476056880367
130800,8.179576741393484,9.252618745887242,8.99619003330836,18.2273161250452,14.933603917723874,13.70282010439332,12.49998476792199
131200,25.594108319958053,12.312367052100171,10.198256146625365,18.792549997914573,15.572773128192239,14.170922543911999,12.904571874791317
131600,10.263182729208864,12.700626037843284,10.458544714697037,18.990319724669344,15.660398524529263,14.322135373002737,12.996518043962592
132000,10.921654250982716,12.416155520081535,10.795942801159418,19.204375151644236,15.829557616677265,14.468723185960263,13.046418642736128
132400,84.90702146619745,27.973108701548114,18.563108800787987,22.286881866230434,18.40711521562537,16.485396776094415,14.408751189582752
132800,13.719353402951803,29.081064033859782,19.16684138987351,22.602822904362732,18.762536588163314,16.679674236131472,14.558685615310084
133200,18.82846773874288,27.72793591761674,20.020151484858456,23.204485397061337,19.121329387430258,16.978142333033144,14.795630192626755
133600,57.20820068924662,37.11693950962429,24.90878277373379,16.880490389736003,20.771345439131014,17.17740278601864,15.78057330094485
134000,9.169763641477829,36.766561387723314,24.591358453902426,17.181544523316433,20.814876491605297,17.22441681629552,15.823277994018701
134400,19.15077092768494,23.615311280020812,25.794209990784463,17.7051793728154,20.754528189733186,17.57046261166042,16.059064536394498
134800,7.733839939382878,22.418208587307028,25.749636310583405,17.372913171945882,20.734756186891268,17.637612015938757,16.112183345631337
135200,7.769817191934384,20.206478477945332,23.967207197781036,17.082731672203202,20.5174357312034,17.67138164558944,16.130179474685807
135600,12.308391102342148,11.226516560564436,24.171728035094365,17.3151363748957,20.717455828144352,17.788230902170536,16.292053905421064
136000,7.674483976179165,10.927460627504702,23.847011007614007,17.321476904386714,20.75192043696749,17.83392096441145,16.344380750291013
136400,7.388701459862385,8.575046733940193,16.0951790069805,17.329143903884244,20.222980913147122,17.829131163464154,16.407353222271635
136800,18.79596004492068,10.787470755047753,16.60283967117739,17.884840530525448,20.60282849330095,18.222612358916834,16.664307323140655
137200,14.046848562212537,12.042877029103384,16.12467775352436,18.07241461919141,20.844549515882342,18.372166478953783,16.807449417131387
137600,9.039672517310755,11.389133312097105,11.30782493633077,18.108303855032283,15.022935238600926,18.405465313430955,16.003487216081066
138000,6.891617624294505,11.232560041720173,11.080010334612435,17.835684394257434,15.147699793748435,18.38115995235708,15.995535519958901
138400,5.907465825378349,10.936312914823365,9.755679824381778,17.77494490758312,15.055346190004194,18.00481609839533,16.00750605420469
138800,5.858997958808277,8.348920497600885,9.568195626324318,17.65891596845386,14.771340656738694,17.94311604674953,16.02372873801587
139200,7.351497395707365,7.00985026429985,9.526363646701615,16.746785422241327,14.56394233036934,17.76966771007795,16.042378045811873
139600,8.178237166038574,6.837563194045413,9.113348253071258,16.642538144082813,14.58120700095422,17.816428934376077,16.053254372350683
140000,7.285129554682196,6.916265580122952,9.074412810921562,16.460711909267783,14.572455539898328,17.83254353045601,16.082019333713472
140400,7.881800002221657,7.311132415491613,9.123722665157489,12.609450836068998,14.594003490975325,17.448166351149716,16.08804946380282
140800,8.218891829928914,7.783111189715742,8.066015843658313,12.334427757417853,14.611898968236403,17.46862533089029,16.19129305586513
141200,14.231181628470422,9.159048036268352,8.084449150284103,12.104563451904228,14.743092796222305,17.654524424482783,16.314623013219844
141600,9.394326179073966,9.402265838875431,8.119914516460423,9.713869726395597,14.778840742174994,13.2971800580658,16.348355154036845
142000,11.439427154461375,10.233125358831266,8.57469546947711,9.827352902044774,14.748688085997324,13.504448712680604,16.419867055781086
142400,4.949205131264619,9.646606384639858,8.478869400065737,9.117274612223756,14.676253071743991,13.411226992519579,16.099626758729414
142800,8.464707183861043,9.695769455426285,8.739440322571014,9.153817974447666,14.685757419826245,13.263365573196774,16.10238090191383
143200,7.347977890074418,8.319128707747085,8.739088372007718,9.132726009354666,14.077553072163457,13.107728840778936,15.963551842463906
143600,8.57690957585786,8.155645387103863,8.778955612989646,8.946151933030453,14.021343967051758,13.130644153963079,16.00893427009879
144000,16.09540919980462,9.086841796172513,9.65998357750189,9.367198194211726,14.193802465345819,13.34433754929922,16.198031539865184
144400,5.431727951096375,9.183346360138865,9.414976372389361,9.269349518773426,11.544626014842452,13.299246711328834,15.841528355397642
144800,29.9151500047434,13.473434924315336,11.584602189870811,9.82530901676456,12.084485901568836,13.855074773645006,16.291820702686394
145200,11.683455331705822,14.340530412641616,11.32982956019435,9.707139355239226,11.846318821334268,13.889776987215317,16.389585451625095
145600,7.516509280087461,14.128450353487533,11.1420478702957,9.63098119337806,10.18992910769563,13.86964252420517,12.86615362051178
146000,8.291847943964372,12.567738102319485,10.827289949245998,9.700992709361554,10.16066525111185,13.768338551809492,12.96901695999368
146400,4.783473709897091,12.438087254079628,10.810716807109246,9.64479310358749,9.681755343852252,13.709869005585304,12.891124955437515
146800,8.724459117162695,8.199949076563488,10.836692000439411,9.788066161505212,9.714775983111583,13.723491064979536,12.7780308586453
147200,8.645674901233809,7.592392990469085,10.96646170155535,9.852775036781534,9.743971240088229,13.299780229511432,12.679475412934218
147600,8.720945776972114,7.833280289846016,10.980865321666776,9.87991046732821,9.62438972924256,13.261224305705511,12.700688387503817
148000,7.540477053372162,7.6830061117275745,10.12537210702353,9.89267784226271,9.61992283181566,13.176694875765246,12.700544460844082
148400,9.309383078352216,8.5881879854186,10.513137619749113,9.964056996069237,9.683945552431988,11.286753916069117,12.74202489301289
148800,8.975277302692342,8.638351622524528,8.419150349544008,10.00187626970741,9.356589461024377,11.16815201356263,12.767889888824806
149200,11.316680788619289,9.172552800001625,8.382472895235356,9.856151227714852,9.265583868571268,10.98035733980954,12.788316168819325
149600,12.396921339611644,9.90774791252953,8.870514101187773,10.006280985741736,9.377492162647965,9.860075356068666,12.86981683960169
150000,8.087012748408632,10.017055051536824,8.8500305816322,9.838660265439099,9.417338666785103,9.833006583741936,12.784676957774034
150400,8.41623781644874,9.83842599915613,9.213306992287364,10.012011899698305,9.500964399820782,9.564643255961032,12.810556602925717
150800,7.901622452740967,9.623695029165855,9.131023325845192,9.9838576631423,9.569051882951872,9.568837818794984,12.804997517152668
151200,23.31554464718047,12.023467800878091,10.598010300439858,10.782236000997603,10.101186791334309,9.957481005176136,12.759426243697114
151600,10.90041589967244,11.724166712890248,10.815957312709891,10.898411317188334,10.191926082455437,9.922281625109393,12.772170907106387
152000,7.234054523621811,11.553575067932886,10.785315059734856,10.455343583379193,10.190223581420092,9.91127088879546,12.698418912559168
152400,4.243053186426033,10.718938141928344,10.278682070542235,10.395909845145676,10.068932020893572,9.832629681959551,11.085139546963742
152800,8.26735273371972,10.792084198124096,10.207889613644975,9.313519981594492,10.070547384353265,9.569414499179526,10.976099533579099
153200,10.1382288098956,8.156621030667122,10.090044415772606,9.236258655503981,9.934115623734103,9.471699005371603,10.802294755002153
153600,7.724602741817268,7.521458399096086,9.622812555993168,9.246663328590472,9.878458175825548,9.438822260984265,9.812622796053567
154000,7.608637636788716,7.596375021729466,9.574975044831175,9.212502813231687,9.750765191903126,9.456747761296622,9.781400275959784
154400,6.323221815294119,8.012408747503084,9.365673444715714,9.28949021850154,9.796565748037443,9.467141661044515,9.524849293711968
154800,7.462745257470186,7.851487252253177,9.321785725188636,9.226404525516916,9.763167017157745,9.507235343511063,9.519427400073715
155200,8.021445820729577,7.428130654419972,7.792375842543547,9.195193071491701,9.785615948179585,9.52398405413662,9.524459972649618
155600,36.01834352765178,13.086878811586876,10.304168605341479,10.560062959025686,10.700330413239381,10.219986713176949,9.998659021155811
156000,8.005233602607673,13.166198004750665,10.381286513240067,10.583300786487461,10.430657893332818,10.237989314375085,10.00527401368438
156400,9.182357213102378,13.738025084312318,10.875216915907702,10.57694949322497,10.555678868733018,10.270503244647104,10.04114712874918
156800,9.579097844431372,14.161295601704555,11.006391426978865,10.60714052031192,9.877810463389284,10.304508395009666,9.856809884739395
157200,8.36056711491492,14.229119860541624,10.828625257480798,10.459334836626702,9.767047522829587,10.157743032170776,9.743084255793441
157600,26.54977784195644,12.335406723402556,12.711142767494715,11.166977661743942,10.40148980822522,10.586629323742837,10.093286362286356
158000,8.40860589453245,12.416081181787511,12.79113959326909,11.183057319050132,10.40538173991082,10.510858792244616,10.123626127691114
158400,7.893649815096355,12.158339702186307,12.948182393249315,11.156927918982515,10.509054276750797,10.58446990934041,10.163349807485476
158800,7.14588751957346,11.671697637214725,12.91649661945964,11.119141172324138,10.456435223497822,10.55149941773322,10.189087598700779
159200,14.62908565853671,12.925401345939083,13.577260603240353,10.68481822289195,10.655882248741252,10.733527111944777,10.334639363957365
159600,3.771453767777078,8.36973653110321,10.352571627252882,10.328370116297183,10.490899181768084,10.613390716742758,10.246503695992136
160000,5.607725960429585,7.809560544282638,10.112820863035076,10.247053688137571,10.426474145336666,10.351198635758381,10.212955624107083
160400,13.825531622131365,8.995936905689641,10.577138303937975,10.726177609922837,10.577012430129304,10.561043727534257,10.331830256505278
160800,8.004134645871085,9.167586330949165,10.419641984081945,10.713016705530405,10.544641008235262,10.013268343562448,10.32753511282412
161200,8.225008398348868,7.886770878911596,10.406086112425339,10.617355684953068,10.441585261892916,9.926807170228525,10.20741164822169
161600,8.256338230679216,8.783747771492024,8.576742151297617,10.643942459396166,10.303565824928501,9.945302893993318,10.184651889253795
162000,7.681631044774596,9.198528788361028,8.504044666321832,10.64759212979546,10.290053101474031,9.930047471513575,10.10949596706006
162400,7.898721428394851,8.013166749613722,8.504551827651682,10.726367110450497,10.27280255520557,10.007928664476017,10.168486293002665
162800,7.356032811397577,7.883546382719021,8.525566356834094,10.721031488146867,10.254616233827456,9.973718006831891,10.146312805553393
163200,5.197383912218637,7.2780214854929755,7.582396182202285,10.579828392721321,9.650677542662061,9.887510732106511,10.103300925996278
163600,7.2293873021965664,7.072631299796446,7.9281895356442345,9.140380581448559,9.5283099227462,9.850221770237122,10.076350480523052
164000,8.369404004007981,7.210185891643121,8.204357340002073,9.158589101518574,9.56615490542574,9.870944944003018,9.92183037660712
164400,8.1076969121054,7.251980988385232,7.6325738689994775,9.104856086468725,9.694976362948385,9.840902789846847,9.9753497558273
164800,11.26811596501451,8.034397619108619,7.95897200091382,9.189306992497883,9.795001803991543,9.898223756404901,9.602409075032723
165200,21.83270391724624,11.36146162011414,9.319741552803558,9.86291383261445,10.184817640903232,10.161124334620576,9.805394046743531
165600,5.448708644888252,11.005325888652475,9.038978594224462,8.807860372761038,10.10895450433893,9.98741901725249,9.764038034039547
166000,6.054393147052908,10.542323717261464,8.87625480445229,8.690149735387061,10.05714635468107,9.936603527218598,9.719288938101318
166400,6.161850392207478,10.153154413281879,8.702567700833555,8.603559764242616,10.05176730724485,9.880243841612565,9.746856471747526
166800,6.828035268478299,9.265138273974635,8.649767946541628,8.58766715168786,10.030610307611788,9.853404162005997,9.708927994773838
167200,8.355273497421376,6.569652190009663,8.965556905061902,8.273976543632093,10.041737896834848,9.479397383262022,9.703119966697589
167600,7.705647052713098,7.021039871574632,9.013182880113554,8.470686207878895,9.097981347670224,9.399528162088037,9.68281399221241
168000,2.199543291561223,6.250069900476295,8.39619680886888,8.300277074435476,8.904458337302009,9.273665381286524,9.57599531697619
168400,7.795548653821317,6.576809552799062,8.364981983040469,7.998777926019974,8.858231385325974,9.362477767971406,9.545718628485572
168800,7.591794937219025,6.729561486547207,7.997349880260922,7.978160940587371,8.791987955085563,9.345588823058888,9.518048981176106
169200,8.32764335531824,6.724035458126581,6.646843824068123,7.98329268843584,8.790890496432342,9.300324186694453,9.458268232510084
169600,32.20452891461913,11.623811830507787,9.32242585104121,9.180702222632835,8.97938219885443,9.912322341014502,9.854420384010234
170000,21.61071008684736,15.506045189565015,10.878057545020656,9.877156174736474,9.419452338598258,10.262374152265966,10.124894330779007
170400,42.752762246461,22.497487908092953,14.537148730446006,11.619858215639782,10.581422752977081,11.17311266304514,10.811624819379254
170800,4.663106482105377,21.911750217070225,14.320655851808715,11.485211899175171,10.49866338506148,11.103121693661018,10.746854499966544
171200,5.905643555581794,21.42735025712293,14.075692857624755,11.520624881343329,10.207881981629647,11.050226637032324,10.39865647813457
171600,7.481049190489153,16.482654312296937,14.053233071402364,11.533207975757957,10.331535162386718,10.336794278603259,10.330269143950904
172000,2.8925614597291323,12.739024586873292,14.122534888219155,11.259365848544016,10.241029679030037,10.208977475031295,10.24343928267305
172400,8.363892607589833,5.861250659099058,14.179369283596007,11.272175633318238,10.058975045211985,10.188515859893482,10.325856071096325
172800,6.5553001652785605,6.239689395733694,14.07571980640196,11.03653484333144,10.010680562525568,10.11292091791466,10.291615019727503
173200,6.249165929083599,6.308393870434055,13.867872063778492,10.257357943923308,9.94481914688339,10.060135888268878,10.213833762111262
173600,5.010548531372943,5.8142937386108136,11.148474025453876,10.235449938247543,9.836626156906515,9.521655155504291,10.159552677902376
174000,6.50269771923983,6.536320990512953,9.637672788693122,10.25786516685689,9.79732837938869,9.474007451121976,10.137433879551397
174400,21.76826560701658,9.217195590398301,7.5392231247486805,11.038185927597343,10.25964651867608,9.820872845919983,10.446334755385847
174800,13.501343323841514,10.606404222110893,8.423046808922294,11.371851330365505,10.464490202424212,9.97975924102668,10.567106716713274
175200,5.077357934225506,10.372042623139274,8.340218246786666,11.207955552205712,10.46048933649111,9.740966047918901,10.508224958983192
175600,1.8889957143908112,9.747732059742848,7.781012899176831,10.917122985289597,10.282476283564248,9.693904596584245,9.825638002717973
176000,6.102333222753086,9.667659160445499,8.101990075479225,11.11226248184919,10.206907257522419,9.706269778142333,9.78757999512088
176400,2.195473406844584,5.7531007204110995,7.485148155404703,10.832258719500352,10.009833140680392,9.415518322760164,9.647842318995725
176800,5.923266332570048,4.237485322156807,7.42194477213385,10.748832289267904,9.831671486265577,9.363496614927637,9.574725688758498
177200,6.20496539362827,4.463006814037359,7.417524718588316,10.642698391183405,9.310746868811645,9.312995539809624,9.531613654332766
177600,7.835122605993408,5.6522321923578795,7.699982126050363,9.424228075752119,9.390294000848483,9.302465149192479,9.157320549613505
178000,9.337978378246884,6.299361223456639,7.983510191951069,8.810591490322096,9.499746841888282,9.343873832529285,9.175907999287794
178400,7.735673527406101,7.407401247568943,6.580250983990021,7.05973705436935,9.552207613061569,9.339797635004567,9.17274847353399
178800,8.301163541135974,7.882980689282126,6.060233005719467,7.241639907320881,9.601311888816825,9.363425903248025,9.195853993965239
179200,5.640821155318336,7.770151841620139,6.116579327828751,7.2283987873077065,9.510830144080057,9.374511834325519,9.016088703900872
179600,8.645979568987745,7.932323234219008,6.792277713288444,7.2866453062326375,9.542174561289212,9.409926640995298,9.113579219925086
180000,15.844730436045072,9.233673645778646,7.766517434617643,7.934253755048435,9.997014132772007,9.596809801796224,9.318319309437396
180400,11.150250761953124,9.916589092688051,8.661995170128495,8.0735716627666,10.1088375363764,9.672873648042419,9.26481369223383
180800,8.864853319756282,10.02932704841211,8.95615386884712,8.189049320490486,10.151272815794309,9.612792081910962,9.282028065711534
181200,10.328067533585704,10.966776324065586,9.368464082842863,8.39299440071559,10.217953621736559,9.325176172319448,9.32408924841627
181600,12.57939581955336,11.75345957417871,9.842891404198857,8.77143676512461,9.5637825185677,9.503443351686077,9.410550400193754
182000,5.087138969950031,9.6019412809597,9.417807463369172,8.70065882766012,9.012996814671121,9.479261997258504,9.358660558697261
182400,18.92970228533727,11.15783158563653,10.537210339162291,8.558730661576156,8.218894815966998,9.79845829458675,9.57928017583611
182800,8.385818340312856,11.062024589747844,10.545675819079978,8.302954412399723,8.34298521124058,9.837402871382615,9.599875886414416
183200,1.873948856404355,9.371200854311574,10.168988589188581,8.142783958508664,8.208595387934665,9.675369755357188,9.533407185298131
183600,3.1160287216172144,7.478527434724344,9.615993504451527,8.204135608869986,8.063094705638935,9.56062929707979,9.451140013686544
184000,16.241844051251707,9.709468450984682,9.65570486597219,8.711111150294915,8.50807079202302,9.911686816072054,9.608588814631418
184400,10.987075352905652,8.120943064498357,9.639387325067442,9.15069124759797,8.595510216866879,9.991474983549162,9.666176383447423
184800,5.542938476670722,7.552367091769931,9.307195840758887,9.131674854803004,8.561764827246618,9.940253572035456,9.551672833680549
185200,4.324576269404875,8.042492574370034,8.706846714340804,9.037655398591834,8.497611838590661,9.840176894887621,9.20151028072372
185600,4.879957926783566,8.395278415403304,7.936902925063826,8.889897164631343,8.493258818437683,9.15706262019173,9.190135266361626
186000,5.433807622382703,6.233671129629504,7.971569790307093,8.694688626838133,8.457629148542445,8.752640058580115,9.177723555868223
186400,5.058041399025061,5.047864338853385,6.584403701675872,8.56080702041908,7.900621674942728,7.810272037394215,9.155647376004573
186800,3.579961344254444,4.655268912370131,6.10381800207003,8.324746910575005,7.569908942289826,7.783193408947943,9.090685897520096
187200,2.7890982784327005,4.348173314175695,6.195332944272865,8.182160766730723,7.493633620430065,7.705279777019214,8.979362393140324
187600,7.788306196196835,4.929842968058349,6.662560691730826,8.139277098091178,7.6902773031569325,7.712961202161907,8.981015576009998
188000,10.07383499492427,5.857848442566662,6.045759786098083,7.850732326035137,7.822660695562638,7.892493040541785,9.138501410077259
188400,12.68931449672824,7.384103062107298,6.215983700480342,7.927685512773893,8.17245539855876,8.000628587770246,9.236376726935397
188800,5.368055931024064,7.741721979461222,6.198495445915676,7.752845643337281,8.153948385173894,7.970947481913884,9.191901946811498
189200,9.28960589666904,9.041823503108489,6.694998408642093,7.700922561491448,8.256769735275252,8.04695848110352,9.211141197638515
189600,25.18853535837772,12.521869335544668,8.725856151801509,8.331379538432667,8.835216827021396,8.55140815177864,9.070821326513686
190000,11.49918715940873,12.806939768441561,9.332394105504111,8.6519819479056,8.907257119726792,8.676320387782862,8.868590867964913
190400,3.523543192683494,10.97378550763261,9.178944284869953,7.881673993272912,8.766852775236037,8.220202327424534,8.084006486889363
190800,13.252378108768427,12.550649943181483,10.146185961321352,8.125001981695691,8.931893260823786,8.213978197047705,8.255791919422625
191200,11.047332373534948,12.902195238554663,10.972009370831577,8.58367115755222,9.112110301431008,8.363227558030443,8.358625695781688
191600,7.987175701901695,9.461923307259458,10.991896321402063,8.827228506566446,9.090150172528137,8.515682057718214,8.368748226009938
192000,9.300208068367022,9.022127489051117,10.914533628746337,8.480146707422211,8.871999426938872,8.595628928858563,8.496901158182695
192400,10.869837189197485,10.491386288353914,10.732585897993262,8.474284799236802,8.862652307847016,8.812488023417385,8.547020049814849
192800,12.893913384351782,10.419693343470586,11.485171643326035,8.841833544620856,8.9969543100002,8.986754199711928,8.673792314196312
193200,3.6515032981937754,8.94052752840235,10.921361383478509,8.8081798960603,8.774402168820467,8.922917647326067,8.621839061578518
193600,3.704748413290057,8.084042070680024,8.77298268896974,8.749419420385625,8.478580588611692,8.819658292508482,8.595723059216859
194000,17.355234665602406,9.695047390127101,9.35858743958911,9.34549077254661,8.887517111800104,9.020089699692372,8.81277379814411
194400,1.295271691989365,7.780134290685479,9.135760289519697,9.157352287194826,8.299702758688507,8.859079653806953,8.403313919843566
194800,12.543660672082565,7.710083748231634,9.06488854585111,9.605537253586231,8.43829750308083,8.965142082080618,8.384160266808387
195200,6.340010286512193,8.247785145895318,8.594156337148835,9.783082853990205,8.587166217417758,8.982621810360463,8.409413313854122
195600,4.76623973972281,8.460083411181866,8.272062740930947,9.631979531166504,8.642173251354611,8.88562831462884,8.466958194360762
196000,4.536656077351355,5.896367693531658,7.79570754182938,9.35512058528786,8.252000318891268,8.602926455661498,8.435644651452726
196400,4.291547380303336,6.495622831194451,7.137878560939964,8.935232229466614,8.028816053137856,8.431458871120252,8.477566130921902
196800,7.953990399477123,5.577688776673364,6.643886262452499,9.064528952889265,8.109184450564737,8.408687298113275,8.518180612260045
197200,5.131091814134171,5.335905082197759,6.791845114046538,8.856603248762523,8.136068302055714,8.278762905126985,8.49670314067016
197600,7.814392098006702,5.945535553854538,7.2028094825182025,7.987896085743972,8.233882774429818,8.15963781208832,8.496288530510427
198000,1.2000746243482163,5.278219263253909,5.587293478392783,7.472940458990946,8.092758341162002,8.062461203448274,8.333530455432454
198400,3.554817021591077,5.130873191511458,5.813248011352955,7.474504150436326,8.042650861914202,7.678089071854619,8.249913325316154
198800,5.613690335168971,4.662813178649828,5.120250977661596,7.092569761756353,8.110441828278018,7.608785871726022,8.196163861196814
199200,6.339474165242365,4.904489648871467,5.1201973655346125,6.857176851341722,8.228787691171673,7.720424004446971,8.210136921395295
199600,1.9214322430455903,3.7258976778792436,4.835716615866891,6.553889678398917,8.033225226066632,7.690559092482682,8.075645974876451
200000,6.824555002949888,4.850793753599578,5.064506508426744,6.430107025128062,7.9249158930008194,7.455126866275135,7.8952424662145475
200400,3.4274531865034943,4.825320986582062,4.97809708904676,6.057987824993362,7.616187182659996,7.266136312115083,7.7407865147055555
200800,4.031925215545981,4.508967962657463,4.585890570653645,5.614888416553072,7.57164949214406,7.228360980586963,7.644127952621349
201200,6.195443075111467,4.480161744631284,4.692325696751375,5.7420854053989565,7.468510731425474,7.275132650729629,7.561475463451863
201600,5.359810600360026,5.167837416094171,4.446867546986708,5.8248385147524555,6.8075532394915514,7.287128967569039,7.417083759067997
202000,8.53507367150374,5.509941149804942,5.18036745170226,5.383830465047522,6.708749456561384,7.364660618797066,7.4860424530990715
202400,6.9812482968786576,6.220700171879974,5.523010579231018,5.668129295291986,6.82400629336789,7.412740791243406,7.2470733733299
202800,9.989096188897651,7.412134366550307,5.960551164603887,5.54040107113274,6.715230229372198,7.572969162359486,7.2791389303015945
203200,22.64681753292845,10.702409258113704,7.591285501372495,6.355741433453554,7.101879734685314,8.06941214372188,7.694596303832077
203600,1.882925108983654,10.00703215983843,7.587434787966302,6.211575701916596,6.898404714921379,7.92177761654155,7.669934231579406
204000,5.197075571613487,9.339432539860379,7.424686844832661,6.244596676629702,6.76163363169626,7.799858630958781,7.449038861986642
204400,16.106511229868243,11.164485126458297,8.692592649169136,6.8353448691079475,6.936189433051953,7.8852885492872815,7.5514275795258925
204800,8.199308550720321,10.80652759882283,9.109330982686568,6.847610776670107,6.779702605264237,7.956069864779687,7.604554981006885
205200,3.817205689327091,7.0406052301025595,8.871507244108134,6.781916470429754,6.785226018302015,7.819259859596139,7.59440756940533
205600,2.31076297198978,7.126172802703785,8.566602481271108,6.506735014128907,6.73875983692534,7.24731554993644,7.543023670309453
206000,37.96649244051268,13.680056176483623,11.509744358172002,8.34505590493713,7.425801762755682,7.908998181964039,8.193677366672052
206400,3.1541991812285475,11.089593766755684,11.12703944660699,8.325025012919003,7.487766012396988,7.899764581677665,8.155600522316123
206800,4.952196083978494,10.44017127340732,10.623349436115074,8.29195030035948,7.23471719279352,7.692260031057917,8.183045217110603
207200,14.061216903678174,12.488973516277536,9.764789373190046,8.67803743728127,7.492090746699051,7.767607144311496,8.408487589615513
207600,22.431939400649785,16.513208802009537,11.81969080235666,9.70356279516148,8.080947402063284,8.1287262367802,8.701360253704571
208000,11.691973763522393,11.258305066611479,12.469180621547551,9.946933733190106,8.319457991602318,8.188520379159083,8.733723029076534
208400,15.101985628995337,13.647862356164836,12.36872806146026,10.530660355314698,8.679805933225385,8.29432409015403,8.781976451721876
208800,16.49244005273766,15.95591114991667,13.198041211661996,11.153686097174281,8.964420921667402,8.384287256863676,9.004464134156148
209200,9.93909737428058,15.131487244037151,13.810230380157344,11.340868812132737,9.124687773672283,8.541477108765848,9.017453963708379
209600,8.519946080840416,12.349088580075279,14.431148691042406,11.498875586156757,9.14820623976674,8.661857050454605,8.684082178157633
210000,14.253945190113887,12.861482865393578,12.059893966002528,11.784819162087265,9.583335258625597,8.584324813567394,8.739177338771736
210400,27.204577375627228,15.282001214719955,14.464931785442394,12.795985616024693,10.371660603760136,9.232057455658339,9.212798022430611
210800,14.904606116665086,14.964434427505438,15.460172788711054,13.041761112413065,10.681357796476671,9.291081091772902,9.245842582588544
211200,9.57707674291409,14.892030301232143,15.011758772634646,12.388274072912347,10.789277882399062,9.37200775318295,9.216437469976128
211600,3.131011086274858,13.814243302319031,13.081665941197153,12.450678371776906,10.829597177173373,9.331127036846752,9.11931417766359
212000,11.426478578562842,13.248749980008819,13.055116422701198,12.762148522124374,10.982994629693803,9.50337259937704,9.161839587867508
212400,11.85614453339183,10.17906341156174,12.730532313140849,12.549630187300554,11.263951007923415,9.69248752820425,9.181565734751395
212800,5.103177990985758,8.218777786425875,11.591606106965658,12.394823659313825,11.299659433771408,9.621217217991967,9.025751026884073
213200,38.04001798711642,13.911366035266344,14.401698168249244,14.105964274203291,12.361145264171572,10.443940372316522,9.713521320662526
213600,9.31467029094943,15.148097876201257,14.481170589260142,14.456159640151274,12.492973920524554,10.481447327140092,9.825719758215714
214000,8.241823258508783,14.511166812190444,13.879958396099633,12.969926181051079,12.483198906758053,10.657491042994106,9.643451530073841
214400,48.27003464187267,21.793944833886613,15.986504122724176,15.225717954083285,13.85949178492452,11.775371483501145,10.582946789071507
214800,691.3023024592908,159.03376972754762,83.62627375698675,49.5432232728489,36.56993199393763,28.917586786604193,24.158119624815672
215200,7.953870972953532,153.016540324715,83.46395317999068,49.237855976312666,36.080167108605124,28.957946706796967,24.190396838544498
215600,7.823283662861558,152.71826299909748,83.93318043764937,48.50742318942326,36.27817906040105,29.10549299229237,24.251537717007274
216000,19.14913170146858,154.89972468768943,84.70544574993994,48.880281086320565,36.743247598062894,29.413607409755333,24.543787229489617
216400,7.395406013041444,146.72479896192317,84.2593718979049,48.49495210552287,36.452877424168676,29.512806230418782,24.60586440214438
216800,13.585347517124992,11.181407973490021,85.10758885051881,48.34959747874224,36.63241205638216,29.75164178795826,24.718491544497336
217200,19.900562099765857,13.570746198852486,83.29364326178377,48.8476707150165,37.16852393673011,30.09426976357462,25.01388095020997
217600,6.6221186725924985,13.330513200798674,83.02438809994807,48.75277934460411,37.312235793416875,30.12582746538043,24.990035481701685
218000,11.708011531581034,11.842289166821164,83.37100692725531,48.62548266167747,36.436953096452484,30.205150911882367,25.200194219846345
218400,13.78615580021197,13.12043912425527,79.92261904308923,47.9545615829067,36.7913516504186,30.375273599465697,25.40482099541876
218800,7.777949470728849,11.958959514976042,11.57018374423303,47.59822875060989,36.88554342997694,30.319994931511474,25.448106178129954
219200,19.219935845662206,11.822834264155313,12.696790231503899,48.0803717057473,37.05750072804308,30.23432288932982,25.705715411738357
219600,8.734337541380746,12.245278037912962,12.787895619355817,48.36053802850259,36.600913999400774,30.405608200139746,25.841973517705057
220000,17.6452935464461,13.432734440885975,12.63751180385357,48.671478776896755,36.7993579921649,30.716813649510563,26.058388288574978
220400,26.420162356511163,15.959535752145815,14.539987438200544,49.39967966805271,37.176630549748765,30.974654927676642,26.518242471975135
220800,10.52922980218844,16.509791818437733,14.234375666706887,49.67098225861285,36.977856874730456,31.03290295896334,26.648188563707986
221200,8.31911717385982,14.329628084077253,13.076231174116282,48.18493721795002,36.923857534716426,31.145450746076655,26.690662045682952
221600,6.6708417317462185,13.916928922150348,13.081103480031654,48.05274578998986,36.86222072307996,31.254452715070574,26.716882668310678
222000,18.123750215691565,14.012620255999442,13.722677348442707,48.546842137849,36.99121422393254,30.75838415945004,26.90865619919443
222400,7.486934158907769,10.225974616478762,13.09275518431229,46.507687113700754,36.333959450041895,30.86670253389202,26.91876991643501
222800,11.408024464598254,10.401733548960726,13.455762683699229,12.51297321396613,36.21740672830633,31.028098243407516,26.947148481949025
223200,7.558607543570225,10.249631622902807,12.28962985349003,12.493210042496965,36.15012442166154,30.865533009404817,26.645384282161864
223600,6.837985709217462,10.283060418397056,12.099994670273702,12.443945144814759,36.27369024242629,30.47568416711901,26.74448549416654
224000,33.82092897298898,13.422496169856538,13.717558212927988,13.17753500839078,37.02017192224049,31.028908047355674,27.31696256219405
224400,10.750343855722686,14.075178109219522,12.150576362849142,13.345281900524842,36.98331189965153,30.920117003023858,27.20983921471114
224800,9.283426654473333,13.650258547194536,12.025996048077632,13.13018585739226,37.12265352176778,30.739891668067248,27.2315215767862
225200,13.792192442876203,14.896975527055734,12.57330357497927,12.824767374547775,36.314392670293095,30.836219044782137,27.431021311857176
225600,11.086308631507045,15.746640111513651,13.014850264955353,13.047976872493503,36.37344728164502,30.9003781085488,27.606532225047523
226000,7.310673525578021,10.444589022031458,11.933542595944,12.828109972193351,36.342408957214005,30.726796316935406,26.99341584674883
226400,23.71666472150491,13.037853195187903,13.55651565220371,13.324635418258001,35.52396329320174,30.63959850058235,27.40466515755436
226800,21.76592656692861,15.534353177678957,14.59230586243675,14.024034273067988,13.20608409678967,30.811131511838937,27.74093976721336
227200,18.923844503605928,16.5606835898249,15.728829558440319,14.009229705965174,13.571749881144747,31.044800705856233,27.838192319211917
227600,19.579897065853075,18.259401276694106,17.003020694103878,14.55150768218879,13.9636369945778,31.456022855345687,27.78115147251598
228000,21.41883467982751,21.081033507544007,15.762811264787732,14.740184738857863,14.039293760523098,31.705831757877302,27.975688690842084
228400,9.965399225564306,18.330780408355885,15.684316801771894,13.917446582310518,14.124960200940526,31.658563125181622,27.872956962773465
228800,11.151074560781584,16.20781000712648,15.871081592402717,13.948538820240174,14.04381776906241,31.809760539426513,27.766129652934342
229200,9.93014724004436,14.409070554414168,15.484877072119534,14.029090323549402,13.711470607071696,31.10701377074971,27.76595065024962
229600,8.151882194175563,12.123467580078664,15.191434428386383,14.10314234667087,13.762462724457798,31.077944068330368,27.758589372516322
230000,8.097744042405317,9.459249452594225,15.270141480069118,13.601842038006557,13.642120474818608,31.07434208792778,27.635465349562146
230400,9.0162886582979,9.269427339140945,13.800103873748416,13.678309762976061,13.483124903421471,30.092998438338405,27.27169957521556
230800,24.371046129010377,11.913421652786703,14.060615829956593,14.326460846196667,14.036228125364188,13.4197170300814,27.46102837546247
231200,6.933242158505639,11.314040636478959,12.861555595446564,14.29519257694344,13.626671669125638,13.394201309720202,27.4081516837743
231600,9.5588517783705,11.595434553317947,11.859451066698304,14.43123588040109,13.654155477025293,13.437590512607926,27.53670849761621
232000,21.470009181335453,14.269887581103973,11.864568516849099,13.813689890818415,13.781645998188274,13.495612449604597,27.737579109671664
232400,9.444997618022098,14.355629373048814,11.812528356094878,13.748422578933386,13.21580717357197,13.546852239729116,27.68935617136427
232800,44.58128870055396,18.39767788735753,15.155549770072117,15.513315681237419,14.350875803517487,14.321750769314841,28.478918385555634
233200,9.93063863966491,18.997157183589387,15.155598910034172,15.320237991076851,14.40459318571099,14.072502682812313,27.916730798606604
233600,2.947186339183891,17.67482409575206,14.635129324535006,14.913281876460696,14.28047133929225,13.980629374477099,27.789381119571296
234000,4.938964683881286,14.368615196261228,14.319251388682599,14.79469643437586,13.840978488231906,13.811403203284604,27.723323948078747
234400,11.39345178846002,14.758306030348814,14.556967701698813,14.178535787723614,13.971195742550314,13.751585602990806,26.98579229101049
234800,7.0117949687924215,7.244407283996506,12.821042585677016,13.440829207816805,13.824654759356784,13.732431740442397,13.299982141200523
235200,4.089246182560762,6.076128792575676,12.53664298808253,12.699099291764545,13.709009380656472,13.354164498864858,13.222689645392668
235600,10.700875406128796,7.626866605964658,12.650845350858361,12.255148208778333,13.837772370553514,13.403327945483563,13.280241480258011
236000,5.614645305262759,7.762002730240953,11.065308963251091,11.464938740050096,12.89756291496264,13.102561739453979,13.009551752333898
236400,10.656871145313096,7.614686601611567,11.18649631598019,11.499512336037535,12.894447157948987,12.708479459174026,13.074781054979331
236800,16.233776047454327,9.45908281734395,8.351745050670228,11.753647410371173,13.126125471048356,12.851093115305673,13.127749625585915
237200,9.546472154381204,10.550528011708035,8.313328402141856,11.734463656088014,12.984601461431854,12.881776989818707,12.920667826678223
237600,23.27976464560973,13.066305859604222,10.346586232784441,12.490857778659722,13.391049995235276,13.297000062665296,13.253820746138567
238000,4.481875994086673,12.839751997369007,10.30087736380498,12.31006437624379,13.296756744185565,12.955953207125171,13.10929803538868
238400,5.231961258198985,11.754770019946184,9.684728310778876,12.120848006238845,12.680599962075368,12.899578884607454,12.93821414454842
238800,2.968397686815297,9.101694347818379,9.280388582581164,11.05071558412909,12.05401566607159,12.688588215162879,12.842023108870151
239200,1.956079735902076,7.583615864122552,9.067071937915294,10.801857462998912,11.48842350714813,12.548525019971176,12.496745986674945
239600,7.464243477504421,4.42051163050149,8.743408745052857,10.697127047955608,11.084568387536507,12.56418146417835,12.47134410539742
240000,29.11752477678468,9.34764138704109,11.093696692205048,11.079502827728069,11.341191390768412,12.446596359273244,12.700788730004192
240400,26.951895340493216,13.691628203499937,12.723199111723062,11.954847713851626,11.907407927932711,12.851635146392505,12.711423389683832
240800,1.191354554019783,13.336219576940834,11.218956962379607,9.785351006524916,11.57541726104065,12.649333343881167,12.524665884720461
241200,5.718816864056644,14.088767002571748,10.83619143334715,9.574759917744505,11.435039581841059,12.447498954410678,12.472659878524398
241600,6.391713151551293,13.874260937381123,9.147386283941307,9.746986258362872,11.37636728042025,12.330134067411784,12.467077306920498
242000,10.500740454356814,10.150904072895552,9.74927272996832,10.02507504688665,11.456467160818635,12.409885740631255,12.314617111693801
242400,7.159589445606194,6.1924428939181455,9.942035548709041,9.813381929743958,11.394577187062245,11.995958858733786,12.30807021742777
242800,11.223961104501516,8.198964204014493,10.767591890477664,10.023990236529412,10.956341019578616,11.73240972217311,12.304388950225837
243200,6.473450698812319,8.349890970965626,11.219328986768689,10.14320046234199,10.941014637588838,11.42114987705327,12.282685813330676
243600,1.1877359599409298,7.309095532643555,10.591678235012338,9.667543490032598,10.661977443641186,10.961345849405465,12.169680818345148
244000,7.914338536496832,6.791815149071558,8.471359610983553,9.782528151594303,10.210121755479898,10.623733445822198,11.651549009615305
244400,1.311585530486902,5.622214366047699,5.907328629982922,9.315263870852991,9.939008019228725,10.407388103445262,11.46277384311059
244800,6.979815040844467,4.77338515331629,6.486174678665391,8.852565820522498,8.685625563905074,10.303106615446834,11.416701610838011
245200,3.061365520378236,4.090968117629473,6.22042954429755,8.528310488822349,8.456649793262185,10.131387072455182,11.202085072388051
245600,9.316292399156689,5.716679405472625,6.51288746905809,7.830136876499698,8.668953328594613,10.16049732757971,11.166684747741046
246000,24.8023570973936,9.09428311765198,7.943049133361768,8.846160931665043,9.331066409045023,10.578112653954417,11.516518419177357
246400,8.473783911719366,10.526722793898472,8.074468579973084,9.008252064341063,9.233744146487,10.564550035289955,11.211660802981646
246800,4.292250684830012,9.98920992269558,7.381297538005936,9.0744447142418,9.143092670354921,10.062580149185445,10.862187285339676
247200,4.007785252613726,10.17849386914268,7.134730993386076,9.177029990077383,9.140377306023352,9.989443726538147,10.563866100319828
247600,7.88147262592083,9.891529914495505,7.804104659984065,9.197891447498202,9.046397213349755,9.947509247726906,10.329897611521185
248000,11.546787278431616,7.24041595070311,8.167349534177543,8.319354572580549,9.244135279122048,9.69942870015431,10.132456663493267
248400,2.1866716320400705,5.982993494767252,8.25485814433286,7.081093387157891,8.961795295346281,9.51797055050476,9.976882111622784
248800,30.263334075525663,11.177210172906381,10.58321004780098,8.534692363233187,9.429447229615326,9.160021684879052,10.359127301917665
249200,6.984467522311168,11.77254662684587,10.975520247994274,8.59797489614591,9.344047075212991,9.08636740694521,10.300213707563
249600,6.973442308178391,11.590940563297382,10.741235238896444,8.627061353977266,8.800502997298615,9.187023806170071,10.276644909843057
250000,21.21952018788399,13.525487145187856,10.382951547945485,9.163000340653626,9.35842447042519,9.594037693770137,10.53908043275263
250400,6.403941112447207,14.368941041269284,10.175967268018267,9.125217923995676,9.397490465566799,9.469299926869818,10.486833481835617
250800,3.972519344982117,9.110778095160574,10.143994134033477,8.762645836019706,9.430961187505693,9.393318036274561,10.078862946155052
251200,5.864623576835009,8.886809306065341,10.329677966455606,8.732204479920842,9.561245982203456,9.437702471131416,10.057490574521639
251600,2.613935965254684,8.014908037480602,9.802924300388991,8.803514480186529,9.399569065128466,9.235528985109564,9.918592258259324
252000,4.374231750330988,4.645850349970002,9.085668747578929,8.626509140878236,8.574792630913343,9.20451864623627,9.576676709639234
252400,2.1699994031750296,3.799062008115566,9.084001524692425,8.669429834512643,7.748729433002736,8.992346852682818,9.431176745342292
252800,6.340399121508762,4.2726379634208955,6.6917080292907345,8.637459038545858,7.920364251919036,8.745012429534178,8.666358953761389
253200,6.090831605932113,4.317879569240316,6.602344437652829,8.788932342823552,7.932764743314883,8.658621415822951,8.589562813086733
253600,21.96883480926661,8.1888593380427,8.101883687761651,9.421559463329046,8.452002131905395,8.625848169914374,8.969995782488386
254000,6.596865637337228,8.63338611544395,6.639618232706975,8.511284890326229,8.321872971338076,8.678722910995637,9.003153801557506
254400,11.663013938704774,10.531989022549897,7.165525515332732,8.670746391675499,8.471987121108027,8.839499228008282,9.008545044562402
254800,7.946967605085731,10.853302719265292,7.562970341343093,8.853482237688286,8.362754004460836,8.963963475965041,9.027248497288266
255200,6.133574958052079,10.861851389689283,7.589865479464801,8.959771722960202,8.351424813102161,9.068400856518792,9.068135072798093
255600,5.208240441855131,7.509732516206988,7.849295927124844,8.826110113756918,8.485441629165967,9.01200078062756,8.958282373512619
256000,7.8003602747374705,7.750431443687037,8.191908779565493,8.638788763572212,8.481642353773989,8.479071668076381,9.001996672902115
256400,74.26398982079279,20.27062662010464,15.401307821327268,12.242654673009847,10.913389163450852,9.661874030083869,10.274139046411708
256800,14.16401632495862,21.51403636407922,16.183669541672252,11.437688785481495,11.152862539587991,9.986190574357341,10.232743851961793
257200,7.200020346428702,21.727325441754544,16.29458841572191,11.448466426687371,11.290817700456339,10.02322066141664,10.185814815802743
257600,63.24568859581077,33.33481507254567,20.42227379437633,14.26207874106899,13.088464240344809,11.44457004752313,10.985133294806765
258000,7.884126432991362,33.35156830419645,20.55099987394174,13.59530905332436,12.524523218198066,11.379154696988993,11.05317830358486
258400,3.086244628439654,19.116019265725825,19.69332294291523,13.429424229123981,12.344938575422077,11.27732107655983,11.010263970989673
258800,2.622586219387771,16.807733244611654,19.160884804345436,13.361927572844262,12.28928309324067,11.062286704431985,11.003347741641118
259200,25.461782181844413,20.460085611694797,21.09370552672467,14.341785503094735,13.004416324215025,11.536994991507786,11.473461790559968
259600,36.70199512897566,15.151346918327775,24.24308099543672,16.04618846128078,13.965100407650185,12.424851470733655,12.058216823589394
260000,13.348382331880494,16.244198098105603,24.797883201151024,16.49489599035826,14.025153576098482,12.560702565618246,11.742833974691306
260400,13.658084717681607,18.358566115953995,18.737292690839904,17.069300256083586,14.407534012286533,12.869365045298116,11.476957762235077
260800,8.49548025666393,19.53314492340922,18.170439084010436,17.177054312841346,13.681938884991142,12.907256675693603,11.62304027628796
261200,5.21505467754465,15.483799422549271,17.971942517122034,17.133265466421975,13.62295845683226,12.961098904622764,11.61296503255772
261600,6.373530025202137,9.418106401794565,12.28472666006117,16.35350022721875,13.602961380733051,12.887529845273898,11.612601370030736
262000,4.204182305599025,7.589266396538273,11.916732247321935,16.23386606063184,13.03578345132355,12.372575475479033,11.486670207055582
262400,8.77606838715753,6.612863130433456,12.48571462319372,16.089518783054476,13.114854360480562,12.380132587364987,11.518999785886608
262800,2.4018019617056865,5.3941274714418075,12.463636197425512,15.812260500885476,13.062497114371348,12.332871369286881,11.342556603030692
263200,7.248859216304805,5.8008883791938395,10.642343900871552,15.86802471379811,13.108638302353674,12.413898218379156,11.35806477338054
263600,3.968941664575452,5.319970707068502,7.3690385544315316,15.806059774934127,13.153805158997699,12.316084944345523,11.413688887473231
264000,8.974152479972416,6.27396474194318,6.931615569240724,15.864749385195875,13.307135849985746,12.251769074384042,11.434885166342742
264400,3.2736486199767194,5.173480788507018,5.893171959470235,12.31523232515507,13.343924157212468,12.278943499082457,11.474126428132537
264800,16.556805434435212,8.004481483052924,6.699304477247364,12.4348717806289,13.684471034310018,11.936280283055197,11.665666236004354
265200,4.235412107926627,7.4017920613772885,6.60134022028556,12.286641368703796,13.622623717709835,11.867553897695583,11.689147167755323
265600,3.724997389560743,7.353003206374346,6.336486956721421,9.310606808391295,13.014495803719639,11.78634277473014,11.577321267563402
266000,14.856297662907249,8.529432242961311,7.401698492452243,9.65921536988709,13.289810204571975,11.627262211605723,11.378400078873677
266400,3.115198320373633,8.497742183040696,6.835611485773855,9.660663054483788,13.004883017294269,11.545043641803883,11.27122836704676
266800,5.550718017982089,6.296524699750071,7.150503091401495,9.807069644413504,12.92500803105748,11.584498608628882,11.296397713709803
267200,2.318321709176744,5.913106620000095,6.6574493406886885,8.649896620780119,12.797832922761637,11.495841061937426,11.262608442841065
267600,6.031233831451631,6.374353908378272,6.863678557376306,7.1163585559039175,12.825266035748188,11.58127350859235,11.22560366695168
268000,142.2838125797749,31.859856891751797,20.194644567356555,13.563130068298639,17.30804777924943,15.02901302932845,13.840344172978545
268400,2.906646560479821,31.81814653977304,20.157944361406866,13.02555816043855,14.929469670572335,15.047429208261068,13.85474367154734
268800,2.844747125676431,31.276952361311906,18.786738530530986,12.743021503889176,14.552160697262927,14.960037908365262,13.306371932550356
269200,19.927485628264503,34.79878514512946,20.355945882564775,13.478643051425166,14.976409539990788,15.305954258923569,13.565232294669421
269600,2.1359464125669048,34.01972766135251,20.19704078486539,13.266763870793406,12.93941813388266,14.810132049006077,13.468482376757192
270000,13.675535669691405,8.298072279335813,20.078964585543805,13.740331538998026,13.132465108439328,14.98709879981493,13.317602686393341
270400,9.128861045914716,9.542515176422793,20.680330858097914,13.757971171935884,13.333885655688496,14.92374497749518,13.37210108506269
270800,15.026189671053958,11.978803685498297,21.6278780234051,14.3891905574033,13.747339104077371,15.100725529144388,13.593174491584127
271200,32.16687246519328,14.426681052884053,24.612733099006753,15.63509121984772,13.97084211352233,15.751557966822915,14.119219469351295
271600,5.214104148164775,15.042312600003626,24.531020130678066,15.697349344027188,12.921245747495302,15.751704559480658,14.171222833009494
272000,10.8689039980953,14.480986265684404,11.389529272510108,15.792086919933334,12.838596469702463,15.828418152564604,14.301116277964779
272400,1.1140074268565374,12.87801554187277,11.21026535914778,15.684104860277325,12.420460560008292,13.999668592716196,14.279996438438411
272800,6.606291825476658,11.194035972757309,11.586419829127804,15.186579179829398,12.35748761230205,13.810725480229147,14.28531429251777
273200,6.68897322088779,6.098456123896212,10.262568588390133,15.309257235477451,12.406618230413487,13.797949302090625,14.297277124816883
273600,6.860183280528824,6.427671950369022,10.734992275186324,15.46601653002586,12.422840005591045,12.388311669208576,13.995104094242127
274000,2.903306411064357,4.834552432962834,9.657769349323619,14.868366967433712,12.379477475773221,12.2637911686604,13.921232909716672
274400,2.6925674659566963,5.150264440782865,9.014139991327818,14.847235424712864,12.176694111733193,12.253949239598326,13.741823980261708
274800,7.773515847424101,5.383709245172353,8.288872608964832,14.958375316184966,12.35575124125714,12.382722480299234,13.738354945108474
275200,53.09328701738375,14.664572004471546,10.381514064183879,17.497123581595318,13.883898834626441,13.073510101187718,14.67754918629511
275600,38.20379369739789,20.93329408784536,13.680483019107191,19.10575157489263,15.025060569053855,13.111055065398276,15.337460251405965
276000,3.968404771138193,21.146313759860128,12.990433096411483,12.189981184460795,14.858202312092713,12.876555626379718,15.26082114133398
276400,6.346799226876487,21.877160112044084,13.513712276413475,12.361988817780627,14.960640665656038,12.693773489109589,13.902477329455653
276800,7.277845616137437,21.77802606578675,13.580867655479555,12.583643742303678,14.651342005046113,12.663332623096426,13.764753915279227
277200,9.68713543503608,13.096795749317218,13.88068387689438,12.071626232642256,14.833066115949764,12.775134642033713,13.814496217051376
277600,8.296463082487165,7.115329626335073,14.024311857090217,12.37965206613827,14.985448305713977,12.82320796846584,12.715511706784905
278000,6.726051629722368,7.666858998051907,14.406586378956018,12.032177864139818,14.714440104607812,12.886254701568921,12.692350210719523
278400,7.578509807608383,7.913201114198287,14.895180613121187,11.954660302224502,14.863217154182305,12.856315737080195,12.782195514302899
278800,42.18363235189181,14.894358461349162,18.336192263567956,13.312532436266395,16.084314298645964,13.850861496834847,13.573416436952977
279200,7.628177492346271,14.4825668728112,13.789681311064209,12.085597687624043,16.26130949141828,13.860344453735882,13.216744343163018
279600,11.80048650238976,15.183371556791718,11.149350591563396,12.414916805335293,16.453617913782885,14.056133074681238,12.7187141706313
280000,454.0255111733191,104.64326346551107,56.15506123178149,34.572747164096484,26.845007866901028,25.182417042014908,21.532256747460067
280400,7.416218226777138,104.61080514934481,56.26200313177155,34.88785770409251,26.995326922444274,25.285981282184917,21.407419417641982
280800,7.670004944676418,97.70807966790174,56.30121906462544,34.9410433600525,27.156168849744272,25.06381126994095,21.390909911402233
281200,8.695481577206664,97.92154048487382,56.2020536788425,35.04136877786844,26.78176871470901,25.17531300667295,21.460518449395472
281600,8.24988646591076,97.21142047757802,56.19739601718487,35.11085393713754,26.985566716487135,25.2884352335817,21.498045578209645
282000,8.797493947346307,8.165817032383458,56.404540248947264,35.405563313951646,26.8229653257423,25.136965140692677,21.58991181104459
282400,73.1197699195714,21.30652737094231,62.95866626014356,38.92692343663238,28.955995621530857,26.88707943067262,22.876785841692868
282800,8.281012917253513,21.42872896545773,59.56840431667973,38.95229829012384,28.731156396404177,26.95533680315441,22.994370060803828
283200,27.64306173824848,25.218244997666094,61.56989274126996,37.679787026167084,28.580362705506012,27.588455303881197,23.402254111242698
283600,8.865805841991415,25.341428872882226,61.27642467523011,36.21288763339676,28.702086095300235,27.659319604144695,23.500191394791017
284000,9.31213563492804,25.44435721039857,16.805087121391015,36.48007417658625,28.650193816527995,24.335027680523524,23.506951057890127
284400,9.231797621265589,12.66676275073741,16.986645060839855,36.624324096305706,28.920786823008296,24.493156457043167,23.626114037915908
284800,2.700921664827683,11.550744500252245,16.489736732854986,36.39547789874022,28.79060781765333,24.489560820521948,23.348996362523753
285200,6.933001034365131,7.408732359475574,16.31348867857083,36.25777117870667,28.798742078102578,24.164698705674464,23.402948141052526
285600,11.202904742124268,7.876152139502144,16.608790506192182,36.403093261688525,28.943499460155756,24.391372663913398,23.552506288103796
286000,9.52240327480327,7.91820566747719,16.68128143893788,36.54291084394257,29.164136022280385,24.287544354041195,23.445828400341714
286400,85.69724137201824,23.21129441762772,17.939028584182562,40.44884742216306,31.930958485815772,26.201753862193783,25.09746926137461
286800,66.86969968916222,36.04505002249463,23.797897261373432,41.683150789026584,33.90083128054037,27.49784161264649,26.32384889479821
287200,4.800292977700332,35.61850841116167,21.51362038531862,41.541756563294285,32.29106481255093,26.81367712545916,26.37348832016868
287600,8.90695671542934,35.159318805822686,21.517735472662412,41.39708007394626,31.31450357981864,26.90599843964078,26.43100277784824
288000,10.061865096755296,35.26721117021309,21.592708418845138,19.198897770118073,31.51761892400588,26.88582246710728,23.786563828187845
288400,22.93217781694966,22.714198459199373,22.962746438413546,19.9746957496267,32.07046487700832,27.431276726859608,24.187074453317244
288800,92.88364437001889,27.916987395370704,31.981018708932663,24.235377720893823,34.9239915021377,29.588210540473163,25.98785239820409
289200,8.50360396658928,28.657649593148495,32.13807900215508,24.225783840362958,34.88454045318948,29.633576309115703,25.759374764970588
289600,11.856093031014508,29.247476856265525,32.20339783104411,24.406094168618143,35.00319478480706,29.75847405287784,25.953777697339543
290000,7.924603429215539,28.820024522757574,32.04361784648533,24.362449642711603,35.043146511456825,29.88400647833162,25.838759052530023
290400,8.555173472921037,25.94462365395185,24.32941105657561,21.134219820379084,35.075701966967245,30.030571628505733,25.82728530107015
290800,54.98717651727376,18.365330083402828,23.141158739386764,23.4695280003801,35.502486772479976,31.210913145251972,26.626505037994544
291200,2.986616692210351,17.261932628527042,22.959791110837763,22.236705748078194,35.347768079142114,29.958246387122635,26.042899922534886
291600,18.933915323435727,18.677497087011282,23.962486971638405,22.74011122215041,35.58554903984364,29.476499427773582,26.317296146040302
292000,7.993722524536984,18.691320906075575,23.75567271441657,22.674190566630855,20.71782275155091,29.577132371608553,26.259792516569142
292400,10.90226844897246,19.160739901285858,22.552681777618854,22.757714108016195,20.834024425624083,29.691019102160954,26.45555773701146
292800,7.420103377572549,9.647325273345619,14.006327678374216,22.993673193653443,20.82569437338729,29.69457554619683,26.471833968053375
293200,411.0781947471759,91.26564088433874,54.263786756432886,43.20093287929398,34.238451479052934,39.729352029000324,34.55961839857914
293600,13.519672050780317,90.18279222980766,54.43014465840946,43.31677124472678,34.41411099854859,39.85993225320765,34.69280817398417
294000,26.58530415242667,93.90110855538559,56.29621473073057,44.16991628860795,35.0070380053846,40.356413566275265,35.16644812881141
294400,36.46641961218668,99.01393878802843,59.08733934465714,41.70837520061637,33.78525966180511,41.07861131138972,35.84192517173601
294800,7.08748080094825,98.94741427270357,54.29736977302459,38.719264256205676,33.74547525792826,40.20120752261613,35.8282044708065
295200,4.863692019367306,17.704513727141844,54.485077305740276,38.72243420828903,32.98616293396556,40.13209538579166,34.863612570846165
295600,395.37887251009056,94.0763538190039,92.12957302440576,58.046029998022085,45.869931822902196,49.721555035984174,42.00711414710002
296000,6.227961474297113,90.00488528337799,91.95299691938177,57.854334816899176,45.76712601754784,38.526616293508624,42.0523052811632
296400,7.611234976151605,84.23384835617097,91.6238935720997,57.088287674859274,45.71310726271069,38.53149171224299,42.0775939961487
296800,18.942751437447026,86.60490248347072,92.77615837808715,53.391243028230676,46.25450158846468,38.81331037456225,42.31089211257489
297200,61.4885803522857,97.9298801500544,57.817196938598116,56.0404918475155,48.07302089906203,40.133137843939224,43.346921010919885
297600,4.09670699504021,19.67344704704433,56.87490043302411,55.652522545716785,47.83614764082589,40.029308357167466,43.262925889170944
298000,9.388348386386326,20.305524429462174,55.15520485642007,55.725709793575334,47.831679144545326,40.044079718143465,43.31617182430422
298400,7.894179618559354,20.362113357943723,52.29798085705734,55.692660100857246,45.238243752763374,38.41343996061816,43.32248522052325
298800,6.962241307710011,17.96601133199632,52.28545690773352,53.29141334037905,43.24132847338163,38.38047067037958,42.61805739963961
299200,544.0263695558839,114.47356917271595,106.20172466138517,80.34340098356274,61.215531025987744,51.29005336582046,53.34602124091036
299600,565.7268729761186,226.79960236893163,123.23652470798797,107.68304886619687,79.77619490134406,65.21158004417364,64.42454897038493
300000,3.877674433177624,225.6974675782899,123.00149600387604,107.4772464616289,79.57005521255813,65.07571851412987,55.421592235582104
300400,3.664429770879074,224.85151760875382,122.60681548334875,107.11535452772424,78.92779694435578,64.93653431787021,55.34655646646414
300800,9.721640029135644,225.4033973530389,121.68470434251762,107.23043136030239,76.155730132993,65.11205227697792,55.38758916815333
301200,33.56178024270406,123.31047949040298,118.89202433155947,88.3546106350788,76.99100267553015,65.7777717571864,55.88491514146328
301600,4.534849545267353,11.072074804232752,118.9358385865822,87.90536950980314,76.74696122600525,65.61107037726497,55.810614403050415
302000,17.046968932166653,13.705933704030556,119.70170064116023,87.42845274879015,77.05104007610363,65.79918451869905,55.97560390274682
302400,5.518006756248096,14.076649101104362,119.4640833549291,85.88103210599321,76.94980118554786,63.79470365330479,54.623568639480354
302800,7.117368155551826,13.555794726387598,119.47959603971326,85.8825264737234,75.3541409068238,62.30089536496454,54.60029574424632
303200,68.34792589672612,20.51302385719201,71.91175167379751,89.05673816759135,77.53285121364098,63.88958618794019,55.41439302741587
303600,5.698237748650966,20.745701497868733,15.908888151050741,69.57270642951936,77.09166196114816,63.809368213770725,55.35104166554906
304000,6.604978532194283,18.65730341787426,16.18161856095241,69.59155728241421,77.04537049473674,63.7229460496567,55.29689852349439
304400,24.21764100501933,22.397230267628508,18.236939684366433,70.42187758385761,77.48921624660495,63.75508262935845,55.596615391169465
304800,3.2912254836260204,21.632001733243346,17.593898229815473,69.63930128616656,77.35158698347341,61.51527215719862,55.60842146754543
305200,5.659598785390401,9.0943363109762,14.803680084084103,66.84785220782179,63.83763378474723,61.44417202766865,55.582953422565936
305600,27.77552539455525,13.509793840157055,17.127747669012894,68.03179312779756,64.31282889620641,61.84215783675717,55.91440583561455
306000,165.88657086060536,45.36611230583927,32.01170786185677,75.85670425150849,68.9562044531457,65.79120702254191,59.0416891873306
306400,669.1642886816826,174.35544184117194,98.37633605440021,108.92020970466464,90.04613342212889,82.30643490276096,70.71103013352388
306800,20.65118450617124,177.82743364568097,99.72971768946215,109.60465686458772,90.49825687896964,81.44803510248339,69.78665982986406
307200,6.773686234293296,178.05025113546156,93.57229372321886,82.7420226985082,90.56192335280052,81.54271184103547,69.82612769499592
307600,770.9423321040767,326.68361247736584,170.09670315876144,93.0027956549061,103.08070533926671,100.34292226055149,85.06683520276887
308000,16.423431479076932,296.79098460106013,171.0785484534497,93.63008350720105,103.42055433942605,100.55366498441498,85.19406653041531
308400,8.0185873399677,164.56184433271716,169.45864308694456,93.84779138565548,103.43413275155326,100.48157295668986,84.89579472087567
308800,688.158264242029,298.0632602798887,237.94534696278484,127.76962259630015,125.74131651170597,117.50002697830128,96.80128711831586
309200,6.165817513405124,297.941686535711,237.99596883558632,126.39982445983522,123.89722441707663,107.37721754745701,96.75453138925216
309600,7.887238861175045,145.33066788713074,236.00714018224826,126.5674439256306,124.02357547928113,107.23640671771686,96.6751543058554
310000,27.835759224895657,147.6131334362945,222.2020590186773,127.10688344026705,124.6384891738981,107.26766809452859,97.073377421769
310400,2.91348386970922,146.59211274224282,155.57697853748,126.9766572959401,124.47246598226977,106.42884470096665,96.96054362970476
310800,15.143928495172124,11.989245592871434,155.0262529363801,127.37798531292113,124.74518888851851,106.63025589332224,96.16367866926272
311200,9.952721318352232,12.746626353860856,155.34415644478597,124.45822508400242,106.94273394726744,106.75748162579688,96.30300076178555
311600,7.963293718878326,12.761837325401512,79.04625260626612,124.57147788251378,88.35061463869278,97.07209215601657,96.08358832969441
312000,11.138694928478367,9.422424466118054,78.51777895120628,124.79816370232797,88.5926486552028,97.1948604923711,96.14648777777323
312400,32.37975376599781,15.315678445375772,80.95389559380928,125.2062693403769,89.54982612170676,97.81407346211726,96.57603748411375
312800,7.088252568230593,13.704543259987465,12.846894426429449,125.39612069460713,89.46204653967659,97.51771099038686,96.5694004679269
313200,5.861765126978579,12.886352021712735,12.816489187786795,125.40622901168656,88.53871270248574,96.12704060975418,88.46507187552297
313600,78.12960360122104,26.91961399818128,19.840725661791396,127.92393292201984,90.99187117101752,97.9778630249087,89.75727050653177
314000,22.943047416951465,29.280484495875896,19.351454480996974,120.77675674983716,91.18840712051035,98.31673050067283,89.68442537182227
314400,338.5814300102673,90.52081974472979,52.918249095052786,104.24761381626638,102.29052122897767,106.58391176046553,95.72672557978389
314800,74.03266975236251,103.90970318155618,58.80712322077183,106.91668807857596,104.52103128220467,108.26067247158184,97.06562935881216
315200,23.126060637459563,107.36256228365237,60.12445715268255,107.73430679873427,103.01363577356247,95.23816474862123,97.43087673117401
315600,3.590567976473141,92.4547551587028,59.68718457844203,69.36671859235409,102.94338011448987,81.18475712363008,89.59511064050166
316000,151.11369550942615,118.08888477719775,73.68468463653682,76.10123179387155,107.76033734706427,84.86565765053629,92.49282532120424
316400,19.30983605413568,54.234565985971415,72.3776928653506,76.66579422957994,107.59674384870148,85.25679280761771,92.72679734276393
316800,58.01578817178517,51.03118966985595,77.47044642570606,45.15867042606776,109.42089593830678,86.46414651118394,93.5082580774507
317200,17.96311420249832,49.9986003828637,78.68058133325803,45.74853526052242,109.83101311887704,86.07417986017882,92.63774875445495
317600,23.39353789223031,53.959194366015126,73.20697476235897,46.523850212075175,109.68494686879954,86.54564706885289,93.02368537239876
318000,13.994578440002645,26.535370952130428,72.31212786466408,45.83179117283053,104.62188045477946,86.46933730654878,93.11580997347107
318400,11.897093865969556,25.0528225144972,39.643694250234304,46.28097167264354,82.71297396092235,86.62881448429184,93.19586825841928
318800,11.894833368350156,15.828631553810197,33.42991061183307,46.11851691630245,82.42109558966166,86.74825111461178,93.29452009963208
319200,29.972734959078476,18.23055570512623,34.11457804399496,47.11951759833876,83.19439721382115,85.78887134117058,83.01344740769596
319600,41.63265666691584,21.878379460063336,37.91878691303923,48.802985745740635,58.884074699249126,86.68723181412722,72.53156308151192
320000,11.98434365758671,21.476332503580146,24.005851727855287,48.84526818219605,58.736105105199464,86.82171594226203,72.6936964660001
320400,14.763470758383082,22.04960788206285,23.551215198280026,47.964454031815315,58.960934552479976,86.5853616860961,72.91567728575018
320800,24.625009041129047,24.59564301661863,20.212137285214414,48.841291855460234,36.84315937911664,87.11870627503369,73.21374466599005
321200,46.37940218901149,27.876976462605235,23.05376608386573,50.86717370856188,38.183612201636855,88.13670136012422,73.47009710491619
321600,34.66606635758507,26.48365840073908,24.181018930401205,48.69399684638008,39.07623978485052,88.30896488419997,74.07272144116254
322000,37.08790956787223,31.50437158279619,26.490352043188164,49.40123995392612,39.38464479628308,85.08899835188164,74.47354025387666
322400,3.014869189732149,29.154651269066,25.602129575564426,32.62291191289936,39.3880243069505,68.43526286458288,74.42347750254633
322800,13.851921846019131,27.000033830044014,25.797838423331324,29.613874517582197,39.34495741864541,68.26528129807907,74.5581685763557
323200,207.60492805659152,59.24513900356002,43.56105773308262,38.837817888538794,45.933364309920044,73.28606234363653,77.343308619553
323600,2.866720927335383,52.88526991751009,39.68446415912457,38.80162553608191,45.763478550201945,54.08417206421799,77.28667828312669
324000,19.708201188018737,49.409328241539384,40.45684991216778,32.231350820011535,46.04912875885329,54.16629130694154,77.54874273624317
324400,27.12435756114656,54.23122591582226,41.692938592444136,32.62207689536208,45.87394888535825,54.64393556247101,77.60687706736572
324800,31.412510444915167,57.74334363560147,42.37168873282274,31.29191300901858,46.684757481247736,38.22529171754316,78.1693027665915
325200,8.170310529490038,17.856420130181178,38.550779566870595,30.802272825368163,46.76170899466479,38.27540404294528,78.21951700147349
325600,7.911470231074769,18.865369990929054,35.87531995421956,30.02816944231039,44.421104548993235,38.27600982719278,77.82223589820389
326000,17.258038629996253,18.37533747932456,33.89233286043197,30.191342451810065,44.23160425609474,38.0115668123203,74.8496652535917
326400,11.41574719056738,15.23361540520872,34.732420660515494,30.16727511803996,33.32608149543807,38.22412339534175,61.6946944237694
326800,7.250273960146573,10.401168108255003,34.072255871928235,29.93504714762978,31.10000163569754,38.02678203196611,61.4266762128489
327200,8.313627365572161,10.429831475471428,14.143125802826301,28.852091767954466,30.606253859967964,37.98580468314661,61.45747503547448
327600,563.2319203558369,121.49392150042385,70.17964574567645,54.93205495240052,49.26096560594676,51.86752034907058,57.30326680050969
328000,7.077411090352324,119.45779599249508,68.91656673590981,54.686708324038804,44.45975612531096,51.76598825311743,57.116346392735196
328400,36.38582269101346,124.45181109258431,69.8427132488965,55.76782592067032,45.028955679873555,51.86613997624281,57.6836910997561
328800,540.1828529614136,231.03832689283772,120.71974750054635,81.54571811668454,61.10119117286117,65.19350498607238,54.72418287414381
329200,7.686222929898131,230.91284600570293,120.67133874058716,79.61105915372889,60.75862813044117,65.23911643114538,54.754590982473665
329600,7.360920708646342,119.73864607626479,120.6162837883443,78.24580187128194,60.224207557655035,63.469899358831015,54.744064619423085
330000,549.0127435908549,228.1257125763653,173.79175428443017,103.8420435724311,78.05814639601678,76.62164176317859,65.16760430674226
330400,584.533871333616,337.75532230488585,231.10356669873505,132.91799367962528,97.14603897827166,82.77045279626232,76.80001205602042
330800,3.650520570561437,230.44885582671537,230.74359135977656,132.4079236158524,96.87122855167871,81.0108990667173,76.5701438975282
331200,12.994066861347497,231.51042461300526,231.2116353093541,122.67738055609018,96.30527294842099,80.7575992223145,76.6309708083881
331600,16.15406736683053,233.2690539446421,176.50385001045345,123.34174787806494,95.45598663841815,81.07168670707344,76.79478628134716
332000,9.59010175015604,125.3845255765023,176.7551190764338,122.83584290617179,95.37617857483714,77.53359686309167,76.76381441778071
332400,138.3432817840124,36.14640766658158,186.9508649857337,128.3967891173151,99.49550560902478,80.5094330063386,78.883084978141
332800,13.165981342513804,38.04949982097206,134.24917782384372,127.48446266219506,99.11353801907094,79.38818783560681,79.00463955362666
333200,6.971575714599203,36.84500159162239,134.17771310231382,127.42452592145051,97.79994380325721,79.11339937340932,79.02683576537908
333600,17.744012758214293,37.162990669899145,135.21602230727063,127.91615304780746,97.23587534994482,78.97216124505893,77.81912394851894
334000,148.10745144106647,64.86646060808123,95.12549309229178,134.45862368836097,100.93652674571798,82.32498307008554,80.32241202900123
334400,10.72586796182014,39.342977843642785,37.74469275511218,134.4241297269236,101.19356003812092,82.29570242248178,73.7653007880323
334800,30.31355280816372,42.77249213677276,40.410995978872414,135.57729366932446,101.74228107019239,82.75617040847712,72.89091844914832
335200,12.810992059004434,43.94037540565381,40.39268849863811,135.80216190399608,95.24914987027282,82.32712683597529,72.68461707757922
335600,495.1856809130396,139.42870903661887,88.29584985325901,132.3998499318562,111.6597818697963,93.66595244212837,82.51651933631054
336000,29.48233861802108,115.7036864720098,90.28507354004553,133.5200963082397,111.98558645079638,94.10340231613922,80.08389219848243
336400,15.007109389705096,116.5599347575868,77.9514563006148,132.45116064317423,111.58167817841499,94.10949328192228,79.99783766519384
336800,16.83898320226398,113.86502083640684,78.31875648658982,106.28396715521676,111.09589393699329,93.91484263595065,79.1743015658034
337200,25.882886395527446,116.47939970371144,80.20988755468264,107.19380032849821,111.68631313252787,93.40242974111355,79.33269700966399
337600,3.5215184377937416,18.14656720866227,78.78763812264057,107.00183021495562,111.53998140608518,92.62381604311877,78.93525662057526
338000,494.7731850849991,111.20473650205788,113.45421148703383,104.2898522896628,127.45715295458527,104.06594793104694,88.55082875347517
338400,5.987761664811015,109.40086695707907,112.98040085733294,75.36254680622255,127.27622010372671,104.1402702429239,88.432642109452
338800,178.5301457996183,141.73909947654994,127.80206015647839,84.1065280676754,132.98554916504244,108.2572258417639,91.76534835807738
339200,14.501737387899498,139.46286967502436,127.97113468936789,84.181911594003,133.19181949912002,103.42964607504659,91.4559284066538
339600,36.64502107338518,146.08757020214262,82.11706870540245,85.20645927933073,115.63892285637164,104.27410357869783,91.35617569478318
340000,25.78198573314837,52.289330331772476,81.74703341691517,86.01605347848034,116.26240867779818,104.42594819232609,91.63212853629442
340400,15.41069608243215,54.173917215296704,81.78739208618788,79.86942419340133,115.56323779084546,104.1331066553582,91.64507304277541
340800,20.24913506089877,22.517715067552793,82.12840727205136,80.22358187932059,98.23211386082829,103.85402227075781,91.5575555631708
341200,269.9508486462834,73.60753731922958,106.53520349712696,93.37254552590478,106.97426805137448,110.39853572367765,96.02898449231625
341600,299.4859785148947,126.1757288075315,136.13164950483707,107.45964381373881,116.71176997824942,117.68789843077316,101.32538273546243
342000,7.789343050051158,122.57720027091204,87.43326530134226,100.44373839418805,98.67098996022263,117.45118104127451,100.739411405106
342400,5.494892371435563,120.59403952871273,87.38397837200472,100.18218961466881,79.36969066148328,117.3031596707962,100.78901186874008
342800,6.99637321811397,117.94348716015577,70.23060111385428,99.01633063516633,79.48121908306834,117.29681215224541,100.65190089618198
343200,11.20119522244927,66.19355647538895,69.90054689730927,98.93584079333858,79.42145669510508,117.36900134866733,96.72382623949912
343600,264.58997209976803,59.21435519236361,92.69504199994753,87.406055352675,87.70265351953634,109.9029526422656,101.95829126294777
344000,13.038888475761706,60.26426427750572,91.42073227420887,86.58388284556203,87.81761307705652,110.05198957690087,101.82490500870264
344400,22.550118191519275,63.67530944152246,92.13467448511759,86.96103328565273,83.95784095730674,109.70609696441348,101.73342022131008
344800,24.672712533486404,67.21057730459695,92.57703223237635,87.35271975221386,84.34139866367249,96.81834345371531,101.5986242630815
345200,4.114487436272203,65.79323574736154,65.99339611137523,86.26429980425108,84.24616238772826,96.72905006637467,101.51750780121716
345600,7.763946003793449,14.42803052816662,36.8211928602651,86.47642118255108,83.91349349591425,96.73912569875333,101.51455731667154
346000,8.50042671367615,13.520338175749506,36.8923012266276,62.162783263984934,79.25992600500123,83.22631777682388,101.33940507834514
346400,9.197859121660068,10.849886361777665,37.262597901650054,62.32328813682739,79.2089923769959,68.84291747152496,101.29504731696697
346800,29.32851131118792,11.78104611731797,39.49581171095745,54.86320641240586,79.17615766043005,69.48486724004064,101.73661206398782
347200,8.286657234697818,12.615480077003093,39.2043579121823,54.55245240474577,79.02534649961983,69.36718199937438,101.73607266137033
347600,9.635348568194924,12.989760589883389,13.708895559024992,53.201968779486265,62.84033542145833,69.2042140294085,90.6641412256175
348000,4.125286592785097,12.114732565705179,12.817535370727331,52.11913382246811,61.99510035395046,69.06759365047422,90.60509873566615
348400,4.0256438511989945,11.080289511612962,10.965087936695301,51.54988121090645,61.629051502666925,65.70965270215387,89.95789515886985
348800,17.914919480072015,8.797571145389782,10.289308631353865,51.43317043186511,61.664916045260526,65.82837615559285,79.51253648924303
349200,5.209479362296213,8.18213557090946,10.398807823956265,38.19610196766574,60.97580247748615,65.78432374678528,79.46300161789098
349600,8.432171547494642,7.941500166769404,10.465630378326384,23.643411619295744,61.13949091447618,65.55152771651727,79.48442663466795
350000,10.738576778259237,9.26415820386423,10.689445384784694,23.790873305706146,45.00500397091818,62.117305849947094,68.71894329841604
350400,8.452578764789815,10.149545186582396,10.614917349097668,23.93875762537386,45.08716454091748,62.06047362002134,57.1973174470395
350800,35.06687374966264,13.579936040500519,11.18875359294514,25.342282651951294,40.30505547258562,62.17930664355881,57.82564451062153
351200,2.4222109528983213,13.022482358620943,10.60230896476519,24.903333438473744,39.902404591418914,61.919587115906154,57.614207392452556
351600,11.373595562242937,13.610767161570601,10.77613366416999,12.24251461159749,39.06002374104751,49.82428498213624,57.5185979563608
352000,6.058058860473293,12.674663578013412,10.96941089093881,11.89347313083307,38.40255951195834,49.23867798819755,57.44795709856714
352400,43.33603732942654,19.651355290940757,14.900450238761568,12.932769087728435,39.33340422019148,49.94690118669058,55.547812209475424
352800,404.1792988866972,93.47384031834767,53.52688817942409,31.908098405388976,52.1310763477181,59.630409078801414,63.3680785603591
353200,5.912375354150627,94.17187319859815,53.597177778609534,31.997992801282898,43.329793904647005,59.131146302767,63.346894553150115
353600,162.97498922077736,124.49215193030503,69.0514595459378,39.75854496213209,38.7794275948431,63.117483072341585,66.25151408240139
354000,19.52305531560184,127.18515122133071,69.92990739967206,40.309676392228376,39.170551337028115,51.23622982810665,63.67982615989209
354400,6.3461885334892285,119.78718146214325,69.719268376542,40.167092862819835,39.19892787576324,51.24519049982361,63.59223257132547
354800,10.827424300529998,41.11680654490983,67.29532343162874,39.24203851228694,39.32662957851044,47.052622462346406,63.202510001172804
355200,25.69755425131181,45.07384232434206,69.6228577614701,40.112583363117636,39.8098415461392,47.33251788393171,63.46024124501894
355600,8.54440154490392,14.18772478916737,69.33993835973618,40.05803601195309,31.274989194310386,46.63000239571968,53.72741565765624
356000,7.845422621029747,11.852198250252952,69.51867473579185,40.24404281336532,31.101873665819326,46.18158831791671,53.294677337716415
356400,11.405909095152015,12.864142362585511,66.32566191236438,40.61305607556297,30.73040002927375,46.081468643234714,53.22265333182534
356800,3.432889532927266,11.385235409064965,26.251020976987387,39.888954578205734,30.022405929255115,45.66106250503542,52.9545314584386
357200,8.115409747291517,7.868806508260905,26.471324416301474,40.0342510974555,30.155770006289085,39.115176532560625,52.59918192547389
357600,12.83241239841294,8.72640867896271,11.457066734065034,40.25426314000141,30.32471888610974,31.948837379648573,52.785399804686264
358000,10.418508045792631,9.241025763915285,10.546612007084113,40.23825970337809,30.38865493051362,32.01456650454212,43.09830626390214
358400,7.375161825182923,8.434876309921467,10.649509336253484,40.18438885639774,30.327898353964382,32.06157324088581,43.12605426710959
358800,3.84146636644662,8.516591676625337,9.950913542845145,38.62311848723694,29.478330189139673,31.98270056959412,39.63228067844615
359200,9.319933765264064,8.757496480219848,8.313151494240369,38.96800462785522,29.512772740158546,31.935669033164487,39.52864460599344
359600,7.828524941722984,7.756718988881856,8.241563833922276,38.790751096829226,29.452545285942815,25.516632854213363,38.9523146833602
360000,7.156750707310667,7.1043675211854636,8.172696642550367,38.8456856891711,29.553594089760338,25.369579410002085,38.57980998284344
360400,13.893045630216204,8.407944282192119,8.421410296056788,37.37353610421057,29.882507482394246,25.15315259596951,38.54945697379912
360800,7.717758667109159,9.183202742324626,8.849897209474978,17.550459093231176,29.542602121962148,24.729278749310076,38.29882944592333
361200,8.225263517878306,8.964268692847474,8.860882586533656,17.66610350141756,29.64312826048155,24.83204815135023,33.064317743355225
361600,6.6602306821140616,8.730609840925691,8.243664414903767,9.850365574484396,29.58406356496886,24.804455268308242,27.207802786699617
362000,5.896535681149016,8.47856683569336,7.7914671784394045,9.169039592761752,29.42266219506519,24.739357992495066,27.16994663932157
362400,5.927411990068377,6.885440107663795,7.646692194927951,9.14810076559071,29.33848996924114,24.65759681420527,27.17859703169423
362800,6.7481879983735,6.691525973916663,7.9373643581206395,8.944138950482886,28.394533777531503,24.093088731384913,27.17363332729942
363200,30.18405544762143,11.083284359865289,10.023776526356377,9.168464010298369,29.319928594022272,24.640523686708,27.553290531802862
363600,4.191431449746242,10.589524513391725,9.660067177158702,8.950815505540483,29.08052312360572,24.504425758746788,22.345319718802426
364000,28.14772446682239,15.0397622705264,11.759164553109875,9.965930597830114,29.81684531048402,25.104986705597717,22.647496438623637
364400,5.523824432599902,14.959044759032702,10.922242433348243,9.671826364702508,28.55643821392313,25.142441220132742,22.30697056344525
364800,29.48915931470239,19.507239022298485,13.099382498107568,10.974639853791265,16.066766894856638,25.4317972159985,22.403299499069572
365200,9.430309017954034,15.356489736365003,13.21988704811514,11.04038481732439,16.18403135031675,25.53731795738995,22.50961593070321
365600,6.476038109426848,15.813411068301122,13.201467790846417,10.722566102875087,10.967399646605067,25.48841462143825,22.48385777281588
366000,11.75525372881046,12.534916920698738,13.787339595612565,10.78940338702598,10.708472927045355,25.51383154520203,22.548954313118564
366400,5.674622198079864,12.565076473794731,13.762060616413711,10.704376405670825,10.686087382531708,25.444382631034284,22.47848957464696
366800,7.09852087324179,8.08694878550261,13.79709390390054,10.867229131010586,10.561790601622103,24.745173809123763,22.033889765888034
367200,3.7219670684027713,6.945280395592358,11.150885065978674,10.58733079616752,9.829271028858468,24.77766771201137,21.942595962562137
367600,8.312652928259306,7.312603359358849,11.56300721382998,10.611537195494336,9.821546074970314,24.701144146161784,21.916142049763423
368000,8.505211303370595,6.662594874270877,9.598755897484802,10.678960225297331,9.843539031048344,24.76232295723421,22.003740543975137
368400,15.832596010401922,8.694189636735288,10.629633055265003,10.775937744306619,9.991095261556673,24.0747369242586,22.239879587159194
368800,16.432298498938042,10.560945161874539,9.32394697368857,11.211664735898061,10.424408893757033,14.38106191456462,22.210227167536512
369200,4.539097559579091,10.724371260109802,8.834825827851073,11.027356437983102,10.305198487499952,14.34672996970033,22.19681953148217
369600,6.439719387433897,10.349784551944719,8.831193955651779,11.016330873249093,10.092108720467316,10.433348223866743,22.156970488280958
370000,30.624825535680497,14.773707398406703,10.718151136338783,12.252745365975667,10.765652636796913,10.710892479368711,22.55469546342938
370400,325.1106375320072,76.62931570272777,42.66175266973151,28.21190664307261,21.356835160357722,18.68000370433166,28.887856638773734
370800,9.026215284567945,75.14809905985375,42.85452211086413,28.325808007382328,21.5296601242951,18.63497347893261,28.36704346947183
371200,20.16392636551445,78.27306482104082,44.4987180405753,27.824801553276984,21.891126544303447,18.496632781787675,28.721877777724156
371600,8.8402857702108,78.75317809759619,44.55148132477045,28.057244269300213,21.92485190525304,18.504029887420348,28.67121158188351
372000,37.87149648380972,80.20251228722205,47.48810984281435,28.543432870149577,22.948676764469674,19.254681733989848,29.307480334350245
372400,175.6039809551698,50.30118097185455,63.46524833729114,37.04744069627807,28.33904127530146,23.359633530490292,31.95283920686511
372800,10.03587383167066,50.5031126812751,62.8256058705644,36.07477642212648,28.416311780786845,23.524708137958875,24.069970705764575
373200,1.6288639146063542,46.79610019109347,62.53458250606714,35.684704166959094,28.19643179401111,23.362544492141748,23.98430047697369
373600,12.12089797377399,47.452222631806116,63.102700364701136,35.96694716017646,28.378454037066444,23.344756631525772,20.967218652033626
374000,13.86604977421966,42.6511332898881,61.42682278855507,36.072486962446916,28.644104506835465,23.43094517473645,20.854078541205983
374400,178.23087808066563,43.17651271498727,46.7388468434209,44.70029975657621,34.38755337652204,27.702338081123514,24.291772332149513
374800,10.52059016390614,43.27345598143437,46.88828433135471,44.871403221109425,34.51330011537313,27.869316176060003,24.28563564941703
375200,19.221216861231564,46.7919265707594,46.79401338092643,45.64636571075086,34.14787216249347,28.11684825345919,24.156108901615426
375600,8.269626959396831,46.02167236788397,46.73694749984503,45.64421441230774,34.28381201281515,28.127875803901038,24.150613409905286
376000,14.065484627305937,46.06155933850123,44.35634631419465,45.92222807850451,33.8144040181646,28.300594151900917,24.275014650030812
376400,23.29101044651728,15.073585811671563,29.12504926332941,46.29514880031027,34.40664355196184,28.535543272308445,24.512716677058116
376800,4.259153460237165,13.821298470937768,28.54737722618605,45.68649154837523,33.565643356813005,28.44907814213665,24.529241955604313
377200,37.067969259500806,17.39064895059162,32.0912877606755,47.31293513337131,34.486898698197905,29.17014578567721,25.108293145848496
377600,4.05106004585086,16.54693556788242,31.284303967883183,47.19350216629216,34.4060660960787,29.104916519770633,24.932666098797252
378000,19.46581733052407,17.62700210852605,31.844280723513627,46.635551756034346,34.663084882802494,29.444148561005004,25.113612284491886
378400,18.808552580244488,16.73051053527149,15.902048173471513,31.320447508446204,35.10088256220797,29.76617707575941,25.34228009959312
378800,3.977656240283511,16.67421109128076,15.24775478110925,31.068019556231985,34.99685374110937,29.696913781807154,25.345003897069855
379200,75.10620188544885,24.28185761647037,20.836253283530983,33.815133332228704,37.3763282350109,30.81996744275284,26.660729259473552
379600,10.242810934325965,25.52020779416539,21.033571681023894,33.885259590434465,37.44066683521312,30.97125192986734,26.709014979325605
380000,15.528938788735571,24.73283208580769,21.179917097166857,32.76813170568076,37.674791084725285,30.655782287915166,26.876458740954106
380400,6.124172935587527,22.1959561568763,19.46323334607388,24.294141304701643,37.35117698223148,30.670791000489857,26.721081287061534
380800,12.432105629321144,23.886846034683828,20.280528562982276,24.413952894584167,37.21783721991092,30.244364658355323,26.81536822630578
381200,6.390327140460492,10.143671085686154,17.21276435107825,24.652026055876874,37.279544872606955,30.16836511141799,26.778669498757417
381600,5.323218692839195,9.1597526373888,17.339980215777082,24.312142091830133,37.24232818278713,30.1395446260033,26.751929258971916
382000,4.626099499663276,6.979184779574341,15.856008432691002,23.850144578102316,36.37570398158656,29.96131577027462,26.726520535342207
382400,7.274326839660471,7.209215560388929,14.702585858632602,15.302317016052054,25.781160291841672,30.001308386314133,26.753458832334044
382800,1.6827623253101631,5.059346899586734,14.473096467135267,14.86042562412226,25.53637852653308,29.865914422615838,26.65215031887278
383200,15.03448535156522,6.788178541807679,8.465924813746902,14.65108904863894,25.365397159401436,30.1487273796949,26.349158916951655
383600,2.4573805660950208,6.215010916458844,7.687381776923809,14.36047672897385,25.152633652597576,30.002345570640795,26.314477899278632
384000,7.935990290617134,6.876989074649616,6.9280869271119645,14.054002012139412,24.154783446157825,29.988115045321962,25.910243215754527
384400,3.723386946440896,6.166801096005701,6.688008328197301,13.075620837135592,18.42543031253353,29.685384818722934,25.87423446603135
384800,10.542802700673594,7.938809171078387,6.499078035332547,13.389803299157412,18.442327941500295,29.538147423766326,25.49530733375077
385200,2.365271730021138,5.404966446769571,6.09657249428861,11.65466842268343,18.466874868680787,29.483801778027374,25.354006587992114
385600,5.6655627060100215,6.046602874752571,6.1308068956056925,11.735393555691386,18.251697026421986,29.464447860991775,25.337797079923774
386000,4.220346288725286,5.3034740743742015,6.090231574511894,10.973120003601448,17.93017357690551,28.80433587981789,25.187098931122073
386400,5.429749414878384,5.644746568061699,5.905773832033686,10.304179845333143,12.170135954712599,20.812313676889676,25.182201475458047
386800,15.176568514894312,6.571499730905842,7.2551544509921,10.864125459063683,12.325335233078873,20.966072507647834,25.343762428291093
387200,4.705752270925792,7.039595839086774,6.222281142928158,7.34410297833753,11.841486413402013,20.57961815528312,25.363438132341553
387600,2.825586146981429,6.471600527281055,6.259101701016799,6.973241738970303,11.6600183863215,20.429250664702383,25.253696796716
388000,24.765220189552902,10.580575307446578,7.942024690910375,7.43505580901117,12.0166762383964,20.10159375734596,25.57889697443964
388400,10.330774929137656,11.560780410298431,8.602763489180052,7.645385908688676,11.584668387817079,15.969763606695162,25.46886055281436
388800,41.17715463103899,16.760897633527367,11.666198682216592,9.082638358774568,12.815268426843806,16.74829562667937,25.963757675456378
389200,2.3283199847915625,16.28541117630052,11.662503507693634,8.879538000991122,11.657280117686831,16.765782028433996,25.91954212396063
389600,6.043025284662993,16.928899003836833,11.700249765558931,8.915528330582312,11.72367895898057,16.613835211206226,25.911608241905206
390000,12.63103305153441,14.502061576233135,12.541318441839842,9.31577500817587,11.49585281634758,16.58295979313909,25.551732392222284
390400,15.309313681547474,15.497769326715098,13.529274868506752,9.717524350270219,11.379211519724345,12.509920683161138,19.35570591521309
390800,8.2414282558097,8.910624051669242,12.83576084259829,10.045457646795196,11.521337253575219,12.452941635458727,19.340010174637925
391200,7.391166141268385,9.923193282964606,13.104302229632548,9.663291686280353,9.26416939543587,12.157190367459647,19.084554970153008
391600,4.87120938754362,9.688830103540731,13.308864553688768,9.783983127352784,9.085116010543125,12.072229928163317,19.00517344249966
392000,5.866893867783004,8.33600226679045,11.419031921511777,9.680528306211077,8.763047846511371,11.867265159175243,18.365081390179125
392400,5.179817664239304,6.310103063328816,10.903936195021943,9.753349842100999,8.73156933746643,11.414485339618293,14.956598124360516
392800,4.422677141748195,5.546352840516516,7.228488446092864,9.447343564154727,8.464588387880667,11.418573431656071,14.844334190562067
393200,7.337641104212209,5.535647833105281,7.7294205580349296,9.695962032864282,8.496165520005725,10.675315227773854,14.958509734354184
393600,13.807536584294215,7.3229132724554,8.50587168799805,10.10306072677849,8.778976116387557,10.91922714123494,14.992242506564589
394000,10.593944097771056,8.26832331845301,8.302162792621717,10.421740617230778,8.977904269657818,10.697430310416113,14.926800393035617
394400,6.949393422827569,8.622238470170663,7.466170766749725,10.497722817628238,8.967073155763387,10.400951331480691,11.501170699878855
394800,6.509049402591022,9.03951292233923,7.292932881427857,10.064346862013073,9.12794939167275,10.46423616053838,11.420939884652553
395200,2.965385474073327,8.165061796311452,6.850354814708352,9.97732852217045,8.725646062423019,8.66071575025399,11.095823256909389
395600,21.39483009437204,9.682520498327017,8.502716885391195,10.905790719539981,9.356894380032253,8.939516229255144,11.358327319608891
396000,2.644364626957945,8.092604604164395,8.180463961308687,9.799747941410233,9.18050685791028,8.617401875210701,11.129904919601934
396400,22.566781024415985,11.216082124482076,9.919160297326355,10.41154824617415,9.808619993842784,9.028467077431412,11.115420331159907
396800,21.13846097362025,14.141964438687925,11.590738680513562,9.409613563303212,10.161808602941004,9.24612596103889,11.453006481427566
397200,5.0123045447166925,14.551348252816599,11.358205024564011,9.54381279129947,10.250043030097524,9.211675396145296,10.811893187131886
397600,3.901238256875963,11.052629885317382,10.367575191822185,9.436723439910118,10.191232215126387,9.176125885246215,10.808896751352387
398000,4.211480387556963,11.366053037437187,9.729328820800776,9.015745806711246,10.190936685087445,9.165760407443557,10.503810012493044
398400,2.509664246699207,7.354629681893829,9.285355903187938,8.375763334968832,10.093600512814806,9.046643842619527,10.17783224582214
398800,17.206513361865166,6.568240159542813,10.355102299115353,8.824017590271605,10.161265341047168,9.4347376185334,10.442409388253775
399200,2.5351756740037232,6.0728143854002195,10.312081319108392,8.581218066908374,10.088912787816431,9.122254876594365,8.990988864024873
399600,13.394448749201311,7.971456483865287,9.51204318459132,9.007380034991257,10.44120820789043,9.39568158117202,9.054021620322379
400000,3.131591215595031,7.755478649472903,9.56076584345503,8.87061490238186,9.720087242091832,9.275571604296468,8.806074668859567
400400,2.45038755043682,7.743623310220424,7.549126496057113,8.734143396691733,9.457407662801804,9.243746619396365,8.732598961156553
400800,1.445256436956823,4.5913719252387555,5.57980604239077,8.585272361452166,8.1330110563324,9.016307962803447,8.512861977309266
401200,2.605380170205192,4.605412824479049,5.3391136049396195,8.348659314751815,8.142246395846188,9.022310673808047,8.43716303790416
401600,4.925928680043138,2.911708810647415,5.441582647256338,7.9045789195392615,8.105009842358859,9.003819823158876,8.429217237648238
402000,8.800551935154514,4.045500954559312,5.900489802016092,7.814909311408435,7.977327138479528,9.118324964319607,8.512706286358064
402400,14.596862621716962,6.47479596881534,7.109209639517869,8.197282771352905,7.9535787698185105,9.347502794490572,8.659157001999194
402800,15.443481054712825,9.27444089236654,6.932906408802634,8.644004353958994,8.193647196448616,9.354175607986035,8.934371376587247
403200,3.075699352029793,9.36850472873146,6.98695877660524,8.649520047856816,8.049798303473995,9.313424285013635,8.695195656596539
403600,10.13377744828896,10.410074482380626,6.660891646514005,8.086467415552665,8.225217238832174,9.496129067546322,8.848723594240418
404000,4.727819968764999,9.595528089102721,6.820514521831003,8.190640182643016,8.187248108864907,8.995194062026624,8.784560187803374
404400,1.5831760019956018,6.992790765158451,6.733793366986882,7.1414599315219975,8.067360053456783,8.776504088848075,8.74175596891447
404800,7.459186892025277,5.3959319326209405,7.3351864124937265,6.457496227442247,8.168577045132686,7.93355489537273,8.680083652741503
405200,3.239805676868252,5.428753197588632,7.398628963160033,6.368871284049826,8.031982530887888,7.956342037674648,8.697574331678446
405600,4.825165532884799,4.3670308145078,7.388552648444199,6.415067647850267,7.732570162507574,7.925895543880193,8.680766388215941
406000,3.5931035545110683,4.140087531657015,6.867807810379853,6.384148806197973,7.499208811065574,7.699947306454609,8.668221533531657
406400,3.611810424728256,4.5458144162035445,5.769302590680983,6.439256115099425,7.387956044462263,7.40750972503413,8.631862753728655
406800,1.8698560485118776,3.427948247500865,4.411940090060888,5.672423249431761,7.233316265992959,7.248220419851684,8.365728504401005
407200,5.316350621784554,3.843257236484125,4.636005217036365,5.811481996820803,7.311681770916666,7.196350031864588,8.37794047141818
407600,2.6151378274829065,3.4012516954037464,3.8841412549557597,5.272516450734882,6.685692028687029,7.1399482428630705,8.37373150502821
408000,4.06556788248879,3.4957445609992917,3.8179160463281376,5.31921528407957,6.733065470538056,7.094915093230715,7.959738458886927
408400,5.290612316248063,3.8315049393032523,4.188659677753384,5.461226522370133,6.157193180265793,7.097684959530935,7.858935206629136
408800,3.9460974439247134,4.24675321838582,3.837350732943328,5.586268572718527,5.584114395942608,7.0857704670853465,7.114314062886851
409200,4.290196939152104,4.04152248185933,3.9423898591717133,5.670509411165872,5.560044142423789,7.009584362958845,7.153551601974061
409600,4.331216695940286,4.384738255550806,3.8929949754772624,5.64077381196073,5.574376757059267,6.772676365749996,7.119315430199607
410000,4.764020380404104,4.524428755133869,4.010086658066565,5.4389472342232095,5.592794756820838,6.626928272815822,6.961975176777
410400,8.662465495288783,5.198799390942012,4.515152165122618,5.142227377901801,5.7978881317738225,6.669755074627352,6.8290382130518275
410800,5.133406257211703,5.4362611535994105,4.841507185992601,4.6267236380267445,5.395451228285375,6.6353639959928685,6.766877773079867
411200,5.367285391136661,5.651678843996322,4.846600662927811,4.741302939982088,5.4898548855231395,6.695411493919453,6.726400158077232
411600,2.343572425200061,5.254149989848277,4.819444122699527,4.3517926888276435,5.1214923413897635,6.219130052190153,6.675847418830362
412000,3.445851160908626,4.990516145949181,4.757472450541511,4.287694248434824,5.131967672900217,6.23916721553892,6.6274265646928745
412400,5.549120358131412,4.367847118517707,4.783323254729845,4.485991466241615,5.235258766490037,5.813725698881806,6.634812618570717
412800,7.247602695247093,4.7906864061247845,5.113473779862083,4.475412256402706,5.428670308433046,5.466454241922477,6.691311129640693
413200,4.720379144199782,4.661305156737408,5.1564920003668515,4.549440929769283,5.499170274232865,5.459156106909554,6.638965890440445
413600,4.736253484423719,5.139841368582141,5.196995679215194,4.5449953273462285,5.4928477677122185,5.480031487598248,6.457540228443036
414000,6.3058744675422735,5.7118460299088705,5.351181087929012,4.680633872997788,5.409691852125143,5.532391339597881,6.37177883583846
414400,8.628817598093368,6.327785477901261,5.34781629820947,4.931484231666044,5.210757018004357,5.685370173382735,6.405367319343775
414800,7.611745093901134,6.4006139576320695,5.595650181878414,5.218578683935506,4.9496991526439675,5.445500966683634,6.427421233169977
415200,5.716511041769707,6.599840337146054,5.630572746941718,5.2385867049347645,5.037726208968632,5.5250343508777835,6.4824437445239065
415600,6.647209603419757,6.982031560945262,6.060936464763687,5.440190293731607,4.921507280806324,5.3563533722332455,6.18749133470486
416000,7.956986035188137,7.312253874474434,6.512049952191639,5.634761201366574,5.029146149687096,5.476988242723072,6.293743762869464
416400,5.443598293458701,6.675210013547502,6.501497745724367,5.642410500227106,5.157826892735866,5.551818511298619,5.951280108250319
416800,6.169691944592215,6.386799383685718,6.393706670658879,5.753590225260481,5.114843727821429,5.669929398989504,5.651904727669757
417200,5.4824718006415925,6.339991535460095,6.46991593630306,5.813203968334956,5.189599265280541,5.741856689750414,5.661308072788255
417600,5.991801442663958,6.2089099033089346,6.595470732127085,5.896233205671139,5.228487128939847,5.768503508815934,5.703119336504014
418000,5.72292458192273,5.762097612655854,6.537175743565131,5.9441784157470705,5.299481163186902,5.69156282498514,5.733348220391331
418400,5.493082977444246,5.7719945494529625,6.223602281500217,5.785709289854844,5.362190248277435,5.463968333878322,5.793016595006232
418800,6.082364611566238,5.754529082847767,6.0706642332667275,5.833157207572571,5.502607200379248,5.2299404227996575,5.570533620000253
419200,5.987696909537058,5.85557410462686,6.097782820043463,5.864177783492591,5.524985409970998,5.30274036173734,5.63958404471092
419600,5.925470810657199,5.842307978225508,6.025608940767208,6.043272702765448,5.635329842743474,5.197532695796545,5.490204485940037
420000,7.644014309387557,6.226525923718474,5.99431176818715,6.253180860189394,5.754611390306766,5.270437554312109,5.580452947815887
420400,6.818778518112441,6.491665031852112,6.131829790652523,6.316663768188445,5.805550263702245,5.4013276172150295,5.667820767169401
420800,18.791715216619576,9.033535152862779,7.394032117855259,6.893869394257069,6.3004041894587415,5.684640825329888,6.014749942762656
421200,4.334983832351419,8.702992537425652,7.279283321026243,6.874599628664652,6.301897085898718,5.712020279216967,6.04934201600558
421600,8.818089884830094,9.281516352260232,7.561912165242856,7.078691448684969,6.451459525528378,5.811843388015599,6.127185240101319
422000,17.959201526045494,11.344553795591818,8.785539859655131,7.661357801610132,6.891298897049757,6.17099583730396,6.310358231919139
422400,8.922674761564695,11.765333044282269,9.128499038067178,7.676050659783698,6.899972539258955,6.303767445724871,6.196874474716093
422800,19.04470062166361,11.815930125291075,10.424732639076913,8.24769843617182,7.363682351407351,6.733138560053663,6.268898866055108
423200,2.9757704625288777,11.544087451326568,10.123539994376095,8.11066140720978,7.283965187120426,6.674624056072271,6.26690028826509
423600,3.066642337359631,10.393797941832476,9.83765714704634,7.931633043906773,7.308067517525744,6.68591166881919,6.125557586046504
424000,12.102775135394111,9.222512663702199,10.283533229646995,8.138922498917072,7.596631650008594,6.886841850141823,6.273056689379087
424400,14.671994115956258,10.372376534580512,11.068854789431377,8.60034229004195,7.900727441936089,7.1213763951345275,6.534833051658299
424800,5.891918742676882,7.741820158783166,9.778875142037107,8.586453629946183,7.855537976850415,7.170021927603332,6.503487688671332
425200,7.379394713922037,8.622545009061799,10.083316230194168,8.681299775610205,7.944171829174491,7.24725187197258,6.586279469412407
425600,10.646354624175872,10.138487466425046,10.266142704128747,8.914027434685801,8.141175200499562,7.40513032017847,6.702703251238229
426000,6.724905130941002,9.062913465534425,9.142713064618295,8.964126462136715,8.15514288927952,7.454152438941892,6.765339282766827
426400,12.788631858377949,8.686241014018762,9.529308774299622,9.3289039061834,8.29380336462234,7.557306598019122,6.948875711439821
426800,6.319277206508009,8.771712706784989,8.256766432784064,9.340749535930488,8.250721101709235,7.586953371751529,7.037864134599744
427200,6.628002305556325,8.621434225111845,8.621989617086808,9.372764805731453,8.281104143835455,7.618471294612021,7.064097168275179
427600,1.7574230838931235,6.8436479170552955,8.491067691740158,9.164362419393248,8.118111259851235,7.603817561079348,7.046942873403383
428000,4.898279748433907,6.478322840553877,7.770618153044137,9.027075691345566,8.016154383626093,7.640128275767479,7.063597110722286
428400,2.957381645150708,4.512072797908429,6.59915690596358,8.83400584769748,7.933280495349161,7.575334807942961,7.016932497300338
428800,18.701442378844856,6.9885058323757985,7.8801092695803785,8.829492205808743,8.35100550982425,7.861680800032907,7.312039395998742
429200,6.3365438256477,6.930214136394073,7.775824180752944,8.929570205473556,8.379474577324451,7.902084917069104,7.352966333728652
429600,6.530022562321356,7.88473403207972,7.364190974567494,8.81516683934812,8.397415281313032,7.946929144016545,7.396942451056275
430000,71.33115446021,21.17130897443494,13.824815907494393,11.483764486056344,10.58435627725594,9.572561143833237,8.728285132652394
430400,9.086868259134686,22.397206297231737,13.454639547570068,11.491974160934843,10.704149119978954,9.584012410359271,8.73677318792931
430800,2.822505545073474,19.22141893047746,13.104962381426613,10.680864407105338,10.595487151095863,9.46428142163858,8.690555173686548
431200,6.690484953821208,19.292207156112163,13.111210646253102,10.866600131669953,10.618913419238668,9.488630769439867,8.717019164940238
431600,6.34647999367168,19.255498642382225,13.570116337230957,11.030592014485558,10.632947058672483,9.481112529196164,8.79707731630967
432000,374.6288927390665,79.91504629815351,50.54317763629422,29.156897894669175,22.865776339661785,18.647910196793124,16.220738147872826
432400,15.37961544490288,81.17359573530715,51.78540101626944,29.192278961116507,23.151137570554795,18.89631062557923,16.417348049608258
432800,1.3149805866159217,80.87209074361564,50.04675483704654,28.96343205331346,22.568579749554672,18.77494284162982,16.298695607435633
433200,29.84051470950384,85.50209669475217,52.39715192543215,30.086488053092545,23.41876411212642,19.38389391435138,16.801098318741712
433600,8.857596103502047,86.00431991671825,52.629909279550226,29.997050127058856,23.42008098608215,19.455538780872327,16.88352517112328
434000,37.66959173960127,18.612459716825203,49.26375300748935,31.54428445749187,24.077093993200677,20.254205459814294,17.51079951656446
434400,2.62622551570181,16.06178173098499,48.61768873314607,31.03616414035806,23.867212351671917,20.18253402327073,17.39074767491663
434800,5.401224550476181,16.87903052375704,48.875560633686334,30.990261507556472,23.41242981596567,20.16550552174348,17.34653726404813
435200,8.246021823801824,12.56013194661664,49.0311143206844,31.071162483468743,23.588104861341435,20.2219636446001,17.397127479688773
435600,7.052853912449373,12.199183508406104,49.10175171256216,31.335934024896563,23.72097858051109,20.250148222144905,17.405240365869364
436000,7.880592723146233,6.241383705115096,12.426921710970138,31.485049673632176,23.580239166769495,20.256062682488867,17.403712499628526
436400,2.755216500140932,6.26718190200292,11.164481816493943,31.474941416381682,23.183013246242318,20.154473632039583,17.349944863762172
436800,12.100278043253828,7.606992600558449,12.243011562157735,31.144883199602134,23.38995855626155,19.987187702705437,17.468556585735403
437200,2.6003163020388738,6.47785149620586,9.518991721411238,30.958071823421694,23.23065594253211,19.943821014447625,17.41091347576335
437600,29.49739048392588,10.96675881050116,11.58297115945362,32.10644021950192,23.859023804523776,20.46080352942502,17.881025256588586
438000,6.596348524963136,10.70990997086454,8.475646837989807,28.869699922739574,23.85473858432452,20.17673220439796,17.898493735449396
438400,2.188858085928266,10.596638288022008,8.431910095012451,28.52479941407925,23.501412791909527,20.00838678750705,17.832409237619075
438800,3.0561109603059338,8.78780487143243,8.197398735995428,28.536479684840877,23.39264058370279,19.60867204597311,17.77188416459387
439200,11.167566984756032,10.50125500797586,8.489553252090849,28.760333786387623,23.54395940634278,19.813466959028787,17.875481566098248
439600,3.7653108421433457,5.354839079619355,8.160798945060247,28.631275328811206,23.61088899828445,19.83093367164838,17.832278366727973
440000,8.356008812807222,5.706771137188172,8.208340554026345,10.317631132498242,23.726146633763566,19.737264513583707,17.846518256796365
440400,394.3050316812084,84.1300058562442,47.36332207213309,29.263901944313517,36.771068301632155,29.22809045271501,25.596243320058285
440800,27.02283817192289,88.92335129856758,48.855578085000005,30.54929482357887,37.048448161401424,29.756363438446165,25.76086577916435
441200,522.350373462119,191.15991259404018,100.83058380100802,55.17478776120963,54.2489091492838,42.63063790715108,36.1211735717597
441600,155.0780796102746,221.42246634766644,113.38865271364288,62.485811936548245,59.20051105088225,46.24143103180355,39.04637336626859
442000,3.789025229717232,220.50906963104845,113.1079203841183,60.79178361105405,56.94910674319915,46.168034034272964,38.76296984034202
442400,6.398612470024284,142.9277857888116,113.5288958225279,60.98040295877017,56.85949821689546,46.00828354956412,38.71248859451122
442800,302.2940123189056,197.98202061820817,143.45268595838786,75.82504234719164,66.8418817760232,53.40765192737406,44.37747482845606
443200,13.845081388796547,96.28096220354365,143.72043739879194,76.10499532544138,67.08036832385571,53.58807890445506,44.59486104698141
443600,418.6768398623502,149.00071425395876,185.2115903008126,96.68619462293643,80.82471365281167,64.01106432391649,52.90706499748122
444000,339.1653749076756,216.07598418955044,218.29252691029942,113.2504337321629,79.6425963917653,72.36774170289752,59.44831699292685
444400,432.78471361006046,301.35320441755766,222.14049510318463,134.75190858765887,93.55609966393722,83.11342500202028,67.81057138280894
444800,5.939437207609875,242.08228939529855,220.03215500675333,134.4438665458767,93.71024821797035,82.79437487273941,67.8115217521076
445200,29.577845139706408,245.22884214548048,170.75490217451207,135.79274298776005,93.70149256564378,83.37540740559088,68.25549076062329
445600,6.5547166191251565,162.8044174968355,155.90256587539713,134.64560929452,93.62472991616455,83.37602475701097,68.17365800052227
446000,361.2783718337673,167.22701688205385,191.65150053580214,152.37971045996022,104.41168925263675,90.62470519134989,75.2647273345788
446400,244.96476486663047,129.66302713336785,215.50811577546273,164.51850579899533,112.48964056433438,96.52165260653729,79.90824999474384
446800,988.1449587702276,326.10413144589137,284.09321042059497,213.7729481894914,145.2477650383261,121.15471393716614,99.54476362601822
447200,384.9079490633228,397.1701522306147,321.1994971880476,232.45996729341974,157.8031626129768,130.61015053990369,107.11036256117357
447600,14.266522746543934,398.7125134560984,280.75846547646694,232.9850278886398,158.04361824077992,130.8081516087255,107.36054455442658
448000,12.465206833831528,328.94988045611126,248.08844866908257,233.190487789691,158.19643871113612,121.75405946109463,107.51188309613455
448400,20.95900773391938,284.14872902956904,206.90587808146847,214.52318659232657,158.80323175226204,121.89354426832003,107.8719156179099
448800,5.407078985433308,87.60115307261019,206.85264225925079,213.44239863300203,158.5801251170014,121.99584672829046,107.60602835004167
449200,16.69497088652009,13.958557437249647,205.56435483393216,188.15962850422213,159.04994693648408,121.66720813271588,107.81319689125912
449600,7.566286099351466,12.618510107811154,205.66551178195476,180.78403882867593,158.31891012366492,121.63492538261212,107.83392216199972
450000,899.2541946944923,189.97630767994332,259.4630940680273,225.5572973019147,188.07417166264923,143.17454045648438,124.39238296668537
450400,7.906113892219783,187.36572891160338,235.75722897058623,225.63267237302452,188.2647468561923,143.30653766589734,124.36876787934708
450800,7.4983853821991,187.78399019095656,137.69257163178335,210.89289102618918,188.41282267025542,143.3589666866904,124.4622854760896
451200,5.045838312673175,185.45416367618716,99.70636055671841,210.452928872383,188.20876504785264,143.2789620989122,124.42939254326662
451600,8.770077150795442,185.69492188647595,99.15671599714355,189.95759073680526,188.37559059147438,143.32189267987084,124.4778644864091
452000,29.285672720981683,11.701217491773836,100.83876258585857,174.4636056274706,189.0732460550802,143.85701967981672,117.5710000860474
452400,7.647180433313326,11.649430799992544,99.50757985579796,153.2067289686332,176.1846510134837,143.97931877814602,117.41635138581562
452800,132.46957018138767,36.64366775983026,112.2138289753934,159.53323561732208,179.69954208046585,146.98855108159938,120.03944317771105
453200,405.8253036424126,116.79956082577814,151.12686225098264,178.3456085424574,175.81537308647563,157.06917576510872,127.55913895636924
453600,5.437119464517721,116.1329692885226,150.91394558749928,178.28972868472704,170.82734108161705,156.46766898962352,127.49072942358954
454000,6.209476607337059,111.51773006579367,61.60947377878375,160.5362839234055,170.9080227942044,156.45799719168286,126.86152712094425
454400,2.9266143620433303,110.57361685153967,61.111523825766106,148.43437639817617,170.79228952393836,156.47644109858575,126.86753489787108
454800,7.545327207921477,85.58876825684645,61.11621800833835,99.40439482006084,160.96733335357223,156.58867150477613,126.91041695101998
455200,8.30039826410999,6.083787181185928,61.441674003482035,80.57401728010021,160.78251058274932,156.51699228675997,126.91150447982616
455600,4.264392570351228,5.849241802352628,60.991105545437605,80.07391077129058,146.9687623396827,156.5294693299652,126.85573525298419
456000,77.22209498058844,20.051765477002903,65.78474777139829,83.31175517862843,138.23731967544649,158.25112148415968,128.24256529813303
456400,10.023300152308412,21.47110263505592,66.0223597432978,82.76496979954788,124.14527256018808,148.6440781959372,128.3879269711764
456800,8.298836463018324,21.62180448607529,53.60528637146086,82.90955767342713,124.22391920203502,148.1759781532146,128.3118981395717
457200,7.093785479377414,21.380481929128774,13.732134555157339,82.42949840306999,123.47445054669073,135.29456345364605,128.40176752311845
457600,3.2510053651476007,21.17780448808805,13.513523145220327,82.2137343663598,123.3643268382248,131.4988865975179,127.8768398207429
458000,4.942739453313642,6.72193338263309,13.386849429817985,37.498161604300876,111.48647242554301,131.52772945310778,127.8437676393099
458400,3.135886778464436,5.344450707864295,13.407776671460095,37.259650248613106,103.42550982260414,131.4461613108188,127.86270821316062
458800,27.59615255219044,9.203913925698718,15.412859205886992,38.26453860711267,71.4072162820029,124.5787148166509,128.3535090449983
459200,8.842560971857328,9.5536690241947,15.467075476661728,38.454374740071884,58.87170334562072,124.45365180622744,128.30700892474033
459600,30.312159055895886,14.965899762344359,18.071852125216193,39.5314788353269,59.406557889265784,114.74453478606608,128.8379458890154
460000,8.084338929009458,15.59421965748352,11.158076520058295,38.47141214572829,59.26052895910505,106.46750888659942,128.83251249133943
460400,67.80154681300442,28.527351664391517,16.935901186127897,41.479130464712846,60.82194692840788,97.34292971667301,122.30244279397535
460800,8.230368039581034,24.65419476186964,16.929054343784166,35.26717035762251,60.91605656354615,97.4002029874723,121.92659339132851
461200,8.394221335323092,24.56452683456279,17.059097929378733,15.395616242268037,60.63936491183958,96.87061239236272,111.6474703487926
461600,5.339857845172985,19.570066592418208,17.267983177381275,15.390753161300802,60.565150636700295,96.84024092301391,108.65270591349055
462000,134.6449190310244,44.88218261282119,30.238201135152348,21.812525282485165,35.07817478125136,91.17440460294534,111.2698237895167
462400,26.432952114921964,36.6084636732047,32.5679076687981,22.9878421701291,35.695736055341435,85.71110928415263,111.67051058241465
462800,6.180189351812507,36.198427935651,30.426311348760304,22.919585277323648,35.65179618766188,61.161990048692246,105.74823412307279
463200,7.939502572538333,36.107484183094044,30.336005508828407,22.901540492745067,35.74825166299072,51.737778886422646,105.63012254674763
463600,7.796112490948154,36.59873511224908,28.084400852333637,23.078126488774913,35.715786174329146,51.57601863003275,97.41250799931959
464000,7.6091245694528595,11.191576219934776,28.036879416377978,19.597477968218136,34.99323456927819,51.45461657342329,90.78138299255514
464400,4.763732011543284,6.857732199259038,21.73309793623186,19.334499561179875,34.89711962188585,51.04973468036388,82.22096336058479
464800,2.669916444431579,6.155677617782853,21.177052776716913,19.05305356025054,30.570464497320646,50.98130561683884,82.15557294532123
465200,4.910891401558889,5.549955383586965,20.828719783340496,18.943908856359613,17.206650755958854,50.686703629714806,81.66223387055828
465600,95.85103149543023,23.16093918448338,29.87983714836622,23.573910162873744,20.22044782365594,52.89382226461678,83.44816016808437
466000,18.08888887374728,25.256892045342266,18.224234132638507,24.23121763389543,20.616428232536283,30.864689619098147,76.58437050888398
466400,3.699237897935757,25.043993222620763,15.950862710939887,24.259385189868993,20.642182350399363,30.759517719241053,71.75905996951008
466800,2.5062629512885706,25.01126252399216,15.583470070887495,23.0048907098239,20.47421354184493,30.634714658468283,52.0462860531313
467200,24.4165028412176,28.912384811923904,17.23117009775542,23.783587803291915,21.011417027748518,31.118981271681896,44.8364571286892
467600,76.36278604782268,25.014735722402392,24.087837453442877,26.08611915288825,23.4146968103309,32.808798994107576,46.07838239471477
468000,95.72126010365758,40.54120996838445,32.899051006863345,30.467965211620662,24.031335647766536,34.46968867867447,47.7435034601113
468400,7.312750689796049,41.26391252675651,33.15395287468862,27.443525405460242,23.940983999016126,34.461327935086544,47.47057831922883
468800,11.2018711434243,43.00303416518366,34.00714834458789,27.592100560652405,24.03775182169632,31.42963545913746,47.58647416238865
469200,2.379356118402666,38.595604820620665,33.753994816272275,27.291357299806386,23.8806041763305,21.343486771037213,47.3001618670263
469600,19.48317007233855,27.219681625523844,26.117208673963102,27.998522911164663,24.421676333236867,21.694638036232732,47.538499546486044
470000,5.382320324677328,9.151893669727793,24.84655181905611,21.53539297584731,24.436329028948986,21.67395912916624,29.66106205908974
470400,8.337048827455632,9.35675329725971,25.310332912008096,20.63059781147399,24.609701097248696,21.809219990801544,29.66968075779446
470800,4.170351404885216,7.950449349551893,25.47674175736776,20.530105914127628,23.828841059005185,21.724845595725636,29.603120078248182
471200,8.514880476479567,9.177554221167274,23.886579520893957,20.55887480932469,23.817918375825926,21.730207651034878,29.67250092152431
471600,5.76133536947176,6.4331872805939145,16.826434453058866,20.45713595325087,22.999557586278456,21.76763122101289,29.612326085897834
472000,8.104699287138565,6.977663073086163,8.064778371406963,20.481914689135152,23.000236264882762,20.039696328676644,29.188706617220973
472400,65.38644863846073,18.387543035287184,13.872148166273433,23.513050520481027,22.91973299239797,21.423775040830453,30.34349198132392
472800,3.0799928474992275,18.169471323809987,13.059960336680925,23.53355434063441,22.74805381932858,21.293303950442475,27.75570043464615
473200,4.3862640500631365,17.343748038526698,13.260651129846972,23.507322973059622,22.614455243153248,21.225615914709618,19.726919642799164
473600,8.863303435267094,17.964141651685768,12.198664466139826,19.157936570051465,22.731903429489716,21.365923366462606,19.79544332221415
474000,2.3635475454909285,16.815911303356238,11.896787188221186,18.37166950363865,18.322524379971934,21.301443568767034,19.718524740977227
474400,84.28570069295593,20.59576171425528,19.491652374771217,22.400992643389657,20.250949332573065,23.330188916629325,21.345706467595484
474800,175.49978854183283,55.079720853122,36.62459608846598,31.050668922916866,25.89493597224041,27.027779816370384,24.704795694273706
475200,103.8603184550629,74.97453173412195,46.159139886324304,35.022859703609136,29.092296501657895,29.403223753450526,26.615994098092767
475600,2.8710859587852284,73.77608823882558,45.87011494525566,31.348274699157265,28.928128950585798,28.71719692602276,26.588127965861446
476000,16.099852764064163,76.52334928254022,46.66963029294821,27.36720433217759,29.21115322373951,28.917584771899122,25.365683121530957
476400,10.534694228227869,61.77314798959461,41.18445485192493,27.52830150909918,29.403518630962328,27.485913457279707,25.375911003049346
476800,5.64670171651605,27.802530624531254,41.441125738826614,27.250543037753772,29.50274480669848,27.42132179920309,25.322868308119304
477200,3.87562124936597,7.805591183391867,41.39006145875689,27.325356294301933,29.468235801625383,27.308356797054152,25.258505023519074
477600,16.572108414496086,10.54579567453404,42.16094195667979,27.17980321140981,26.825605032260906,27.589163061287234,25.524927084506043
478000,41.26168757563626,15.578162636848457,46.05075595969433,28.97377157395776,27.59803165565721,25.254582274902535,26.251306046952497
478400,20.467461313973043,17.564716053997493,39.66893202179604,29.580292198283626,28.156972436191783,25.10544500487881,26.59793753766267
478800,8.816829811961444,18.198741673086573,23.0006361488089,29.812616118637443,28.36732466488088,25.171361016382534,26.222351082858086
479200,8.314950592061582,19.086607541625693,13.446099362508766,29.802619624416543,27.830606256575678,25.180747216870614,26.211798875262176
479600,9.484538580954917,17.66909357491746,14.107444624725739,29.988779784990697,25.60133134101342,25.222957869120783,25.795246465763352
480000,23.155076270015503,14.04777131379331,14.81296697532087,30.741298634134544,23.182458546558685,25.611606661634852,26.096661212583477
480400,4.99436511479741,10.953152073958183,14.258934063977824,27.72169445795138,23.10517902739206,25.617372489216205,24.840517578619334
480800,5.59391862570831,10.308569836707557,14.25365575489705,27.847390746861826,22.91824727680153,25.690472543748122,24.78778859034188
481200,7.399852073601142,10.12555013301547,14.60607883732057,27.99807014803873,23.085597141974812,25.75269656054918,24.767901205107435
481600,4.0715006270151415,9.042942542227513,13.356018058572474,27.758480007626133,22.571874827130696,23.458208288838797,24.742534060744283
482000,286.9895193897993,61.80983116618427,37.92880123998877,41.98977859984156,31.958781462634764,30.1807240517401,27.789426067919784
482400,17.311802491403075,64.2733186415054,37.613235357731774,38.64108368976391,32.25793991809968,30.521038166576783,27.607003075449402
482800,3.9566723176056886,63.94586937988487,37.1272196082962,30.063927878552555,32.25081728185703,30.55729840073471,27.56253273476527
483200,8.160455340140622,64.09799003319277,37.111770083104105,25.278934722806436,32.23900311064573,30.150897213207788,27.566951790117315
483600,76.68369427774456,78.62042876333865,43.831685652783065,28.969565138754405,34.60308174092149,30.15891991895583,28.94470342585324
484000,10.888779450695097,23.40028077551782,42.60505597085103,28.70901147308595,34.69588441304004,28.038107902631772,29.010296523478086
484400,68.28167151264805,33.59425457976681,48.93378661063609,31.596360337306958,34.79239184217962,29.562330923203074,30.28065531350018
484800,743.363272820833,181.47557468041228,122.71072203014856,68.4821888925228,59.46850117462407,47.866365965138286,45.09452244102821
485200,6.372023355790775,181.1178882835423,122.60793915836753,68.60700899784405,59.53469315148166,47.966182646072994,45.12374508011285
485600,70.95409589934651,179.97196860786272,129.29619868560067,71.32610837208657,61.604386233617646,49.25295579174819,44.62580636819117
486000,1116.0457096228874,401.0033546423012,212.2018177089095,125.06530947444912,98.72712496953086,77.01954052420345,66.58494278317397
486400,64.43564383813505,400.2341491073986,216.9142018435827,127.26371860065721,98.06545640770351,78.42200539947042,67.79967090197796
486800,581.2605639736141,367.8136073379548,274.64459100918356,155.88590530873986,111.59081558876287,92.84926071368865,79.37475692242448
487200,105.312142618371,387.6016311904708,284.3597597370066,160.73576491005534,111.63920972753981,95.26919226723594,80.99266971796754
487600,9.611394418714957,375.33309089434454,277.6525297511036,160.74210770194333,111.86388667620415,95.36544374346701,79.65764188538539
488000,7.316252882481918,153.58719954626346,277.2952770942823,159.95016653256667,111.57110001348472,95.34573258335061,77.88954174096187
488400,8.910673866402313,142.4822055519169,271.3581773296577,160.14598197014692,111.51696600142388,93.93383821404913,77.921500204494
488800,8.973561724981721,28.024805102190424,197.9192062200726,160.31496412511058,111.6278613350394,94.0811774359862,77.87693401612515
489200,12.501481019187338,9.462672782353696,198.53215198641226,160.5700455723899,111.91538999403343,94.2840578602143,78.07937651414085
489600,9.489819379371948,9.438357774485093,192.38572433441482,160.84096151000773,111.67931369286264,94.29972075881693,77.87950950028151
490000,9.627573591943564,9.900621916377421,81.74391073132043,146.97286422011493,110.62484322673954,94.48132140997824,77.96441456562683
490400,86.71553545559739,25.461594234216438,83.97189989306665,150.44305086832466,112.8331123647937,94.54206727904429,79.53198429818967
490800,9.154409398758114,25.497763768971716,26.761284435581047,150.70293772238227,112.84436501768691,90.38343280046742,79.63166545806713
491200,5.81260793093252,24.15998915132075,16.811330966837197,150.58554535192187,112.76095359564928,87.93224003736415,79.5776200071562
491600,9.424003262323874,24.14682592791114,16.79259185119809,147.22256080115082,112.75893575169492,88.09606296995261,79.65087336501323
492000,439.42127430427104,110.10556607037663,60.003093993377,168.64918554382965,126.6344756861701,98.6790985084578,88.27720486535588
492400,7.022152706385874,94.16688952053434,59.81424187737535,165.58620960351652,126.7020686058897,98.59128497041175,87.10991894671439
492800,4.289886877644265,93.19398501631156,59.34587439264161,128.6325403063571,126.65860088095424,98.55736459943995,87.13411682731729
493200,17.080171042018176,95.44749763852869,59.80374339492469,129.16794769066846,126.98127817990148,98.88747834425627,87.38799496715637
493600,180.55254881941832,129.67320674994758,76.91001633892934,134.64787033667204,132.86397978631493,102.9869893543793,90.8217798748394
494000,17.29436756940792,45.247825402974954,77.67669573667578,79.71030323399808,123.87414139230188,102.38780635422361,91.12039627531776
494400,33.313764333415364,50.50614772838086,72.33651862445757,78.1542092587621,124.40754012036895,102.70896392970965,90.10095754812693
494800,3632.351839079395,776.118538168731,434.6562615925212,230.70877301405116,245.35404567909526,193.29733916139548,159.23799855887816
495200,7.507949172643962,774.2040937948561,434.8257957166925,225.81856334176481,245.33229547351203,193.27716412591008,157.3109511732298
495600,5.230715540761425,739.1397271391248,434.40646694453625,225.59952939786712,242.9505295156126,193.17081854990525,157.35814376486934
496000,25.656268364822992,740.8121072982078,393.0299663505914,226.5165301719842,243.44277914608352,193.2333483522754,157.5492720768845
496400,52.7309924502799,744.6955529215807,397.6008503249808,228.70754610117805,242.92442317733793,194.42676403566247,158.39319804132555
496800,15.350668568720684,21.29531881944579,398.7069284940884,229.02640144336502,218.65733636893418,194.67068278423778,158.58727737836963
497200,8.126894623545299,21.419107909626057,397.81160085224116,228.80767212358288,218.71583207785935,194.68885884798638,158.67230284585324
497600,37.40092194012958,27.853149189499693,383.4964381643123,230.20322725162077,217.59739294588545,195.52209438081425,159.0888791163659
498000,40.624086198293085,30.84671275619371,385.82941002720077,231.75305288193826,181.75000549839896,189.36295855102657,159.07612708881902
498400,7.284252273764392,21.757364720890607,383.2264588212357,227.7814887228466,179.84495911291995,189.11226979558563,158.81246290801485
498800,13.530183905401984,21.39326778822687,21.344293303836373,228.0002774481788,160.9206131106462,189.35160758528053,158.90672998988367
499200,10.097726169139932,21.78743409734579,21.603271003485972,228.21453336008912,157.74679922900518,189.4000393560055,158.94238550142524
499600,20.610279806963938,18.429305670712665,23.14122743010622,228.77384718732114,158.1134287419468,187.998203994236,159.1649003259454
500000,3.976089739719544,11.099706378997958,20.97320956759588,207.0015879590936,158.00208997052138,187.82538675146162,158.78132059533948
500400,25.23315325393765,14.689486575032609,18.223425647961655,207.91213798647118,158.54617261677257,186.74917379499385,159.18609635812228
500800,51.685340158204944,22.320517825593203,21.85689280691008,210.28191065049924,159.9698985645467,169.45722547842814,160.10792478877224
501200,16.586749379456055,23.618322467656427,22.702878282501153,210.2572395673711,160.1060741765556,169.71259362901978,160.29166273488931
501600,267.6128770325352,73.01884191277068,45.724073791741716,214.61025597802694,168.71017609832774,174.62906315734952,165.56249026299975
502000,8.347100689167538,73.89304410266028,42.49637524082917,214.16289263401495,168.6674936682352,146.93659793400653,159.9896418889871
502400,21.13324964119825,73.07306338011242,43.88127497757255,213.55386689940406,166.48141747442187,145.85403807908307,160.06607083198298
502800,47.31033241353923,72.19806183117926,47.25928982838627,34.30179156611128,167.7532815749146,132.5052822900812,160.93314403390167
503200,29.004062365494928,74.68152442838705,49.14992344802178,35.37659722575383,168.5263300560667,130.59758028375933,161.35001617440875
503600,25.994566664584685,26.357862354796936,49.68835213378385,36.414789781945,169.0786821694754,131.00715958990605,160.33623362214556
504000,562.6237434281072,137.21319090258487,105.55311750262263,63.2631635351092,173.1854311402699,144.8898468535467,171.3709329016938
504400,15.979526854473985,136.18244634524,104.62775486267626,61.4255902553189,173.48401027853953,145.06656817824847,170.3248900085303
504800,8.405091849234482,128.40139823237908,100.2997300317792,61.078311419344594,173.62118377759253,145.0523564313548,155.62572638909833
505200,100.21540176067532,142.64366611141514,108.66259526990113,65.6827367762011,176.3923581348811,147.24520444989201,157.50259395719604
505600,1.9714688278065475,137.8390465440595,82.09845444942827,63.91126412058495,170.43965546849404,147.05724568610287,156.12294141576524
506000,57.07675067793824,36.72964799402571,86.97141944830534,64.73389734456721,171.76573490544504,148.24347511325274,134.94356223686626
506400,199.95136650021155,73.52401592317322,104.85323113420668,74.36725305588956,177.32032164433824,151.07437088936808,137.65387669010778
506800,7.774144863633019,73.39782652605294,100.89961237921605,74.07945110380112,56.50106517047952,151.03986427598994,126.18414830790816
507200,3.2973893171230864,54.01422403734249,98.32894507437888,73.73943426120027,56.36071317529549,150.97698381064473,124.1438532418832
507600,15.313467423925328,56.68262375656624,97.26083515031294,73.47459364204835,56.69680490473429,151.12422041468474,124.25789470198741
508000,21.71709727107597,49.610693075193794,43.17017053460981,74.36164401861616,56.56549920160939,140.68161598885487,124.54591158975929
508400,20.471699163754568,13.714759607902394,43.619387765537866,74.12357131410701,55.490189425391875,141.01785465028908,124.77713209570635
508800,13.572650707406568,14.874460776657106,44.136143651355084,72.21793684156708,55.43092216334807,141.24992374603318,124.86911387535483
509200,205.8408268583493,55.38314828490235,54.698686161122474,81.68064071551176,62.02138657117487,145.96894014144144,128.73590079213807
509600,3458.468195042081,744.0140938085335,400.3483587825499,241.22340661598906,176.0569623412399,227.916831297008,197.71546830539228
510000,28.836690685333163,745.4380124913848,397.5243527832894,242.24788611579734,175.66404915747458,228.20538937490613,198.09965064726003
510400,304.0336868460098,802.150410027836,407.9325848178692,256.3929079760379,185.55569697654946,234.973387437721,202.44601367506831
510800,29.36210799285416,805.3083014849256,410.0913811307913,255.49549675500367,186.08342777946447,144.89864416055747,202.8501676469502
511200,31.74755699822841,770.4896475129013,412.9363978989019,255.63267148664036,186.8050888071008,145.50463435619707,203.36886662829613
511600,69.63057970734157,92.72212444595343,418.3681091272435,257.8144721387781,188.43909880378,147.11463096036158,204.57299815719648
512000,6.429184562997746,88.24062322148635,416.8393178564356,230.0047441955227,188.52086863122264,146.63395386531596,195.913156362371
512400,6.066630751644305,28.647212002613237,415.3988110152246,229.50909939038124,187.8819845478129,145.46734482285007,195.89404592327617
512800,2750.0181006014054,572.7784105243235,689.0433560046246,366.58974982798975,277.82640989591954,213.8340306236672,250.8086101977514
513200,8.860614293892182,568.2010219834563,669.3453347481789,362.0220104546506,277.56887205973413,213.85237361542585,250.64421906278886
513600,18.48665145486182,557.9722363329604,325.3471803894569,362.8477695860034,269.2646645404783,213.37951685329412,247.40290111549777
514000,2.924755815004638,557.2713505833617,322.75598690242407,360.14016984285666,269.08391971133955,212.43703359371193,247.1155088804097
514400,6.146917846940816,557.287408002421,292.96731000251714,350.4499474101932,268.58437531819766,212.4086002330414,246.5721719506802
514800,15.143245039523665,10.312436890044626,291.5454237071841,350.81840241898766,267.51213907239713,212.44892676139438,174.2280000698828
515200,25.18805591280053,13.577925213826294,290.8894735986413,351.91293574877153,267.3849388573073,212.8261850049859,174.5816022046859
515600,407.9174915365102,91.46409323015597,324.7181647815582,371.5431369544008,280.1157030197048,222.50886529822455,182.63533772460087
516000,1.5260568743305671,91.18435344202115,324.22785201269147,370.5335849345635,261.4124468012456,222.44761447658985,182.15273349479102
516400,102.14189222609822,110.38334831785264,333.8353781601369,374.6170945876807,264.2845256469664,224.37033295089387,183.14095149030743
516800,9.521665353135688,109.25903238057504,59.78573463530988,374.4145453199672,264.32174476376315,223.31624108076713,183.0243714259957
517200,7.5324797422071645,105.72791714645636,59.65292118014138,364.49912796416004,261.2323140298142,223.08988433983592,183.01248312836896
517600,7.938348776272466,25.732088594408822,58.598090912282444,191.97263565086968,261.4312100280964,216.59802113342934,182.4232316650918
518000,4.27669566048249,26.282216351639203,58.73328489683022,190.74463589962713,259.6712081941812,216.49626100771223,181.6962838543356
518400,274.2332488536162,60.7004876771428,85.54191799749776,189.25461400000745,262.1472709392947,222.82376098802268,187.0352637859326
518800,7.270416332402396,60.25023787299615,84.75463512678564,188.15002941698486,262.1304799882536,221.8227630859942,186.91006843447263
519200,21.23361173819876,62.99046427219447,84.35919070932546,187.62433215398337,262.72835406895615,221.62850182031178,187.13278614585383
519600,1.753653800743086,61.75352527708859,43.742806935748746,184.23048585865345,262.27636028151676,221.02247899871583,186.7556536257294
520000,8.564016944463866,62.61098953388487,44.446602942762084,184.33722747772674,261.83792427062974,207.17098583662468,186.84741216982428
520400,4.955889542314395,8.755517671624501,34.728002674383696,184.28169041726025,261.32073061658167,206.89539490382072,186.4418668955918
520800,9.404667296744766,9.182367864492974,34.7163028687446,47.251018752027214,261.1817978362263,206.92038429000849,185.59625343836262
521200,167.737888967596,38.48322331037242,50.73684379128348,55.19488248571241,259.9116999065345,208.6084464701815,188.61927623012542
521600,13.347672503788976,40.8020270509816,51.27777616403514,54.93793353815877,145.07434915525812,208.89285156208106,183.53397213955049
522000,7.616329949625118,40.61248965201385,51.611739592949405,55.1725122448898,144.36700379740117,207.65634104387323,183.51935672475963
522400,6.545821680626583,40.93047607967629,24.842996875650442,55.19245743657408,134.45074162522175,202.8212024233836,183.2276081655482
522800,31.23245670792693,45.29603396191272,27.239200913202893,55.99691801999425,134.51308658239083,203.40766021949096,182.90605065143595
523200,7.193912299926983,13.187238628378912,25.835230969375715,55.097210839350566,133.69463175911412,203.50507329406105,182.46984765012462
523600,21.141813058620684,14.746066739345252,27.774046895163472,35.75842691545609,132.07833953749008,203.65078193492846,182.37279257800535
524000,3.925778377657815,14.007956424951795,27.31022303848287,35.87841299062245,131.99489266464542,203.205998962593,171.19883327699634
524400,230.01113476740196,58.70101904230687,49.815747560991625,42.271875117687635,139.45970946517068,208.44448485268418,175.4794654352549
524800,4.775924557177183,53.40971261215692,49.352873287034875,42.034588077889715,47.95163693036307,208.22456669892844,175.40688208941373
525200,8.230592068366073,53.61704856584473,33.40214359711187,42.06949369419766,47.93063618951219,203.28431082917888,173.56718589556758
525600,457.20226849534254,140.8291396531891,77.78760319626723,64.53268968015115,62.55449009086156,128.2526626655104,182.67180188891828
526000,437.51824218975423,227.5476324156084,120.77779442028013,86.19476700661474,77.04093963668655,138.4697014531209,190.2806317191546
526400,67.35087461004905,195.0155803841378,126.8582997132224,75.8506482944364,79.08107152879015,132.55263114722192,187.62862188135136
526800,15.665882299625348,197.19357193262744,125.30164227239223,76.27042159279753,79.09849277079356,132.21022550489118,187.7864566300712
527200,7.123230913335902,196.9720997016214,125.29457413373311,75.5649025515544,78.49633193747805,131.59461735276886,187.86297346199544
527600,4.771985430608718,106.48604308867466,123.65759137093194,75.71581913304767,65.05814840061467,129.97315249585054,187.65214382212912
528000,23.84272548421,23.75093974756579,125.64928608158714,76.47975456003499,65.80203735427732,130.40849101888085,187.69465638639178
528400,7.92630568850153,11.866025963256288,103.4408031736971,76.62827536734434,62.6615178030241,130.4549828923023,187.44374851688679
528800,4.302997040739567,9.593448911479133,103.39351042205332,76.37319185454409,62.48756219261089,61.81210530328563,187.2583554435534
529200,6.605986308835954,9.489999990579141,103.23104984610032,68.31659672160609,62.45667907816518,61.75573960365923,183.27365863256313
529600,2.996193419599335,9.134841588377267,57.810442338526016,67.7990227673966,62.29194056627609,61.368478152777655,114.16421860011351
530000,2.2824956863610675,4.822795628807479,14.286867688186693,67.5323310542334,62.22546723380537,61.35242164956158,113.63313470013405
530400,2.0541520800145285,3.6483649071100794,7.75719543518324,67.30774757420279,53.15283067468531,61.25010250538842,107.59354400481413
530800,4.221500830690316,3.632065665100229,6.612757288289737,65.95719978034097,53.051200157961574,60.977058900167584,107.09073186157089
531200,3.826725018799624,3.0762134070929625,6.283106698836109,65.7888404162846,52.470970600648265,60.443025627817555,106.5323152219823
531600,10.2975459923974,4.536483921652575,6.835662755014977,65.24662706297343,52.75576700703675,50.502526989214736,105.34565454768342
532000,10.52020608403359,6.18402600118708,5.503410814997336,65.57634844829222,52.82097331168907,50.727380719457315,105.42747497810414
532400,11.784287232037656,8.130053031591705,5.889208969350949,54.66500607152401,53.04858656801318,48.468440594605795,105.541828107712
532800,23.498902423596743,11.985533350172991,7.8087995076366665,55.60115496484499,53.51839440557491,48.81787152136732,51.01144414415583
533200,4.889733425503053,12.198135031513678,7.637174219303377,55.43411203270183,48.09012255417181,48.751802863449726,50.93202652678805
533600,6.406903874210626,11.42000660787632,7.978245264764506,32.894343801645235,47.85876359985254,48.71351674089818,50.69043157517502
534000,125.85296986820534,34.48655936471067,20.335292682948932,17.31108018556779,51.79998493047188,51.75292359609125,53.14899585623903
534400,5.744744203001586,33.27865075890345,20.704351895247637,14.230773665215414,51.773282347884376,45.04071097982588,53.14095238336026
534800,7.554337593240203,30.089737792832146,21.037635571502626,13.825196429896161,50.984011710728154,45.04780901134682,52.989174234434586
535200,11.452929517182392,31.402377011168017,21.800256021340903,14.041681360088484,51.12597895130334,44.80329195582142,52.71447170652222
535600,473.1768277680016,124.75636178992622,68.08818419890133,37.46192347695813,66.19381277494936,56.58887130500288,54.019658431152045
536000,2.6030118543448824,100.10637018715411,67.29646477593245,36.39993779546487,66.1497205575056,56.439846177749914,54.041197530752335
536400,3.431748411536702,99.64377102886114,66.46121089388237,36.175209931616635,58.59707434564343,56.401742649480454,52.0669946544611
536800,3.890722736758295,98.91104805756477,64.50039292519851,36.15459621641757,58.56756761829613,56.2638940354808,51.954375802133555
537200,11.400245457115863,98.90051124555146,65.1514441283598,36.39430917383156,58.673222731254455,52.3554529477188,52.03173111643173
537600,6.873753554705979,5.639896402892333,65.19812909640933,36.5881871805869,43.66227223323324,52.19360497399172,52.01043921200039
538000,10.714651941297449,7.262224420282846,53.68429730371854,37.00979499333371,29.435485891618008,52.271063023783526,52.1391983376167
538400,7.677118670525048,8.111298472080517,53.877534750470886,37.29094332285924,27.446360693633878,52.29934544853099,46.80807573395487
538800,5.111152177116431,8.355384360152142,53.63321620885851,37.335425890180545,27.09453635621691,51.64631283526073,46.76489045084915
539200,4.1479194324046285,6.904919155209896,52.90271520038074,37.35148561086079,26.99535930685254,51.570163013572675,46.42317660473327
539600,6.076481975727319,6.745464839414163,6.192680621153305,37.14043241002729,27.038842525023153,51.19352973650034,46.50963316823296
540000,5.727875667062991,5.748109584567272,6.505167002425115,36.90081588917876,26.435014197784923,51.23858216873547,46.452910342684945
540400,8.442679441741848,5.901221738810632,7.006260105445631,36.73373549966397,26.45222665622627,45.69937078559396,46.52264614067349
540800,6.003243557076461,6.079640014802638,7.217512187477448,35.858952556337954,26.508901540104162,45.730053760591446,46.45461766588012
541200,6.925335329894852,6.635123194300682,6.770021174755345,35.96073265155755,26.519546507472796,45.69742234212967,43.238366593126095
541600,21.14419982216508,9.648666763588235,8.197065801501257,36.69759744895527,27.124480054224986,34.79597062530023,43.39429713949362
542000,215.25633623431105,51.55435887703785,28.65123423080262,41.16776576726055,34.22360807248999,29.239422976414154,47.54709726518733
542400,7.253360181022274,51.31649502489394,28.608858381852343,41.243196566161586,34.396915009190245,27.73698511568848,47.56124803519525
542800,5.576631748393612,51.23117266315737,28.65540633898006,41.144311273919264,34.44208603978036,27.48475385190769,47.0481315360046
543200,1.8285212607450143,50.211809849327395,28.423466521814095,40.66309086109739,34.3754792478452,27.35238611059292,46.94082371522095
543600,3.5323052293733443,46.689430930769056,28.169048847178697,17.18086473416598,34.14997122241106,27.321394105562028,46.588633558636005
544000,13.741517156738974,6.3864671152546375,28.970412996146298,17.737789999285685,34.25734825816791,27.068863897375252,46.784948334217624
544400,3.074309525105866,5.550656984071357,28.4335760044827,17.719918054964143,33.96701566793685,26.947563993290366,42.2462118293717
544800,1.6080634353941592,4.756943321471466,27.99405799231447,17.605785089895935,33.23732103499677,26.880190653156728,42.18285460693605
545200,3.084203727179178,5.0080798147582986,27.609944832042903,17.1899830033991,33.1771367117193,26.792146088615304,42.0799268401123
545600,8.999071853640864,6.101433139611802,26.39543203519048,17.296248918345846,33.263542311033646,26.94221804946635,33.11586290727827
546000,7.109804936766216,4.7750906956172505,5.580778905435996,17.116006568119282,29.30543681331901,27.062900780726473,24.50769416221851
546400,25.85756027918964,9.331740846434005,7.441198915252732,18.025028648552514,29.97586401585861,27.657985985705857,23.67782787560132
546800,3.5580990769702,9.721747974749215,7.239345648110391,17.9473759935452,29.842656065316273,27.641400941862848,23.435672211148216
547200,8.58149543338844,10.821206315991066,7.914643065374733,18.16905479359439,29.746941595856477,27.76027020222757,23.46483750154927
547600,167.98415566182803,42.6182230776285,24.3598281086202,26.264438477899425,19.57385252565069,31.70243544396334,26.729080906173653
548000,223.6523036558771,85.92672282145068,45.35090675853401,37.16065987734013,26.942162252368426,37.03073788325942,30.725272469607
548400,7.686649316605808,82.29254062893389,45.812140737684004,37.122858371083325,27.083992282537398,36.92829693537362,30.72047934216908
548800,8.838221332285604,83.34856507999699,46.535156527373154,37.26460725984379,27.24890890238831,36.56177990809085,30.811183828000008
549200,10.539276650468077,83.74012132341292,47.28066381970204,37.44530432587245,27.22020994216672,36.703018488714974,30.88984963483265
549600,13.300668269796454,52.803423845006606,47.7108234613176,37.05312774825402,27.434440432669735,36.87536259860462,31.09593913183659
550000,3.299736020835297,8.732910317998243,47.32981656972451,26.45529773758023,27.187276568654326,33.81153175242037,31.11628393852607
550400,9.366644821412056,9.06890941895949,45.68072502394675,26.56096196959972,27.243594107017227,33.90207926788064,31.262533793354024
550800,12.286276891106542,9.758520530723679,46.55354280536038,26.896444226735362,27.482764930816895,34.020377750327285,31.42382931456235
551200,9.183244134688772,9.487314027567818,46.61371767549041,27.264180370432552,27.650609087559705,33.96363561576495,31.53095969688013
551600,3.39823232749509,7.506826839107545,30.155125342057126,27.25747672533864,27.561334099285297,22.219170729752285,31.392973423582085
552000,2.089223996933881,7.2647244343272614,7.9988173761628,26.674862067348386,27.44004571028099,22.206326033317012,31.22435378184009
552400,3.49217334205787,6.089830138456426,7.579369778708006,26.695755258195987,27.27502884029153,22.20783665658004,31.0585115040405
552800,3.9272791821341495,4.418030596661947,7.0882755636928625,26.81171604553299,27.205830027793453,22.20875056771444,30.667079039211245
553200,45.01552813664312,11.584487397052817,10.535900712310365,28.908282266006182,28.475503121351725,23.04913263470262,31.469594933434042
553600,3.796220851712548,11.664085101896308,9.585455970501975,28.648139715909764,27.897237155669973,22.972194317127784,31.417381272984084
554000,6.737076985063177,12.593655699522166,9.929190066924765,28.629503318324616,20.94659518069505,22.872754943221928,29.035063415321236
554400,18.70501822970072,15.636224677050734,10.863027407753629,28.27187621585017,21.32831711565099,23.148452432201317,29.29426889585522
554800,6.32607032205373,16.115982905034652,10.267006750848347,28.410274778104345,21.35329840143966,23.17882538582475,29.269703550431494
555200,4.727736110671969,8.058424499840422,9.821455948446665,28.217586811968523,21.449938896437228,23.193320802781432,29.13519968230128
555600,5.459692071619777,8.391118743821867,10.027601922859137,20.09136363245811,21.51418512451211,23.177901055178744,19.780856968373648
556000,3.219893189086946,7.687681984626622,10.140668842074444,9.069743109118601,21.163464325590375,23.115201493229343,19.79319459506849
556400,11.576434381746212,6.26196521503572,10.949094946043278,9.264232362375623,21.446868487478387,23.193545366729452,19.95608831447268
556800,456.92969859395726,96.38269086941642,56.24933688722558,31.668806225459207,36.624256326097154,34.466706742651475,29.01686783161666
557200,9.0798558477478,97.25311481683158,52.655769658336055,31.595835185323192,36.82411139678278,34.5205697555978,28.970460039429295
557600,9.884805291215464,98.13813746075073,53.26462810228634,31.425042036394142,36.85363584470193,34.23908489232406,29.03068107415949
558000,2075.788558878128,512.6518705985588,260.1697762915928,135.04948317925877,105.80959430941398,80.75239045841947,70.3321592128961
558400,3.1521261975442045,510.9670089617184,258.61448708837713,134.73875724806535,105.05274650669247,80.64985960883251,70.24165936343647
558800,5.303441314570642,420.64175750584116,258.5122241876289,134.38961546923858,105.11092458127915,80.64302984798695,70.24550514618556
559200,6.953632620827365,420.2165128604571,258.73481383864436,134.2781348935455,105.0566624875271,80.77115763198901,70.30161940995401
559600,35.63868891585057,425.3672895853841,261.7527135230674,135.89015772296327,100.64514692932788,81.57381722415094,70.89286354875648
560000,7.957105890215505,11.800998987801657,262.22643479318026,136.18355181762735,93.4553070038058,81.42920694248785,70.93744815321953
560400,11.463103549709947,13.463194458234806,262.2151017099767,136.58209832800998,93.58118881157594,81.63892679310295,70.9978566353789
560800,1.7720006931091996,12.756906333942517,216.6993319198919,136.47433440355871,93.34564812360341,81.64302522454584,70.91323177809956
561200,4.285454942393264,12.223270798255697,216.21989182935644,134.43783074384623,93.13718740000091,81.67305650492618,70.86043417034952
561600,5.828611112062175,6.261255237498018,215.81427241144107,134.5394502568637,92.88811882807643,81.59379498638671,70.55412239614746
562000,49.30909330662936,14.531652720780789,13.166325854291221,136.668051072942,94.42176407093623,82.6487771956333,67.23517753759383
562400,8.220988967419773,13.883229804322752,13.673212131278783,136.14384960982795,94.38357554246983,82.20786291283905,67.25453011332178
562800,13.78708523678114,16.286246713057142,14.521576523499832,136.51690035556433,94.43360248732564,82.46358756683432,67.41873918308951
563200,498.386442046864,115.10644413395127,63.66485746610349,161.1998356523739,110.74037575106482,94.70871123217121,77.3498975988119
563600,4.276468943821051,114.79601570030306,60.52863546890054,161.140674495984,110.76965030494236,90.61601906422104,77.36478087310087
564000,5.920813885883835,106.11835981615395,60.32500626846737,161.27572053082386,110.89736996790735,85.1727318199712,77.20836680768376
564400,3.73930807940636,105.22202363855126,59.552626721437015,160.88386421570686,110.90560779248564,85.07404828904122,77.22166677876977
564800,3.3101140698819425,103.12662940517143,59.706438059114284,138.20288498950308,110.88503562207724,84.93584560748113,77.25570779145953
565200,15.773753698277329,6.604091735454093,60.855267934702695,138.53757988202955,109.91030980746503,85.06670753367635,77.50949879088148
565600,1.89384677222564,6.12756730113501,60.46179150071904,138.13803195608006,109.8468973381488,84.78153699623708,77.36739428925318
566000,6.134154069856834,6.1702353379296095,56.144297577041776,34.65531171566653,109.82679990764193,84.85239744746262,77.34788127191499
566400,2.630073603440047,5.948388442736347,55.58520604064381,34.629209085961314,109.29096842009992,84.68398316701334,76.8833315384
566800,2.073394390056739,5.701044506771305,54.41383695597138,34.467706739735625,109.14921255569999,84.42866110448708,76.85363744466173
567200,39.35676543942123,10.417646855000086,8.510869295227101,36.08786338066532,110.30351353332499,85.18299913710538,77.4691428447824
567600,2558.986117937711,521.836101088097,263.98183419461606,162.25523483175834,195.4210610621947,149.07269627736076,125.28918209030006
568000,3.6104895799484775,521.3313681901154,263.7508017640225,162.03790401624497,195.43408094189004,149.11072791693613,120.88834580878147
568400,4.569956177925806,521.7193447050125,263.83386657387445,161.69324664765574,195.2005316684294,149.13767248783284,120.82601194600788
568800,48.10535772785863,530.9257373725729,268.31339093967216,164.00991449939323,181.57305363955942,150.24212445147595,121.61135467391934
569200,6.993148387460381,524.4530139621808,267.43533040859046,164.1452991716466,181.50349672421652,149.2915649577464,121.54043210865918
569600,6.202242776933389,13.896238930025245,267.8661700090612,164.16398075489013,181.3807446404071,149.3517155058769,121.3984635988019
570000,22.78432245754036,17.73100550554362,269.5311868478296,162.8377422124357,112.9472700930542,149.75289664268885,121.78815532753602
570400,5.613792985321774,17.939772867022818,269.82955878601774,162.70738241333078,113.02932565264679,149.42561601157936,121.7130982908142
570800,3.3304184459762274,8.984785010646334,269.9552611916097,162.18454907379055,112.96355822369362,149.35072471467743,121.53398112191161
571200,107.89021486808788,29.164198306771834,276.80860613447635,142.65973771485173,116.32811096526898,151.92978668361283,123.5081205365796
571600,7.531205961531277,29.42999094369141,21.66311493685842,142.82247456573728,115.39119486679168,151.9815745308606,123.5907800092603
572000,3.877065439317331,25.648539540046805,21.689772522795305,142.72028714340894,115.2551935184284,151.99800383711639,123.62653683810797
572400,28.86750340525848,30.299281624034148,24.119527245528573,143.97669690970153,115.83534018028003,152.43028056270418,124.13404343937198
572800,3.0793517699996293,30.249068288838828,19.616926649742673,143.96515879470743,115.8789185495097,141.08402189210523,124.1170848911293
573200,1811.0142581807224,370.87387695136573,200.0190376290689,233.72718401882966,176.10321199078734,186.1323819504296,159.4370594920109
573600,7.32479958864875,370.83259567678925,200.13129331024044,233.99873165965082,176.1530849400069,186.06838180786545,159.5076310667496
574000,3.716078446549428,370.8003982782356,198.2244689091413,233.87782787848545,174.63331777800425,134.266569797076,159.44721109597936
574400,7.730886733240822,366.57307494383207,198.43617828393323,234.13286853497553,174.61698103686493,134.3810388104684,159.22772846605014
574800,134.65480718068784,392.8881660259698,211.56861715740442,240.76193917450706,178.64590510166184,137.61482295712133,161.79430320322282
575200,17.422450118238608,34.169804413472995,202.52184068241948,239.66522340844796,162.6137720373743,137.8765433945566,162.04819748337414
575600,16.313518767292443,35.96754824920174,203.40007196299558,112.53159344992703,163.01500703149,137.39341414084265,162.2652740172876
576000,17.959866104444057,38.81630578078067,204.80835202950826,113.24906227615179,163.4163087721087,137.64348314619838,162.56007347559478
576400,13.609499440042748,39.99202832214105,203.28255163298667,113.70103943925764,163.74531515079659,137.6971430434567,162.6007347767607
576800,101.41426192799284,33.34391927160205,213.11604264878602,116.36648464926434,167.01545341273362,140.1881995743288,155.4904260434414
577200,48.2004968366734,39.49952861528901,36.83466651438109,118.42685207172501,168.0963448506801,141.28607562168577,156.2728388632199
577600,7.807791344040091,37.798383130638534,36.882965689920226,118.50712950008032,168.29347633640728,141.3355551274852,156.2312985842764
578000,17.920726276643936,37.790555165078516,38.303430472929676,118.2639496910355,168.68636207663351,140.5508459517356,115.07394193224673
578400,6.785391680972644,36.425733613264484,38.208880967702854,118.32252962581806,168.82487267921795,140.5149560195744,115.14660724191528
578800,8.790904697077394,17.901062167081403,25.62249071934182,118.59555393837313,169.04878968945195,140.39005150608182,115.21635650956541
579200,181.32181677065344,44.52532615387741,42.0124273845833,122.2671340335014,173.7809580671597,132.46343587417655,118.70372019256195
579600,137.93233276479324,70.55023443802804,54.17430878433338,128.7871903736645,93.07916522806245,135.80483246970087,120.74959306954081
580000,3.041122766032025,67.57431373590565,52.68243445049218,128.74539324000025,93.06018633426524,135.73284019170455,120.65127340705712
580400,1.347742773450977,66.48678395440132,51.45625878383299,127.36940520840986,92.95277922078274,135.6730510590557,120.44896619153195
580800,5.5475064655846085,65.83810430810277,41.86958323759218,127.4928129431891,91.53418417870695,135.72898586894826,120.52447630698147
581200,8.1251046872864,31.19876189142936,37.86204402265348,37.34835526851731,91.57191605536781,135.53776964367347,120.60126930187931
581600,25.61646323513605,8.73558798549792,39.642911211763064,38.26293845084167,92.2190567373079,136.13083505524622,120.9970263443408
582000,8.49938454628077,9.82724034154767,38.700777038726756,38.50210375582824,91.74289214026591,136.18996581715683,120.18083216913382
582400,27.56197103785825,15.070085994429125,40.77843497441531,39.49365797105911,92.47449807535047,136.81326325301728,120.5676518105426
582800,10.61016260977688,16.082617223267576,40.96036076568526,33.29142574251357,92.71715621414383,137.02668245851027,120.5041133580025
583200,2.222926923314506,14.902181670473201,23.050471780951373,32.53144958276736,89.19491328265138,136.0983364956076,110.58084305553152
583600,46.04186950083858,18.987262923613706,13.861425454555905,34.01786711944466,90.47860206729494,73.27473028468582,111.41615106667186
584000,378.3472092544953,92.9568278652566,51.392034103402224,52.03723427694723,102.96094019446755,82.64314827654948,118.8646789740441
584400,6.98555108181755,88.84154387404847,51.95581493423889,51.70603685903596,102.2315417836862,82.7035381491468,118.92960383409232
584800,6.19262652036597,87.95803665616629,52.020326939717016,46.94495508865462,102.33531760869839,81.65571986895945,118.987254083102
585200,74.40284696515442,102.39402066453427,58.64810116750383,48.25507259507867,44.44827056817947,83.34096233340182,120.15983594843954
585600,757.8077289623327,244.74719255683308,131.8672277402235,85.75506947599331,69.46436821396892,102.1310994880368,135.27811359224168
586000,209.673957716671,211.01254224926825,151.9846850572625,95.34273104799465,76.32963085630631,106.80334036951506,139.34890966517796
586400,215.9762885429412,252.81068974149298,170.8261168077708,105.80227589109309,83.27114424996299,112.06240275845555,143.615833963968
586800,121.33063236161736,275.83829090974325,181.89816378295487,111.42926227432008,82.8270050893273,115.01240810634658,146.00097872339921
587200,3.4084166904529365,261.63940485480293,182.0167127596687,102.53359227031005,82.35987064173446,112.40036315190571,145.28201174841985
587600,46.035353774445845,119.28492981722556,182.01606118702944,97.9387433207927,83.35059847530624,113.36296684722859,95.02299646515456
588000,3.0850420316695204,77.96714668022526,144.48984446474685,97.94093928407456,82.85477100621374,113.34316626203739,95.01248751418896
588400,7.050684669393901,36.1820259055158,144.4963578235045,98.22608637887171,82.63614384719212,112.79774579364076,95.06210208401832
588800,35.28247013804388,18.9723934608011,147.40534218527227,99.71283456249466,80.43175078752715,113.60282375284187,94.80564433222202
589200,11.486991032846795,20.588108329279873,141.1137565920415,99.8809288797727,79.20796726073293,68.61464207414498,94.89552118512977
589600,5.3564779562809,12.452333165646884,65.86863149143633,98.86792961582994,79.1262568144743,68.56543403333578,94.87860588871672
590000,242.9173161256817,60.41878798444932,69.19296733233742,110.58882619479998,86.62614314277556,74.54546497531409,99.28126576207953
590400,43.84055767101346,67.77676258477324,51.979394245144626,111.40275552645774,87.86131534244358,75.4482067487584,100.04580105579338
590800,11.254311871444456,62.97113093145335,40.97176219612734,111.43496298954112,87.94342891492248,72.36319436602733,100.20427892430273
591200,12.961959176200295,63.26612456012405,41.92711644470208,111.9719146021854,82.33143366177404,72.25168209247637,98.30571381046497
591600,16.412973077199194,65.47742358430772,38.96487837497741,110.49046978100344,78.28078833885425,72.25416845022403,98.48334915277833
592000,100.83850373652676,37.06166110647672,48.740224545463136,96.61503450510502,81.54070103787075,74.3261343910261,100.42257791872252
592400,32.09584519324306,34.712718610922636,51.24474059784804,97.87054921067629,82.56563778519714,74.78829303485611,100.48714475448222
592800,34.36974376458779,39.335804989551306,51.15346796050245,99.27940507288739,83.52637902849725,73.11218008077098,101.11295259437398
593200,27.61711150820865,42.26683545595298,52.76648000803863,96.9401183000401,84.17611258919466,72.59759544755936,65.4450096609237
593600,6.738050933567524,40.33185102722665,52.90463730576729,59.38663439860183,83.54683217914236,72.57085193729755,65.43327468782209
594000,29.89844212951786,26.143838705824862,31.602749906150905,50.39785861924418,84.2601340985836,72.8702948336194,65.95692196148144
594400,9.352750179479116,21.595219703072072,28.15396915699747,40.06668170107107,83.65316006997097,72.93447879608206,65.98935923040622
594800,12.643044632900818,17.24987987673468,28.292842433143107,34.632302314635254,83.7209228040751,73.03078229447763,63.54912397945048
595200,13.753030022246842,14.477063579542317,28.37194951774776,35.14953298122494,84.10525957403952,68.84156262576748,63.47573557753065
595600,12.907324298348186,15.71091825249845,28.021384639862664,33.49313150742005,83.00077473395649,65.71593741410635,63.40761168815175
596000,7.784177072001077,11.288065240995095,18.715951973410093,33.72808825943664,70.64867366120669,65.83451377175558,63.2040979075029
596400,6.380328729479789,10.69358095099523,16.144400327033765,33.69457046244093,70.62849958279544,65.9603284206563,63.05951449329164
596800,10.806910797782988,10.326354183971663,13.788117030353286,32.47079249542789,70.78230905870934,66.09181352896125,61.24736747068744
597200,457.1844771953271,99.0126436185877,56.74485359906513,54.755666803551904,83.54169673304843,77.31829784166227,69.42704707786051
597600,11.670022308730877,98.76518322066426,57.238050736581464,55.0713440211744,58.67043984459503,76.96963681850215,69.50429169715433
598000,8.725857034543386,98.95351921317271,55.12079222708402,43.36177106661748,51.97216982185744,76.9752986307087,69.32039431231232
598400,5.67901918302981,98.81325730388271,54.75341912743909,41.4536941422183,44.962260843193725,76.428224834338,69.29826686235346
598800,10.425761890432389,98.7370275224126,54.531690853192245,41.41226664316769,41.26543182748756,76.42361481635439,69.33096400622055
599200,135.49006897961686,34.39814587927055,66.70539474892925,47.53867213333852,45.668153570459694,79.75529336776194,68.41432905039983
599600,1.888568475644442,32.441855112653265,65.60351916665887,46.812451903260786,44.19659406049964,78.6514608421321,65.69345376461685
600000,137.98630902038934,58.29394550982245,78.6237323614977,48.669842167453915,48.69330296012364,72.64243833627945,68.392357489704
600400,2.345561477050091,57.627253968626505,78.22025563625472,47.182327981644264,48.53646552037885,72.52643859616026,68.41231386377599
600800,17.579491464520792,59.05799988344419,78.8975137029285,46.34281536664092,47.94636623126141,72.81111021976413,68.6529535637547
601200,82.0348582244136,48.366957732403534,41.38255180583716,49.06370270245117,50.29796180431364,73.00191050124559,70.13114863449725
601600,9.78208102455008,49.94566024218467,41.19375767741907,49.21590420700029,50.44548190658928,54.30126930280104,69.81446099028554
602000,4.399711816669456,23.228340801440687,40.761143155631686,47.94096769135787,42.494895096288865,49.169413155301,69.7324675356933
602400,17.9211148258273,26.34345147119613,41.98535271991143,48.36938592367528,41.630913668115994,44.21803381237315,69.53965041145268
602800,56.915539042943934,34.21066098688076,46.63433043516259,50.583010644177435,43.152954573832645,42.607656479406316,70.46575794011602
603200,5.9820741461636,19.00010417123076,33.68353095181727,50.19446285037328,42.92029173949809,42.67199791579908,70.540940884573
603600,21.050608475036576,21.25380966132806,35.599734951756474,50.6016270592077,43.07487958609267,42.04737928331385,70.04111566405697
604000,234.6476717050699,67.30340163900816,45.26587122022453,61.94480179086113,47.535185185044114,47.83644502514886,67.16712491306846
604400,5.271984319520405,64.77357553774678,45.55851350447157,61.88938457036316,46.64105648925336,47.79197751640203,67.13285357782252
604800,2.5617474821539115,53.90281722558878,44.05673910623488,61.47712640458171,45.580789946505554,46.97395945000478,67.06023599705829
605200,218.45841994484437,96.39808638532493,57.69909527827796,49.54082354205758,51.94216689439341,52.14824517280472,69.94134745665207
605600,2.9752365890325114,92.7830120081241,57.018410834726204,49.10608425607266,51.81673974957558,52.0887141386235,54.84469760918607
606000,11.601687976018704,48.17381526231387,57.73860845066112,49.24987580314642,51.206847944458936,46.30582343488193,50.88325221437302
606400,2.871886188893101,47.693795636188405,56.2336855869677,49.10951915343959,50.99081914477274,45.28160664782892,46.621164167292065
606800,122.26991278201476,71.63542869616057,62.76912296087478,54.7017266980187,54.64504808307653,48.05699667059318,46.6399497757
607200,23.23505438132503,32.59075558345671,64.49442098439093,49.088975968104116,54.96111556171248,48.3138240507213,47.03648252951745
607600,42.80447900626074,40.55660406690236,66.66980803751335,51.13477149463493,55.95768738530956,48.973611698947835,46.97186503415375
608000,402.2899802279225,118.69426251728312,83.4340388897986,64.34995505501159,69.10788082384028,56.509898611232735,54.95596379807881
608400,9.571463805880365,120.03417804068059,83.86398683843461,64.7112501714531,69.21425199305364,55.946789076548654,55.00637938080854
608800,4.906440459387941,96.56148357615521,84.098456136158,64.07759762119647,69.01756964844046,55.210206493918655,54.39885878723542
609200,8.988322475239782,93.71213719493817,63.151446389197545,60.42527083373777,54.07769782443755,54.74448676809444,54.34888541608328
609600,4.502969215726676,86.05183523683135,63.30421965186696,60.1613152432966,53.838796054670745,54.688609725148424,54.331815241272196
610000,3.884158920537215,6.370670975354293,62.53246674631881,60.13553759848999,53.6774061175372,54.03825264492391,49.55115209716931
610400,2.110829043186029,4.878544022815426,62.45636103174811,59.34502330935793,53.55846644620908,53.85720461651658,48.71655752461276
610800,35.072607066461494,10.911777344230137,53.736630460192785,58.252876710533805,54.380027952076716,54.417943677355595,49.1929234285131
611200,10.117417390366269,11.137596327255434,52.42486676109691,58.45964387274394,50.200939565768365,54.32705336155858,49.13603259279642
611600,30.32791657277639,16.302585798665376,51.17721051774846,58.923509277630934,51.14891783567277,54.762568168419286,49.41433146270796
612000,167.0528696537669,48.93632794531131,27.653499460332903,55.54376917506577,52.117803190118686,58.74428548296343,50.738618781052764
612400,4.424827923610692,49.39912772139625,27.138835872105936,55.501411355270285,52.187112071670704,58.695397962816706,50.18519843566011
612800,9.090437059760086,44.20269372005596,27.557235532143153,55.827845834150594,51.90414359151201,58.65248611936613,49.67961230156356
613200,38.99434928281031,49.97808009854477,30.5578382129002,46.8546423010489,50.469459960125235,48.19773292155322,49.9071570570556
613600,10.339176261718308,45.98033203633315,31.141458917499364,47.22283928468319,50.48802980136418,48.164461770377905,49.97917956361861
614000,15.782221778989028,15.726202461377582,32.33126520334455,47.4318659748317,50.86744680010816,48.340870888989045,49.69685515660804
614400,8.38756543525191,16.518749963705826,32.958938842551134,47.70764993714964,50.549661820422315,48.408584545294595,49.67755146172349
614800,7.350504976348242,16.170763547023455,30.186728633539815,41.961679546866314,48.89749401820246,48.33170312244249,49.57170066859244
615200,3457.300227335815,699.8319391576244,374.9050096280847,213.66493819459083,163.9414324578575,131.37695708134746,118.44264461486381
615600,9.47825326607467,699.6597545584957,372.82004329741454,211.99862690758155,163.55568728422543,131.5666992011082,118.37406319421834
616000,110.83726140780313,718.6707624842585,367.1984824728181,197.42599096657554,159.42867360764987,130.88797301079356,120.43512488093438
616400,12.632285427311114,719.5197064826704,368.0192282231882,197.5790320476471,159.67401697790956,131.14514110955005,120.560164014891
616800,6.61041771104903,719.3716890296106,367.7712262883171,197.66423091023017,159.80897265220608,130.87091426571328,120.47623415315631
617200,8.384799862339936,29.588603534915485,364.71027134627,197.63405477958514,152.80651864945594,129.02966280666143,111.50024060649659
617600,13.843213159025298,30.461595513505614,365.0606750360007,198.10106697675008,153.16878453512237,129.1311911100233,111.54370442350248
618000,8.206104266470485,9.935364085239081,364.3030632847489,198.31716424404675,153.05559841147075,129.22635092126833,111.533309368141
618400,5.570239623176509,8.52295492441216,364.02133070354137,198.49013477304626,153.14554352594683,128.91757904120206,111.53113377694393
618800,132.54742490475218,33.71035636315279,376.54102269638173,203.3638756649608,153.48812726337147,130.80837618774729,113.97356703723035
619200,3527.648084510199,737.5630132927247,383.57580841382014,379.2404090209525,270.3018949343339,218.85002644684818,181.81672734784198
619600,162.54245358551614,767.3028613780228,398.8822284457643,385.85113587158946,274.2931607536424,222.38732257461015,185.02980505003944
620000,5.10400026041667,766.682440576812,388.30890233102565,377.75369240192197,261.05362808805893,216.64873078849382,182.37215887483998
620400,4.131849476919888,766.3947625475606,387.4588587359865,377.7390434795874,260.87230761042684,216.6202274174288,182.4078846348374
620800,11.367079519270984,742.1586934704644,387.9345249168087,377.85287560256296,261.08766224575635,216.84036071835675,182.28363639593238
621200,3550.727950167503,746.7746666019252,742.1688399473251,553.4395556467975,379.1456498354984,300.1470989739232,251.6574982347942
621600,13.211333718503326,716.9084426285226,742.1056520032728,553.5831635196367,379.43592865225764,300.40300140216,251.7260832886732
622000,37.40867749032836,723.369378074505,745.0259093256585,554.6644863052037,380.55341260458397,301.04817614001774,252.3862626021464
622400,12.74370630827817,725.0917494407767,745.7432559941687,554.8822933488551,380.90784184675374,301.2949716430023,252.28271443179543
622800,134.04373018254154,749.6270795734308,745.8928865219477,561.2169546091648,384.2068792839564,301.58931707801554,253.82527825458735
623200,14.606144412068884,42.402718422343966,394.5886925121347,389.0822504629774,384.3565035180132,301.3735943287841,253.99775965990548
623600,83.2589685671067,56.41224539206464,386.6603440102937,392.771286228029,386.12087191782416,302.38495656780526,255.24192686174686
624000,51.10231072067594,59.15097203813415,391.26017505631967,389.7845386936727,382.2558532867212,293.6052648301241,251.571019642059
624400,18.901204962017967,60.38247176888211,392.7371106048295,390.09798467040804,382.73839918800144,293.8385083590275,251.84360405490898
624800,5.764957171611899,34.72671716669619,392.17689837006355,390.0557116434362,382.6275498583965,293.8599712768331,251.9076682486981
625200,10.31917607116102,33.86932349851462,38.13602096042938,390.1524304538772,381.67171075134144,293.8932426167312,247.74488337122443
625600,14.121775316314716,20.041884848356215,38.22706512021052,390.1663585617417,381.79779738649466,294.13371276924585,247.96781414577006
626000,5.627029984117422,10.946828701044513,35.048900369589425,390.0374048476241,381.45929099333233,294.1772845458354,247.84832098593205
626400,22.989704247050653,11.764528558051051,36.073500163466676,390.90837807881775,381.9460289537256,294.699256425932,248.25067734709523
626800,2.48666096235242,11.108869316199154,22.91779324144776,384.4053398816977,381.7839008199257,293.88460777332926,245.85501231070194
627200,4.841953032017494,10.01342470837045,21.941374103442623,208.26503330778868,266.7019583431325,293.75272116437054,245.4871502837158
627600,30.83928952760836,13.356927550629177,16.699406199492792,201.67987510489326,267.4139928851836,293.76550548824133,245.24784649414275
628000,5.33221674510142,13.297964902825978,12.122396801935336,201.69128592912753,263.8971580630935,289.72248916552473,237.30869122448635
628400,5.972902471348525,9.894604547685553,10.829566552868394,201.78333857884897,263.67517863122816,289.76119102921814,237.2367199977957
628800,2.993614697758506,9.995995294766772,10.552432305483055,201.36466533777335,263.5546185307851,289.6087704701681,237.19846348256308
629200,22.77526493504768,13.582657675372806,11.79804119187172,24.967031076150572,264.03430069987536,289.20329336147404,237.47420233175927
629600,129.0930081784325,33.233401405537634,23.2951644780835,30.76111479914703,267.8759605338556,292.17213915939186,239.9660031110134
630000,9.402911503129191,34.04754035714319,23.672752629984675,29.360826499787073,267.9158541084109,292.0126564024954,240.0763781626652
630400,18.6665350045393,36.58626686378135,23.24043570573354,29.65696793460013,268.35239728778964,292.2696306417276,240.4074922818923
630800,31.59505121215713,42.30655416666107,26.15127473071401,24.53453398608091,264.98731816470314,292.8757442976229,240.3379411648062
631200,43.51410359539342,46.45432189873022,30.0184897870516,25.979931945247138,148.84951880087633,207.53109120411227,241.00587488890673
631600,12.420933097302392,23.119906882504196,28.176654144021008,22.43803017175692,143.84546811793584,207.60465819989298,240.64773521939725
632000,29.022228216242905,27.04377022512694,30.545655291135155,21.334026046535268,144.64274238313004,205.55928237010397,237.8871223906468
632400,75.7352161298772,38.457506450194515,37.52188665698802,24.17572660492823,147.02952127156198,207.13685563766813,239.31333015477213
632800,32.33059584980047,38.604615377723185,40.45558477219222,25.50400853883766,147.7283051492463,207.77986009113687,239.77813333057293
633200,7.947692308384526,31.491333120321407,38.9728275095259,25.385434350698837,29.63562988727567,207.76893240228802,239.1572001910844
633600,131.03536548659957,55.214219598180854,39.167063240342614,31.231113859213075,33.56309761287888,210.69873621047736,241.57112397558205
634000,4.43458406729154,50.296690768390576,38.67023049675884,31.17149156337178,32.46396116544432,210.60444820549787,241.3441712213481
634400,54.762910151579085,46.10222957273095,42.279868011462824,32.760151858598206,33.864601293554344,211.83426496870797,242.27167811567463
634800,86.35068904833382,56.90624821243762,47.7554317950805,36.953353262897274,32.274833255747424,210.67934657229748,243.85168179711437
635200,10.457441551378375,57.40819806103639,44.44976559067899,37.23412768886532,32.13654316039107,122.74958049832699,174.91482608142564
635600,8.891932277890046,32.97951141929448,44.09686550873776,36.136759826379404,29.65764195075052,118.90831746563632,174.9030996616619
636000,4.279735518186839,32.94854170947354,41.622616238932146,36.08413576503368,28.096889444000883,118.88771084708057,172.77194914386956
636400,138.71779799859826,49.73951927887738,47.92087442580426,42.72138054139616,32.09077587855356,122.25235956012254,175.29365939529532
636800,6.529728664112107,33.77532720203303,45.340787707235414,42.898186239713844,32.1162682616369,122.13142578874356,175.29204561435662
637200,4.362958709608189,32.556430633679,44.982314347357786,41.977570928441864,31.91772768291847,33.4723010022962,175.21160879130196
637600,8.326392868066357,32.44332275171426,32.711417085504465,35.93924016292356,31.724548267976857,33.350177481035274,175.10127238548276
638000,1155.494471120684,262.6862698722137,147.8174057908437,93.24381814380129,70.05346297252908,61.302322321794165,198.04703972256706
638400,5.306152872139159,236.0039408469219,142.87173006289973,92.57579903718128,69.46401126003202,61.116383485890694,198.0417579875463
638800,175.0213605518855,269.7022672244765,151.73879721325488,99.74711450416771,75.21516791301647,62.14082424512428,198.891236700489
639200,382.8422096128362,345.39811740512215,188.97727401940068,116.71351980503987,87.81517646571042,71.34672587514346,135.99511920254173
639600,41.671615870215454,352.06716200555195,192.25524237863323,118.1760539436855,88.17625401046399,70.30704205772119,133.5777024482357
640000,3.2577618723669524,121.61982015588858,192.1530450140512,116.88783062649172,88.10710551470616,69.11092833651347,133.5407776804747
640400,107.6753545162015,142.09366048470105,189.04880066581157,118.48483754580793,91.4971872495346,71.33028207536805,135.61164778126033
640800,56.07518327724162,118.30442502977226,194.0033461271245,119.67206691717999,93.2665728688507,72.5880377280088,136.50580985641975
641200,9.652591882149697,43.66650148363495,194.53230944437865,119.75731189586823,92.82915043375412,72.57137312328351,65.68430269071268
641600,3.3287738071646933,35.997933071024804,194.0325475382885,113.3719823118965,88.63700928804518,72.30154808555476,65.48665149248592
642000,36.72271267539462,42.690923231630336,82.15537169375953,114.98638874230164,89.54766932712069,73.0789401528367,65.47293219618724
642400,4.332690797678584,22.02239048792575,82.05802548631348,112.4648777746066,89.06987452022534,72.61251481660238,65.30471188597525
642800,2.507256267179186,11.308805085913264,64.80661505784285,108.2727061355489,88.10028135539274,72.61302969922306,62.673982407668
643200,4.992872631393872,10.3768612357621,27.02168135969862,107.99947768954966,86.81624032325941,72.61680268920747,62.4817169720545
643600,11.913258802692631,12.093758234867687,24.045845652946333,108.15054401578979,86.79931784677244,72.14365192108458,61.054802776766216
644000,1.6899667090758406,5.087209041603932,23.889066136617224,108.02105557533426,85.8882424632002,72.05259567018393,60.06655589653422
644400,281.4283141081112,60.50633370369045,41.26436209580819,115.1565813808099,92.74467906247466,78.938980961103,65.31709807945609
644800,1.581037942264651,60.32109003870754,35.81494756231049,114.90914684471753,91.71969379889013,78.90366654221566,65.23341969486914
645200,234.66268703109083,106.25505291864692,58.31595707720461,126.42413326079165,99.27686028964702,84.20085209461674,69.72028991406773
645600,2747.936802971882,653.4597617524848,332.77675999367636,263.40465376598246,186.5069082058231,149.67194696445299,124.39659046717908
646000,744.453771393697,802.012522689409,403.5498658655066,242.85261877963313,211.17421445003663,168.04821846171717,139.17312529537065
646400,9.816127030463283,747.6900852738794,404.0982094887851,243.0781174875493,209.67598834599943,167.82695826236528,138.90965375103892
646800,3.177974632425276,748.0094726119116,404.16528132530965,234.48594819157628,206.90356453213582,167.11653134787198,138.92348002444038
647200,65.61718150826546,714.2003715073465,410.22771221299683,218.62469678634776,208.7422225306987,167.66910829569377,140.13898459396535
647600,58.15815152366402,176.24464121770293,414.852201485094,219.4490235690202,210.38442983889118,168.8125387563528,140.68536183388645
648000,18.271752035173883,31.008237345998293,416.51038001770377,220.1997230771605,210.8508303894574,168.5437768518261,140.9441525396879
648400,14.210792082829824,31.887170356471596,389.7886278151756,215.52649495549196,206.70059685893182,167.00566625064988,141.1089103319175
648800,209.452593757777,73.14209418154194,410.5757833967268,223.1953654795187,213.46469236205394,171.43371619834932,145.2380899131179
649200,120.68359297272504,84.15537647443387,399.1778739908903,228.74691553404745,217.34204683749115,174.25211371495783,147.19625647387144
649600,7.220892951049415,73.96792475991094,125.10628298880701,228.9415214912417,217.30519684025728,171.15675190156907,144.75881416932378
650000,350.15219636095105,140.34401362506637,85.67612548553242,244.61299567551956,190.46045434826618,179.79969220891056,151.57379986648021
650400,5.172519987252541,138.5363592059509,85.21176478121136,244.65498713499824,190.45599991876998,178.5599324548024,151.30391956613448
650800,3.095358655052881,97.2649121854061,85.20350318347411,244.68439225439192,184.72513318887556,176.47854919497038,150.7339257149924
651200,2.451407415118534,73.6184750738848,78.88692577415942,244.55731899357815,172.04543978228497,176.27839834156387,149.91267179138688
651600,4.459877393336341,73.06627196234219,73.51709836112664,244.18464992311033,170.80504849972232,176.16759696945005,149.7534506773076
652000,63.23486927798898,15.682806545749765,78.01341008540817,247.26189505155602,172.80428541324306,177.64147531344508,150.4377034985425
652400,7.437120878600854,16.135726724019428,77.33604296498525,233.56233539008048,169.46301095865638,174.35945838544515,149.07174159351698
652800,94.11473256232436,34.33960150547372,65.80225684544,238.18902012108347,170.73099593482578,176.54908348290047,150.30742432776745
653200,14.917237813800789,36.83276758521018,55.22562132954757,227.20174766021896,170.90648413254752,176.81294046050527,150.44681523787577
653600,6.917463022065858,37.32428471095608,55.19527833664921,90.15078066272814,171.02610710637754,176.77771721435528,147.9644571885851
654000,92.63395849982558,43.204102555323395,29.44345455053667,57.559790018034576,172.8898153005252,150.2062043988338,149.72844467723579
654400,3.0480479178272306,42.32628796316867,29.231007343594136,57.22138606240277,172.84699387119687,150.14975177497598,148.69414743256075
654800,3.463038326269839,24.195949115957767,29.26777531071583,57.235639247094994,172.87885327316656,145.86079371933562,147.03639441811947
655200,7.962345675486917,22.804970688294993,29.818869136752674,54.35289745545607,172.97783570796963,136.4887971209019,146.98649250060163
655600,5.774902330947749,22.576458550071372,29.950371630513814,51.73373499582025,172.77322382557813,135.59137928242018,146.9241519016628
656000,7.449865576692045,5.539639965444666,24.371871260384122,51.19264067289616,172.96522045449868,135.69618187502834,146.9875545028329
656400,14.54647712311254,7.839325806501728,25.08280688483529,51.209424924910294,164.0691592216654,133.36795994020108,144.50412808532317
656800,7.98491440825836,8.743701022899433,16.46982506942869,41.13604095743436,164.28262177053185,132.16570321847652,144.53323180020612
657200,7.342644780001999,8.61976084380245,15.71236576604881,35.46899354779821,156.7052870288289,132.10795454092283,144.592825521614
657600,8.17593260819818,9.099966899252532,15.838212724662043,35.516745530655655,65.37992468337276,132.22913351094866,144.58981631641663
658000,7.446311401886961,9.099256064291517,7.319448014868182,18.38145128270245,40.81300935031243,131.49722347911097,121.62885312204067
658400,5.2074830050838266,7.231457240685773,7.535391523593842,18.38319943359401,40.65938788279978,131.5190932842961,121.62687972469958
658800,21.35075102156914,9.904624563347928,9.324162793123772,19.295969051919826,41.26514709577123,131.99018065315585,118.55346753409323
659200,15.534937397220226,11.543083086791574,10.081421965297102,19.95014555102491,39.5957389587364,132.2537322723015,111.20732208978092
659600,11.61383147138233,12.230662859428405,10.66531487934056,20.30784325492721,38.04426162366034,132.24624658901877,110.60616640180426
660000,4.36342800826574,11.614086180704161,10.356671122497932,17.364271191441052,37.580650822763396,132.3130831214985,110.62827972452226
660400,6.252973636917153,11.823184307070825,9.52732077387839,17.305063829356865,37.31539020789965,125.43369960971866,108.59983210693656
660800,9.544505210101704,9.461935144777339,9.683279854062727,13.076552461745731,30.65178725631047,125.63278629141458,107.66921854559376
661200,5.963271027846168,7.547601870902527,9.545342478847143,12.628854122448,26.82777652481451,119.91530089133346,107.5954321285077
661600,2002.0315889417584,405.63115336497776,208.93090811220318,112.38456041843263,93.32146639117148,101.26767054058037,147.56948843119955
662000,9.463439648218424,406.65115569296825,209.13262093683633,108.22603447585227,81.96517450074705,82.8929122469434,147.02430297065604
662400,8.502454938764036,407.1010519533377,209.46211813020432,108.4987548268991,82.07617233246411,82.86007044465092,147.10769825347774
662800,7.355372553797597,406.66322542207683,208.06258028342717,108.6933715382755,82.2181727957556,82.96450539268523,147.2046605792101
663200,8.695114735475634,407.20959416360273,207.37859801725273,108.73000999127494,82.42629637310083,81.54145372336548,147.27870542129173
663600,105.95599760776524,27.994475896804097,216.81281463089098,113.7390647551158,85.80950038024847,82.73639987546801,149.1595601973932
664000,33.85245357116127,32.87227868139267,219.76171718718055,115.05919415483928,84.8300865233542,83.1259174138677,149.8028099346349
664400,11.92152771482919,33.55609323660569,220.32857259497172,114.92794668442511,84.97956675122848,83.06868580466768,144.41267420676928
664800,4.132802099981084,32.911579145842396,219.7874022839597,114.73534106901123,81.98016906915038,77.93569101322278,144.46370948992362
665200,1.7549107369576915,31.52353834613881,219.36656625487086,114.455954366859,81.54142483325562,74.9624739573286,139.80555396404094
665600,24.05876283676859,15.144091391939474,21.569283644371875,115.25009587828754,82.1128014937457,75.38342070447158,85.32799316133867
666000,5.074909359438654,9.388582549594952,21.1304306154939,115.13152577616513,79.19416652239946,66.75648852943377,70.5404159206535
666400,6.586358578071195,8.321548722243353,20.938820979424612,115.2004695548145,79.31211021107426,66.79183449420422,70.47582055160565
666800,7.537914498146779,9.002571201876492,20.957075173859533,114.50982772864339,79.4479394168035,66.90289839028158,70.56301934892008
667200,119.64032993104053,32.579655040693055,32.05159669341602,119.7150973553344,83.17053889198863,69.83262145317964,71.64348231737559
667600,8.048409350824569,29.377584343504246,22.260837867721953,119.5368262493065,83.24632245931784,69.92233475211683,70.6412874739188
668000,158.2148654732903,60.00557556627458,34.69707905793486,127.22939812255773,88.27182245587113,72.29683465699937,73.44014974268113
668400,98.34811290878145,78.35792643241663,43.339737577330084,131.83415508615093,91.06521031539341,74.56960945775388,75.12289615920017
668800,538.4817824558646,184.5467000239602,96.77463561291844,158.28101894843908,108.74843925031362,85.6787857050924,81.7034799331619
669200,3.546959370819619,161.32802591191603,96.95384047630463,158.16020336558776,108.62191640334088,85.39452874401785,79.36074726112379
669600,17.510258053366346,163.22039565242437,96.29898999796441,58.93413682116816,108.93306058484649,85.65934861980037,79.56653456317014
670000,12.344273399697128,134.04627723770574,97.02592640199026,59.0781785087421,109.0963259847735,83.65210649229716,72.81037610394506
670400,6.27404141504299,115.63146293895804,96.99469468568743,58.96675783255605,109.13187793177214,83.73275632972755,72.83240653250087
670800,16.791281558151574,11.29336275941544,97.92003139168791,59.43855328277375,108.97989561632488,84.06596241052459,73.10632499056284
671200,454.05717880994257,101.39540664724004,131.3617162795781,81.70665648649708,123.59730366341563,95.21833323888599,82.13844041845933
671600,418.52856300969,181.59906763850478,172.40973164546466,97.33528475659332,137.1611280480259,105.53717475585454,90.41981413078639
672000,12.549833431432791,181.6401796448519,157.8432284412789,96.27015374960692,137.43400822879812,105.66467395222307,89.40611341385528
672400,4.071710711593705,181.19971350416205,148.41558822156014,95.87766289944513,137.36129946462066,105.4028047919351,89.33880521051515
672800,845.3998021034655,346.92141761322483,179.1073901863202,137.94101289961935,165.22314269439946,126.33817698431528,104.36450660133795
673200,17.785623313451534,259.6671065139266,180.5312565805834,138.74254852844405,165.61722110391963,126.5992514476515,104.42187431133098
673600,3.943535852159958,176.7501010824206,179.1745843604628,137.73678717921362,99.01428600093303,126.49344152875055,104.36239576793285
674000,6.647674933165726,175.5696693827672,178.60492451380964,137.81542545789995,98.92042717709792,126.47347561703252,102.64267009659964
674400,5.202941147987411,175.79591547004594,178.49781448710408,137.74625458639576,98.81044338407203,126.47336207060512,102.68576796120287
674800,5.860609810437618,7.888077011440359,177.40474731233266,137.66238935201034,98.76061795929337,126.08610854032682,102.73371939088622
675200,2234.993272357746,451.32960682029926,355.498356667113,243.43003647334558,172.9705565467024,181.57256691433994,147.27433792453138
675600,3.690995970361621,451.27909884393955,314.01459996318016,243.21216580432247,169.56172315878894,181.37449602681446,147.23265979731966
676000,6.732933359788089,451.2961505292641,313.4329099560157,235.63806919864732,168.65773915174316,181.4337336606025,147.2183211529816
676400,4.795360287143005,451.2146343570952,313.5052749135706,230.96043156756542,168.42020023748694,181.39729332685815,147.0232988162622
676800,128.09788552647314,475.6620895003022,241.77508325587138,210.44123672109586,172.5523696850367,184.36112783476744,149.42555823862648
677200,5.55492735415539,29.774420499584153,240.5520136599418,210.5416351202626,172.67903690560993,184.35091924292516,149.38980389010956
677600,5.017371463342982,30.039695598180423,240.6593972210601,209.91699079076142,172.0443238598291,134.42556380596477,149.32663266721246
678000,5.735391034173483,29.840187133057505,240.56816883116085,209.58654667248524,172.0663399156536,134.33236259061366,149.2924142598582
678400,6.011215456430388,30.083358166914984,240.64899626200514,209.57340537455462,172.04716847826555,134.2700816035553,149.30848890888512
678800,591.330245161822,122.72983009398475,299.1959597971436,238.3003535547382,191.5069128337214,148.86945341875594,160.70807879169018
679200,7.388763462749843,123.09659731570362,76.43550890764399,215.96693278737854,187.76519395144504,148.83679463693778,160.54515531300078
679600,626.749947230381,247.44311246911124,138.74140403364592,226.37800199841308,208.38857854743026,161.8566433775032,172.84787762818075
680000,8.86377501310438,248.06878926489745,138.95448819897757,226.19369907749666,203.41020886542407,161.23192641355175,172.93788456827752
680400,14.67648829216541,249.80184383204443,139.9426009994798,226.72393795652525,200.62115471153686,161.30080042798517,173.1063548613825
680800,6.968335994545129,132.92946199858906,127.82964604628701,184.80236465107924,182.90403982949286,161.37168877534927,173.05483147707136
681200,6.090157312186697,132.66974076847643,127.88316904209012,184.21759135101598,182.9888130942051,161.48006993973,173.05736920275817
681600,4.507229731078339,8.2211972686159,127.83215486886365,184.2457760449619,182.5553788167955,160.99128161208776,133.10688201854455
682000,7.471102807271472,7.942662827449318,128.00572604617346,184.2869474386672,182.39293979704797,161.05118644828354,133.06703528172562
682400,3243.160494872584,653.639464143533,451.72065398778886,346.184825124897,290.28915491229935,241.96553985564637,197.760196080402
682800,2.093240868299801,652.664445118284,392.7969535584366,345.99645667779015,289.79922022263764,241.82942301490021,197.65495344669205
683200,2.442435010537718,651.9349006579542,392.3023207132154,234.36891481042971,274.74539542932416,238.8994756418876,197.5298998521933
683600,504.682882114795,751.9700311346976,380.09561420165676,259.4185091176514,277.617206066161,251.31533746098688,205.50443754233387
684000,15.638117297431846,753.6034340327295,380.7730484300895,259.86376831453356,277.7201488616943,247.75091875659047,205.14015081685932
684400,7.918368628740166,106.55500878396083,380.097236463747,260.0199187316135,277.8483707922658,245.49017514958942,205.06008763513753
684800,179.03781201082234,141.94392301246535,397.3041840653747,262.56691505583086,255.63630445584437,236.50407588846332,208.5581878333544
685200,5.321934632507102,142.51982293685919,397.2273617974068,262.5552654197485,255.22084816647958,236.5484502700055,208.62952831126535
685600,6.052696229766165,42.793785759853435,397.3819084472756,262.6070316580697,255.2911535123998,236.26201122441552,208.26940697912528
686000,4.864334380499725,40.639029176467005,397.1212316045984,262.56347882538597,255.2317088273109,236.07501274893556,208.2651954795465
686400,196.57425483852435,78.37020641842385,92.46260760119242,272.0916307944907,261.61075261699546,240.8325180845226,212.06495340475558
686800,277.08953857966713,97.98055173219281,119.96223737232917,256.37959546538286,270.6517169093031,247.33997451006047,217.455985886386
687200,8.467857054491596,98.60973621658971,120.56477957672455,256.43355014497,196.4342030658613,236.20024146617425,215.232536428855
687600,18.30705987279569,101.06060894519561,71.92719735252462,226.01140577709072,196.92140519594244,226.1947038877519,215.43770943929445
688000,8.613360199487504,101.81041410899316,71.22472164273019,225.99888503640992,196.9840860905991,226.09629205695327,212.44567933381836
688400,52.8407943589944,73.06372201308717,75.7169642157556,227.90710033975134,198.5856005596608,227.31551914813826,211.53553296282263
688800,8.630629938862073,19.37194028492616,58.676246008559566,227.9902150369672,194.60335870674044,206.39628984402316,200.93850991248263
689200,7.44177955433551,19.166724784894946,58.88823050074242,228.05779614907465,194.66625378007978,206.13769375004526,201.0164063161529
689600,363.2134648783695,88.1480057860097,94.60430736560275,245.99310790643918,206.60612356058067,215.11944197570057,207.930470452653
690000,12.416206542665789,88.90857505464537,95.35949458181935,246.24036309320886,206.82881741086373,215.26365526593798,207.93190911551235
690400,8.340403672114947,80.00849691726947,76.53610946517841,84.49935853318544,206.9064570180532,215.34209182904118,207.9732363606538
690800,274.10719973412324,133.10381087632172,76.23787558062402,98.10005647647662,196.33235550379658,222.04825657713337,213.1195547241732
691200,286.5012899158127,188.91571294861714,104.04121886675614,112.30299922174035,205.63610638556534,173.33595701608505,209.76843694629065
691600,4.911859765906998,117.25539192612466,102.70169885606727,87.31444810429596,184.90817013674956,173.36647861097364,201.49610288141494
692000,333.4050719375994,181.4531650051114,135.18087002987846,103.20279583630433,195.72621336756603,181.53328207541895,207.9132076515383
692400,37.44348616856545,187.27378150440148,133.64113921083555,104.67905171329559,196.4851132967794,182.3494852224545,208.5806431606777
692800,13.19552225708517,135.09144600899387,134.09762844265788,96.38693722560875,196.6926861721974,179.4769261407198,191.93655756375014
693200,331.06703516105114,144.00459505804156,166.46015400332942,112.67419225203597,207.52524876715955,187.6147288358922,198.2021858007021
693600,7.177750008674727,144.45777310659508,130.85658251635996,112.73044494098137,207.6142661097461,187.6687382995255,198.2668700838324
694000,14.03817890319588,80.58439449971438,131.01877975241297,113.18913716711617,207.8331686462769,187.87630799625106,198.41468016323302
694400,39.15160905850208,80.9260190777017,134.09990029105168,105.31800487811509,101.03287245247417,188.70481783630285,199.09365352144331
694800,13.176166401791312,80.92214790664293,108.00679695781848,92.12233626922128,101.40230330359056,174.25096586730209,199.2399646532704
695200,5.408486592191292,15.790438192870969,79.89751662545635,91.96936774610626,101.50117168964567,174.20145894553812,154.64826893795927
695600,8.015273475896894,15.957942886315402,80.20785799645533,91.45477842626133,84.94558473501573,158.733092101676,154.73475448807
696000,5.656926091129182,14.28169232390206,47.43304341180831,91.3069567208434,84.61287836147231,158.65292087862662,154.7132343426968
696400,100.55380047902014,26.562130608005674,53.74407484285378,93.6926070268447,87.70072608981498,160.79985368329798,156.62840314653434
696800,2.828232637270838,24.49254385510158,52.707345880872346,93.40248716176514,81.82707344402993,160.69635109936615,154.1230100887503
697200,7.344008965900044,24.87964832984333,20.33504326135724,93.39759863234335,81.8944759218097,160.72769739070898,154.1587917209852
697600,15.908693953405791,26.458332425345112,21.208137655830345,76.03236008609517,82.22300917926435,161.01273399626714,154.37661817078646
698000,14.72142133987334,28.27123147509394,21.27646189949809,76.14762082595556,82.5515787445768,161.1939919595822,154.55633877690045
698400,4.872563893622085,9.13498415801433,17.848557383010093,75.9742288370309,76.16152237974671,80.23679368510815,154.5335657456443
698800,10.439796355507733,10.657296901661708,17.574920378381734,62.790858668100135,67.27319763894141,80.44545757228835,142.915756769518
699200,16.426107014033278,12.473716511288355,18.676682420565932,49.287099523011165,67.5384726375928,80.79504937237574,143.09650364054366
699600,4.461350569289336,10.184247834465063,18.321290129905172,49.26457406318028,67.0769489941426,68.28951108373809,130.65073170732185
700000,5.3557304250770965,8.311109651505815,18.291170563299964,32.86210698755416,66.96836133499558,68.03245141192923,130.5805708155613
700400,6.993756929572656,8.735348258695929,8.93516620835522,31.339620525604523,65.44012675401486,68.00933611945004,130.42691618830943
700800,8.12670842993031,8.272730673580444,9.465013787621166,31.08617983424678,65.4233293703838,63.73655852992774,130.45008363701714
701200,10.998869393795454,7.187283149532879,9.830499830410709,15.082771545883997,65.54189903169912,63.87848189895995,130.5482578786493
701600,11.538732792253528,8.602759594125718,9.39350371429548,15.300820685062936,53.819407962161925,64.01563281302214,130.6888879398728
702000,27.728751175466897,13.077363744203677,10.694236697854837,15.985349298676487,54.32982611658863,64.58724323289633,131.09404090723672
702400,7.765617098044423,13.23173577789803,10.983542018297072,14.416049700653605,54.310666564119614,59.86702728938432,66.38614335174594
702800,44.60442794176807,20.527279680265583,14.400005176923106,15.987462777652445,46.66057417104111,54.05489952343684,67.2363670932153
703200,6.538013601209721,19.63510852174844,13.411195835640749,16.043939128103364,37.32846496055435,54.00665343710479,67.31827866502874
703600,109.4973145097021,39.22682486523815,23.91479222968203,21.118041179793625,40.81464678534751,56.28640980302746,59.414567312926884
704000,472.88894612170327,128.25886385448544,70.66811379934464,44.479642181322326,45.46410925815098,67.89329945108285,68.55958388941231
704400,20.78667513381115,130.86307546163874,72.0474056197685,40.49128591406188,44.90888222365916,67.09194647045327,68.81695001951374
704800,19.957530415637613,125.93369595641268,73.23048781833923,41.34775080298022,45.13428249561091,67.37511898237265,65.63534438761003
705200,9.118153390589894,126.44972391428871,73.04241621801867,41.43645802421471,34.4026531032622,67.41702832827902,65.71126876277168
705600,42.28025759276772,113.00631253090185,76.1165686980701,42.75503620618281,35.57273668939864,59.393698146138966,66.43581999003172
706000,5.102174639548265,19.448958234470837,73.85391104447822,42.27407387116655,35.27486988061038,59.21084734856104,66.4405767952127
706400,21.718705242727022,19.635364256254014,75.24921985894647,43.116380938621795,34.693773086751214,59.54530488782634,62.943465803296746
706800,28.029284842359917,21.24971514159847,73.59170554900567,43.995855362964406,35.188877034770165,53.39335701553225,57.9622607285506
707200,8.277614560422606,21.081607375565014,73.76566564492694,43.58843074028387,35.28451463371121,46.4377651316475,57.95845587866922
707600,2.636566356719714,13.152869128355414,63.079590829628714,43.497191529655396,35.105224396405305,46.380882796417815,57.645046008347705
708000,11.009822300737415,14.334398660593243,16.891678447532133,43.779896123438405,35.28365427005892,38.32100155549627,57.69297525037271
708400,22.091463641158317,14.408950340279503,17.022157298266848,44.534781459017694,32.668243042130186,37.937200992311084,57.07798863601598
708800,17.564312316055304,12.315955835018581,16.782835488308617,45.006661653323945,33.15944569808967,38.04642074378533,57.25666228355985
709200,4.612497055446396,11.582932334023338,16.33226985479427,44.68734303640649,33.068395301074546,29.885057291145223,57.200076633582064
709600,18.92670640537609,14.840960343754613,13.996914736055103,45.05674171706262,33.16899571614022,30.178781201062755,50.3143414641222
710000,18.01846894977058,16.242689673561248,15.288544167077337,44.57122760577781,33.2788973031368,30.278288452227123,50.426386712264296
710400,8.158385147260379,13.45607397478166,13.932512157530672,44.5908660082386,33.388424678258076,29.503457854446076,50.42274634176721
710800,7.917131225183621,11.526637756607322,11.921296795813044,42.75650117240938,33.304335840580606,29.371981975030888,45.09894497158841
711200,28.850696403554853,16.374277626229013,13.978604980126267,43.87213531252663,33.71848882023132,29.958037220314974,39.94593310134325
711600,10.701669735446282,14.729270292243053,14.785115317998924,38.93235307381384,33.926499459103226,30.02519712680371,40.06172930073404
712000,3.9074087865013136,11.9070582595892,14.074873966575314,15.483276207053745,33.878222071150695,29.981459194188016,33.471776037712075
712400,943.1704719676908,198.9094756236753,106.18277479922855,61.60246604874773,65.08411257242129,51.046875981404774,51.58631575369458
712800,32.79128664703353,203.88430670804524,107.70547223232639,62.244153860317525,65.90626517965808,51.79595233164885,51.978231041493544
713200,8.917968716993,199.89776117073288,108.13601939848104,62.23414462663768,65.83690182376466,51.835301325426165,45.535249712612384
713600,162.4759964052701,230.25262650469762,122.49094839847044,68.2439315672628,70.86814394419854,55.499483886722786,48.64121464054429
714000,396.5140452597758,308.77395379935257,160.34050602947096,87.81452509827417,83.16098708034218,65.04429948472034,56.290731967675896
714400,4.353178942714904,121.01049519435738,159.9599854090164,86.94624878327356,83.04723914183118,65.03131486094767,55.59476336536014
714800,860.2415193544969,286.50054173585005,245.19242422194776,128.55686050888042,110.23514218892214,86.27635793592239,72.53607042441426
715200,101.50154377283629,305.0172567470187,252.45750895887585,133.2180569695011,113.40059319464305,88.40324385489247,74.45793156802716
715600,4.558925716045471,273.4338426091738,251.84323455693578,133.31417493746739,109.90264690152115,88.40568323356138,74.38880461283013
716000,4.950513404403489,195.1211362380993,251.94754501872603,133.01120949265072,94.30469914427782,88.39555280804453,74.37467635909562
716400,13.87051919983852,197.02460428952404,159.0175497419408,132.6001622705847,94.0741606131454,88.56747186480118,72.64101073351199
716800,11.566191356910018,27.28953869000667,156.89504021292845,132.30025622262744,93.79444931118782,88.65345893797567,72.81576990790477
717200,13.388622415905648,9.666954418620538,157.3421055828197,132.73906249065038,93.93679827869833,88.71320276352841,72.93666217690489
717600,12.473515602292403,11.249872395869925,142.34185750252192,132.4164029504962,92.94324021234917,88.73657233377939,72.8679586098826
718000,5.7114453604442135,11.40205878707807,103.26159751258876,131.8010517710299,92.96354923637902,88.18613968840381,72.68775909029404
718400,8.838886220642559,10.395732191238876,103.71016824038153,131.835076824699,92.53422193564286,88.21297141646878,72.76708553683444
718800,3.7406691227999977,8.830627744416873,18.06008321721186,131.62625371957984,91.72460141165756,87.19137744599458,72.63310299218028
719200,8.913691971690469,7.935641655573837,8.801298037097279,130.6294034979866,91.74580399203315,87.25076940525659,72.48285469133343
719600,70.59851214418852,19.560640963953063,15.405256679911583,133.6242456184237,94.01120218494877,86.27829934611876,73.80559792283141
720000,7.292982147827931,19.8769483214298,15.639503554254029,133.79352428649003,93.8873075131851,74.63840024677187,73.84434295728643
720400,3.137464743587096,18.73666402601871,14.566198108628885,86.79187392528486,93.25550754993274,74.19716998701628,73.76721711356672
720800,5.053202744241778,18.999170750307066,13.914899247362062,85.40496973014527,92.83847056420564,73.82456179523138,73.70574699985295
721200,8.383697502638617,18.893171856496696,13.414406756035357,85.37825616942754,92.9641772457787,73.80620039803259,73.6534435620298
721600,12.224698113386744,7.2184090503363425,13.389525007144792,77.86569125483338,92.74077696937906,73.05481141104806,73.66716286845246
722000,7.337090159098042,7.2272306525903645,13.552089487010175,58.40684349979951,92.38473100968999,73.11068429903682,73.25932964812509
722400,5.261086614118487,7.651955026696643,13.194309526357767,58.45223888336968,92.28815439191858,72.6992438333216,73.20923903844658
722800,5.601337088771848,7.761581895602656,13.380376322954953,15.72022977008343,92.2109612540382,72.1385451394819,72.42917722138665
723200,6.729289545892101,7.430700304253354,13.161936080375117,10.981617058736221,91.47358102544943,72.09983701411865,72.4330027402803
723600,5.33838076794331,6.053436835164666,6.635922942750595,11.020589811331112,91.29480472653266,72.16738237439922,70.34982406544513
724000,4.31126213721181,5.44827123078742,6.3377509416889835,10.988627247971527,91.30826650488967,71.99991837031108,60.978270385755295
724400,39.698784352586046,12.335810778480932,9.99388290258888,12.280040505608904,61.19254358438618,72.44010138809679,61.35651257013079
724800,8.733709648844043,12.96228529049537,10.361933593049105,12.138416420205605,60.390624351113196,72.2193363214165,61.132036154794925
725200,14.844693172043549,14.58536601572566,11.008033159989598,12.211219958012501,60.58818183294822,72.47514122433142,61.246566950424
725600,4.3204545278037685,14.381780767697753,10.2176088014313,11.803566904288068,55.316330437032676,72.10998492739212,60.48737088912471
726000,6.264253474912919,14.772379035237975,10.110325133012788,11.831207310011504,42.30800404420391,71.81612954052068,60.51061246583201
726400,5.044904466492676,7.8416030580193,10.088706918250207,11.64150822230401,42.33106156166317,71.73829252350149,60.17713645030732
726800,4.673743961397896,7.029609920530071,9.995947605512812,11.688161964233904,13.81213571522654,71.65720784190685,59.71002563268807
727200,5.822759274102621,5.2252231409418854,9.905294578333864,11.533615329354513,10.622842898602086,71.08150941367055,59.660928526961676
727600,4.815184208280288,5.3241690770371894,9.852974922367562,8.2444489325591,10.631384848343247,70.93434727549139,59.704500883992885
728000,3.499118340662616,4.7711420501871284,9.771760542712643,8.054755742200836,10.583005012885218,70.92414001434541,59.5542868047914
728400,6.330860562733344,5.0283332694352625,6.434968163727372,8.214425533158147,10.331683058315045,47.50314972922148,59.2390747432229
728800,4.787495464908648,5.051083570137412,6.040346745333833,8.201140169191492,10.105726528581666,46.803054949668365,58.98353840619996
729200,6.70404516285396,5.2273407478876805,5.226281944414874,8.11715755220226,9.882907286813277,46.74770686081489,59.02536936834812
729600,5.102148759144502,5.284733658060523,5.304451367548947,7.761030084490146,9.637195058708347,42.81336066966175,58.74887821542348
730000,4.295578203751801,5.44402563067836,5.107583840432835,7.608954486722834,9.5899994868186,33.00789899326114,58.47442040050311
730400,4.8494728882423495,5.147748095780161,5.088040682607803,7.588373800429028,9.457019042405259,33.02030634189933,58.40824215532275
730800,5.033424648065626,5.196933932411556,5.124008751274576,7.559978178393716,9.500110893247447,11.640103974238551,58.35056802378039
731200,4.480068147712973,4.752138529383359,4.98973963863561,7.44751710848476,9.352323432448197,9.214567083610467,57.863155458663556
731600,250.4604207773485,53.823792933024166,29.554263295542434,19.703619108955017,15.347720386886863,15.36210446014304,62.65833047950159
732000,4.6627827039233685,53.897233833058465,29.67062973186851,19.721195137290596,15.260047072090044,15.35491119263104,62.67343795785004
732400,4.470692737941621,53.821477802998324,29.484612949389337,17.959790556558378,15.304488005235196,15.119915531083617,43.89944237325505
732800,11.112044198927132,55.03720171317063,30.11706782279118,18.07870728406253,15.50644938705804,15.108561852134045,43.46585752429292
733200,4.43683379222973,55.02855484207398,29.89034668572876,17.55831431507184,15.374887263377742,14.884767136542148,43.37623482579765
733600,4.535709670860256,5.843612620776331,29.83370277690034,17.569077072224665,15.11858764862686,14.686321988256344,40.217429091109466
734000,15.969877577382974,8.105031595468251,31.001132714263456,18.054358277348165,15.40634722923636,14.942782793679811,32.60654573746161
734400,4.442070960639316,8.099307240007791,30.96039252150315,18.0242166020555,15.37904670745372,14.832862412179733,32.608323577820094
734800,4.20162512020299,6.717223424262963,30.877212568716885,18.00061065999575,15.332389641834759,14.844386312114807,15.487525693134216
735200,4.065887934371986,6.643034252691413,30.835794547382783,17.912767093009222,15.24360958811742,14.723191211181845,13.538812576364933
735600,3.778850457323689,6.4916624099841,6.1676375153803065,17.86095040546139,15.1916252444301,13.052699669010224,13.523211071190497
736000,9.973554279388624,5.29239775038523,6.698714672926831,18.184672202397692,15.380368315835995,13.119713972299241,13.623671888690199
736400,4.0369636392956805,5.2113762861165025,6.655341763062237,18.06997735622581,14.191640958726314,13.142201444691958,13.427000777479341
736800,18.4271221733558,8.056475696747066,7.386849560505103,18.751958691648166,14.514754709543375,13.476549430419805,13.564219393808257
737200,8.315280925906315,8.90635429505393,7.774694273872764,18.832520479800785,14.297107634672132,13.4748390160015,13.46275256400827
737600,3.36295477635581,8.823175158860355,7.657418784422319,18.74556078066135,14.265190976290533,13.253295432575726,13.280541347489539
738000,18.19716664685161,10.467897632352953,7.8801476913691815,19.44064020281634,14.66295474868849,13.524797344769564,13.530255773217686
738400,6.208919166903343,10.902288737874485,8.056832511995584,19.50861251674939,14.701755238702178,13.548493158589187,13.4776564321429
738800,4.702609720061952,8.157386247215715,8.10693097198148,19.492071770349206,14.702717430657648,13.526024974371438,13.496895244088142
739200,22.87439263261525,11.069208588557503,9.987781441805808,20.41178799459432,15.271105209274735,13.929652551539515,13.776109257306636
739600,4.912347962267447,11.379087225739829,10.101131192300183,8.134384353840266,15.274344001074306,13.919001731397623,12.462385973668216
740000,43.33735535140383,16.407124966650272,13.437511299501704,10.068112986214292,16.60228523476568,14.89465406175242,13.183273437739734
740400,9.991899641271948,17.163721061523994,14.03300489969933,10.344173331380807,16.72431987071697,14.151981943969568,13.320362135693431
740800,7.880120234295572,17.79922316437072,12.978304705793306,10.182577133149229,16.827407363029867,14.130642208605858,13.376900485494508
741200,7.131891221314218,14.65072288211051,12.859965735334097,10.317330004603452,16.841668898311873,13.937822159837623,13.35186435986802
741600,2.489315726644174,14.166116434985858,12.772601830362934,10.21501030739265,16.754574463895196,13.892043689808634,13.157156712133167
742000,2.43153984536551,5.9849533337781935,11.196039150214323,9.538093420791776,16.692439851948986,13.79622584906995,13.059045705858516
742400,6.629483667505118,5.3124701390248275,11.238095600274502,9.647464056135068,16.751773544591078,13.835840329095259,13.086413646926248
742800,6.96129168455778,5.128704429077269,11.463963796724084,9.785447384352805,16.816035779140815,13.893029022174257,13.113612738841969
743200,239.5981487693552,51.62195593868546,33.13633941039808,21.562060426101965,24.65330513319556,19.737413759555572,17.77098992331123
743600,5.513241496155768,52.22674109258778,33.19642876378691,21.64877997804357,16.4883991571558,19.75486519175246,17.77448713787548
744000,4.542806378280458,52.64899439917078,29.316973866474576,21.377242582988163,16.484399946301036,19.780957392692905,17.779118022696853
744400,3.03113827400898,51.92932532047155,28.620897729748275,21.32695131472383,16.436414797503282,19.698464335474792,17.045765101125312
744800,4.564273222389227,51.44992162803784,28.289313028557643,20.633808867175496,16.21815576495202,19.692883779411808,16.962376372596214
745200,14.490604075652293,6.428412689297254,29.025184313991446,20.942575024662798,16.553281441066105,19.887547752231768,16.955294590668387
745600,3.5095706784615386,6.027678525758408,29.127209809173184,20.949905819768084,16.519076807986146,19.847733300214692,16.939076913681546
746000,3.224761904158341,5.764069630933984,29.20653201505247,20.20128558263342,16.094239618878657,19.820962892724857,16.878287082266453
746400,4.396977956288132,6.037237567389815,28.983281443930775,20.11068852210266,16.09273651873362,19.809650519426004,16.865328552062362
746800,27.2621938018735,10.57682168328667,31.013371655662343,21.23866772619324,16.86142214145597,20.3653697482712,17.31709754887187
747200,6.010351004268166,8.880771069009844,7.6545918791536405,20.395465644775886,16.926237577119178,20.40362681968508,17.320849383475185
747600,2.518395384563681,8.682536010230274,7.355107267994431,20.275768015890698,16.884222408027178,14.205076184865456,17.274913607000855
748000,2.286804413091505,8.494944512016906,7.129507071475535,18.223240468975078,16.62799741248394,14.145676727594662,17.25066732844943
748400,2.6908298539673856,8.153714891552756,7.095476229471376,17.85818697960985,16.583126286306328,14.101180155495305,17.177866714274113
748800,2.087775336568928,3.118831198491842,6.847826440889348,17.568569734723518,16.038481391746767,13.87557343393635,17.12387231170732
749200,1.4330101672889493,2.203363031095999,5.542067050053013,17.283625682022254,15.809072366459523,13.80047784331283,17.018451611796017
749600,1.7506242480398062,2.049808803791224,5.366172407010839,17.246691108092037,15.755328015515655,13.73085070774232,16.951421121573922
750000,186.27565994795336,38.8475799107636,23.671262211390342,26.43889711322143,21.35794445888571,17.988495267006577,20.59102275645795
750400,1.8365131516428892,38.676716570298694,23.415215730925816,26.199248587428315,21.212197591710364,17.923356321781668,20.530763561725966
750800,1.5909897033245044,38.57735944364981,20.848095321070918,25.930733488366656,21.10847692448578,17.858090436359706,20.461914862831144
751200,188.54836281735064,76.00042997366215,39.10189650237916,23.378244190766424,26.630942597310295,22.470152308434173,24.143280756223895
751600,1.995523791433642,76.04940988234092,39.04960934306616,23.202358305530318,26.533715124949172,22.425569141786923,19.1739828165056
752000,5.1758129204662255,39.82944047684349,39.33851019380363,23.234008632639608,25.26166371058458,22.305625607813862,19.184243420836456
752400,7.397323180636792,40.94160248264227,39.80915952647057,23.452317877970998,25.175177828563406,22.38963459634739,19.242776029690358
752800,2.33020264383726,41.089445070744816,39.833402257197406,23.3406143490434,24.990180575548134,21.987211608109426,19.06713919858856
753200,7.692005106673369,4.918173528609367,40.45930175113584,23.00068440059445,25.008851038393438,21.9716297126286,19.132242624877435
753600,93.58594740305048,23.236258250932735,49.642834066636915,27.5045032368239,28.04540542760698,24.22720452829597,20.91324737952124
754000,6.231567652678279,23.447409197375144,31.638424837109408,27.654843524249895,28.172073021184072,23.928064553441637,20.718481181027144
754400,186.6857904964308,59.305102660533954,50.1233525715882,36.769284151257025,34.17394991548159,28.439986336679823,24.36335557174297
754800,7.243956117021852,60.28785335517087,50.688649212957934,35.76837226701445,34.1833720632304,28.50351999660382,24.424202191679353
755200,2.655414862954826,59.280535306427154,32.09935441751835,35.60062545994878,26.285280933017052,27.998045552362306,24.39599273025101
755600,17.77546229860085,44.11843828553723,33.677348268235065,36.363478805650644,26.69402162643189,28.319623410770646,24.675924967076554
756000,7.49296819329094,44.370718393659764,33.90906379551755,36.62378699466061,26.7923603535989,27.42351373181782,24.6263132453546
756400,19.086964214920577,10.850953137357717,35.07802789894592,37.44359371270827,27.32755455162929,27.650890346159038,24.927313256867095
756800,5.219319125288116,10.44602573901097,35.36693954709101,37.60017090214423,27.349389415059253,27.584370318433848,24.663157195905743
757200,3.0011447359485985,10.515171713609725,34.89785351001853,37.67857763057721,26.96640743706913,27.48110165629971,24.55687447210659
757600,65.4434919963912,20.048777653167797,32.0836079693526,40.86322101799478,29.03087148100012,29.054956063043385,25.7984852165073
758000,737.847778289617,166.119739672433,105.24522903304648,68.44182693507796,53.51830536051541,47.44036202414968,40.19149744936261
758400,7.358510893532414,163.77404900815537,87.31250107275665,68.71792682217244,53.61702312509022,47.45858770480036,40.21448928389518
758800,9.23433577091555,164.5770523372809,87.51153903814603,69.100094125552,53.01609452405829,47.5154138069593,40.305123804912256
759200,160.69654329317166,196.1161320487255,103.3156518811677,67.70750314934305,58.17230093368841,45.54287367005471,43.06156681812338
759600,7.925429812194619,184.61251961188617,102.33064863252707,68.00399845038109,58.352535414609434,45.603178377955686,43.12182845512192
760000,17.174371802667974,40.47783831449635,103.29878899346477,68.60392639449118,58.84878766092865,45.91896751356537,42.59856878414722
760400,56.63187860930736,50.33251185765134,107.05328043290345,71.06565416592471,60.64682261943998,47.258986021947834,43.531368363507916
760800,1.9952180924595064,48.88468832196013,106.7308703296206,71.04890493835583,60.643737377969664,47.194759643699584,43.4136703206712
761200,6.267845199526728,17.998948703231143,107.05754037597842,70.97769694299849,60.80489854571093,46.98919067179646,43.39638940023545
761600,5.076244517225103,17.429111644237242,101.0208156280618,66.55221179870722,60.91575255468377,47.02835751776554,43.44812797604707
762000,22.07282633462782,18.40880255062921,29.44332043256287,67.34427473280469,55.44232476757292,47.49955912852728,43.84095370583232
762400,2.38161625662073,7.558750080091886,28.945630968871704,58.12906602081419,55.460494871072186,47.449175086035595,43.75599635761462
762800,1.9189893762403636,7.543504336848057,28.214096329404185,57.86281768377512,55.47142819350271,46.81559497539477,43.65515031144828
763200,33.7024350400064,13.030422304943993,15.51468550408766,59.415168692627695,50.30989726759124,47.50789707628822,39.5372360368613
763600,12.572266982346065,14.529626797968186,15.979369221102806,59.15500892681496,50.662455373954984,47.75924386623278,39.67841654658511
764000,12.191922936019864,12.553446118246594,15.481124334437993,59.389956663951395,50.896325707806774,48.006871829305986,39.8313988777399
764400,17.570082289687754,15.59113932486,11.574944702476035,59.31411256768977,51.23541767810846,48.37885314019899,40.122177758053475
764800,987.7713820836734,212.76161786634663,110.15256110159741,108.44171571560904,84.08345699276968,73.02094330887661,59.78631993527915
765200,20.335900755895093,210.08831100952438,111.55936665723428,109.30845351660636,84.50492018107707,73.49351557359176,59.90322586888401
765600,245.5676778111665,256.68739317528843,135.6085099866284,118.31466280734512,89.5709778613476,79.58894191266994,64.7443880115381
766000,23.486011898790437,258.9462109678426,135.74982854304466,82.59657448780379,90.14612600288469,75.51920071144086,65.14961301143074
766400,130.49095289261453,281.5303850884279,148.56076220664403,88.7531965877579,88.27296474942413,78.73556170496515,67.67149251015728
766800,5.603738137195405,85.09685629913231,148.92923708273958,88.57166670607188,88.21829081676326,78.83588041581193,67.23832339686372
767200,26.77167290601297,86.38401072915589,148.2361608693402,81.87542318671396,89.02216608486519,74.79146316802849,67.65354983489861
767600,13.760408052170952,40.02255677735677,148.3549749763227,82.16717209871277,88.88833094331753,75.08558527454692,67.87839008825077
768000,26.79822940307546,40.68500027821378,149.81560562302826,82.64836497873316,89.53183965031033,75.62614568661215,68.36861858805044
768400,23.56531824352997,19.299873348396865,150.4151292184125,80.99503696044428,89.68111811793065,76.03034556318447,68.78610835584169
768800,41.501167566359264,26.47935923422964,55.78810776668106,82.97033443413926,90.89051306596636,77.00961968624753,69.5743762004375
769200,20.53496653734448,25.232017960495938,55.808014344826006,83.68369050103016,91.47497379267955,77.33069372201429,69.95641532783861
769600,21.8850657435247,26.85694949876669,33.43975313806182,84.52413156234513,90.02302625091734,75.53817168052616,70.3591041577483
770000,5.826700645206476,22.66264374719289,31.67382201270342,83.71182527787407,65.62232366277031,75.52805000533937,66.75012497169337
770400,81.27669686160219,34.20491947080733,26.752396409602188,87.65657930812314,68.08626319503931,72.89282266446864,68.33892864589255
770800,42.46428038219498,34.397542033974474,30.43845063410214,89.68384385842087,69.1939280154153,73.77333077109797,69.15639445946996
771200,28.59331252200775,36.00921123090713,30.620614595701618,89.42838773252095,64.79048698970983,74.42177821257431,65.95729345356311
771600,3513.788404443938,734.3898789709898,380.62341423487834,264.4891946056006,181.6525861441013,161.82210176620774,136.19315106661318
772000,11.427239545253752,735.5099867509991,379.0863152490962,264.45096043606225,181.46101506885412,161.9204585500068,136.31817959910893
772400,8.530230741832337,720.9606935270452,377.58280649892635,263.9989678586695,179.85762680660497,161.6565402131796,136.34083775033284
772800,7.13268746156994,713.8943749429202,374.1459584884475,214.96703312756426,180.0288757855753,161.70437442158664,136.4368874466875
773200,100.4659027234038,728.2688929831995,382.1390521070534,218.97353322593972,183.1688110363712,164.14099337127303,138.29236539902212
773600,20.164497953852752,29.544111685182422,381.9669953280862,207.70337423307402,183.67175281759214,163.00901852020954,136.82393641003816
774000,7.7978473257640735,28.818233241284492,382.164109996142,206.91896600442274,183.19592018396332,144.75777024611324,136.85526200349986
774400,9.91850058215582,29.095887209349183,375.02829036819736,200.8903433888998,183.44714966148118,144.8217699883288,133.31991620521438
774800,7.689368830929433,29.20722348322108,371.5507992130707,200.99462492358649,183.63949564330417,144.78314581482917,133.32882445949252
775200,58.582479842899566,20.83053890712024,374.54971594515996,202.58516527043082,184.46883047006725,142.23029422857238,134.44736575909144
775600,56.10112078788977,28.01786347392764,28.780987579555124,204.70220090721676,185.91979226358538,143.43468650296472,135.2138789288772
776000,5.378817426124734,27.53405749399978,28.17614536764222,203.63123030836923,185.69268874658889,143.13979764355116,135.17159591353388
776400,53.28793782551762,36.207944942672135,32.65191607601075,205.11736128746855,186.88328393111655,143.05619912395642,135.8556153857458
776800,29.274099925699744,40.5248911616262,34.86605732242373,204.50600790543564,154.93337452585075,143.73817116978742,136.33671100175405
777200,13.9689710713176,31.602189407309805,26.21636415721511,204.17770813213426,154.72114353636482,143.9306993165822,136.55606752846143
777600,10.192818668383689,22.420528983408584,25.219196228668206,203.5930957783772,146.87531489827205,144.05861367036115,135.45105406190126
778000,8.096305066818838,22.96402651154741,25.249042002773685,203.70657599945784,146.3623246705397,143.70920063866595,120.8560245974453
778400,126.34624528629573,37.57568800370303,36.891816473187674,205.96005342069253,146.22416775032906,146.80831636440783,123.23577928530058
778800,217.45656393100623,75.21218080476433,57.86853598319535,214.70966759813308,153.28592861012277,152.19675572827697,127.4002238485024
779200,3455.152174348247,763.4488214601503,397.5255054337301,386.03761068944505,267.5652786581972,237.73299921098297,193.2893364696039
779600,666.6031180527425,894.7308813370221,458.5757051602153,243.67834636988528,289.32670232488294,254.08377048774292,206.46289023441489
780000,7.590019451873692,894.629624214033,458.79682536279034,243.48648536521628,288.6864286598429,253.9687229006392,206.27120318739898
780400,91.2474070665598,887.6098565700859,462.59277228689444,247.62234418145263,290.9424982872772,255.810656020061,206.96351375654405
780800,4.00672445912593,844.9198886757098,460.0660347402371,247.46604603133045,289.6926835170361,231.21653957944736,207.00374388387735
781200,97.44832959320826,173.37911972470195,468.41397059242615,247.31516737482065,292.2564622855649,233.14435030038015,208.82735357175102
781600,17.7099047334648,43.60047706084641,469.1656791989343,247.1924377138013,292.11729025189624,227.44790597343763,209.08002677607575
782000,30.19390216533396,48.121253603538456,471.3754389087858,248.31224045577977,292.9295303025672,227.61560323010121,209.2424482926899
782400,140.98755761638955,58.06928371350441,472.8395701417952,254.86569330749148,294.9198923277267,227.8780183481956,212.0145671198853
782800,120.37492253019671,81.34292332771858,463.1314060017142,260.4999709924548,297.51691373266016,230.74729795802062,214.38368578296442
783200,158.94613711835174,93.64248483274727,133.51080227872464,265.5181538562274,301.86200788587155,234.0516595633291,216.88855982453128
783600,4.491542526014003,90.9988123912571,67.29964472605181,262.93767494313363,184.88544582194078,233.81993792517514,216.72694533540468
784000,430.71151622067714,171.10233520232572,109.61179440293215,284.20430988286125,198.86158837778822,243.9177700956152,225.0973372010978
784400,8.569851401770299,144.6187939594019,101.3440388364532,281.9684055616739,198.8629090664528,243.54288342457124,224.9173325833395
784800,4.141361534250783,121.37208176021272,101.3575025439657,280.71176864210145,198.76319820220886,242.6088882737685,205.244732172351
785200,5.012439544949036,90.58534224553217,92.11391353913976,280.263942065783,195.58141609626037,242.22082509895864,204.93826294813206
785600,227.64031706107585,135.21509715254453,113.10695477190086,291.13631698541764,202.4972767331678,247.3647063818974,204.57971573313026
786000,72.10541274220326,63.49387645684975,117.29810582958778,294.33677236918686,204.64086224704909,249.0216741843223,205.55210374999854
786400,3.6300249104157465,62.505911158578854,103.56235255899041,288.20096135039284,204.43124639132444,247.08050738554272,203.0148851903546
786800,37.77722607168922,69.23308406606654,95.30258291313967,279.216994457427,205.43417496601643,246.96333102778004,203.65835494904445
787200,16.18564304443278,71.46772476596327,81.02653350574776,107.26866789223627,204.0209470727342,246.65313929084064,203.44663435181283
787600,175.64053520196404,61.06776839414092,98.14143277334276,82.72053874969735,208.00559421987003,163.1994425597913,206.68423689480872
788000,9.461678120938464,48.539021469887956,56.016448963368894,82.81412168315059,208.1416895763638,163.1503035241834,206.33750586916597
788400,44.282760630113934,56.66956861382759,59.587739886203266,80.4658893613283,207.84151700318367,164.04411677139043,206.7518547168976
788800,16.674942383012812,52.44911187609231,60.84109797107946,81.09930025752264,207.42154508509415,164.28267314442652,206.2553302132307
789200,208.67806408388097,90.94759608398195,81.20766042497266,86.6607869820563,213.9118481855129,166.98797717843846,210.01819216416143
789600,10.291074461979894,57.87770393598513,59.47273616506307,86.28984546848203,213.91512337863276,166.74114159114163,209.78631233853056
790000,8.525940894863545,57.69055649077014,53.114788980329095,85.20644740495851,213.92944457290093,166.7593439303691,209.84029714352369
790400,7.357547178299124,50.305513800407184,53.48754120711743,78.524946883054,209.9631546359677,166.6953200952727,208.36191414985763
790800,455.35327752093474,138.04118082799158,95.24514635204198,95.2738646325909,217.89304508896532,177.88691781252282,216.61969409263241
791200,7.797349806542888,97.86503797252396,94.40631702825299,87.71642526700046,102.98121760424185,176.61728956161392,216.2037748383231
791600,16.14587550179944,99.03599818048787,78.45685105823654,88.29914191578972,81.29930951921042,175.61840842946168,146.25092425948034
792000,2.816231748109965,97.89405635113715,77.79230642095368,66.90437769216138,81.14018326241829,175.5543437875113,146.07870410353746
792400,828.0450285592135,262.03155262732,156.16853321386367,107.87813655003352,105.70010397884009,194.9232710558537,162.4690000598851
792800,33.921019380842424,177.74510099930154,157.89314091364662,109.3671194423631,106.69724714289731,195.03944404223225,163.00476669827057
793200,44.51293571999436,185.08821818199186,141.47662807725797,111.34214425111539,104.93273401379017,195.80304315844916,161.88570735820235
793600,10.595183222164184,183.9780797260648,141.50703895327635,100.48988755916979,104.69557663008014,195.81310227229366,161.6943210635686
794000,390.4561926113367,261.50607189871016,179.7000641249237,116.40742655262645,116.7043196449469,205.3720994609066,169.34748796928005
794400,6.135228332519412,97.12411185337132,179.57783224034569,116.53268672373164,112.20924200215124,202.3668240370622,169.2718225242873
794800,112.57421898081624,112.85475177336608,145.29992638633388,120.27253636918799,111.94921855050522,199.74476541330748,171.36951952728504
795200,32.73992743017384,110.50015011540196,147.79418414869696,121.10025058847505,107.74234489423262,114.18445924035564,170.85266847903054
795600,7.231896000598796,109.8274926710889,146.9027861985769,112.67981862840679,107.83369001005212,97.70017868905205,169.8752839832847
796000,4.068023458815258,32.54985884058462,147.0279653696474,112.41013589530061,93.61224025132337,97.61212878922558,169.84906810393852
796400,559.5435456412094,143.23152230232262,120.17781707784702,138.1731751458554,111.97803005930469,109.31953225359185,179.97418026025235
796800,32.874880703019464,127.29165464676328,120.07320321006473,138.98317206185573,112.93581403159696,110.04123615968915,180.04619587579876
797200,556.7853508026361,232.1007393212557,171.3004447183289,156.3885363977935,131.32824440685323,121.52466168992487,190.9025234704251
797600,8.247174216583657,232.30379496445272,171.06564381777085,156.28634138552368,124.01513964537016,121.28809342700283,190.86361058138914
798000,53.60312341765461,242.21081495622056,137.38033689840265,158.54020051166324,123.3983966678852,121.87332395831083,191.77374694840583
798400,422.131435230552,214.72839287408905,178.97995758820588,179.2788949142759,137.3484436785564,128.9019208986649,197.68945074729098
798800,62.24123477738363,220.60166368896188,173.94665916786263,159.62329277709833,138.16391063541286,127.44857870484459,194.58514416421852
799200,429.99202680131833,195.24299888869834,213.67186910497708,180.7330266268371,151.95745676064237,134.22472594691877,134.08194121327995
799600,6.194683756301718,194.83250079664197,213.5681478805474,180.2354670395622,146.30926171245363,134.26730447767596,120.87377252735112
800000,10.618484246599188,186.23557296243087,214.22319395932578,180.62557966448668,146.34782191664232,123.764978678324,120.93434182324563
800400,23.20176748685979,106.44963941369244,160.5890161438908,140.38341661086898,145.64512214520056,124.13077658045123,119.57342903165163
800800,43.56678015641927,102.71474848949956,161.65820608923076,140.86570464964782,146.54151673764738,125.11641204600544,120.36463014559749
801200,26.952785462823112,22.106900221800522,108.67494955524948,139.98769713678925,140.48400745027882,125.66492069395231,118.9547192629898
801600,2.662605732941662,21.400484617128516,108.11649270688528,139.59106826232812,140.2297251593109,120.04047791074893,118.65377328297933
802000,416.5637259882501,102.58953296545869,144.41255296394485,140.8964449311738,153.83098466242376,128.6519357419001,126.38116975943765
802400,16.804462756158053,101.31007201931834,103.87985571650545,141.42990665235573,154.14588184835242,128.98129668804364,123.89750786223301
802800,16.890448211097397,95.97480563025397,99.3447770598768,136.6457181138698,139.53045420469115,128.45912724152885,121.82781837585104
803200,414.9807945416582,173.58040744602098,97.84365383391079,155.757761469444,153.10323569586166,138.42900602895952,126.94851152431718
803600,13.2637524147922,175.7006367823911,98.55056069975986,156.05935429015366,153.00716492629473,134.36958645928024,127.12395572209275
804000,342.9232870894265,160.97254900262638,131.7810409840426,173.00211747168424,164.3440667710053,142.7061266834924,125.36819113946771
804400,11.021434284913504,159.81594330837748,130.56300766384794,145.57601190386944,137.10994696186197,141.8745935248624,125.41722279713058
804800,5.505672299158743,157.53898812598976,126.75689687812189,144.2075514836764,136.16276872580585,141.59536177276604,125.44450901242874
805200,6.26286330211929,75.79540187808195,124.68790466205151,116.68142710865057,134.88776631187667,136.534981753222,125.46951748757216
805600,7.683123906283841,74.67927617638028,125.18995647938576,116.65322459313559,134.79069766801402,136.46978298932962,121.0703736244763
806000,1.8915508491716928,6.472928928329322,83.7227389654779,114.06764596471142,121.8385429426085,136.30392323818734,119.66609638661568
806400,9.463215784507886,6.161285228248199,82.98861426831287,93.43423499240923,121.94947585767478,136.3565649533425,119.7827602040975
806800,665.4620546566738,138.1525616997512,147.8457749128705,123.59527598637374,140.37907038020336,141.60928438173602,132.3364567757972
807200,7.212451393297799,138.3424793179869,107.06894059803446,102.4562972159727,139.52815451230748,141.59466192140488,132.1569929427745
807600,108.1205309765088,158.4299607320319,116.55461845420614,107.55258957698307,142.89110901150448,143.89402830827262,130.80659285826542
808000,1.890057611862557,158.42966208457005,82.45129550644974,107.11616824524624,142.81851014993939,143.87087395486643,130.65516044808388
808400,5.959025205855965,157.7288239688397,81.94505459854399,106.25403113119606,124.3656928020943,123.31872387103246,129.8886857395987
808800,186.2101782646102,61.878448690426964,100.01550519508913,113.38620103660557,129.47686938748066,127.12595284312667,133.27939045723068
809200,11.443930328840102,62.72474447753543,100.53361189776122,112.61075827990642,111.2988220383541,126.29922770834783,129.33470778212987
809600,161.17008709344705,73.3346557009231,115.88230821647753,120.53613234793173,116.3962524675829,130.0636003051299,132.3522880347592
810000,4.095517519435402,73.77574768243765,116.1027048835039,99.91272192449097,114.74599893764226,120.40458342783236,132.26367956725065
810400,103.28786831750796,93.24151630476806,125.48517013680392,104.23689220255847,104.11788004054078,122.83339942745708,134.1822859900348
810800,3.9789541120015737,56.79527147424632,59.33686008233669,103.59131749760368,102.17580401836138,120.11851780573673,125.15479952185616
811200,111.80021204737145,76.8665278179526,69.79563614774406,88.43228837288935,91.56941019322984,122.09502492116664,127.23485676667273
811600,255.56086866172967,95.74468413160912,84.53966991626615,100.5471441852362,99.8816163567441,128.30324923769493,132.02315662987132
812000,6.166623881046701,96.15890540393137,84.96732654318457,83.70931102481721,99.73322101122568,128.3557142482507,132.09016447253006
812400,115.45861632017431,98.59305500446465,95.91728565461639,88.93117012658026,102.8084493056695,117.25359101522483,117.83843622774928
812800,8.05288768564815,99.40784171919397,78.1015565967202,89.05853089590474,101.62465288997711,116.63304118979056,117.3210735938454
813200,146.82497157369315,106.4127936244583,91.6396607212055,96.08663630948342,105.62039242700612,106.38403170906697,119.36731431091937
813600,5.00879995374226,56.302379882860826,76.023532007235,95.95292011185634,105.69859890103281,106.30307235249593,119.25558664555092
814000,20.310411324277705,59.13113737150702,77.64502138771925,96.87386313561164,92.4901550789004,105.47075455016152,111.85267101980975
814400,413.34193003846497,118.70780011516516,108.65042755981494,117.06779884830948,105.70807065497729,105.25101692035935,119.99680505392865
814800,4.450595210809652,117.98734162019744,108.69759166969575,84.0172258760163,105.29340888830103,103.806250931195,117.83433257852853
815200,27.52770359309393,94.12788802407759,100.270340824268,85.03298848600609,92.37830585668222,93.74464285098938,117.73008810178693
815600,304.06909640693203,153.93994731471554,105.12116359878823,94.83041675752727,102.07181732308689,101.19150316725515,123.6668321099136
816000,768.3654681310569,303.55095867607145,181.34104802378926,133.15418728348698,116.2532233578079,120.13517776436659,138.95278100335844
816400,3.321174040419848,221.5468074764624,170.12730379581382,133.02229472521518,115.99654801632478,119.63816292820556,127.82833357134264
816800,370.1277306863586,294.68223457157217,206.33478809588487,142.2181723463026,128.15061662923145,127.80218669145407,134.5733905710094
817200,28.24184786841994,294.82506342663737,194.47647572535755,143.0580682232816,128.88324944810813,127.83441325159399,124.0025205123251
817600,15.21885563223159,237.05501527169727,195.49748129320648,135.7605066502208,129.1344405056397,128.14831949907622,124.14195414063805
818000,217.8259577841397,126.94711320231383,215.24903593919265,146.44702866345602,136.33225407013865,123.17987529397348,127.42641082796776
818400,319.09983973681483,190.10284634159285,205.82482690902765,157.23762723442138,146.6534748685489,130.7372597184899,125.365778918093
818800,7.36606926588781,117.55051405749869,206.11637431453545,157.40698299211567,124.71694202218934,130.49915024485966,124.26827560786309
819200,28.207942952954976,117.5437330744057,206.18439825052155,153.22736953739485,125.4167917408446,120.82982895514208,116.23259393089582
819600,466.1350360181048,207.7269691515803,222.39099221163883,163.7560779052136,137.35060857556445,132.1516110452249,125.43140097613188
820000,12.216866911894536,166.6051509771313,146.7761320897226,164.058590056756,137.6948355522322,123.88395054078657,125.4633686294378
820400,248.47692733938084,152.4805684976445,171.29170741961872,170.70950560771632,145.77876562334967,129.82033786714828,129.96887182648823
820800,12.103479736671964,153.4280505918013,135.48928232465005,170.91203521026753,139.97520900575174,129.9852830530861,129.33960581809325
821200,1207.0929759195456,389.2050571851195,253.3743951297626,223.9254354275601,179.8301771921086,160.00603586852176,152.9424096272277
821600,460.7420368904086,388.12645735958023,297.9267132555803,246.71209727439344,189.8159088520073,171.33250869312488,162.10399825037706
822000,4.593327980393295,386.60174957327996,276.60345027520566,245.92624310719924,189.83250253403924,171.40005312140542,153.86459029021992
822400,7.610997376774172,338.4285635807586,245.4545660392016,225.63969647411471,186.64327350268144,171.35374766121208,153.68072098263224
822800,469.34447235175935,429.8767621037761,291.65240634778877,248.88439033116214,202.1554574440067,166.4508081035892,162.7298014654455
823200,97.89928755345036,208.03802443055707,298.6215408078383,252.40296952917998,201.69209329420934,168.71797900759302,156.38817132568133
823600,455.3272519503674,206.9550674425488,297.54076240106457,259.9658773063518,208.35097273716391,177.3981470319395,165.22944131639284
824000,432.5649661463043,292.549395075731,339.5755723245055,243.17585220711413,222.5642508126725,188.16501974530053,167.0222748975304
824400,107.97180509056516,312.62155661848925,325.52506009962394,248.4083837596214,222.31469043835222,190.71533924241825,168.96128231364344
824800,6.020819013359305,219.95682595080925,324.91679402729267,230.20303817597147,222.24695481594256,186.210605261137,168.97158524792744
825200,8.678112263844008,202.11259089288794,205.07530766172255,229.22485139574263,217.64205950561427,186.1414598095121,169.01989022716197
825600,250.9964502612233,161.24643055505913,184.10074899880402,241.01373112719224,225.84164784919702,188.3871188887065,173.8861567542607
826000,13.28732276283553,77.39090187836537,184.97014847704824,230.78679937612705,225.6075448971489,188.61691401979152,174.114072192534
826400,7.271177748809605,57.25077641001426,184.9361665142518,215.1953662767268,212.07185315416038,186.21649675557404,174.07023143182002
826800,36.427383656663146,63.33208933867503,141.64445764474218,216.64843199626551,213.1377461023555,187.02770749419057,161.48953801181983
827200,17.002407832310393,64.9969484523683,133.55476967262817,216.0881552402333,212.7869029103294,184.65776238881406,161.68533714060007
827600,12.146652146641255,17.226988829451894,89.23670969225556,193.3887360466601,203.0561547683197,178.57240697593687,159.7658595640027
828000,116.91635300507082,37.95279487789895,57.67184837813221,198.62371035131895,181.34118426412016,181.34115020403746,162.06638547186688
828400,108.06650836316452,58.111861000769935,57.681318705392144,191.60318940250812,184.83269540821166,181.1563475051122,164.10853513501306
828800,1695.3692950445625,389.9002432783498,226.61616630851245,275.7664801679026,229.0074142201518,223.33925768908506,194.2917174706121
829200,119.05413822226512,410.31058935634076,237.65376890435454,221.36453828303866,232.03449056527995,222.64498685529938,196.4439216284806
829600,110.5788523409122,429.99702939519494,223.61200911232345,203.8563790555638,235.21315712223597,225.2842381649786,195.4320969334299
830000,563.7213951005913,519.358037814299,278.655416346099,231.8127824115737,246.74300503278437,238.86951275938645,206.62461448505303
830400,16.709606772788714,501.08665749622395,279.59925924849694,232.26771288137442,236.66333060065017,228.95370467774455,204.89304925415863
830800,11.629833541655596,164.3387651956425,277.1195042369962,209.38198094086925,236.80545607650907,229.1331856360157,205.0460668427517
831200,29.925612938159613,146.5130601388214,278.41182474758114,205.9832972101047,236.8627117426826,229.19313336964234,203.40857486056746
831600,26.903182936227928,129.77792625788453,279.8874778265398,184.56209375939775,222.22164997328667,222.26398553287473,198.83542114605746
832000,100.44765145354056,37.123177528474386,278.2406076713868,167.95622802475955,225.16267612467487,205.5660401159368,200.72104169750736
832400,27.86798563066645,39.35485330004994,270.22075539813693,163.95103705176462,217.8090447343844,206.17971040569296,198.96922908371718
832800,127.35124942586722,62.49913647689226,113.41895083626744,170.01755857239002,221.65063705735759,200.1102983741807,201.35519631852156
833200,20.35305649311558,60.58462518788347,103.54884266335247,170.6013057838536,182.09263974314322,199.9130785897981,198.82575801691002
833600,152.61891150407823,85.72777090145351,107.75284857966908,165.68242884599633,171.82186889693224,203.34807998659426,201.7779602479167
834000,499.79946462287785,165.59813353532098,101.36065553189772,190.00803593899846,188.32874011834838,210.3974176575627,211.3677413138887
834400,29.838669579789403,165.99227032514557,102.6735618125978,191.13641053054744,189.06966252511558,203.16588840363707,203.69767610471519
834800,4.060023100267268,141.33402506002557,101.91658076845896,189.51804250272764,173.56018088339914,203.08323724949656,203.68986466250436
835200,4.089664721976058,138.08134670579767,99.33298594684061,188.87240534721093,170.43319345568335,202.48028029372207,203.22110388508202
835600,27.126230976708904,112.9828106003238,99.3552907508887,189.62138428871432,156.15982608989472,191.5050601676872,197.68224657647752
836000,2.4570620470943543,13.514330085167106,89.55623181024409,183.89841974081548,141.8228959532544,191.26106504606722,182.3640784547983
836400,117.10499678805394,30.967595526820013,98.47993292598284,184.35034416205994,142.12733567650403,187.97676678228402,184.63975490975096
836800,48.610642180911455,39.87771934294885,90.60587220148726,102.01241151887741,143.54699644875575,188.88944584339,178.20941313964207
837200,13.911350141253829,41.842056426804405,89.96170156630107,96.75527211482685,143.72143771133608,159.0599051989327,177.9228031850987
837600,14.656992512769394,39.3482087340165,76.1655096671702,91.9591791234197,135.84345578638764,147.90777908949173,177.91156592270946
838000,13.400219544949351,41.536840233587505,27.52558515937735,64.4431203456376,135.84721901245808,148.12795137860562,173.82305115792565
838400,3.667771887206113,18.84939525341794,24.908495390119022,63.791028601358484,135.72710548373797,148.02937074136642,167.51440980093346
838800,61.07924221717678,21.343115260671002,30.610417301809967,66.26349903513453,136.54883410242175,137.82273998800187,168.58867325995925
839200,2.139585106367546,18.988762253693743,30.415409340249123,64.87419764354493,136.05340667822367,135.4287474268248,168.06730610302748
839600,1.8531565435110933,16.427995059842083,27.88810189692934,63.62169632390909,135.71029015811934,124.09189504165337,158.78166851353564
840000,114.18259364303152,36.58446987945852,39.06065505652306,64.30844343338364,135.61916484605135,116.13233572907157,160.82098304815838
840400,59.59698236836938,47.77031197569117,33.3098536145546,65.8948932702688,134.00351397955816,114.92296516101669,157.04338414873814
840800,83.10041608331274,52.17454674891836,36.75883100479473,63.68235160314106,80.26121801418319,116.84995508776551,158.46332287567097
841200,8.69908684282886,53.48644709621063,36.23760467495223,63.099653120626726,76.58271630153531,116.85047945224012,134.49544509413664
841600,19.093053317460917,56.93442645100058,36.68121075542139,56.42336021129586,73.53318966742026,111.05289452864608,125.66246542267767
842000,2.0951485674629686,34.516937435886874,35.55070365767274,31.538144408525113,54.812314782982654,110.77309017376174,125.61250183441908
842400,1.8160574016413225,22.96075244254127,35.36553220911627,30.137013799617712,54.31586313727774,110.63671216508256,125.4966030349164
842800,73.851880503737,21.11104532662612,36.64279603777229,33.6266066697912,56.38993136934712,111.5723245862594,117.58675119795596
843200,1.711536478061854,19.71353525367272,36.599991174941714,33.50770025759549,55.44946215401053,111.19005280240319,115.66299617644819
843600,1.9486042516152304,16.28464544050358,36.609535945752135,32.248818921340806,54.61764286452344,110.93510160502754,106.59542322247314
844000,15.90261163222338,19.046138053455664,26.78153774467132,32.92109640059726,51.799474870479536,108.40975807070633,98.26217613219153
844400,122.31015344662296,43.144957262451996,33.05285485249668,33.18135423352571,54.94754713101142,108.76584919779282,98.54894309931268
844800,4.128732132153731,29.200327588135345,25.155686457380774,30.95725873108782,50.840129887887635,66.4848351249826,98.51110136168857
845200,3.8186962153275754,29.621759535588488,24.66764739463065,30.452626034791507,50.2889845452947,63.60394907480916,98.41391304071826
845600,7.981213774263991,30.828281440118236,23.556463440310953,30.118837097866237,45.46772795430089,61.03900811064295,93.55360831097906
846000,1.9522116401007188,28.038201441693708,23.54216974757473,29.546436702623804,28.872819521541654,46.99477852413069,93.32690608852435
846400,252.00000947269905,53.97617264690892,48.5605649546805,41.963048581898455,36.278197517971975,52.87703859162845,98.22148272300215
846800,2372.0335890001334,527.5571440205049,278.3787358043202,157.51076592104627,115.21064971463417,111.8871324780904,144.93360682987156
847200,21.013481336304977,530.9961010447004,280.3089302901445,158.45446073254317,115.7747769351118,111.66432918804401,145.01382829995143
847600,92.73180518083912,547.9462193260154,289.3872503830668,162.99839316440955,117.96162940858281,113.31004474415931,146.62553136063542
848000,2.7771051821942936,548.1111980344341,288.07469973806394,157.42811874136765,117.97229751308613,110.86828108737564,144.34274640417786
848400,6.214066140407688,498.95400936797586,276.4650910074424,154.75897292996962,114.2759331581646,110.32693310011919,142.30569755972274
848800,121.06538904715988,48.760369377381195,288.158756698943,156.65722157816197,116.69109138703953,110.16978659065148,110.81961943977468
849200,4.655600751448252,45.48879326040985,288.2424471525551,156.45504727359292,116.38256640737936,109.77735019710981,108.53164869035834
849600,14.53930286736669,29.850292797715362,288.89825606186537,156.22735975108822,116.37864341919926,106.32535998119204,106.61085770088745
850000,102.02865426650224,49.70060261457695,298.9059003245055,161.2240350360402,119.33292457658438,96.38108972228264,97.37700288420565
850400,22.387554689283625,52.935300324352134,275.944654846164,162.25260990042233,119.95691733665362,96.19481185001999,97.49056184253556
850800,169.33369222117253,62.58896095915467,55.67466516826788,167.0267004862941,123.56539900345348,100.32665357804262,100.6446390161259
851200,2.409605532661633,62.139761915397344,53.814277587903554,167.06160393902408,123.57439968432996,100.28465209830976,100.09431886801593
851600,2.9087218818128875,59.813645718286594,44.831969258000925,167.10960982053396,123.60958519560668,99.67921437093736,99.61442964692763
852000,14.72511520521182,42.3529379060285,46.026770260302676,167.05073499918336,120.29433591434601,99.98591569989028,97.89997892196106
852400,111.66689298396612,60.208805564965,56.57205294465852,166.5185719760505,122.02999960153257,99.84996310478809,99.57595706902707
852800,8.510194547896127,28.044106030309717,45.31653349473215,166.73764509683764,119.54365888368535,98.84745191396271,97.19913597146763
853200,329.6057780689861,93.48334053757462,77.81155122648593,183.02699918952058,130.24054859122393,106.73981261215602,103.38419040298504
853600,133.66125800725175,119.63384776266238,89.72374674047444,189.31100140116996,134.0594887475503,109.71491924951809,103.0050373330485
854000,8.25484486649596,118.3397936949192,80.34636580047382,189.6261330624897,134.26481195751805,109.58628488255674,93.17414493792089
854400,2.229088747081742,96.45223284754233,78.33051920625363,177.13758702620888,134.27857966903272,109.55031780405363,92.62195332126672
854800,106.2640450373537,116.00300294543385,72.02355448787175,63.84910982806988,135.35898515348663,110.67993787455808,94.66603376000845
855200,2646.9193504172567,579.465717415088,336.47452897633127,195.14440328211748,223.5325789514598,176.79943200733027,147.52262747391407
855600,6.8238991264202165,554.0982456389216,336.86604670079197,190.8490079793965,223.69508878061998,176.92370057190303,147.1165808369083
856000,12.117427594927513,554.870762184608,336.60527793976354,191.3160241000332,223.56891597937678,174.37207142070045,147.30978814786496
856400,16.252428991260654,557.6754302334438,327.06383154049297,191.81794224257584,220.03365849753135,173.2884575862727,145.2927367919291
856800,91.97727023539248,554.8180752730516,335.4105391092427,190.36353630198747,222.96194310097263,173.5103789400747,146.1600693530187
857200,113.72948487952571,48.18010216550532,313.8229097902966,195.81723050839133,226.62563605644593,176.1361388909921,148.15643204778414
857600,1.350278887919915,47.085378117805256,300.5918118783634,195.157779309419,226.40460489356778,175.6925695302536,147.89029777528717
858000,17.736585810930638,48.20920976100588,301.5399859728069,190.9431758866404,226.93075069926212,176.08360546134028,147.9770251006068
858400,2408.2661028284124,526.6119445284362,542.14368738094,310.2371032935968,298.80628714445254,236.24485659700957,196.06899171943093
858800,6.9344951753464095,509.603389516427,532.2107323947391,302.11714344130553,219.9696506836263,234.57192196379978,194.9860967785943
859200,3377.837612701331,1162.4250150807882,605.3025586231466,470.888543799739,331.86378839579385,318.97507386938156,262.5000573304936
859600,172.27489667227343,1196.6099386376586,621.8476583777319,479.35685253926204,334.5152247788417,323.23323117989804,265.9084921330688
860000,13.900229785762004,1195.8426674326251,622.0259385968154,479.3156082682896,334.8859955989606,323.18317163373644,263.90284485592343
860400,14.603409141305807,717.1101286952038,621.8610366118199,474.46243407615657,335.1656403656572,320.4905030261035,263.00297339138217
860800,3.918250470566951,716.5068797542478,613.0551346353375,474.23283687229,331.26073574643743,320.48524098456386,261.41933007912723
861200,3401.050275842644,721.1494123825105,941.7872137316492,627.805061760973,444.4738915828106,405.41603047524677,329.26635385912357
861600,6.569015605611507,688.0082361691782,942.3090874034184,621.4504496408911,444.20821534075213,405.3807255210305,329.01587310488657
862000,5.384541079139799,686.3050984278536,941.0738829302393,621.3069344515231,440.9867449011734,405.46653375700646,329.08166095512007
862400,241.09570367851143,731.6035573352948,724.3568430152493,633.2502651980947,448.27701653414766,405.19392611215176,333.86725388065753
862800,10.0708249250049,732.8340722261823,724.6704759902152,628.4406041924773,442.96825429094207,346.14485701027354,332.5916327690829
863200,7.625420809540241,54.14910121956158,387.64925680103596,496.47590771209144,443.1421148001713,345.8101554971044,332.70991045571236
863600,17.638364644766778,56.36297102739262,372.18560359828535,497.0166309880087,443.6331028922698,343.93281948370264,333.02370566357547
864000,2.886011574184243,55.86326512640151,371.0841817771276,496.5550601869716,443.2384661045689,343.9355421435024,332.76337366241466
864400,13.892174490453868,10.422559288790007,371.01305831204235,496.4370474619312,439.9793088214518,344.1274948522535,330.5950140832913
864800,4.700740955321501,9.348542494853326,371.0913073605178,492.0732209979277,439.85232703503266,341.2183786499576,330.6064542597546
865200,35.545119203281054,14.932482173601489,34.540791696581486,488.1640027141155,430.0503050728425,341.99061661125336,331.2409827195137
865600,5.841969232631941,12.573203091174522,34.468087059283526,488.3885872313511,425.7896621136885,341.773183270385,331.1981978286811
866000,2.110977952628504,12.418196366863373,34.1407307466324,487.60730683843593,425.584866549893,339.27524136253817,331.2013731549316
866400,3.7859302046930594,10.396947509711211,10.409753399250564,367.38329820725,425.6367612651466,338.8102007504234,326.23709156957153
866800,8.315886678142501,11.119976654275412,10.234259574564323,367.4523677823898,422.3718226531729,334.78475561184763,278.9627375231317
867200,11.343832583621785,6.279719330343558,10.606100751972479,199.1276787765043,334.51930539205176,335.0081112881216,278.769344548078
867600,8.94751065375822,6.900827614568814,9.737015352871621,190.96130947557853,334.590092442963,335.15908100742024,277.0936586575364
868000,14.048618420480008,9.288355708139116,10.8532760375012,190.96872890731444,334.6544654704814,335.142168587802,277.31908892230217
868400,7.240489625188404,9.979267592238184,10.188107550974653,190.60058293150854,334.35406749161234,332.5315085038325,277.33961739199776
868800,23.24400864647358,12.964891985904398,12.042434320089862,191.5668708403039,332.0629587719817,332.899853856297,275.383189783984
869200,8.933393679416405,12.482804205063324,9.381261767703396,21.961026732142507,328.56975573197803,324.8830442465577,275.46874564254335
869600,4.222466485798968,11.537795371471473,9.219311493020097,21.84369927615188,328.6654953185741,321.6470744585214,275.262408914912
870000,4.831917245789724,9.694455136533417,9.49140542233622,21.816068084484378,328.235339699736,321.5615012680038,273.3184741744978
870400,16.722764260167132,11.590910063529162,10.785088827883628,10.597421113567163,248.51722841412783,321.9238431558309,273.20517836591546
870800,17.76606009445846,10.495320353126138,11.730106169515224,10.982182872039841,248.87828057809824,319.7113935322585,270.1738257233812
871200,137.45736135347914,36.200113887938684,24.34145904650096,17.473779899236785,140.86560553316983,256.9748438056641,272.8747808397975
871600,5.964622470599447,36.54854508489878,24.043170228185083,16.89009279052842,135.32192972644737,256.95336188926854,272.9358988515732
872000,17.029877627830988,38.98813716130703,24.341296148920186,17.59728609321076,135.426251321183,257.07617314009116,272.98199410002564
872400,2550.7755139203723,545.798687093348,278.69479857843857,144.44145306470668,219.96532148048524,320.4392502633189,321.7641665187537
872800,110.18977446759426,564.2834299679753,287.3893751605507,149.71590474032033,223.50770561371945,320.894562869124,323.79775811714774
873200,2953.7495898903453,1127.5418756753484,581.8709947816435,295.62612827467353,208.59768274864285,391.8950654943945,376.28063435357484
873600,2.275832472645049,1126.8041176757574,581.6763313803282,295.4478214366742,208.45457664421062,391.91820433401256,373.6529258428828
874000,6.068012217883235,1124.611744593768,581.7999408775374,295.6456731499369,208.47735901550203,391.6264899941864,373.6091891899105
874400,15.064248651793305,617.4694915400522,581.6340893167002,296.2095890722919,200.9429771812781,331.7964436397709,373.8658923880048
874800,138.23036318392266,623.0776092833179,593.6805196256465,302.70531289758094,205.21496178990873,335.07884033998533,374.50521875093614
875200,8.735222140282056,34.07473573330526,580.8083057043269,302.57488237541395,205.2519551676001,250.85128057595912,321.7415361853966
875600,6.733891975609454,34.96634763389814,580.8852326548279,302.46420144150653,204.88847274529488,246.71275545854252,321.7397360423804
876000,6.410677765085364,35.034880743338576,579.8233126685533,302.08230440873683,205.0059616183249,246.52551665802562,321.6256010457836
876400,1.339470446194602,32.289925102218824,324.8797083211355,301.7872534497871,204.58753815018292,246.19391819064782,321.3273418748822
876800,7.233788503646212,6.090610166163538,314.58410972474064,300.9867424426457,204.6719730684604,246.2768066414748,319.63247224024735
877200,9.414859485934494,6.226537635294026,20.1506366842996,301.0108157329716,203.80096441121552,161.48592123255702,317.5461797323755
877600,11.062614524672568,7.0922821451066484,21.029314889502352,301.3528231349153,203.9749859209502,161.59826120553356,317.7404264451106
878000,3.0449053377772097,6.419127659645018,20.72700420149175,301.26347253951474,204.00611683378852,161.53977031199952,317.44659283564744
878400,1.5096533374706786,6.453164237900232,19.371544670059485,300.5028169933799,203.93024093821444,155.5501190534735,269.3114638458286
878800,33.86690542469832,11.779787622110653,8.93519889413705,301.30785925989187,204.78194156309962,156.1450210659658,269.8501120508157
879200,338.51861550059766,77.60053882504329,41.91353823016861,311.36092196724775,215.68776766033216,164.41735093324226,209.063732106801
879600,3.0620689246396835,76.0004297050367,41.54635592507164,311.21579428994977,215.49158626936153,164.05294354023908,205.67947555184833
880000,6.317080617498082,76.65486476098087,41.53699621031291,310.6801544394332,215.23386834259549,164.13872026632194,205.52781256848306
880400,7.592050524162867,77.87134419831932,42.16225421810974,183.5209812696227,215.24558703922796,163.98121716716466,205.3875853961402
880800,2.591392075625699,71.6162415285048,41.69801457530768,178.14106215002425,214.55716648686635,163.92848344517228,205.36104822824137
881200,28.28739928228494,9.569998284842253,43.58526855494272,31.867952619621228,215.202300006962,163.74704044714736,137.90579069703418
881600,12.005529460754618,11.358690392065242,43.679560048550925,32.354437469026706,215.4617354394605,163.90112945285043,138.01452097413707
882000,2.5730743511196086,10.609889138789546,43.63237694988517,32.179690575688525,215.38644067630486,163.9126818628127,137.95829163957666
882400,29.89549835052065,15.070578704061102,46.47096145119016,32.92125306062489,215.82553181264996,164.5654210664584,133.73428753301684
882800,134.0277789890834,41.35785608675265,56.487048807628675,32.711123850882935,219.7009224424708,167.70821837423193,136.2134266142984
883200,6.72793407654788,37.045963045605234,23.3079806652237,32.610759447696225,215.34327486657307,167.59282091155507,136.19547687963856
883600,124.34578351586812,59.51401385662793,35.43635212434654,38.49135402470915,219.28931356808204,170.4777777331078,138.3296252570606
884000,10.588996439711762,61.117198274346364,35.86354370656791,38.70026995844047,219.07461752847803,170.3912871835886,138.48368495437114
884400,32.32763694629477,61.60362599350119,38.3371023487811,40.24967828344548,135.12635496267546,171.01846586661628,138.85239420348796
884800,53.04492810787056,45.407055817258616,43.382455952005586,42.5402352636567,133.22152675068466,171.7634888531512,139.81927794653893
885200,2.651707651971407,44.591810532343324,40.81888678897423,42.20207767195855,34.85159734273888,171.60644670246506,139.16140971551272
885600,6.499212117946481,21.022496252758994,40.26825505469343,41.97390755162224,34.99237666424893,171.66336534326874,139.17455457321904
886000,753.596436514501,169.62398426771682,115.37059127103157,79.50148411045843,59.90999080746951,190.38247832498652,154.20426374445648
886400,226.92414457873235,208.54328579420434,135.07345589385272,90.77220867252151,66.97198733836748,195.63751283295065,158.66702803193726
886800,141.67759400838966,226.26981897430818,135.83843739578336,96.16274310170607,67.08689503251638,198.73530118079893,161.33426217854222
887200,3.392711434194803,226.41801973075286,135.50491513154805,79.40644789838593,66.90881134231348,195.38368493281683,161.17523975555366
887600,5.38886844596876,226.1959509963573,123.60922362455813,79.5227878744524,66.8639772246588,195.36929108220107,161.10406691139787
888000,5.315461420146248,76.53975597748637,123.08187012260157,79.4727069145848,66.82747001316082,195.07643067700894,160.92940377139118
888400,6.458190647356817,32.44656519121126,120.49492549270776,79.4160139207445,66.99809401986623,131.46849759518358,160.91375779183457
888800,5.288093303039017,5.168665050141129,115.71924201222461,79.55084898211517,66.93323751317932,128.84595556606968,160.5546394849659
889200,21.2983013718195,8.749783037666068,117.58390138420941,79.20139408659189,67.32935224270882,55.53467335310654,160.80193763881394
889600,67.45340181866112,21.162689712204543,123.67932035428089,81.97378770448721,69.20904515250844,57.164112586756936,162.06655634547118
890000,8.506383852827689,21.800874198740832,49.170315088113554,82.27045317957263,69.39109443634347,57.22507187763055,162.14004567761194
890400,3.668096572552224,21.24285538377991,26.844710287495538,80.9590830906742,69.4630425441795,56.940168075649524,161.87895232385964
890800,9.512797489890964,22.087796221150303,13.628230635645668,74.73333401571458,68.65123894635259,53.72222893329873,161.71388707176828
891200,35.819584793736375,24.992052905533676,16.870917971599823,76.187916551574,58.56127125612388,54.39933799963509,159.68113154057346
891600,4.149177560533229,12.3312080539081,16.74694888305627,70.17808625380725,58.59750821065367,54.33472013925818,159.6448226423721
892000,26.22450100565772,15.874831484474106,18.837852841607422,70.95986148210456,59.261088890258996,54.830065720272486,159.82871510992865
892400,2.243398658238432,15.589891901611347,18.416373642695582,69.45564956770173,59.082800494728176,54.85266392557359,108.85807280468597
892800,6.83834878143366,15.055002159919885,18.571399190535043,67.1453206013799,59.22436571825511,54.842777932518274,106.79104429096279
893200,14.861706466093985,10.863426494391408,17.927739699962494,67.75582054208601,58.77684262438208,54.97894910702225,48.013286622477736
893600,20.5645891588197,14.146508814048701,13.238858433978354,68.45908939412968,59.06214461431758,55.216498472875934,48.379061756201224
894000,57.38864708039533,20.379338028996223,18.127084756735115,33.6486999224244,60.889330371960106,56.575092016441396,49.40547445345147
894400,38.34551131865708,27.599760561079954,21.5948262313456,24.21976825942064,61.17099747089799,57.49598846597105,49.87109970678875
894800,8.127014387627788,27.85749368231878,21.456247921119285,17.542239278382546,56.974305317516134,56.85249119004429,47.269032730862854
895200,248.22326422626665,74.5298052343533,42.69661586437231,29.783766917986135,65.02414965584009,54.59510740818602,52.058793572582545
895600,7.486799531011129,71.9142473087916,43.03037806142011,29.888663472238257,61.12885018967818,54.7057256733453,52.07385172369058
896000,87.51827976105795,77.94017384492413,49.159755936960124,33.99880438928384,63.69315963372306,56.73575565193429,53.69600376361002
896400,177.1213273897108,105.69533705913486,66.64754881010737,42.53196122640154,68.51961598183694,60.97398757357299,57.21164090248035
896800,8.789602052077317,105.82785459202478,66.84267413717173,42.70703666385346,67.04443844664382,61.12894282298428,57.24275717344897
897200,8.687151908847795,57.920632128541016,66.2252186814471,42.076479190704866,67.24561992187303,60.63893663864836,57.22820302190724
897600,6.259510217495427,57.67517426583787,64.7947107873147,39.01678461064658,67.23762985852467,60.49528615756689,57.1321409357637
898000,4.353452686457101,41.0422088509177,59.49119134792087,38.80913805232806,42.2628637309232,60.53979561595031,57.1583118827373
898400,82.30083600772882,22.078110574521304,63.88672381682803,42.740775024086886,37.44208677855642,61.84992905738052,58.77413553614246
898800,4.523209993487706,21.224832162803384,63.52634337741402,42.491295649266725,32.87027397805969,58.61231483249063,58.18726162751825
899200,17.942034821715943,23.07580874537701,40.49822043695896,41.597418150665696,33.355251424310396,58.892667351119826,51.77573001394061
899600,14.70282342132092,24.76447138614211,41.21982282598994,42.12510044370509,33.66571659015547,56.15159334875615,52.00854510387423
900000,6.67741768620955,25.2292643860926,33.13573661850509,41.14774627773268,33.71111513235758,56.05380387991859,52.01575184524846
900400,11.160613999868264,11.001219984520487,16.53966527952084,41.59360704481417,33.86786257744129,55.52462830625793,52.08712311476257
900800,16.001365887046184,13.296851163232185,17.260841663017725,42.05175790009479,34.22497166357486,54.598539250737325,52.35532259099098
901200,10.613327205260369,11.831109639941069,17.453459192658983,41.839338937053114,33.86880585802289,54.79757973956954,52.00184114945049
901600,4.833456831503498,9.857236321977584,17.310853854059793,41.0527823206873,31.78147435845097,54.755935857408474,51.85839969686547
902000,13.66790893079392,11.255334570894458,18.24229947849347,38.866745413207234,31.953525194383182,36.2577226678158,52.080296388458954
902400,4.912134395694166,10.00563865005964,10.503429317290006,37.19507656705909,31.994993121821246,30.70742241323984,51.58062910936243
902800,10.65909959057946,8.937185390766293,11.11701827699918,37.32168082720667,32.033203191844194,27.431960052794587,49.11325552139235
903200,7.234386977894487,8.261397345293117,10.046253492617037,25.272236964788064,31.080363264649463,27.52800194138708,49.12338457941928
903600,135.86507287408548,34.467720553809514,22.16247843789349,31.69115063194178,35.470893108434545,30.789907052089994,49.35377036658363
904000,6.836035981571981,33.10134596396513,22.178340267429736,27.65703844296748,34.824610940965016,30.82792141612564,49.27871115742083
904400,698.300886674947,171.7790964198157,90.89236753493762,53.71601640722929,58.02652720818864,48.12398881681539,62.598176151993876
904800,6.704998058831192,170.98827611346604,89.96273075211612,53.61178620756699,58.02208218410189,48.1594114357102,61.671377551013094
905200,11.580916214019814,171.8575819606911,90.05948965299206,53.75647442282559,57.91272250903275,47.9164768067652,61.84996172225406
905600,5.994349568632381,145.8834372996005,90.17557892670494,53.74321639038244,57.427047856026505,46.38000050051449,61.839864471267774
906000,5.569499898157731,145.63013008291767,89.36573802344132,53.80401875096747,55.69974294995191,46.30657840164774,46.87932573894091
906400,109.86093018103914,27.942138784136073,99.86061760197582,55.18202345963299,58.083590245364654,48.961399241859915,44.538061450987044
906800,7.891531722186644,28.179445516807164,99.58386081513655,55.35043954606793,58.07574082318328,48.9208675976673,41.86234020526298
907200,30.054063870894005,31.874075048182,101.86582850443651,55.95604099852683,50.80343414467085,48.776729574596246,42.39556725399697
907600,5.854675784395519,31.84614029133463,88.86478879546749,55.513633616680565,50.74903001978367,48.8193670301928,42.4048834007655
908000,51.60091003368903,41.05242231844089,93.3412762006792,57.759808234054546,49.55178436220471,49.453777255893584,43.33059237303636
908400,9.2467435824205,20.929584998717164,24.435861891426548,57.66411471318215,43.95596490196169,49.62886087899814,43.386363431737635
908800,6.048984741537936,20.561075602587422,24.370260559697225,57.16649565590675,43.864610991610384,49.60912677800074,43.40158126050762
909200,4.641506954270778,15.478564219262775,23.676319633722322,56.86790464335726,43.72975615979115,49.35362179020517,43.06844537215664
909600,5.950064479036522,15.497641958190977,23.671891124762734,56.92373502573391,43.71944130184252,48.98825867321058,41.83837862536415
910000,9.241584824286369,7.025776916310443,24.0390996173756,56.70241882040854,43.882379039770164,47.78458211680786,41.85308264479332
910400,5.863185142840871,6.349065228394518,13.639325113555774,56.749971357765865,41.3344573442739,46.97252396241245,41.896984416199096
910800,8.610432234922461,6.861354727071424,13.711215164829355,56.647537989983014,41.47069808565505,46.98460940859482,41.878937111099724
911200,5.358265094417566,7.004706355100781,11.24163528718171,56.55373189580918,41.051239094745114,40.91298443029859,41.26971071711335
911600,45.28934551873535,14.87256256304055,15.185102260615693,52.02494552804167,42.070789831325584,41.8580480799917,42.092514076277396
912000,12.08629005767654,15.44150360971858,11.233640263014443,52.28745823184689,42.25108557704115,39.97224833740716,41.80974985731777
912400,28.38492659845026,19.94585190084046,13.14745856461742,18.791660228022053,42.825229330327225,36.25383831762565,42.332580416122
912800,7.123943939376662,19.6485542417313,13.254954484401292,18.812607522049326,42.529315265404904,36.212196864808135,42.33829231928086
913200,6.7363896253618,19.924179147920146,13.464442751510395,18.570381192616427,42.40008401274162,36.163427807720986,42.17578598246622
913600,13.191079297400597,13.504525903653194,14.188544233346803,18.930217679054838,42.67867142827152,36.33671703471861,42.02831578523784
914000,5.59666648730517,12.20660118957892,13.824052399648682,18.93157600851221,42.409630013488574,36.36779737973982,40.99247617337603
914400,7.175543639371361,7.964724597763142,13.95528824930173,13.797306681428822,42.485076988277804,34.489665070530876,40.369076819790315
914800,6.253967883494409,7.790729386586689,13.719641814158924,13.715428489494206,42.3382392647083,34.532934017781045,40.33161588970765
915200,5.45319211377662,7.534089884269655,13.729134516094831,12.485384901638339,42.27886610257104,34.22071295008256,35.47621444745785
915600,2.5988800680197928,5.415650038393493,9.460087971023274,12.322595115819553,37.836659675702194,33.91811436625004,35.378456058198026
916000,67.2476790685704,17.74585255464654,14.976226872112662,13.10493356756362,39.85038111193546,35.432370900809055,34.97304404434827
916400,384.0570709150453,93.12215800978133,50.54344130377217,31.845449934194857,29.375587253272077,44.75478232368848,39.11175891485496
916800,7.443574289957812,93.36007929107402,50.57540433883029,31.91517941161585,29.400206460976296,44.54083753376127,39.084838359612576
917200,7.877350756601355,93.84491101963896,50.68950045195424,32.07697160173238,29.27675427906235,44.4724381225448,39.06864233656765
917600,4.932236788179757,94.31158236367096,49.86361620103216,32.026080217189545,29.241350519713926,44.4749076214617,39.04209686798133
918000,7.506434119050057,82.36333337376688,50.05459296420664,31.939322681927727,29.30591499374367,44.32087075116811,39.10515649663319
918400,7.864161814483559,7.124751553654531,50.12345478171786,32.03937151550987,25.906022714858484,44.39467143663784,37.61642301276829
918800,6.552135980613803,6.946463891785728,50.1532715914298,31.93645670279443,25.86137619013939,44.2919973463887,37.657001532510805
919200,6.340321964467561,6.6390581333589695,50.24198457649889,31.98555954629693,25.070918126591838,44.26964572105303,37.42496727536584
919600,7.725071995349559,7.19762517479293,50.75460376923188,30.10734587012764,25.133264666956975,41.06614569908463,37.285412246846406
920000,5.278454480575953,6.75202924709811,44.55768131043243,29.766954091272613,23.58918281518654,41.027206161559725,37.25743298273373
920400,3.972586130979724,5.973714110397343,6.5492328320258695,28.54633706789908,23.41337756680518,23.668998647960546,37.113672425355965
920800,7.303940688076062,6.124075051889794,6.535269471837694,28.555336905334052,23.455209431689788,23.683972213691668,36.93972392137656
921200,7.3328877065401565,6.322588200304314,6.480823166831574,28.585161809392975,23.544922123432098,23.577771501004676,36.874115131402164
921600,11.073988464628416,6.992371494160085,7.094998334476439,28.479307267754365,23.715719589618494,23.70476247340458,36.99892576406466
922000,6.935118182297508,7.323704234504396,7.037866740801185,28.546229852503977,23.638837368218862,23.73890293050807,36.864269949094734
922400,6.923481927458414,7.913883393800132,6.94379875209867,28.533626766908334,23.674180594372782,21.165466724168553,36.90449689973001
922800,7.129464997779614,7.878988255740843,7.001531653815251,28.57740162262259,23.624815019801357,21.14641505605838,36.83390420787402
923200,7.126981963891304,7.837807107211074,7.080197653757625,28.66109111512833,23.683772248783814,20.573238008383306,36.831756107593954
923600,6.763891745137856,6.975787763312963,6.984079628736455,28.869341698984226,22.399590456330564,20.59596840740187,34.24973248501501
924000,5.232142321010347,6.63519259105553,6.9794484127798935,25.76856486160623,22.171118865108358,19.4367492145849,34.217654611803766
924400,11.65705280585617,7.581906766735081,7.74789508026754,7.148563956146769,21.613523072021888,19.497006945170792,20.484777934421956
924800,7.083620078448655,7.572737782868889,7.725863019304798,7.130566245571312,21.612178943324285,19.52287282859356,20.492350374814304
925200,5.985397523689676,7.344420894828564,7.5911140010197515,7.035968583925728,21.587145873268547,19.556470092829034,20.3804400010077
925600,244.57579080716417,54.90680070723382,30.941294235273325,19.01814628487495,29.29996959026067,25.522113251032227,25.152068825778336
926000,5.867040180086692,55.0337802790491,30.83448643505225,18.93617658792678,29.30898204668672,25.437749634927233,25.158019631416913
926400,20.553392317739792,56.81304818142583,32.19747747408038,19.570638113089593,29.754910335965672,25.805004814299707,23.371868874150927
926800,3.5285282263790605,56.1020298110119,31.837383796940326,19.419457725377857,29.664062347395152,25.67795721408612,23.284608804234775
927200,12.895853034134678,57.4841209131009,32.41427090396466,19.747234278861207,29.912151044740423,25.866396912579052,22.94144458749959
927600,6.232012882911166,9.8153653282503,32.361083017742,19.672581323239292,30.03325547190347,24.889963596683447,22.9489913294699
928000,6.469319439077578,9.935821180048478,32.484800729548716,19.73212457116437,28.007310150920375,24.749539331218468,22.046359517577674
928400,73.46690730672324,20.51852417784517,38.665786179635425,23.206840629951547,17.654304697309644,25.87658884892529,23.33076279206373
928800,6.938074851378785,21.20043350284511,38.65123165692844,23.188547338116685,17.637454716023672,25.871942121725347,23.34854459426055
929200,184.5013667968392,55.52153625538601,56.50282858424339,32.04697129263163,23.52492191736493,30.316066551012284,26.945741791111914
929600,5.460512367371333,55.36723615227805,32.59130074026411,31.76629748776878,23.54253110333799,30.122802377761552,26.935950748878607
930000,16.148218429908834,57.3030159504443,33.61941856524631,32.226952500149345,23.83059058036661,30.38659117632664,27.07408342099106
930400,7.403975812059446,44.090429651511535,32.30447691467829,32.250977194379395,23.815251046952476,30.392301980643843,27.104899234375434
930800,17.391549530847954,46.18112458740537,33.690779045125176,32.76408142103282,24.17656483196028,30.670741521827683,27.28052158029394
931200,5.767360011698322,10.434323230377199,32.977929742881535,32.69610032342317,24.157466100201308,30.678595719275727,27.288703478639555
931600,6.415771432508208,10.625375043404574,32.99630559784124,32.67869430779169,24.113822748106596,30.77401800338793,26.51123199691501
932000,8.152515804966555,9.026234518416121,33.16462523443015,32.82471298198949,24.20962479225295,29.296638921797843,26.432556511860813
932400,23.31584835027846,12.208609026059923,28.14951933878566,33.40765275921061,24.854400199562907,20.27810835767867,26.331174946897377
932800,20.409193865429327,12.8121378929762,29.49663124019072,34.07393144855964,25.291241972141346,20.602248847065457,26.596879945418433
933200,5.946767109727588,12.84801931258205,11.641171271479557,34.07199992786154,25.245037952247596,20.553984255893614,26.581087495105745
933600,8.987182509275586,13.362301527935525,11.993838285669982,22.29256951296711,25.175477753735837,20.65535789892101,26.497009559343248
934000,6.51752278229189,13.035302923400593,11.030768720908288,22.32509364307737,25.161557907068982,20.630635115502052,26.515426685242982
934400,6.666442707059308,9.705421794756763,10.957015410408275,21.630746162543346,25.15298993305568,20.60069213781645,26.505244666596738
934800,26.51947729021951,10.927478479714798,11.869808186345429,22.780293615735367,25.799323676137007,21.099875670556592,26.91055485473124
935200,13.404592399683798,12.419043537706042,12.633531425143978,22.805730584012824,26.00857735733009,21.276482431436996,27.069582860449387
935600,75.31259219630365,25.684125475111653,19.52321350152352,26.25975954968245,28.293534039035617,22.96617043646085,28.52385710301506
936000,6.571977125543482,25.69501634376197,19.365159633581214,26.26489243400574,28.33819519918672,22.998508502585036,27.310343064154523
936400,6.314283456927993,25.62458449373571,17.665003144246167,22.907261241515982,28.160102887555784,23.057050935733745,19.75548731499218
936800,7.572320680146165,21.83515317172104,16.381315825717852,22.93897353295435,28.176392907612367,23.063760435535496,19.758062242795944
937200,13.763002226007371,21.906835136985755,17.16293933734583,14.402055304412759,28.43564639768962,23.224513298522176,19.875775272184065
937600,602.8685895955833,127.4180346168417,76.5510800459766,44.27245916582336,40.37873969063693,38.01937832679605,31.834502328332135
938000,5.994391823224719,127.30251755637794,76.49876695006989,43.76476783548915,40.38298474540819,37.99586016781923,31.804261482415633
938400,7.3259310296757345,127.50484707092748,76.56471578233153,43.76086559636996,39.94206936913939,38.00592139537466,31.793496866719476
938800,11.5898987213884,128.30836267917593,75.07175792544842,43.47078305589699,40.21078171897304,38.117432238464886,31.894252121534965
939200,21.81309170366814,129.9183805747081,75.91260785584686,44.27306964049548,40.50802300795748,38.4845849819593,32.20370751631898
939600,4.070717356456993,10.15880612688282,68.78842037186219,44.155816936692915,40.43597982374235,38.41725562224228,32.130620423541124
940000,7.691223373715422,10.49817243698096,68.9003449966794,44.13275231513036,40.47670995489694,38.478732648559905,32.17887580140391
940400,10.081615166816825,11.049309264409178,69.27707816766826,43.47104065595728,38.36386688356673,38.43934670758393,32.30105638212066
940800,97.6054555838784,28.252420636907175,78.2803916580415,47.33085374187973,41.38611290798338,40.70239259521967,34.1070866800367
941200,1315.86462846451,287.06272798907554,208.49055428189178,112.82674680961887,79.09822163023907,73.44937336874017,60.277721495196104
941600,95.54620278452266,305.35782507468866,157.7583156007857,117.15469782338121,82.10107797747744,69.72363366817413,61.967165781593984
942000,6.363864810654456,305.0923533620765,157.79526289952867,117.14701492479932,81.77493285683563,69.73605428393833,61.95574071416113
942400,6.007946189017974,304.2776195665167,157.6634644154629,117.11409009889726,81.72839853606759,69.37241813072028,61.937429999392315
942800,6.378257704087528,286.0321799905585,157.1423003137328,116.10702911959068,81.36128880850892,69.443661367663,61.92240585351847
943200,237.77147832347927,70.41354996235239,178.7381389757139,127.32537341578043,89.0947594189016,75.06555199989661,66.53529578071024
943600,6.213849273899288,52.547079260227704,178.95245216745812,123.87043626966025,89.08802868028131,75.06509790967131,66.52429493128545
944000,6.8684456032948535,52.647995418755784,178.87017439041608,123.8852596935478,89.04522634022558,75.07507606377673,66.55702099693116
944400,1078.6989452661276,267.1861952341777,285.73190740034715,177.5044927840078,124.22466290408723,100.20587701276186,87.89785884613659
944800,19.08043634449587,269.7266309622594,277.8794054764089,178.07989856722526,124.18037098672279,100.50943605008977,88.13779517145753
945200,146.92345778271002,251.55702685410552,160.9852884082289,184.73792134506039,128.8795940091555,99.56998832473656,90.95655637663793
945600,6.526595051185351,251.6195760095627,152.08332763489517,154.9208216178405,128.7975744272192,99.5966403918319,86.19557246151835
946000,14.811334418931583,253.20815377269008,152.92807459572288,155.36166874762586,129.07403481510718,99.56321829155746,86.37445834629526
946400,31.409315729446455,43.75022786535386,155.46821154976573,156.56583798261437,129.89879724918674,100.16335178949214,86.59157681452938
946800,7.278312055721032,41.389803007598886,155.5582169849291,156.350258649331,129.25742507470346,99.91052085261397,86.66657249111624
947200,6.055594693270596,13.216230389711004,132.38662862190822,155.56238379881114,129.01245848448968,99.91772671965329,86.52976732429893
947600,13.04872197806686,14.520655775087306,133.07011589232496,156.0112840298916,126.9369961438818,100.08355048329224,86.66610150620205
948000,6.607107391923468,12.879810369685682,133.04398207118783,155.957078230802,126.93816715276112,100.04491527296616,86.66885726525898
948400,5.5870558415122415,7.71535839209884,25.732793128726303,155.7323502645368,126.91392623224728,99.601695460247,85.31126023595476
948800,16.405982121946014,9.540892405343836,25.465347706471317,151.67237659144018,127.2083816136406,99.50161516665993,85.5006183813661
949200,20.920471345037104,12.513867735697136,12.865049062704026,86.92516873546653,127.44696391760824,99.87595777254266,82.22900047233006
949600,21.41313234294124,14.186749808672014,14.353702791879613,83.21851521338746,108.06511534252019,100.18660651838431,82.54805287184145
950000,4.043847408606524,13.674097812008625,13.276954090847108,83.10251434328505,108.00009719536624,100.12476463404218,82.30596545141542
950400,11.657372605623886,14.888161164830953,11.30175977846485,83.38498566411535,108.14447858123118,100.2495378815063,82.3910333872867
950800,6.835052035513811,12.973975147544513,11.257433776444127,83.40782538068666,107.98598369170203,99.75742725013865,82.17990343738002
951200,5.471834361042261,9.884247750745544,11.199057743221294,71.79284318256482,107.4412751136145,99.5591082991726,82.17399292436689
951600,6.785397894358843,6.958700861029065,10.572725334850494,71.82142061358779,107.5317644648779,97.845928441624,82.18138545360391
952000,6.897918139633652,7.529515007234491,10.601806409621512,71.82289424040474,107.50532095707516,97.85407696697624,82.15629350029725
952400,6.85460961657447,6.568962409424607,10.728561787127735,18.230677457927076,107.39775410540042,97.8675851209674,81.82706872562318
952800,104.70266036893462,26.14248407610877,19.558229611826597,22.511788659149012,107.63432759823563,100.29584361318712,83.51293805569327
953200,33.93674883287828,31.83546697047597,20.859857360610714,16.862453211657424,64.90339827718124,100.80018727835889,84.0727376901563
953600,7.291260297447334,31.93663945109367,19.44767015606132,16.900686473970524,61.9615668609454,85.91075404590549,84.03881924591971
954000,7.318117384297772,32.020679300026494,19.775097153630448,16.526025622238834,61.99337528006684,85.94384718493231,84.05483113795982
954400,3.5870589215201574,31.36716916101563,18.968065785220073,15.134912781842521,61.912679037816915,85.85037538222842,83.99324346224907
954800,3.588783687571932,11.144393824743092,18.643438950425885,14.950436363435063,61.81969657059973,85.65034750638301,83.5346295901961
955200,7.507886224199863,5.858621303007409,18.847044136741648,15.023050939981527,54.14424350062375,85.2927173693963,83.41669546668643
955600,4.215589759282409,5.243487195374423,18.590063323234002,14.581394329042306,54.077634850136526,85.29633917946694,81.994755417946
956000,10.759359287698135,5.931735576054497,18.976207438040454,14.789006923831039,54.207331972949966,85.37304257731651,82.0785030611891
956400,5.480224760807931,6.3103687439120515,18.8387689524638,14.783665369795822,18.433374622772643,85.25800781716629,82.06182188726669
956800,8.326043819165449,7.257820770230754,9.201107297486882,14.379668454656795,18.074894871928294,83.02602252304845,82.07689635004708
957200,9.42665631538913,7.641574788468607,6.750098045737966,13.804977703174398,13.491668156350933,50.36507321932045,81.99016943183473
957600,13.831919714906528,9.56484077959343,7.404163987483885,13.425917071772663,13.735178978474972,48.32221614258005,70.20943603422118
958000,15.95638131379393,10.60424518481259,8.2679903804335,14.021543767032028,13.773347208303713,48.56202905515853,70.40867582403257
958400,59.54058227949473,21.416316688549948,13.863342716230957,16.41570425072557,14.711056093305325,49.900344957420444,71.45296884902895
958800,18.892713949783914,23.529650714673643,15.393735742452156,17.018587346439077,15.09820282310742,50.21320636356286,71.59902515359686
959200,6.324153112563768,22.909150074108574,15.275362431288547,17.061203284015157,15.107154770417194,44.42702323328997,71.28924638177477
959600,15.379533148964228,23.21867276092011,16.391756770256727,17.49091004674542,15.184848476113773,44.656165330166594,71.51542269762491
960000,6.148105687439156,21.257017635649156,15.93063141023083,17.453419424135696,15.169548419297628,44.638156832270205,71.48456034389939
960400,8.387321886245523,11.026365556999314,16.22134112277459,17.530055037619253,15.262890620788736,17.88036624777315,71.45067447828797
960800,3.480671739096279,7.943957114861789,15.736803914767673,12.468955606127333,14.832046941360412,17.490372132638164,69.56817880139232
961200,15.136363992791384,9.70639929090731,16.307774682507898,11.528936364122988,14.639243362952223,14.195694787890195,43.55361351195795
961600,22.263271966693814,11.083147054453228,17.15090990768663,12.277536947585313,14.667581350410641,14.589111710777908,42.08795489560137
962000,6.552466346549392,11.164019186275276,16.210518410962173,12.239254395697893,14.751201981675402,14.382640008968355,42.09172692631927
962400,7.695976461099694,11.025750101246109,11.026057829122669,12.444700272676872,14.619155443524596,13.789806527259685,42.12548753176091
962800,30.784261332119268,16.486468019850708,12.215212567356206,13.804474154904238,15.417462420078113,14.377455259169642,42.613607604321544
963200,7.371098533282008,14.933414927948832,12.319907109428028,13.797634770358343,15.480771225819439,14.410342855169924,38.0056000085176
963600,7.199183956064152,11.9205973258229,11.50187219013802,13.946814480197432,15.494564094542946,14.264104404619857,38.02530670216089
964000,6.096996858102241,11.829503428133469,11.496761307204329,13.713696358717636,15.467866718491901,14.251351641274326,38.009877727257035
964400,17.452673552083706,13.780842846330273,12.40329647378815,14.312318798281424,15.821135516342208,14.547992084038611,16.784952292976158
964800,27.814282155387893,13.186847010983996,14.83665751541731,15.286730715092549,13.25818957589065,14.83319958487466,16.959629209194
965200,11.008643115210848,13.914355927369764,14.423885427659254,15.365830055083634,12.493919385301735,14.585403879129004,14.24133291584402
965600,5.49146015651881,13.572811167460696,12.746704246641755,14.94880707716425,12.433926047270786,14.187362074468442,14.220630217950687
966000,6.7032084466156405,13.694053485163376,12.761778456648381,14.486148433805335,12.41342908268138,14.253846100418674,14.05846769850437
966400,5.641745119481797,11.331867798642994,12.556355322486592,11.791206575804686,12.481918622613437,14.103455413265118,13.543116286305073
966800,30.74522546907927,11.91805646138127,12.55245173618259,12.383832151769454,13.387133348663683,14.701209749104255,14.012454554572239
967200,11.644059635909818,12.045139765521064,12.979747846445372,12.649827477936757,13.52500579572068,14.855515380975941,14.124223853425022
967600,32.28135793755932,17.403119321729168,15.48796524459489,13.494918717366511,14.460531401663244,15.492914382055957,14.508876572614872
968000,46.289794936646445,25.320436619735325,19.50724505244931,15.502003179826875,15.644879256628188,16.477711301981277,15.302530323509332
968400,6.143758959137111,25.420839387666387,18.37635359315465,15.389825033471457,15.66699706323916,16.459940035545344,15.31366438586183
968800,2.908447595244535,19.853483812899444,15.885770137140316,15.361213826278867,15.486410522441796,13.915084716203092,15.043713695327801
969200,51.89963482198784,27.904598850115047,19.974869307818015,17.19937736773869,16.902176472661754,14.364156865930829,15.663296964866813
969600,8.06449787380478,23.06122683736414,20.23217307954661,16.48943866309424,16.70992907795836,14.383487805339765,15.396324275484085
970000,7.4908591261572655,15.301439675266304,20.31093814750077,16.536358302074632,16.42774500503714,14.387806348886253,15.465264509835102
970400,7.676493457700226,15.607986574978923,20.514412981322614,16.53538415190466,14.698942044310655,14.490042212290755,15.385646926876626
970800,5.69909632251166,16.16611632043235,18.009800066665854,15.28112590142428,14.259154790068248,14.542800028164246,15.362927812616583
971200,13.973792315566566,8.580947819148097,18.24277333463153,15.61126059053851,14.514142763501672,14.704447680448414,15.532966971707069
971600,13.907250000441554,9.74949824447545,16.405362540919754,15.946663892757377,14.465066658550919,14.946739186477393,15.675404013828725
972000,18.29528592205878,11.910383603655754,13.605911639460988,16.556578345955206,14.869972666371574,15.13513735233641,15.903351369477228
972400,5.815140435015328,11.538112999118773,13.573049787048808,15.974701690101787,14.7842332846639,15.143510244191594,15.882561985846046
972800,307.5687555125948,71.91204483713541,44.03908057878383,29.962425357962132,24.920502743780517,22.62457803652733,19.939883888719248
973200,6.980057163234152,70.51329780666892,39.54712281290847,29.7609960603633,24.64862584946194,22.563413057723455,19.400750055326363
973600,2.7762328910688607,68.28709438479437,39.018296314634874,29.625234697090796,23.999057880274446,22.28702088712751,19.310449507198797
974000,5.55340610729715,65.73871842184205,38.82455101274887,29.567744580124877,23.96575587229937,22.026946506965093,19.275155281658783
974400,37.83473109509435,72.14263655385784,41.840374776488275,31.1773938789055,24.970381026765857,21.48430022735508,19.96010872513027
974800,42.908287146667504,19.210542880672392,45.56129385890386,31.785546962784917,25.374515220584133,22.08468955727717,20.746498794312178
975200,106.14690036769213,39.043911521563984,54.778604664116415,36.51068899937403,28.667041948397802,24.580258238655382,22.719279077182023
975600,2.7424864651522043,39.03716223638065,53.66212831058748,35.03374542575367,28.518485365367404,24.26433207156008,22.689817011299418
976000,3.4283236625413203,38.61214574742949,52.17543208463574,32.890671862048414,28.429529592182043,24.196337520937632,22.543196298796282
976400,15.064329892380863,34.05806550688679,53.100351030372295,33.336700408710605,28.349918136858612,24.36326272109102,22.73487840142774
976800,4.955479766932959,26.46750403093988,22.839023455806103,33.439052017295026,27.587958057243448,24.400132921786934,22.667467120383094
977200,30.505811600873912,11.33928627757624,25.191598899570078,32.36936085623933,28.237863673432216,24.784369111989,23.089050226092787
977600,9.58087691462995,12.70696436747179,25.872063301926186,32.445179808280585,28.374177565369255,24.467309235687402,23.00402937008726
978000,5.273711687611095,13.076041972485745,25.84409385995758,32.334322436353276,28.326527673402435,24.435340369213943,22.7903759775636
978400,3.866496341427385,10.83647526229505,22.447270384590887,32.143822580539634,28.267352714133956,24.339603366222136,21.676894258802253
978800,43.23055562555603,18.491490434019664,22.479497232479737,34.020395545691855,28.683530386016514,24.650760723558058,22.163651092317696
979200,25.038733723375067,17.398074858519895,14.368680568048035,34.57364261608228,29.130019522265354,25.092451603310383,22.537942704533922
979600,15.308268596451832,18.54355319488427,15.625258781177996,34.6436935458828,28.564249877561775,25.295178719320074,22.536517413483676
980000,49.7657556191907,27.441961981200194,20.25900197684293,36.21721703073939,28.680115233646582,26.386897688347283,23.408870412118702
980400,27.090361246347783,32.08673496218427,21.461605112239624,37.280978071306016,29.37833530988694,26.627839880703885,23.78293119932075
980800,67.7332349237016,36.98727082181338,27.73938062791649,25.28920204186135,31.539161554168842,27.62581369991173,25.067982463012854
981200,86.79890799175104,49.339305675488575,33.368690267004204,29.2801445832872,32.70247065982761,29.520570321825232,26.50123334299205
981600,9.454776674807716,48.16860729115975,33.356080243021985,29.61407177247414,32.748813286527714,29.619653234782458,26.245063437154325
982000,5.969012304764681,39.40925862827455,33.42561030473733,29.634852082347514,32.698085059147964,29.601298331236183,26.233394356318637
982400,3.634211192462226,34.71802861749744,33.402381789840824,27.924826087215912,32.563342316973355,29.551109983060694,26.152159050945883
982800,12.423839955565288,23.656149623870178,30.321710222841745,26.400603727660798,32.78750043807515,29.093075345222843,25.784950623414808
983200,6.190574658253476,7.534482957170667,28.436894316329585,21.402787442188867,32.52805984949804,28.95673822078144,25.761340145914232
983600,6.366260191824223,6.916779660573967,27.542693475866834,21.583976128522472,32.27669352254413,28.308860777138058,25.744681670629433
984000,17.974115819232853,9.317800363467603,24.363529495871045,22.311265736357047,32.26598785244993,27.600968799202725,25.982224049852046
984400,7.564307036954193,10.103819532365996,22.410924074931685,21.93626459358571,32.3242934058479,27.63648250114815,25.784456719549457
984800,5.168438819323763,8.65273930511769,16.1544444644939,21.94691254620525,22.24428284940553,27.69298228175013,25.331539852828172
985200,6.998044817571912,8.814233336981378,8.174358147075989,20.77152420704015,22.244882437883454,26.570442531639724,25.251327886875398
985600,6.038795494878755,8.748740397592282,7.832760029083092,20.594420136052594,22.353634524677112,26.519799972166584,25.26227459364259
986000,16.400975961420404,8.434112426029795,8.875956394748664,21.150783349743058,22.71522018648123,26.742552893048156,25.45622994393869
986400,11.181017965030948,9.157454611645147,9.630637072005536,21.516509430923236,21.826763082145778,26.830166005731428,25.567015400849673
986800,5.702262991579038,9.2642194460962,8.958479375606911,19.640094799224386,20.586562276976164,26.83024517245811,25.06615615129967
987200,7.981630481894228,9.460936578960665,9.137584957970986,18.787239637150343,17.314386614116234,26.680441126616294,24.99290756821936
987600,8.853582890866528,10.023894058158218,9.386317227875216,18.46450535187108,17.51808982830671,26.554099448876922,24.524352067285506
988000,5.466719710039136,7.837042807881964,8.135577616955846,16.249553556413503,17.586036363223304,26.233385293576436,23.707890562753356
988400,349.231064165733,75.44705204802237,42.30225332983373,32.35658870238276,28.72492750566838,34.81878338684438,30.569636666885273
988800,2211.4209419394247,516.5907878375915,262.9275036418438,139.5409740531689,102.27377624475143,82.41508804751513,74.73988655376887
989200,209.11087644934875,556.8166370310825,283.1387868050215,145.65657247604878,108.22727840636726,87.468358529668,77.88411138631609
989600,4.651290004044973,555.976178453718,283.0000362559381,145.41639814251064,108.0629588426811,87.5152349574924,77.81584722892089
990000,21.145087941833854,559.111852100077,283.47444745397945,146.1752019243641,108.59200471782187,87.90502700335581,78.08893180523442
990400,17.602538192209433,492.78614690537233,284.11659947669733,146.8736182743515,109.04987277951459,87.3992221807837,78.28745269992461
990800,12.572857768243884,53.016530071136174,284.8036589543638,146.8810691649854,108.02794951760418,86.6408364463231,78.42492792883927
991200,12.412872797682535,13.676929340802937,285.24678318594266,147.1921840719569,107.60708748674777,84.29748575707286,78.39370953848157
991600,8.731269621051668,14.492925264204274,285.23455185896114,147.31043454341824,107.38785418756775,84.44720533597035,78.29018993089377
992000,2.9453755963592108,10.852982795109346,284.9824174475931,146.55899753227453,105.82717485347338,84.4351316343158,77.98319172437978
992400,31.10091576058375,13.552658308784208,253.16940260707824,147.73582796845602,105.96086000394793,84.83604628102088,78.48890723089116
992800,13.525249246835989,13.743136604502629,33.37983333781936,148.15366848983163,104.15392714805239,85.05029051801844,72.60803710557597
993200,13.040633190078116,13.868688682981746,13.772809011892296,148.45579790845696,101.69531798799662,84.61366105774854,72.72924862611286
993600,6.780082886544484,13.478451336080308,13.985688300142249,148.49286227804026,101.60616152838786,84.54364120704642,72.80932562602237
994000,1.6452189984904655,13.218420016506562,12.035701405807908,147.75507442989374,101.46203508484538,84.4529288898184,72.73116188384624
994400,7.6767520729500545,8.533587278979823,11.043122793881968,147.5798611352897,101.5967864475283,84.54818528310646,72.12800230340335
994800,5.867895857380678,7.00211660108876,10.37262660279565,147.58814277857977,101.37825497758882,83.61411878890209,71.38719447761763
995200,19.531710209744947,8.300332005022126,11.08451034400189,148.1656467649723,101.82295949597186,83.47644320106133,69.65489067445867
995600,5.564748438539094,8.057265115421048,10.767858225750633,148.00120504235593,101.79624243752902,83.23285519711351,69.7113359139264
996000,98.85224090489731,27.498669496702416,20.35854475660444,152.67048110209885,104.4921799403845,84.46001732925617,71.61981425877353
996400,15.63394577328785,29.090108236769975,18.811847757874855,135.99062518247658,104.7611678982623,84.17360694242967,71.63120657639166
996800,6.018216346649853,29.12017233462381,18.06114446785624,25.720488902837843,104.78949381583983,82.63073147800338,71.652461307986
997200,12.854126468158444,27.784655586306506,18.042493795664274,15.907651403778328,104.98469653752606,80.78211193991356,71.29942760533169
997600,19.997970046243456,30.671299907847384,19.36428251163417,16.674985405888254,105.45000235590487,81.04569177419947,71.50776946796397
998000,4.078181284264995,11.716487983720917,19.607578740211626,15.821640073009812,105.03924253333304,80.99842099868697,71.48385885989705
998400,8.168115771020743,10.223321983267496,19.65671511001869,15.349918951950377,104.93881246019936,81.11176861315093,71.56989124848891
998800,12.279104416851968,11.47549959730792,20.297835965965824,15.335231284380782,105.15804050770845,81.1081502246831,70.95086222431483
999200,855.1892834650172,179.94253099667966,103.86359329149305,57.47405181774751,133.39829560714588,102.33311794485219,87.55387321914768
999600,127.0783985383664,201.35861669510425,116.01495830147579,63.39140826361324,137.33912279539587,105.35092140351576,89.78927581798597
1000000,9.415305961290334,202.42604163050933,107.07126480711509,63.71490478185981,137.47074233710427,105.13695115706719,88.98226682482796
1000400,26.770814603421734,206.14658139698955,108.18495169012847,63.49839972400171,126.72206735169388,105.61711384622888,88.97587589196942
1000800,125.57259923291691,228.80528036020252,120.14038997875518,69.10076722330575,57.19378926147695,108.62721785656872,90.13266317815375
1001200,7.798235660603767,59.327070799319834,119.63480089799971,68.83864734683203,50.48336790185212,108.64722262764451,88.5526497315308
1001600,112.39388502025696,56.39016809569794,128.87439239540106,74.11933745351766,54.074787735725856,111.30609986577895,90.61143189843979
1002000,20.34824028525356,58.57675496049059,130.50139829549988,75.05448851785582,54.04822614717318,111.40478147387478,90.89901645804956
1002400,2538.4591828297525,560.9144286057568,383.53050500137306,201.59361005569593,138.07678096842463,174.58673559549283,141.59551589079535
1002800,296.2497741819935,595.0498635955721,411.9275719778872,216.11270397192658,147.53267818221627,181.8504233752532,147.27203457532391
1003200,7.644921700825749,595.0192008036165,327.17313580146805,215.5183645464806,147.37374647898773,181.8420056557265,147.30112151617539
1003600,3175.798830166744,1207.700189832914,632.0451789643059,374.03006863289085,252.94266516384414,261.01563683762345,210.68977291567379
1004000,4.521378352669632,1204.5348174463973,631.5557862034437,369.3135255052795,252.99519858905444,260.99200330368916,210.42071816634248
1004400,5.915257750614087,698.0260324305696,629.470230518163,368.8275911041458,252.15567665538885,252.4091081433112,210.3877371806157
1004800,79.21334208490735,654.6187460111523,624.834304803362,372.4873473910587,254.3452797499912,199.10391814694827,211.86863524592735
1005200,62.30347643311807,665.5504569576108,630.2848288806135,374.95981488930664,255.9873745247592,195.4337331465425,212.97474387823829
1005600,7.950072453369085,31.980705414935738,619.8404476239247,374.357420009663,256.0263741769867,195.5162027077756,213.0129694174081
1006000,75.76916313218841,46.23026237083949,625.3825399086181,377.9419691020591,258.4971723147766,196.88180458753448,214.20033316082348
1006400,424.07295453683446,129.86180172808355,413.94391707932635,398.7372110403498,272.37704573023944,207.0435649961501,222.45817189225951
1006800,104.13312939772214,134.8457591906465,394.7322526008992,403.3299122893933,275.6525535149175,209.33257178688706,224.4267892203824
1007200,5.513562716681336,123.48777644735917,394.5191167024848,360.8461262519765,275.1852819318154,209.16008903486204,224.37742786507815
1007600,205.5917730715176,163.01611657098888,97.49841099296212,364.7717949786341,281.85284941958133,214.08160162112367,228.31219166869116
1008000,3.2454414921808548,148.51137224298736,97.37081730691324,364.4633017551786,278.6659561058241,214.08910326851918,228.26776610433402
1008400,2.5808592682981324,64.21295318928011,97.03737745868165,363.2538039884224,278.2308532223244,213.37610185621207,221.33476200638532
1008800,26.257763886827064,48.63788008710109,91.74181963887362,358.2880622211179,278.905504806997,213.6944147222119,177.63149844533334
1009200,23.284806852233448,52.192128914211516,87.83995268078516,359.06239078069945,279.25319415313277,213.9505190637657,173.91497705339106
1009600,10.033899945353491,13.08055428897869,88.04833542998361,353.94439152695423,278.9210584831032,214.03186449023596,174.0226292522172
1010000,3.6087338302374814,13.153212756590014,80.83229249978851,353.10741620420345,278.90541023463555,214.08095236102963,173.6719021699853
1010400,18.25499711443489,16.288040325817366,40.250496757548554,227.09720691843754,279.2416396127494,214.34540848706675,173.6849513484298
1010800,6.964093259025135,12.42930620025698,30.533593143678853,212.63292287228916,279.06447257415516,214.3728134221079,173.5727760582454
1011200,14.008942233767888,10.574133276563868,31.383131095387505,212.95112389893626,251.02512786644687,214.23474422270846,173.60469744696712
1011600,7.766200749219564,10.120593437337082,11.600573863157702,54.54949242806,247.04805460680862,214.28978053047544,173.58539606953047
1012000,11.61425180209058,11.721697031707702,12.437454894148676,54.90413610053105,247.12135280150196,212.1088308029053,173.75877359364512
1012400,3.581809656319818,8.787059540084687,12.537549932950844,54.787463695816335,246.34838596993188,211.80752739998107,173.20839147155985
1012800,9.947504878278629,9.383741863935388,10.906524032096002,51.324171835484904,242.49421615811062,211.9057596132718,173.1368365841887
1013200,258.09330095277164,58.20061360773614,34.38737344214982,61.113663061467584,250.8373850011829,218.0367389753871,178.03788993944255
1013600,5.414932509283658,57.730359959748945,33.92547669854284,60.986906064263316,247.2714199174838,217.67216303696313,178.01058693189734
1014000,41.65645520666442,63.738800640663726,37.73024883618554,59.28127066798711,247.98169374819747,218.61161988502312,178.81081165606082
1014400,5.340140124828918,64.09046673436555,36.43876313722494,38.344629947386835,163.54439232470003,218.54092049386833,178.7640794170984
1014800,2.5447434897280643,62.60991445665543,35.99682816029523,33.265210651987125,153.7542246349578,218.29756147069025,178.69761636974536
1015200,7.622200412890079,12.51569434867912,35.35815397820745,33.37064253679757,153.75346725869332,197.10838439438703,178.45942617380825
1015600,8.603444645591454,13.153396775940678,35.44187836784464,23.521226115501257,48.180287741321564,194.14651054706766,178.5202000979493
1016000,118.7116869075043,28.564443116108656,46.15162187838601,29.29453838626743,51.98663135981605,196.878920070723,178.91738901800142
1016400,620.0066439584083,151.49774388282452,107.79410530859487,60.16582762077294,72.4563442334092,211.7098158045977,191.00484298170383
1016800,6.101671992423665,152.20912958336368,107.40952202000935,59.158023026052774,70.01928856365974,208.72304262358534,191.00651209461932
1017200,45.59264381847144,159.8032182644799,86.15945630657933,60.273414874364676,69.46226080983818,209.66790282753203,191.6612824416256
1017600,30.77155174818508,164.23683968499864,88.69511823046948,61.31029746450624,70.22297678633205,207.62734449573026,191.87675407566442
1018000,15.13645985263197,143.5217942740242,86.04311869506623,61.88668376562597,68.2018866770135,207.49704998491475,192.09791964703174
1018400,65.61358426818808,32.643182335980136,92.07046310940214,64.25461312331363,56.253241001391956,145.67591002087562,193.24682901697508
1018800,5.345004938969916,32.49184892528939,92.35048925432633,64.17365870731086,52.960303519433545,138.4032907898,193.10814702741746
1019200,4.615521525246778,24.296424466644456,92.049821365562,63.70398767188482,52.9303688130524,138.32755578541054,176.09667178862207
1019600,3.689331076586858,18.879980332324813,91.55841000866154,63.500144188253174,46.20028741322137,59.024818308156604,173.62889043938645
1020000,7.85493279838486,17.42367492147539,80.4727345977496,63.312178238067894,46.35393712342817,59.10815716929949,173.59768297612834
1020400,10.337616462422808,6.368481360322335,19.505831848151043,63.64996857837305,46.61249569656566,59.2187161370947,173.2690190133084
1020800,94.27373570084488,24.154227512697325,28.32303821899317,67.86628011950135,48.87969475703292,59.595225977493136,172.64304174266692
1021200,139.58997543621743,51.149118294891466,37.72277138076776,61.94111384367365,52.75653370983239,61.527388452570634,175.27887653817916
1021600,6.904578469750521,51.79216777352419,35.3360740529243,62.015596141696996,52.65222299397896,61.50125110298016,173.1690904071691
1022000,5.163374086704532,51.25385603118813,34.33876547633157,60.190942085699,52.7040443358612,59.73610637684307,172.86539308319811
1022400,3.492451861137333,49.88482311093104,28.126652235626487,60.09855767251442,52.2119594940846,49.22159380995063,122.16605846382579
1022800,4.269308239734039,31.883937618708863,28.0190825657029,60.18478591001472,52.1221333267749,46.724998281000936,116.3264491449806
1023200,644.277094322145,132.82136139589437,91.98523984539273,92.01753060547746,73.1310717297208,62.69408657113753,129.059092597407
1023600,108.6694757061908,153.17434084318242,102.48325430835311,97.02083215850743,76.49451422828652,60.27102913700435,67.71650550819591
1024000,17.676842385269993,155.67703450289554,103.46544526704163,91.9690899323957,76.69660058105916,60.631814159331576,67.97961478884793
1024400,55.52262082080872,166.0830682948298,107.98394570288022,63.74488877551573,78.4279609532088,61.955358198144346,68.97176205025181
1024800,4.128285487548724,166.05486374439272,98.96940068155061,63.646219450271985,78.23398697351779,61.40212123816239,67.47006091830464
1025200,19.01869229962528,41.003183339888764,86.9122723678914,62.31752187432967,70.26483335174625,61.295468374347195,66.6043652356348
1025600,10.951937940982363,21.459675786847082,87.31700831501458,61.32654118396954,70.44940019946954,61.3184193242379,66.66440254538706
1026000,14.059698920749495,20.736247093942985,88.20664079841907,61.272703137375416,69.52950832327238,61.57969345150072,65.43021326115827
1026400,26.28258152124352,14.888239234029944,90.4856537644297,59.30615300002819,70.22758970315287,61.78038306167092,57.474405800846455
1026800,16.790978520896942,17.42077784069959,91.73782079254599,59.878451679124545,70.70246420419181,62.02605519321772,55.727562783309956
1027200,3.4929393150229258,14.315627243779115,27.659405291833774,59.822322568613345,70.56482216759626,61.76315512024909,55.68715031527679
1027600,11.48938610084354,14.423116875751353,17.94139633129905,60.212325319826185,70.66102021610466,61.85623475403969,51.8051025758633
1028000,8.193158050629869,13.249808701727428,16.993027897835034,60.22923658243843,66.97706925420884,61.770707410253166,51.904056907032285
1028400,6.848074285071776,9.362907254493079,12.125573244261343,60.05475947357088,46.538450265097616,61.85236402597197,51.98940120736776
1028800,12.397553082800702,8.484222166873831,12.95250000378654,55.960950342668674,46.74831296811019,61.91361523108503,51.71219699128723
1029200,4.0951819035931765,8.604670684587882,11.460148964183329,49.18621066603746,45.36506423761424,55.56366225485557,51.328404492314434
1029600,3.037680457063923,6.914329555831958,10.668723215791484,48.992865765403124,44.44060186124354,55.50423095355006,51.18848010254863
1030000,17.5670693073989,8.789111807185764,11.019460254456424,49.613050526437846,44.52162217640244,54.901996306068426,51.467646812091864
1030400,7.593703057819207,8.93823756173525,9.150572408113995,49.818113086271936,42.587626136056805,54.95833537939319,51.25442093095955
1030800,6.628776905112967,7.784482326197702,8.134352246535595,49.93608651954089,42.630418534928246,55.0604362147778,51.247714603881306
1031200,3.1681370638811144,7.599073358255291,8.101872021421414,17.880638656627696,42.58217238621606,54.949084631052585,51.030898500483566
1031600,105.0200634095937,27.995549948761244,17.454939752296433,17.698168041797842,45.95986346398295,57.35950010015265,52.97597575369105
1032000,60.16719749354848,36.51557558599116,22.652343696588293,19.82268579721177,47.7036056204884,55.895887864803754,53.947034667520214
1032400,71.54336890620785,49.305508755668896,29.121873158701895,20.62372320148172,49.74379736861457,42.184305988498735,55.306265852517974
1032800,228.74353660120843,93.72846069488799,50.756471510542674,31.854485757164706,54.226124065293355,47.750352603718355,59.68218648697657
1033200,41.26955846408405,101.34874497492858,54.47390916659176,32.96702906538765,50.94877683288891,47.64227546985867,55.34571163720282
1033600,7.017249639859181,81.74818222098168,54.871866084871286,32.770294650331486,50.952532538559204,47.04841791715053,55.37775797981433
1034000,130.65079172314796,95.84490106690157,66.18023832644619,38.59984929045142,55.13544645977398,49.93627621391342,57.157644710144
1034400,8.187740392605704,83.17377536418113,66.23964205992485,37.69510723401952,55.291956077489594,48.50063011702387,57.21459671549953
1034800,6.566228079417141,38.73831365982288,66.23338717735525,37.183869711945526,55.36852007214569,48.53116069553504,57.29502640729331
1035200,234.89055153110817,77.4625122732277,89.40562862407796,48.753750322749795,41.722301979111144,54.288036445681584,61.84039342965768
1035600,179.9123130754014,112.04152496033615,96.89485359065874,57.17489667147769,44.097063224751494,58.693610995651945,65.26657079825387
1036000,3.6052148333960976,86.63240958238578,91.23865532464349,56.945499510616,43.62800897302236,58.58736804652722,62.9644413567717
1036400,1.9565604275333592,85.38617358937131,84.27997447677606,56.70092381773908,41.84247362657985,58.37784164565498,50.6034396861542
1036800,13.492127083044762,86.77135339009683,62.75483352495968,56.75565251775129,42.154601679763054,56.35830143021,50.751248787966645
1037200,2632.270441036821,566.2473312912394,321.8549217822334,188.1644154744127,129.26299330433625,118.67531307022509,102.48480473233363
1037600,3.1148023602340604,530.8878291482059,321.46467705427085,188.16827156957117,129.00175545164464,118.58056866748719,101.93166974457459
1038000,7.623943946708636,531.6915749708685,309.1619922766269,187.67111530153664,128.78723028584326,118.6420829139873,101.78141942645614
1038400,8.10094733574558,532.9204523525109,309.1533129709409,187.69647751543297,128.18117581299333,118.75729530085248,100.6311666878073
1038800,2195.51698367504,969.3254236709101,528.0483885305032,297.1408878539293,200.8053759847981,173.53848718673515,144.4346062625287
1039200,13.174042120221165,445.50614388759004,505.87673758941446,297.6411831067463,201.12807941163803,157.76091088168704,144.60577667442817
1039600,2.940797087843412,445.47134283311186,488.17958599065867,292.5372197906588,200.84312644453806,155.11769391622835,144.59080599465332
1040000,36.725205404424536,451.29159512465515,491.4915850477616,291.36512018620266,201.79419468966455,155.5939029917072,145.1682114467741
1040400,11.54875725178284,451.9811571078625,492.4508047301864,288.36538960348133,201.95088412188824,154.49455640248158,145.1924342625613
1040800,13.75491898607202,15.628744170068885,492.47708392048924,277.6159587227246,201.9961296519973,154.73522223994468,143.58205792826587
1041200,4.638237514740223,13.921583248972698,229.71386356828117,275.7843926752574,202.01423150570218,154.37571087032254,140.8830231698363
1041600,2098.8135508097616,433.0961339933563,439.2837384132339,380.37420773375254,271.8734271841255,206.572251192042,182.72120261663656
1042000,18.470081630178456,429.44510923850703,440.36835218158086,374.765172229104,271.9035275948848,206.68251075977773,182.987336767506
1042400,5.3669590879131,428.2087496057331,440.09495335679765,374.62413316386943,271.8293027958879,206.15962019894445,183.02482691204153
1042800,31.96347516671199,431.85046084186115,223.73960250596483,375.89399551823414,272.6737927379412,206.5389326150899,183.57871025058105
1043200,18.63421553137443,434.649656445188,224.2856198470801,365.08117871824743,273.18932868685766,206.91746452049864,171.0658526747657
1043600,24.13386887351038,19.713720057937763,226.40492702564683,357.2922565081529,270.49312220232156,207.2335765898153,169.3751405381121
1044000,8.591131580134508,17.737930047928973,223.59151964321782,357.54155234548983,268.77392000520774,207.24352592805295,169.19342632200937
1044400,93.61594164814804,35.38772655997596,231.79823808285437,362.12452140652056,269.5096724299391,209.41272261212984,169.95529273855612
1044800,4.258036906055093,29.84663890784458,230.8485498748527,361.66281689767106,262.0268224401006,209.20923470771118,169.9578877669263
1045200,7.332767463998847,27.586349294369466,231.1180028697785,230.41593321902997,260.89559607343114,209.29017434672133,169.72416927021376
1045600,8.297459850178104,24.41906748970301,22.06639377382016,230.67506609352716,260.9382697471084,209.4216688315492,169.67107970839766
1046000,24.590344733519277,27.61891012037996,22.678420084154236,231.5233861328677,257.4029215141208,209.59725071720217,169.88169262465306
1046400,10.10049448915156,10.915820688580666,23.151773624278086,231.62336349053803,257.4666799840057,209.6599205029855,169.5580508840112
1046800,3232.8112646431914,656.6264662360079,343.23655257192604,283.48807753894556,365.00818120279814,290.3144826964375,233.87845660645712
1047200,15.201605499060236,658.2002338430202,342.8932915686946,283.5894557078875,357.6852163350632,290.615319407317,234.11262993013784
1047600,5.765644165832787,657.6938707061512,341.0564690979269,283.73069806178694,351.88032737141094,288.13395892622293,233.9981550914376
1048000,4.403626744225711,653.6565271082925,340.637718614336,282.11461912877706,351.9069411017719,286.73986965748986,233.92236446530956
1048400,6.292451727444625,652.8949185559511,331.90536962226565,281.8518038525601,352.0514708117689,285.1085967280208,233.911252014157
1048800,10.210830389301783,8.374831705173118,332.5006489705903,281.6745994227216,351.94209425531085,279.64527907272316,233.867517560287
1049200,10.699764953573863,7.474463596075845,332.83734871954783,281.9776757946633,264.5564050525359,278.88103423496034,233.99960922128668
1049600,37.37348081568914,13.796030926047115,335.74495081609894,178.9056722949597,265.6983610010511,279.6399400143561,234.68632522845914
1050000,4.168841573684537,13.749073891938881,333.7028005001154,178.19061029213498,265.5831909219503,276.4778912606195,234.41836067378483
1050400,3.482345165135372,13.18705257947703,333.04098556771385,178.0963795959961,265.4292375162633,276.3602563799328,234.33613351593118
1050800,6.764984313252254,12.497883364267125,10.436357534719894,176.8364550533231,192.47083753753705,276.3652252857786,234.338857664094
1051200,78.1347511030795,25.98488059416825,16.72967209512182,179.81148183190837,194.6361945036323,272.4463302750779,235.83818994487797
1051600,9.943787739564012,20.49894197894323,17.14748645249494,179.10197777521105,194.86962752535635,268.19711714168204,233.93666443147734
1052000,35.99716915364275,26.864607494934866,20.306840693436648,180.47227965388646,194.8453596503303,269.00691599968815,233.45326386467926
1052400,47.60800632538705,35.6897397269852,24.43839615323089,178.17188288774838,196.04733461945042,270.1482021471345,232.97455661306282
1052800,2.94098343732096,34.92493955179894,23.711411458032806,178.1060302143117,195.68687010115872,269.8844235559914,228.4585055497851
1053200,2.328691865800129,19.763727704343072,22.874304149255433,177.85582643440176,195.60988524619404,204.1358798267159,227.67968821781938
1053600,5.734311611312984,18.921832478692863,19.71038722881782,177.7276690224585,125.84057727291243,204.20136755799285,227.65402945724847
1054000,5.612636471767859,12.84492594231789,19.85476671862615,176.77878360937095,125.41199576763208,204.15108487111934,225.15326635222084
1054400,3.455934046456312,4.01451148653174,19.852125606758243,176.44655558723616,125.34829493291684,204.0349595388871,225.0586302252979
1054800,11.690811552269224,5.764477109521392,20.34470833065994,15.390532932690054,124.67253947910208,149.43930523581784,225.1611218947549
1055200,2.078654429304368,5.71446962222224,12.739098663282428,14.73438537920226,124.12068744236643,149.1619205435449,220.50488395271884
1055600,9.202388450996423,6.408084990158929,12.664958734425669,14.906222593460445,123.62297142828263,149.31846032762374,217.09068546023073
1056000,7.0843513503084745,6.702427965867052,9.773676954092242,15.04025882376458,123.57274542062174,148.57743897627083,217.160268190569
1056400,7.336350256180294,7.478511207811847,5.746511347171566,15.092453750201367,120.69675904088949,148.47212880138076,217.2678639871419
1056800,7.3626331527888444,6.612875527915771,6.188676318718355,14.950043888375717,120.80024558244729,148.3123216555487,217.14527410853682
1057200,5.252170557781096,7.247578753611117,6.481024187916451,14.677664168586077,120.73089235224003,148.32766998162472,164.60490869895602
1057600,121.08407266323304,29.623915596058442,18.016000293108455,18.863193760963277,124.49044611267519,98.88443302796148,166.96429410501602
1058000,5.368869509904539,29.280819227977652,17.991623596922125,18.923195157774277,123.84973027188803,98.55690272495464,166.9191926162799
1058400,58.33048354529111,39.47964588579982,23.479078546805606,21.66560207678206,125.45739657375934,99.88099083638909,167.92378334047083
1058800,1.4885292767314595,38.30482511058834,22.45885031925183,21.40177932495602,17.746638728210673,99.11911718913957,124.04321425250464
1059200,17.919120161528635,40.838215031337846,24.042896892474253,18.390997777878475,17.837222550292953,99.10123980489344,124.1381158133308
1059600,90.082066980154,34.63781389472204,32.130864745390014,22.397911739907975,20.647769977436997,100.74994475755952,125.88094121117702
1060000,3.630539589760297,34.29014791069319,31.78548356933519,20.779580261713853,20.62200040562148,100.62592995780017,125.21904789488372
1060400,20.52323142625133,26.72869748688524,33.1041716863423,19.425341516757065,21.09635972891504,98.79861220225276,125.39853737837309
1060800,3.4666249788723467,27.124316627313412,32.714570868950645,19.451623593834636,20.871552881900723,98.77882690407317,125.19277149822909
1061200,3018.2682633897966,627.194145272967,334.01618015215223,170.24860217003447,121.12383616310814,174.05221430221815,185.46537201573025
1061600,4.000670936280531,609.9778660641923,322.30783997945696,170.16192013628284,120.01140916712785,173.9447945793707,143.5691144182606
1062000,218.00112440954047,652.8519830281483,343.57106546942055,180.78134453317148,127.13915192832306,178.78006407127123,147.55973527384785
1062400,3.1485402583905744,649.3770447945762,338.05287114073053,180.76597484376822,127.12802509809823,178.6062652155022,147.51536689725737
1062800,3.380070910042884,649.3597339808103,338.24202530406166,180.3504378116569,127.01519465132459,97.87048537217348,146.943698812124
1063200,1514.8359081618223,348.67326293521546,487.93370410409096,255.98830049828274,174.90523321994934,135.36134293874252,176.86773266473298
1063600,10.613449125392256,349.9958185730378,479.9868423186148,256.05885353200256,174.92755526614363,135.48253806273152,176.5973242697706
1064000,6.601553194407175,307.71590433001114,480.2839436790796,256.0347136242075,173.94770140083577,135.53748622398604,176.55753270205605
1064400,10.793403531562854,309.24487698464566,479.3109608896108,256.20756628797665,172.72054797437497,135.650010019089,174.90108193972435
1064800,10.29998333303122,310.62885946924325,479.99429672502663,256.35443379698876,172.96584797089866,135.65223884268224,175.0219208682639
1065200,2.5754433207163285,8.176766501022056,178.42501471811855,256.2205974351355,172.97407301939583,135.4491308018608,174.9267743853982
1065600,5.378296119421342,7.129735899827874,178.56277723643262,250.4353086079449,172.96220583633277,134.6492511844541,174.86839111078308
1066000,20.30022899723455,9.86947106039335,158.79268769520203,251.18187658231142,173.45179225384834,135.05253587004285,174.78258879605738
1066400,5.232283527462413,8.757247059573263,159.0010620221092,248.52696658142,173.5110039032152,135.09628432910102,174.68522457682363
1066800,2.0994099019599592,7.11713237335901,158.8729959213009,248.55751061268143,173.19129051487155,134.97964496881872,110.07098748199897
1067200,102.9718313719626,27.196409983608266,17.686588242314933,252.81014617320315,176.5543964129602,135.60057197554082,111.82639199945703
1067600,3.3304316629498385,26.786837092313966,16.95828649607069,248.4725644073429,176.3586645200253,135.43523807362544,111.77768774939936
1068000,1.833074118063618,23.093406116479777,16.481438588436337,248.38269113375804,176.18362194561712,134.581135697736,111.72627669687613
1068400,18.695270781870075,25.78600356736131,17.27162531346706,248.291293101539,176.56225262980678,133.85831730914805,111.97433307796462
1068800,6.802449949242789,26.72661157681788,16.921871975088216,248.4580843500575,176.54357985635525,133.95485397194608,111.90616546916344
1069200,1.7198065904366473,6.476206620512687,16.836308302060246,97.63066151008952,176.4258343907771,133.93963184006202,111.72656630190072
1069600,3.383483630252115,6.486817013973142,16.63682705314332,97.5998021447881,172.50248142301106,133.8808611405355,111.04676635819196
1070000,4.920427659899069,7.104287722340233,15.098846919409775,86.94576730730604,172.48753336134422,133.86355592023875,111.06179807991626
1070400,2.7924491183499534,3.9237233896362085,14.85486347849853,86.927962750304,170.63626554711286,133.8469687970361,111.04800015898054
1070800,1.5945182380699916,2.882137047401649,14.804374312109534,86.83868511670536,170.6397985124908,133.59456146418114,110.9445908374769
1071200,3.344251062251596,3.207025941764639,4.841616281138433,11.26410226172682,170.15396954251491,133.62620138000483,109.44878083666035
1071600,14.693816367932856,5.469092489300786,5.977954751636735,11.46812062385385,167.64102785544088,133.76348707792823,109.54378140922772
1072000,23.8351095792427,9.252028873169513,8.178158297754644,12.329798443095626,168.31451352175694,134.18225603365158,109.30054021773972
1072400,19.20472533026713,12.53448411555295,8.229103752594348,12.750364533030838,168.27056331855746,134.47896541050375,108.73247459783732
1072800,6.196527157924579,13.454885899523868,8.168511473462527,12.545191724275508,168.3615600578592,134.44981276063214,108.7975854722494
1073200,127.2060445922159,38.22724460551673,20.71713527364045,18.776721787850484,71.99281943127318,137.498659611493,111.29513252677772
1073600,7.993646713233881,36.887210674576934,21.17815158193863,18.907489317541113,72.12591862383829,134.671398962743,111.34031922881613
1074000,8.459714869490348,33.81213173262646,21.53208030289776,18.315463611153902,65.14120497250329,134.74867009673267,111.39726079677058
1074400,10.257670776998594,32.022720821972754,22.27860246876262,18.566732973630714,65.37817598979022,133.54684977752535,111.53329553138143
1074800,8.813828573433788,32.546181105074595,23.000533502299,18.902453907204404,65.55930124523658,133.72998225994291,111.47575587180472
1075200,136.50181823473224,34.405335833577865,36.31629021954707,20.578953250342884,19.61483158100025,136.694549711773,114.16421914791329
1075600,3.0604067124066265,33.41868783341241,35.152949253994436,20.565452002815725,19.3630635005674,134.5190082050793,114.0413795131415
1076000,8.135769704063112,33.35389880032697,33.58301526647649,20.880586782115696,19.41420405088926,134.6316389579369,114.06240788021658
1076400,3.67720053515612,32.03780475195847,32.03026278696539,20.129683269780003,19.17699728434237,134.2104881856595,113.98922488579609
1076800,12.139441880370518,32.70292741334582,32.62455425920997,20.396532866336386,19.238312569253676,134.42730860819697,114.08476106034772
1077200,62.51488572049361,17.905540910498086,26.155438372037747,23.436286822839236,21.23629398257959,60.533474166464394,115.23001536360198
1077600,6.096828540940907,18.512825276204943,25.96575655480845,23.571954068373678,21.260245063296907,60.5858781065809,112.93027048115613
1078000,546.8846735402486,126.26260604344205,79.80825242188428,50.67016636239116,38.81305988139738,68.8079668348486,123.760586561763
1078400,13.90789767090625,128.30874547059207,80.17327511127505,51.22593879001897,39.10224701951218,69.0769507701615,122.87213484427531
1078800,80.60459417271177,142.00177592906033,87.35235167120284,55.17644258675106,41.719086495203904,71.00756385172822,124.4544561421949
1079200,8.082729116158298,131.11534460819325,74.51044275934545,55.4133664894464,38.55611642001042,33.33873437558662,124.2577283212875
1079600,6.296856521509837,131.15535020430704,74.83408774025577,54.99351849712525,38.65499724862909,33.230819560489564,122.58202411211461
1080000,226.6638036804421,67.11117623234574,96.68689113789367,65.13495320218522,46.14935490070837,38.732375822640435,127.04268939392827
1080400,6.439037764036964,65.61740425097187,96.96307486078175,64.4966688238737,45.74081380011394,38.62351667845228,126.76100552068398
1080800,3.2705544312254133,50.150596302674614,96.07618611586723,64.35037018753874,45.62308394951336,38.447780955907135,126.75708410973104
1081200,15.394045536600212,51.61285958676299,91.36410209747791,58.75977023475796,46.07889191438547,38.768246011304235,66.69959975266711
1081600,3.3189162171410205,51.01727152588923,91.08631086509791,58.52603370995331,46.07673966728177,38.71676151374722,66.68596465828432
1082000,5.765861752432008,6.837683140287214,36.97442968631625,58.39134105410041,46.10492080369954,38.35340233262716,62.441259405142155
1082400,12.644299465114203,8.078735480502662,36.848069865737045,58.51067248850618,46.43331581525834,38.53870273106846,62.631174589276625
1082800,7.973018902649346,9.019228374787449,29.584912338730806,58.468632004966956,46.645932504077656,38.68554295608569,62.72303354912875
1083200,7.601869666711632,7.460793200809734,29.536826393786136,52.023634576565925,46.787853124226324,36.301293913454415,32.57835277922654
1083600,4.038359390923182,7.604681835566166,29.31097668072747,52.07253221049176,46.43267122499267,36.31899210665375,32.44685098453716
1084000,3.224793804251732,7.09646824593011,6.967075693108436,51.82698341550118,45.745660699159636,36.35378509880845,32.37931579673405
1084400,113.2735211678846,27.22231258648419,17.6505240334932,57.30679944713761,48.881287227080215,38.71824135845882,34.428918149460486
1084800,3.23263475071603,26.27423575609752,17.646732065442258,56.86145909065489,48.7824908135066,38.628995978495645,34.28757117781418
1085200,9.55465579999067,26.66479298275333,17.06279309178131,54.213447594629734,44.860777853765754,38.8248672087345,34.42715542739967
1085600,8.693271420384733,27.59577538864564,17.600228612105678,54.34326973860193,44.884098677337455,38.957611903487816,34.49345493341893
1086000,7.322275453285019,28.4152717184523,17.75586998219098,27.365149834253753,44.84618403013061,39.017658098322464,34.233895862539946
1086400,3.308351822357152,6.4222378493468115,16.822275217915273,26.835172541826296,44.6145400649759,39.03055566592265,34.19541722843784
1086800,8.50817273891234,7.477345446986074,16.875790601541574,23.230351470136323,44.604351537158514,39.2033970284437,34.32359248517689
1087200,6.947123520416146,6.955838991071168,16.810315986912023,23.173571190349215,40.28586171334798,39.29346883989782,32.40309832814596
1087600,2.8566961037633485,5.788523927746892,16.69214965819604,23.001563169461892,40.27907135972654,38.99754083329358,32.39362361696223
1088000,7.774498765664253,5.878968590222739,17.147120154337294,12.057097923723001,40.26702899511324,38.59602556295412,32.512452109914236
1088400,216.2425757289006,48.465813371531425,27.444025610438892,22.54727482196618,47.352541501571395,43.52197182291995,36.46339820885485
1088800,9.53161503203749,48.670501830156454,28.073923638571035,22.860327852006783,47.26561393996029,43.60534901977278,36.517981510510744
1089200,25.894726220483776,52.46002237016997,29.707930680620347,23.385361886200965,46.04494195662662,41.072566060479474,37.00147990311169
1089600,7.6413743297448065,53.416958015366276,29.60274097155635,23.60148479183115,46.09642681625342,41.06375925089225,37.086637717101546
1090000,6.9384151753716345,53.24974129730775,29.564354943765018,23.660112462978134,28.098218204090855,41.02572675853928,37.126997467410995
1090400,175.75956358399483,45.15313886832659,46.80947611992879,31.815875668922168,33.49327373452714,45.16327407871419,40.586339756723895
1090800,116.605034400318,66.5678227419827,57.619162286069354,37.2474764438056,34.69328840878068,47.858054224386294,42.88655007996885
1091200,10.258625424989503,63.44060258288384,57.95031247652669,37.380314231719495,34.76581828574172,44.701974404142724,43.02483756722361
1091600,34.77396463541518,68.86712064401793,61.142039329691876,38.91709449394409,35.7150552228719,45.49481335221794,43.42644053257325
1092000,6.446742714184626,68.76878615178052,61.009263724543914,39.07819193944074,28.37448652399665,45.45258767747097,43.078673195272096
1092400,6.163118213186535,34.84949707761886,40.0013179729725,33.722671791705835,28.36528920563497,45.514735619421735,42.81784105293048
1092800,7.154717452264878,12.959433688008229,39.763628214995244,33.91877592678328,28.494761306336287,45.390117508719094,42.83700485881729
1093200,5.628874776303941,12.033483558271119,37.73704307057726,33.72248687559894,28.16925561432641,43.96796723511436,40.405461462499055
1093600,3.446830115146672,5.768056654217416,37.31758864911745,33.460164810337034,28.1735194109266,43.9017172744695,40.314525130537305
1094000,5.975401784454464,5.673788468271383,37.22128731002573,33.39282112689551,28.180504078660682,30.37898548057464,40.26483886883659
1094400,5.147788188548951,5.470722463343866,20.16010977048114,33.4847929452051,27.93062036944184,30.159982743515712,40.1626412170676
1094800,3.9532931548570263,4.830437603862296,8.89493564593504,33.25704896600233,27.796629511182097,28.243700218069343,40.06543050869606
1095200,6.297539931282233,4.964170634857955,8.498827096564314,33.224569786545636,27.753151853334447,28.19907048844744,37.46134494262706
1095600,7.1112676420656165,5.697058140241744,5.732557397229358,33.437298363460755,27.855582128372532,28.21943076646133,37.54236216122024
1096000,6.91325672160354,5.884629127671559,5.779208797971249,33.39423626125772,27.978530892284258,22.72566709249037,37.51791190157105
1096400,17.384900510545034,8.332051592070775,6.901387027707099,23.451352500339937,24.78224353703961,22.99931366115307,37.79206590107883
1096800,114.5439354591302,30.450180052925408,17.640308828393632,28.701968521694575,28.492620227320074,25.781148186850693,39.84015577265402
1097200,7.437976722994399,30.678267411267843,17.821219023062675,27.779131046820105,28.42206425808687,25.582246466510547,38.73861759270404
1097600,6.443784916909577,30.54477086623664,18.120914503238968,27.71925157617834,28.347081374637696,25.66036818400476,38.745556720223405
1098000,7.398036980208596,30.641726917957648,18.26317802281438,27.742232666420193,28.349606758868482,25.701172564699174,27.955823989022605
1098400,6.569925734974985,28.478731962843636,18.405391777456984,19.282750773969198,28.45832588928908,25.549313221445694,27.809064550303983
1098800,36.25687010923716,12.821318892865031,21.635749472894997,15.265342559415156,29.383282468299903,26.256409501610385,26.92211006903449
1099200,14.021414986961789,14.138006545658508,22.408136978462956,15.453482037513771,29.619092183851425,26.416898134616645,27.040883786450557
1099600,11.916923883983475,15.232634339073286,22.88870260265474,14.310629999942185,29.921099776525427,26.61386224694315,27.153285133700027
1100000,4.967123606907814,14.746451664413133,22.694089291185165,14.236649044578346,29.827520604566878,26.657420492009557,22.719351532229346
1100400,34.581796098937794,20.348825737205694,24.413778850024443,15.657582938865906,23.77216128356812,24.690127365285882,23.28220669892736
1100800,17.51398897204656,16.600249509767572,14.710784201316079,16.175546514854993,24.038240414901757,25.047161220819145,23.567075389743785
1101200,5.152534560975918,14.826473424570398,14.48223998511423,16.15172950408859,23.346834026251493,24.937108189843777,23.3622451702313
1101600,5.083319033361474,13.459752454445995,14.346193396759421,16.23355394999933,23.26156551637205,24.846859380168194,23.397533226555712
1102000,103.01847365086732,33.0700224632379,23.90823706382529,21.085707543319973,26.464234132221907,27.239264335107755,25.34258546452442
1102400,5.57206308393835,27.268075860238014,23.80845079872163,21.106921288089445,20.791317448886687,27.295857116647284,25.201140736900896
1102800,13.597126631286956,26.48470339208609,21.542476450926607,21.58911296191094,17.357720523252322,27.423080963956647,25.313622891473653
1103200,130.4891864823855,51.552033776368,33.18925360046897,27.798695289466103,21.36540589183219,30.51163253800588,27.771369227787133
1103600,5.521137404336288,51.63959745056296,32.54967495250426,27.71918877757964,20.390311650796225,30.578243570520208,27.801024788055393
1104000,30.1940613546075,37.074714991311,35.072368727274224,28.88322900922983,21.18188893881032,31.138732635243787,28.340410139062506
1104400,15.967695123132447,39.15384139914981,33.21095862969369,28.812368739859203,21.50870816914185,26.13186062009958,26.394293618167463
1104800,4.957109060777627,37.425837885047955,31.955270638566798,23.333027419941576,21.435454556092274,26.017497970818084,26.428783104368694
1105200,4.984173119085638,12.32483521238798,31.93843449437777,23.21033723974614,21.413964500851666,25.494734143283132,26.337373450750594
1105600,6.211260165165675,12.462859764553858,32.051228607558194,23.198711002158944,21.506112169185634,25.458981289168655,26.28773322564621
1106000,7.572636435560804,7.938574780744519,22.50664488602754,23.207440974926552,21.55935332422251,25.47483682067338,26.292740445291727
1106400,5.829717270560774,5.910979210230183,22.532410304689783,23.17043055170584,21.582084293622906,21.22659066283753,26.343167754255802
1106800,79.3243257145116,20.784422540976976,29.105130213012252,25.323803331969565,24.09445204561139,20.29457294569237,27.759490813767783
1107200,5.349481549220394,20.85748422700393,16.59115971969574,24.890206660082494,24.062850099542665,20.171844348798142,27.727537974343868
1107600,118.36277057757007,43.287786309484815,27.875323037019122,30.212498994761823,27.771233530726143,22.26156449735202,30.03765946382001
1108000,134.03584028553902,68.58042707948046,38.25950093011227,36.66593482869339,32.00865298285733,25.451291936635876,32.5628862942175
1108400,133.24276844680787,94.06303731472988,49.98700826247981,41.59898344608689,35.870581914066086,28.62828319247641,30.902890148575647
1108800,89.41415637720732,96.08100344726901,58.43271299412279,45.193991816344926,35.03292261133533,30.68476916559997,32.50054097547904
1109200,111.74367890574096,117.35984291857315,69.10866357278832,50.52354903358318,38.50977935076021,33.3376392688359,34.217520029184186
1109600,7.351061641608702,95.15750113138085,69.22264372043261,50.63693616399554,38.54002190825018,33.43524505699745,34.211713775421465
1110000,6.948270377905738,69.7399871498542,69.1602071146671,45.833426000347465,38.52502968817342,33.45956677183373,34.21191087947215
1110400,19.25307513269949,46.94204848703252,70.50254290088098,46.51747660278552,38.947801334764236,33.812198945437494,31.08178111044624
1110800,5.854063759260095,30.230029963443076,63.15551670535583,46.130323459184176,37.93437445643167,33.85971821054757,28.86676169762508
1111200,7.309732665217177,9.34324071533832,63.35154181695551,39.97135076832576,37.71065171237351,33.885023028895944,28.807783842429636
1111600,6.005018014943698,9.07403199000532,52.11576656069286,39.99554479885613,37.513588183405524,33.857366788217895,28.232404910020204
1112000,6.920778896743962,9.068533693772965,39.40426042181337,38.83188067596295,37.57871002640006,33.8575548425964,28.24188563367139
1112400,6.9931651240286365,6.616551692038793,26.77930008953544,38.38315417600776,36.65908899390308,33.597761457933494,28.258486571888234
1112800,18.27026449272334,9.099791838731443,19.664910901087044,39.048811947605046,36.68429817792565,31.19091968377332,28.480797512697404
1113200,10.768202742393472,9.791485854166702,9.567363284752293,39.33801342877044,36.87148711730624,31.274175334258302,28.583584072019192
1113600,10.109641591397756,10.612410569457513,9.8432212797312,39.53293250008205,37.039031202574115,31.3658217511205,28.716840301544217
1114000,10.508728968001815,11.330000583709083,10.199267138740808,39.6797371267041,33.95537304647859,31.443589050815337,28.807506845215162
1114400,40.52708997280802,18.03678555346496,12.32666862275166,41.41460576181646,35.120540609440916,32.29251815676116,29.515092880900344
1114800,5.157998210909577,15.41433229710221,12.257062067916609,37.70628938663636,34.839236328761665,31.51504635930297,29.53918698202139
1115200,16.155283401176273,16.491748428858767,13.141617141512517,38.24657947923415,31.028106226054696,31.568393069658335,29.736341851419276
1115600,12.004693560828958,16.87075882274501,13.741584696101043,32.928675628397094,31.24422476460445,31.57058731157947,29.834210369794548
1116000,5.1507084123623486,15.799154711617117,13.564577647662881,26.48441903473826,30.40944633319628,31.575176931715834,29.798959403609718
1116400,3404.380887728868,688.5699142628291,353.3033499081468,190.04132499884128,143.35655275338746,115.82015422246408,97.53887914797619
1116800,24.102729177379764,692.3588604561231,353.88659637661243,186.7757536388499,143.99474009060754,115.98487272759742,95.73005502234116
1117200,5.551721439930456,690.238148063874,353.36494824636617,181.46615576555936,144.01365836796904,115.99485239957127,95.69232991667988
1117600,5.12060729803195,688.8613308113146,352.86604481702955,181.35463304838052,143.9773032723979,115.99578460618804,95.66586636430233
1118000,8.4696481652578,689.5251187618936,352.66213673675514,181.43070193774813,144.0072036633878,113.63206396904779,95.68729858800333
1118400,15.654731538704944,11.779887523861074,350.1749008933449,181.25078475804838,144.3347041389926,113.88413068041697,95.86899470407792
1118800,5.776354472747347,8.11461258293459,350.2367365195286,181.24689929372275,141.8831050976005,113.6886113764535,95.25938439134812
1119200,76.0731693653029,22.21890216800908,356.2285251159413,184.68507112872706,144.24056135813655,112.3282109485264,96.50041947891495
1119600,102.16875271772628,41.62853125194795,365.24493103163104,189.49325786386618,143.70076076280841,114.74440133136116,98.3054560555898
1120000,515.6439933477727,143.06340028845094,416.29425952517204,214.92941858641763,156.4210325315495,126.8806496311903,108.51899345040711
1120400,8.919406995096931,141.71633537972932,76.74811145179497,215.02573067997105,152.2769204831592,126.70444242798939,108.00574566833029
1120800,6.994653998258055,141.95999528483145,75.0373039338828,214.46195015524776,149.5296037371942,126.75538105142644,107.7953589688545
1121200,24.56062377532971,131.65748616683683,76.93819416742272,215.1515712068946,146.62350189951383,127.2447923178325,108.18352075314158
1121600,4.967329883765776,112.21720160004472,76.9228664259961,214.894455621513,146.5440441742524,127.21369406079752,108.18120097014967
1122000,43.46732883782407,17.781868698055,80.42263449325273,216.5423856150041,147.76134612291634,128.1110613708541,106.9901780738888
1122400,5.261310350636429,17.0502493691629,79.38329237444589,214.7790966338955,147.29495396351425,128.09685119785598,106.98396301922277
1122800,9.268157089957208,17.504949987502734,79.73247263616688,214.9846045778479,147.40875707453748,126.34544698224212,106.89738362839618
1123200,17.184765719540618,16.02977837634491,73.84363227159064,215.03607869376611,147.7379248430149,126.64132908650012,104.63129521313927
1123600,8.388365492718204,16.713985498135397,64.46559354908985,214.8552622903606,147.81736975894074,123.89196895937884,104.68863977490693
1124000,348.8053208469009,77.78158389995076,47.78172629900265,232.03799291208753,159.21352115727933,129.2612059734129,111.0608649647528
1124400,346.85897382089865,146.1011165940032,81.57568298158283,79.16189721668903,170.542381447175,134.60161110776514,117.67869053870811
1124800,5.530719989031812,145.35362917381812,81.4292895806602,78.23329675727163,170.11772996371857,132.50452519806078,117.69016275727319
1125200,6.735462730006219,143.26376857591126,79.64677347612785,78.29248382177542,169.98330529663903,129.8793197936674,117.72518854949159
1125600,133.26560057987865,168.23921559334335,92.47660054573913,84.69973348586777,174.0885039295884,133.02718326712414,120.26627535778587
1126000,108.26991148147243,120.13213372025764,98.95685881010397,89.68974665167849,177.34721001337073,135.56022429471332,122.28022085870411
1126400,21.166297923949507,54.99359854086781,100.54735756743528,89.96532497094071,176.7018502784088,135.6080548644946,122.58695247177185
1126800,79.90421650051957,69.86829784316538,107.61096350849152,93.67171807232933,179.19339088806245,137.45930868302605,122.59855028749203
1127200,34.38760502585576,75.39872630233528,109.33124743912303,91.58743985535698,179.80113494221845,138.13625549204204,123.17931275702473
1127600,8.47664943244289,50.440936072848125,109.34007583309548,86.9028346910928,179.68353347127226,138.1980462774795,120.98159033412219
1128000,12.668153134567495,31.320584403467137,75.72635906186217,61.754042680432555,179.93411496201242,138.3417306334251,118.55423659110276
1128400,6.549433727284124,28.397211564134057,41.69540505250071,61.6355440170419,66.67306649529294,138.33063734850649,116.0203698967123
1128800,187.93187118955004,50.00274250194015,59.935520172552536,70.6824048766065,72.13403789569861,142.57217751592717,117.99072419295914
1129200,6.557588092338943,44.43673911523678,59.9177327087858,69.78225309245697,72.16756678411222,142.4669121496758,115.8870023766911
1129600,167.1902050841814,76.17945024558449,63.31019315921608,77.89339685247775,77.5698867103172,146.39392623699536,119.08378524554257
1130000,26.56918320294975,78.95965625926094,55.14012033136381,77.04848957073402,78.17320454490695,146.79543759286906,119.47620350204345
1130400,25.55353079256963,82.76047567231805,55.578843618225825,78.0631005928307,78.50316452003577,146.4210986133631,119.60221261524084
1130800,6.890648431052632,46.55223112061856,48.277486811279125,77.94422515988546,78.54030765197928,146.46441486886667,119.6229443086767
1131200,5.965697741444798,46.43385305043974,45.43529608283803,77.38327176098066,76.20339193118402,146.2096752273734,119.59606361020126
1131600,76.43022631068884,28.281857295741226,52.23065377066263,80.7853648018792,75.34544105094942,147.8203135461199,121.00456777611615
1132000,136.98709998006666,50.365440651164604,64.66254845521254,70.19445375853749,62.723544605359216,151.1162233353125,123.6058941977826
1132400,6.325478898490843,46.51983027234885,64.64015297233321,53.1677790124171,62.637080335472355,66.16483811455308,123.59254047327184
1132800,3494.385060663749,744.0187127188881,395.2854719197531,227.61049604615295,178.88342722432205,152.9218964017123,193.11483639669234
1133200,8.469899356745133,744.5195530419481,395.4767030461937,227.6972178774899,178.34706974370255,152.99485084963266,193.06887032897936
1133600,6.172159591247168,730.4679396980598,379.3748984969003,221.34254582805835,178.38723073395195,153.02113965696304,192.9901206889764
1134000,4.575946770911123,703.9857090562288,377.17557485369645,216.1578475925303,177.0908513317215,152.9237971221044,192.87146504503454
1134400,123.33568477925724,727.3877502323819,386.95379025236514,221.26631693529566,181.02666381267554,155.6158209531182,194.52763694116354
1134800,112.26730712283896,50.96419952420001,397.4914561215438,222.88447146641164,184.4599688137716,158.27809476937048,196.66982311940214
1135200,3541.410824232681,757.5523844993871,751.0359687706674,398.2356324267529,301.9341707642096,244.9115361410549,267.17493393603223
1135600,353.6447676923579,827.0469061196093,778.7574229088343,415.49403833974867,313.4427175041976,251.19843651542072,274.00773541866283
1136000,59.850839004490346,838.1018845663251,771.0437968112767,417.85317263324475,303.8109014427839,239.80360765683864,275.1017380305054
1136400,6.329463658299806,814.7006403421336,771.0441952872576,417.8421741297956,292.45991777069725,239.73885907341872,207.140709549094
1136800,24.505894779537897,797.1483578734734,424.05627869883654,409.67087530929496,293.0924235970475,240.17664009295072,207.1487728611372
1137200,6.747134313174363,90.21561988957207,423.8840021944795,409.68035262033675,293.0928126498198,239.73130285639687,207.17268111860201
1137600,6.675935163675313,20.821853383835546,423.9343797517222,401.6546391243114,288.8731571359463,239.7740179883946,207.2037876759149
1138000,4.728859581287884,9.797457499195053,423.94967103275997,400.56262294322835,285.4217887392735,238.80555625698122,207.12897190423553
1138400,5.040247100143564,9.539614187563803,412.12012726484863,399.53695875860706,284.8842537118133,238.80002967571886,206.91668221546428
1138800,4.448465734307221,5.528128378517669,401.3382431259954,399.4148496237698,282.36906201960625,238.67953739182764,206.89012444069547
1139200,7.828605168221214,5.744422549527039,47.980021219549414,399.50799499510856,281.4837620243517,238.44563337804462,205.5252331567538
1139600,564.0952708851803,117.22828969382803,69.02507153883167,423.89124722383315,300.00438273944303,252.33830601285618,214.76376352010294
1140000,3153.031634846014,746.8888447467732,378.34315112298407,574.6934739671306,404.6831654631579,322.44396386283404,267.5115163500678
1140400,7.825774061414238,747.4459501390276,378.49278216329554,574.7684887252767,404.72571014096224,313.96813386884685,267.4896436913941
1140800,6.627425190908224,747.8817420303477,376.7049352044325,400.38060695163466,398.6822286076741,313.99555149889386,267.4822991152471
1141200,6.964887370606735,747.7089984708248,376.7267105101758,400.30535635232775,398.6958052502831,314.00128711490885,267.1303843871527
1141600,11.290029331461326,637.1479501600809,377.18811992695436,400.5612498393385,393.49913272519245,310.95189783369835,267.25683837610654
1142000,100.29826924664252,26.601277040206696,386.74506089348984,405.34736596312507,395.9567689266488,310.7526067778277,268.3934571842829
1142400,11.263887769242713,27.288899781772393,387.3674249603997,399.74377611262435,395.4804474925379,310.50504652396,268.51350873265505
1142800,8.160608094681672,27.59553636252709,387.7386391964372,394.53844116121644,395.5227794813256,308.71145631381404,268.49135775274954
1143200,15.23443855610949,29.249446599627635,388.47922253522603,218.2296218773879,395.83173750848107,308.2326271520704,268.4523512094809
1143600,5.224354820591395,28.036311697453648,332.5921309287671,200.80860123379955,393.45820845881116,308.1513197867741,268.3890709960384
1144000,15.584388023753556,11.093535452875855,18.84740624654105,198.59527868476272,389.41145139360077,308.22422565900376,261.7246523395754
1144400,15.42069522363312,11.924896943753938,19.606898362762937,199.04984026302938,389.7146252711055,308.44600719641244,255.09588676763013
1144800,3218.5752793323118,654.0078311912799,340.8016837769033,358.75330949066813,380.5209658933909,384.21209239998154,319.3567779544957
1145200,978.1053582875126,846.5820151375605,437.91573086859387,407.321220689385,412.8421478577498,408.50078665486086,338.78417586564586
1145600,13.006337194121055,848.1384116122665,438.0873616548598,407.6377407909073,413.06995377784557,404.64618995760935,336.37899059793074
1146000,149.59694940045324,874.9409238876063,443.0172296702409,414.88114528186554,417.90398719883035,407.72188411254695,337.20553135631036
1146400,6.852749714112808,873.2273347857024,442.57611586472797,414.971770412564,414.02122269665887,407.2543645855855,336.9192603921136
1146800,6.604836718108031,230.83324626286162,442.42053872707055,415.07958896175404,410.4991403498345,407.2472192927619,335.45327279646534
1147200,693.3408210131583,173.88033880799077,510.2311769727755,449.3551997540009,315.5634735758504,424.4315973745547,348.63233711621143
1147600,113.52610487953376,193.9842923450733,521.0613519786697,426.82674145371857,307.55951814875624,425.35899433877586,350.73332622515323
1148000,129.48334252707437,189.96157097039753,532.4512474290018,275.6493268377716,309.8806015995091,425.171400402451,353.06963001300335
1148400,5.809129419008243,189.75284691137662,531.4900908485392,275.54849460565123,309.863257124866,425.15849166546394,353.05482392683786
1148800,15.170818571960863,191.4660432821472,211.1496447725042,275.9756642747039,309.5520879179468,338.1781356131693,349.5996028744861
1149200,1104.3470292496772,273.667284929451,223.77381186872066,330.84477136865746,346.13875108249687,365.5750638604926,371.5553916976329
1149600,6.604662038778655,252.28299636129995,223.13364435318644,330.6105030040233,346.13637531166694,365.5858764216809,368.34368083672484
1150000,3439.421203382328,914.2705685323506,552.1160697513739,497.56664971080755,460.62612010503494,451.4570078369663,436.60072124031234
1150400,24.884539381479403,918.0856505248448,553.9192487181106,498.2476822914194,461.2875965144128,448.99572920202183,436.58734141209055
1150800,4.095237497559481,915.8705343099646,553.6682887960558,498.0444137615633,461.27582223985456,446.29142746138984,436.5314331934207
1151200,5.332497140902662,696.0676278882096,484.8674564088302,497.549316690803,461.19261863894394,357.8894692840954,436.5187691814098
1151600,134.66811889014232,721.6803192584824,486.98165780989103,504.0215048942805,446.87838023910933,352.41505306404,437.6835270329989
1152000,190.95379202473228,71.98683698696331,493.1287027596568,512.7899750943295,348.1424521450666,355.6926268895461,438.7628608738923
1152400,3501.6645973890263,767.3428485884726,842.7142495566586,687.1021702025992,464.60374625598706,443.0760052328143,508.66964324370286
1152800,4.649728106050946,767.453746710171,841.6621405100675,526.4058926412861,464.5378230198251,442.5796010659771,438.8749365925489
1153200,6.851303030627612,767.757507888116,731.9125678881626,477.8431898784418,464.5340368751592,442.58220528391337,438.8425646660266
1153600,644.6347460874902,869.7508333275855,795.7155762930338,509.4246103231102,485.6455274336934,458.53117555700874,451.61181639595145
1154000,710.1949421621301,973.5990633550651,522.7929501710139,537.454509961194,505.9754165308763,476.1678276215298,465.72419630377584
1154400,531.3194049961514,379.53002487649013,573.4364367324813,563.6778427252959,523.31060043844,489.32480656893006,473.88387070811376
1154800,642.877317597754,507.17554277483066,637.3146447425007,595.4914667692784,544.4678240885424,505.2855278655162,484.49607091761203
1155200,234.52912584252445,552.71110733721,660.2343076126629,572.5508820107467,551.7776469980896,510.9530408823738,418.35843694980895
1155600,5.795340370679054,424.9432261938479,647.3470297607165,567.1643437853038,551.7966798497592,496.99554261951124,411.4014484033753
1156000,2407.98229288538,764.5006963384978,869.0498798467812,681.0892913032192,631.54327667848,478.3693090704954,458.36407748099316
1156400,57.60951923882827,669.7587191870332,524.6443720317613,683.6793107942101,632.9495708123198,479.6139026999308,459.3896785926037
1156800,19.534165555379666,545.0900887785583,526.1328157766944,683.8974781433811,526.3148670197555,479.93657120904254,459.29024400812057
1157200,7.794585193186973,499.74318064869095,526.2271439929502,629.0698559405566,493.97117458327796,479.95731365460705,459.3111930257208
1157600,3.849302276765752,499.3539730299082,462.14859961187784,628.932087952456,493.6659400860328,479.7712954782396,459.2546603679826
1158000,8.655615526661746,19.488637558164573,391.994666948331,457.39380855967266,488.96789562357304,477.4802291352401,459.33319548689013
1158400,674.6132464663713,142.88938300367317,406.324051095353,489.8802439139173,511.22657884864833,494.06396310266837,472.7246554742146
1158800,34.63728004515924,145.9100059016291,345.50004734009354,491.4073460412973,512.1609936262167,494.7258799014302,473.3284317604316
1159200,8.077736563891644,145.96663617577002,322.85490841223026,491.5446080124467,489.3188908112412,494.5469623516248,473.3334143883451
1159600,150.81760639612227,175.36029699964132,337.3571350147746,492.35208238774567,490.5619408617941,498.1867936410131,465.067861098564
1160000,217.4159737651142,217.11236864733183,118.30050310274797,493.6751914747648,493.49302856972884,503.2325832845471,406.35554787694593
1160400,304.3238594096608,143.05449123598973,142.97193711983124,333.8081545757965,503.44351956941716,510.4551623891978,412.2855095839109
1160800,861.1881604181706,308.364667310592,227.13733660611032,376.63507619140245,531.6440976309575,451.52048441634423,429.3767242884561
1161200,958.7840940369108,498.5059388051958,322.2362874904827,424.23171574171664,526.791999790532,451.03745281007923,448.41310842178217
1161600,39.270991289388206,476.19661578384904,325.77845639174495,393.96352800181154,527.880877432219,451.6940691624609,448.9727276609407
1162000,569.5542448688765,546.6242700046016,381.8683193259664,386.9314931371489,432.2186454817705,462.19300154917147,458.3578471733854
1162400,11.123585519148172,487.984215226499,315.5193532312441,360.9217021632987,431.75994701969285,462.2997724442974,458.3550411283835
1162800,133.76989637036533,342.5005624169379,325.4326148637647,335.46633110192926,436.08243564878643,465.47889893560387,460.8672268938971
1163200,790.8519647946077,308.91413656847726,403.7100376868363,363.28247304953345,462.2664179039099,467.91667753013996,476.3795774186671
1163600,54.07775103930887,311.87548851846145,394.036052151155,365.69659358296497,459.5800723088821,466.4304686841344,477.35664534304146
1164000,6.851423034663021,199.33492415161874,372.9795970781098,245.64005009042904,453.44332667587975,463.36467069682413,477.18198604325966
1164400,81.8367744039806,213.4775619285852,350.7308885775418,246.8514128486867,339.4490659097116,465.26536182144844,478.5103076268666
1164800,188.53293765212757,224.43017018493765,283.4653663009375,255.30135145352406,345.57850622791415,469.5994147984526,417.9094607932629
1165200,35.77664868936584,73.41510696388927,191.16462176618305,256.70045462833303,346.5426844165388,442.88515528444475,399.06288660129997
1165600,17.129641395341043,66.02548503509571,188.95048677677835,257.3644715842618,325.62584759346714,443.14827976835886,399.1453526853244
1166000,6.255248327012989,65.9062500935657,132.62058712259199,257.24445322427937,302.16119113229655,357.319130891976,396.27851866385555
1166400,365.5954001109734,122.65797523496425,168.0677685817745,241.79356090650944,296.637057636124,365.8369024102134,403.45337167179275
1166800,626.4301777860131,210.23742326174138,217.3337967233393,271.3832057935522,296.0888196423993,381.3952759174247,415.849878493151
1167200,7.854006571657735,204.65289483819976,139.0340009010443,271.37201929394047,288.53298233337034,381.4583136531936,402.14014220432085
1167600,101.19231502748691,221.4654295646289,143.74545729986207,268.89075472550866,291.7128814885973,380.6214185566272,401.89346640728
1168000,180.9289685984188,256.4001736189101,161.15321185623765,267.0664044671739,217.47777067903192,380.37079797096936,402.9223789287069
1168400,112.52834256567472,205.78676210985037,164.22236867240707,257.47662862497464,219.30839812326016,295.64239160038557,405.0567631916402
1168800,13.617591073867157,83.22424476742115,146.73083401458103,215.09810015775946,219.1111789738764,295.86658817458095,405.02569864167833
1169200,16.754296196578906,85.00430269240539,144.82859876530236,167.99661026574287,219.4098360073228,296.11416300372974,383.2738439806163
1169600,228.8130150300209,110.52844269291218,165.99693612877033,177.4737114527745,226.9086264324313,285.718619727293,387.7180110404411
1170000,18.924608463440947,78.12757066591661,167.26387214241313,149.94222963250272,227.25092619699063,268.4368613848258,319.30807914206343
1170400,3565.850748105101,768.7920517738019,487.28940694182586,327.6785877618004,323.6255095849483,344.30014496254955,390.12740331653595
1170800,3.308906629169824,766.7303148848625,424.9772798261416,321.1555382747406,322.58123047108194,328.3109346883349,390.1116766991681
1171200,4.037280202886297,764.1869116861238,424.5956071892644,281.8148040451546,322.4465485923818,322.548638547344,390.0857723604078
1171600,4.693575339495686,719.3630237480189,414.9457332204653,279.34559526016386,317.5757475571609,322.5210944215644,387.4862814893948
1172000,254.45706412886372,766.4695148811035,422.2985427735098,291.7258773148739,318.8104505692858,268.6829637026515,388.75634693147737
1172400,5.576438488859085,54.41465295785501,411.60335236582824,287.9128605191178,308.8522032052592,267.3821366839023,318.83458375347413
1172800,448.7295852757706,143.49878868717516,455.1145517860185,300.9226929003,295.1035840338458,278.11202217691203,327.7161808968685
1173200,30.9769298373975,148.8867186140774,456.5368151501004,300.68270695770155,264.1766785605287,278.6915807930173,328.1986934330039
1173600,3.545360832786778,148.65707571273563,434.010049730377,300.0034929295738,262.9858242119753,278.68398225691783,315.37690572790984
1174000,422.2303286286413,182.21172861269116,474.340621746897,320.8022469446552,258.0750270039675,289.0233500844673,309.61761345724005
1174400,14.678201231369687,184.03208116119328,119.22336705952391,303.2563870006751,258.19351419437487,272.5249739535923,299.28478938194445
1174800,3.247807119656703,94.93572552997048,119.21725710857261,272.09726846735725,253.84277788601793,271.7402371304547,286.49219917238247
1175200,375.9368565951457,163.9277108815201,156.40721474779852,290.5014109685317,240.0122742793692,280.93671513123604,289.3203537874349
1175600,225.1157552994962,208.24178977486199,178.44943274379858,296.69758298213213,245.7135410880421,282.79416885382045,293.7067620860112
1176000,4.843308305134789,124.7643857101607,153.4880571614257,287.8932999674679,245.64660393039114,277.4798522173209,245.64398239440635
1176400,4.796754294448324,122.78809632277641,153.41008874198462,282.5067205539066,243.07860326007344,269.9916745894406,244.58772709551872
1176800,5.993228348787674,123.33718056860262,109.13645304928632,282.1255024176526,236.99394628329543,248.61180128770602,244.31690835138693
1177200,212.53113087860015,90.65603542529352,127.2918731534066,291.91434415175365,242.88576235626988,229.95547720874825,248.41163926509518
1177600,129.76705008382726,71.58629438215974,139.91404207851065,286.962045904444,246.6403426458861,232.21787867860922,250.92999422123637
1178000,5.526733373989579,71.7229793959307,98.24368255304547,286.29215214997146,246.61605881411867,218.11719089123707,250.86741657818297
1178400,4.682455361087285,71.70011960925848,97.24410796601722,108.23373751277072,234.5856273224558,217.95616263728556,237.46880075607726
1178800,306.02479832209974,131.70643360392089,127.52180708626153,123.3695320974172,223.90544800699203,222.2625351860789,242.89655112161606
1179200,5.288840685729182,90.2579755653467,90.45700549531989,123.43211012155936,223.81994247746107,202.62345708335695,242.84077320405282
1179600,9.649924858676178,66.23455052031649,68.91042245123789,123.6799275975184,220.76852947183403,201.51276142884112,240.01741957330393
1180000,2.7055982397518026,65.67032349346894,68.69665144469958,111.09235430306278,214.82775045987847,201.40911580896835,235.72321206279668
1180400,9.734689057965266,66.68077023284452,69.19044492105128,111.30026683151812,211.40129534295482,199.60656367531797,229.83142865576275
1180800,4.534646358460692,6.382739840116715,69.04458672201858,89.09051988565261,211.09853051910792,195.00660639297627,212.69835837456856
1181200,4.851214242205796,6.295214551412038,48.276595058379144,87.78423410589303,210.70176112062882,194.23347053179728,193.61970077867446
1181600,3.7750624522713143,5.120242070131065,35.67739629522355,87.79571918686726,203.20049603470386,193.89960605822054,192.9097822019321
1182000,7.0425165766566185,5.987625737512028,35.82897461549025,67.03632858426802,202.80442630514435,193.91928776446164,181.65954763608772
1182400,7.690187876880198,5.578725501295015,36.12974786706954,66.68692791654355,84.199074297537,184.9716574586093,181.59087968324238
1182800,7.233298659001687,6.118455961403213,6.250597900759737,66.8862024935108,84.32988736519806,169.49173548043402,179.06014772901509
1183200,3.207423041915146,5.7896977213450835,6.042456136378333,48.24973081584927,84.30222545983237,169.37557089219044,163.3072568939612
1183600,2.971469500439716,5.628979130978764,5.3746106005546865,37.14251652589644,84.24482193186381,166.9200497540143,162.28513126318384
1184000,5.770379560280856,5.374551727703611,5.681088732607592,37.18887008865374,75.95526577957773,162.54108502806082,162.2635103936962
1184400,2.5366757322643663,4.343849298780445,4.961287400037503,37.07586616054455,75.85394035435792,159.79129335722558,160.6775084202619
1184800,2.893967353528358,3.475983037685779,4.797219499544269,36.92090311078159,60.99275309028316,159.5232027642171,156.9647290142899
1185200,4.661622398553849,3.76682290901352,4.778260315179074,26.52742768677927,60.11557617565504,159.22088591926646,156.34242848847364
1185600,16.895179360839606,6.551564881093498,6.090272006035904,20.883834150629887,60.560570126590136,153.92294002753695,156.33773924778362
1186000,55.77000744240488,16.551490457518305,10.963021092610731,23.395997854050652,48.34522608704892,154.84407500201104,157.32803443009146
1186400,32.585093599895146,22.56117403104446,13.452511664912226,24.79112976599104,48.9421224993331,66.51243363938089,150.66782829986988
1186800,42.91869843252039,30.566120246842864,17.021051642264094,11.635824771512075,50.264485543095226,67.50267843446464,138.99759871280006
1187200,4.924760388779739,30.61874784488804,17.192785376950553,11.617620756664603,37.897415669549694,67.52486543911199,138.93901378914248
1187600,4.119479428140465,28.063607858348213,17.30758636972063,11.341098485137817,30.530873140504507,67.5105130413281,136.99755707715556
1188000,2.0853567134041047,17.326677712548058,16.939084085032952,11.310086408820434,30.43894142078015,61.20122035594161,133.42068483945525
1188400,9.532434429909111,12.71614587855085,17.638659954797426,11.299973677417624,30.59679742529551,61.30012025446787,131.36076667673996
1188800,131.60926012089115,30.454258216225004,30.510189231533708,17.65370436553915,34.783998484365625,53.372112125595876,133.72060005768043
1189200,3.810407116189845,30.231387561707027,30.425067703297305,17.60166400923835,27.826641025618617,52.692949057565684,133.46172227607266
1189600,3.82257797454646,30.172007270988225,29.11780756466799,17.604039785352107,23.628491955309254,52.69987948610968,128.96191353496317
1190000,3.527517018941686,30.46043933209574,23.893558522321673,17.42828980746636,23.561851410140992,42.23230919586719,128.65397170607318
1190400,95.27697937406316,47.60934832092655,30.162747099738475,21.80762938232551,26.58166887724019,44.24727864943453,59.242496331452415
1190800,3.989724524535156,22.085441201655353,26.26984970893995,21.645450675602184,16.513833083988036,44.265826584556486,59.25611268935972
1191200,5.1449570697445415,22.352351192366292,26.291869377036427,21.742327376993654,16.509036963455213,34.99602909642146,59.278266226696886
1191600,4.59566270968068,22.506968139393138,26.339487705190454,21.8235370374557,16.340561558488695,29.483026781676074,59.27630797410058
1192000,32.626401025735746,28.32674494075195,29.393592136423614,23.166338110728443,17.337921651354826,30.1776040996911,54.83969471203802
1192400,4.227997423941853,10.116948550727686,28.86314843582689,23.25090419531232,17.15436526355405,30.163385177928433,54.812725890739685
1192800,52.93761331415872,19.9065263086524,20.99598375515365,25.753086493343837,18.76779749541065,31.336994802062712,46.89688645150744
1193200,10.609837444758778,20.999502383655244,21.67592678801054,26.050497245654082,18.95975160216241,26.288962466216674,46.489544603654664
1193600,96.34481067322923,39.34933197636495,30.92815005787882,30.022978811273568,22.045409876194345,25.453406480951724,48.34553360046351
1194000,175.36397733133907,67.89684723748562,48.111796089118556,36.00267730572027,27.65612523468376,29.699337579885462,43.40820657451747
1194400,9.795589458764663,69.01036564445018,39.56365709758871,34.86320209866375,27.726305287413243,29.827165932327397,43.310554339065376
1194800,579.1430071298898,174.2514444075964,97.07898535812417,61.67441753353222,46.789962236442854,36.65512115252215,54.82845833927003
1195200,26.20471582442706,177.37042008353006,99.18496123359242,62.73841530531458,47.556538662526584,37.1780180309896,47.83381552385566
1195600,5.577902744943074,159.21703849787284,99.28318523711866,62.81133647115472,47.643419770676694,37.07621747814627,43.4430584727646
1196000,3.9147410645312006,124.92719124451125,96.4120192409982,62.90280568871108,47.581565154151704,37.10644604876576,43.42448712795253
1196400,136.24263810309796,150.21660097337792,109.6134833089138,69.23831587237052,52.03843056651282,40.269144774894066,46.05340480412552
1196800,2.950436579315209,34.97808686326299,104.61476563542946,62.80537469529171,52.04031287403905,40.22953953041544,45.99254896873607
1197200,5.641249476184227,30.86539359361442,104.11790683857203,62.89691681329144,52.07296710996006,40.249290411264894,41.854751340687756
1197600,5.024773496520817,30.75476774392997,94.98590312090117,62.95702658939016,51.67728691448277,40.280533187371134,39.35990580894162
1198000,4.8964999162153084,30.951119514266793,77.9391553793888,63.02547573425384,49.98150333027645,40.2268827708601,39.34730113978614
1198400,5.627200666274407,4.828032026902084,77.52231650013977,58.5429867988644,49.08290689915576,40.17530809059495,39.36619604588988
1198800,3.1942611914294776,4.876796949324938,19.927441906293726,58.50321363220911,47.7587589911194,40.074332153905644,33.30958530327648
1199200,11.006355756932606,5.949818205474614,18.40760589954428,58.79628356656851,47.961478836724496,40.26930547178109,33.423935604700546
1199600,2.816497184325073,5.508162943035466,18.131465343482482,58.707325290300744,47.91804609526398,40.26543116387822,33.287267051213526
1200000,4.777258279406452,5.484314615673695,18.217717064970007,57.31486815298426,48.00777614746406,40.24060313185636,33.32870025200661
1200400,2.9402485087094483,4.946924184160703,4.887478105531155,57.25048070722265,47.788036616757395,40.25069245126748,33.1928114410215
1200800,5.988941371152454,5.505860220105299,5.19132858471488,54.903047110072336,43.60069265843278,40.32806680170809,33.22189734127534
1201200,5.794315220056542,4.463452112730084,5.206635159102111,54.66227099883723,43.66682292856167,40.35638412224566,33.24075936083235
1201600,4.910198141683939,4.882192304201858,5.195177623618423,50.09054037225996,43.70307693413292,40.05675959176676,33.263462074620605
1202000,3.714550616332183,4.669650771587004,5.07698269363011,41.50806903650962,43.709311387379266,38.75537317111495,33.196902755414115
1202400,4.003364080631536,4.882273885971422,4.914599035065824,41.21845776760296,40.66685754426488,38.04082993313336,33.12316627948914
1202800,6.442676337933492,4.973020879327629,5.2394405497162255,12.583441228005146,40.74862260471149,37.12892938076868,33.107353833067776
1203200,4.414686451601981,4.697095125636717,4.580273619183163,11.493939759363892,40.724280250773404,37.116177532339236,33.13149910126151
1203600,5.053444482909226,4.725744393881774,4.803968349041578,11.4677168462622,40.73953964321436,37.139526658708455,33.1731386009109
1204000,5.8325638044218096,5.149347031499699,4.909498901543114,11.56360798325673,39.84641173583722,37.2332068359839,33.17438228579372
1204400,122.42049977058645,28.832774169490683,16.85752402773081,10.872501066631155,43.78616181405871,40.05540846950084,35.57205876656016
1204800,188.8477462297839,65.31378814786076,35.14340451359395,20.167366549154586,48.316499577912886,41.486370622223156,39.29113434408528
1205200,144.66167760720845,93.36318637898205,49.03014075230915,27.1183879557058,52.784894249994544,45.00765238449862,42.09113544825836
1205600,102.85425469430228,112.92334842126067,58.824546407570985,32.00986201559487,53.001875717363646,47.483444302492515,43.81031695492762
1206000,89.79281680944992,129.71539902226627,67.43237302688276,36.254677860256606,50.14950369996734,49.64007679725522,44.490773142268516
1206400,116.51477686786284,128.53425444172157,78.68351430560588,41.79905667033602,53.70680994693728,50.17102173460021,46.169366807627874
1206800,4.617581774242004,91.68822155061318,78.50100484923674,41.870222699476656,34.55596243508235,50.18671816584288,45.4033444744623
1207200,2.6356142793327475,63.28300888503804,78.3230976320098,41.45168562559665,33.77032571691254,50.12398459608259,45.35756155227337
1207600,102.10567579339724,63.13329310485703,88.02832076305862,46.41614455605027,36.98791815186101,52.56173492317551,47.317285479578494
1208000,101.1483405074488,65.40439784445682,97.55989843336131,51.23469866745238,40.229038133291596,54.27478341021832,49.298545155459394
1208400,69.18632238130547,55.93870694714534,92.23648069443321,54.547002361082185,37.99382760923184,55.89874153415242,50.49162291448732
1208800,124.26818326802706,79.86882724590235,85.77852439825753,60.46096445592591,42.03775249885557,57.68200578299913,50.34480137743005
1209200,185.55406065879225,116.45251652179427,89.86776270341592,69.4489517278627,48.034846204942504,62.05561136334997,53.97967444828208
1209600,2.2579920447048503,96.48297977205577,79.80813643845617,69.31634142301374,47.94262015654864,59.703440897636845,53.948382729685264
1210000,98.50586146008592,95.95448396258321,80.67944090351976,74.05590696520143,51.062932208011,57.78198800085553,55.847949618508146
1210400,9.272596810618792,83.97173884844588,69.95522289779537,74.3193686017008,51.18444541282248,57.76891318465188,54.12786196723925
1210800,72.00570686973003,73.51924356878646,76.69403540734416,77.59752012829063,53.478160268765826,45.090480678147884,55.48818161414315
1211200,4.975094378054951,37.403450312639,76.9279834172164,77.62554052461327,53.27711822280323,44.559740141988584,55.48478436030936
1211600,654.6375384333365,167.87935959036534,132.18116968121032,110.10474522213462,75.00448626443695,60.78623103419842,68.48562187478248
1212000,444.3755738978225,237.05330207791266,166.5038930202477,132.03189572680466,89.6577634517175,71.79775185503071,76.72060533222421
1212400,385.36719463863466,312.2722216435158,198.1219802459806,145.17923047020707,102.405328322715,78.02586576841911,84.34338927651807
1212800,10.221153094700036,299.91531088850985,186.7172772286479,136.2479008134529,102.54640204683325,78.20763368130375,83.48906007212891
1213200,136.83273999871147,326.28684001264116,181.84514516263982,135.85645393302804,106.91434953945509,81.48742094436692,86.01351812320794
1213600,443.77675147333406,284.1146826206406,225.99702110550274,152.90257877197965,121.54323465051009,92.45622039378726,92.96215693921005
1214000,9.770109051841809,197.19358965144448,217.12344586467833,148.90144338409922,121.7450865983604,92.57806062217792,89.6502795736201
1214400,342.40374958386514,188.60090064049058,250.43656114200297,160.19589201989936,133.0250994484682,100.9974743451177,96.30244277612212
1214800,4.032670357106494,187.3632040929719,243.6392574907406,160.16664644904256,132.94476591577396,101.0184345742596,84.80023604066645
1215200,7.179257309069283,161.43250755504343,243.85967378384208,160.3938286005294,133.03691827768955,100.92275711306301,84.4197268703593
1215600,487.9517708325476,170.26751142688616,227.19109702376318,179.6861333524869,149.1335291560108,113.0511389542686,94.06720423211138
1216000,448.4569139789338,258.00487241230456,227.5992310318743,197.05156202606116,163.88767416182787,124.14313034675676,102.95804769039944
1216400,37.8554266884231,197.09520783321614,192.8480542368531,195.48501724141704,161.06883839242244,125.01600980124961,100.99030346210593
1216800,146.56046636196862,225.60076703418858,206.48198556357997,196.59963139611412,159.65926239682858,128.53029792602,103.862504057759
1217200,409.68759532263664,306.10243463690205,233.7674710959725,207.80630812930636,168.49345965400957,138.62762992858453,111.94343097468804
1217600,417.73045657547664,292.05817178548784,231.16284160618676,228.57993135584493,178.98933305004869,148.94813638942932,120.19754463626715
1218000,93.2763563112822,221.02206025195756,239.5134663321308,228.31845609840474,179.1054510334431,151.18718153180308,121.9651417641685
1218400,7.880682878280958,215.02711148992913,206.0611596615724,228.24886040178785,175.4843145671237,151.2841145017443,122.01021140840865
1218800,5.936277468364456,186.90227371120824,206.25152037269817,224.94538893171958,175.52827109026111,151.2714545300051,122.06505173394733
1219200,681.6682962862044,241.2984139039218,273.7004242704117,258.780049027127,198.1626938238235,168.20279477587016,135.47829054453277
1219600,448.5291039936432,247.45814338755514,269.7581575865213,248.4746273051424,209.71014143049837,179.2896862636385,144.39254268071915
1220000,4.129136381760316,229.62869940165075,225.32537982680387,226.46230542933927,206.47616795964208,179.24710057807198,144.3795802427662
1220400,739.224134063287,375.89738963865193,295.4622505642903,244.1551524005719,228.81076168237482,194.6671914353895,159.10525795385777
1220800,312.29561084932845,437.1692563148448,312.03576501302626,259.25887528830333,235.0783426017515,197.7533880508781,165.23139134342128
1221200,4.539078732234331,301.74341280405076,271.5209133539861,252.64419222497946,229.04450987086628,194.25032307900375,165.20628661366482
1221600,710.706712389757,354.1789344832735,300.8185389354141,265.9906902708006,252.6594672157013,209.4466345213901,179.32221689862632
1222000,5.134529540800153,354.3800131150815,292.0043562583659,265.75891129524854,249.54708948505848,207.33017733967387,179.35061647711566
1222400,482.446704483154,303.0245271990549,339.4609584188532,272.76105904021296,265.3195597408096,216.4784755300562,188.9194832851661
1222800,772.4955036858385,395.0645057663569,416.11688104060056,311.18420070664956,288.6692196346799,235.67542357784606,204.24053983212423
1223200,8.821883773083417,395.92106677452665,348.8322397892885,311.2663320298502,288.7974459478475,235.83008031518983,204.32868377855385
1223600,496.9965963431896,353.1790435652132,353.67898902424315,311.71857330538234,283.54274787817593,245.70235332893463,214.16754681575947
1224000,15.876518000747817,355.32744125720274,354.85372718614184,290.08955350647307,269.2594460149401,243.57055776626711,214.36842589968597
1224400,411.22671255744126,341.0834428720602,322.0539850355573,308.758117799924,270.121429945567,252.12156752067048,220.14455015542305
1224800,412.3313011101356,269.0506023569196,332.057554061638,322.0466595373323,283.52510154608154,259.32314546672325,224.6142212530301
1225200,10.785281962581385,269.4432819948192,332.6821743846727,302.10154386932953,279.3235196115439,254.95392599931793,221.93669334013754
1225600,1.7137606394779108,170.38671485407687,261.7828792096448,281.3007090725296,264.5880865837487,254.9403202141873,219.91388345904107
1226000,491.2922123887356,265.46985373167445,310.39864749443836,301.2015018764023,280.63882336164517,264.75997898740354,227.94387137062677
1226400,462.4775343741367,275.72001809501353,308.40173048353665,323.93134445119506,284.6412828546542,276.09010242649146,234.86312652075227
1226800,12.670165650972784,195.78779100318098,232.41919668005008,324.2680388603255,284.92919936444974,274.60671389602254,235.02417819828688
1227200,4.672416467686268,194.56521790420194,232.00424994951035,290.4182448693996,284.8456380030703,274.5991469482633,235.06491424205396
1227600,13.136184315207291,196.84970263934784,183.61820874671213,268.6485988854778,269.0184517858256,258.56161309531007,233.28552441249013
1228000,489.8061098071251,196.55248212302573,231.01116792734985,292.932447556746,270.396758313432,259.69737649304267,241.0586797984837
1228400,6.91203919735459,105.43938308766931,190.57970059134118,256.3168428134494,269.36531206372973,250.23599760701063,239.81319413480466
1228800,799.9829511888271,262.9019401952402,229.34486559921032,280.7012098304243,291.1460615579583,269.9800425593638,253.32748949322067
1229200,3.551675411421189,262.67779198398716,228.62150494409428,280.65183966438366,277.6081975609178,266.64801594468156,249.68744178827325
1229600,5.251969728011927,261.1009490665481,228.97532585294772,245.37910253129644,263.8589146660023,255.6848964010485,249.7473213419394
1230000,13.063063868185864,165.7523398787602,181.15241100089273,245.7755292476657,261.18513825123244,255.76722027145712,248.03846539010135
1230400,12.550827102713422,166.880097459832,136.1597402737504,222.2807353786437,261.3408097253802,247.52089720942837,248.10402999594325
1230800,22.707846451298437,11.425076512326259,137.16350835378296,184.79135251691667,261.89986202481134,247.9877766117831,247.1180727875746
1231200,482.5595457470809,107.2266505794582,184.95222128172242,208.47823561561654,255.2629036735072,259.87228382273344,256.6697618149551
1231600,217.3548383102604,149.6472242959079,205.3740866812277,194.4961477139701,247.55709481739444,253.10736050967625,247.92410781249362
1232000,3.609405785499833,147.7564926793707,156.7544162790652,193.8827921032077,247.53977046418578,241.98617280484035,239.10878445024719
1232400,427.170854560131,230.6804981708542,198.78029781534286,194.6799992033422,237.13799448074724,251.71905850163313,239.9448576486771
1232800,539.1370719621012,333.9663432730148,172.69570989267027,201.0202877459405,244.69937651783965,261.5334736416364,250.5231760260251
1233200,9.9991231825197,239.4542587601025,173.34045466978014,200.9809798069374,244.88137799951582,251.54126183813347,247.98650368970127
1233600,27.879281917299927,201.55914748151042,175.60318588870894,202.2892558708285,222.12046365043392,241.79498247167902,239.6685542985806
1234000,307.4754976293944,262.33236585028936,205.0444292648298,193.09842013286143,232.19849592005374,247.14996100463185,245.62266207013167
1234400,7.645467062492369,178.42728835076161,204.55389326080768,170.3568167672792,216.37178800603166,247.1440806092371,238.9274964197042
1234800,21.94260974411239,74.98839590716385,204.47736959008907,170.8204389719362,191.35335820797414,247.54423891613087,239.2856952074443
1235200,265.5398470702459,126.09654068470908,182.77539972240558,183.86381050206415,199.91062365121292,237.1410276857319,244.45290700266784
1235600,279.00310926446747,176.32130615414263,188.94022681782627,197.1571567495272,192.6441740819222,232.90287781750249,240.27393377130625
1236000,535.3735935417518,221.90092533661408,242.1166455934515,199.43553093625852,209.96074326662227,246.18398924650228,242.0122673625626
1236400,389.050016915317,298.18183530717897,238.30456182897007,218.54242982215663,209.22152007855146,237.42963631780304,249.0361591671005
1236800,492.6306499859056,392.3194433555376,233.65391963135053,203.17481476201056,211.8981650410772,241.93801229621744,255.95756283957925
1237200,96.0376524373314,358.41900442895474,242.2577725568317,207.79911361330605,214.7399107235688,244.2254766388449,249.68456398187314
1237600,302.4079074500237,363.099964066066,269.7106351101041,222.65691049940665,224.763048950587,234.01800651535154,247.37811299936405
1238000,458.4352195414549,347.7122892660066,284.8066073013101,244.9255182830701,223.66781585567767,245.3505237653679,254.68129026396753
1238400,465.5462547349792,363.011536829939,330.5966860685588,267.5752896646834,223.7701065343724,244.92801252166356,263.8346017011015
1238800,437.460998977566,351.97760662827113,372.14852499190414,288.31294729099676,237.92980097859217,236.55214990395672,272.4650961312855
1239200,315.5492308943452,395.8799223196739,377.1494633743141,279.96243154836,248.2923614594808,244.22033358198823,265.14271482344833
1239600,469.0213361125701,429.2026080521831,396.15128605912435,292.5457564384755,263.48853318605956,243.52095207622278,265.55255946582685
1240000,470.0386336152285,431.5232908669379,389.617790066472,315.86721782996193,262.8296173129964,254.8750049665848,274.8707494104963
1240400,22.40613561896368,342.8952670437348,352.9534019368367,295.62898188290353,263.34608719371664,245.15449054312285,260.5343894416098
1240800,412.5714654254817,337.9173603333179,344.9474834807943,289.30070155607257,250.43237100160513,245.16049465100656,262.5399065331328
1241200,426.8992975324226,360.18737366093336,378.0336479903034,310.1457102735677,264.54395840563853,255.56334504025253,270.9871109091366
1241600,12.35459357352291,268.8540251531239,349.0283166026533,309.36947585637887,264.7807125338222,255.8293658636037,257.0200685328119
1242000,8.630526277617562,176.57240368560176,304.04784727626964,294.42722728879005,264.6329612808033,243.7628237108257,257.08998846754827
1242400,402.3609014860087,252.56335685901075,297.72931195137255,314.1629990099658,277.6266304269131,242.2599078886225,255.48827240760536
1242800,457.4798996820518,261.5450437103248,299.7312020218211,335.9398635068628,292.1190322012716,253.38015123939948,249.18796032752962
1243200,291.7722970999505,234.51964362383032,297.35350864238166,337.251486008348,285.7594572463673,260.5576482552061,254.84696859406696
1243600,9.52502309996501,233.9537295291188,251.40387734112113,323.77758170012294,278.8317967393574,260.46736922482506,245.09753712920246
1244000,9.653826235701404,234.15838952073554,205.36539660316845,297.49159333482044,279.0332774210308,248.4635621355395,244.97308329390154
1244400,61.9663517054139,166.0794795646166,209.3214182118135,281.1374100743252,266.8597939925402,249.83991994824092,237.987876076861
1244800,4.097815134353634,75.40306265507695,168.4740531827007,256.71076833174766,249.02515209828195,229.9427915468791,229.82320635734538
1245200,425.4311953287749,102.13484230084183,168.3272429623359,273.1804454763198,262.8728878364904,240.48977954481293,238.11612462466925
1245600,9.611227767010265,102.1520832342509,168.05290638168464,258.54061149216915,262.2639526981475,240.59876099578793,238.2740739672199
1246000,13.666916579386898,102.95470130298797,168.55654541186158,236.30219634406575,252.47033332981385,240.61385731356796,228.72156805103288
1246400,3.699617924522732,91.30135454680973,128.69041705571297,213.2098645035429,252.33880502521487,240.39257708411316,219.54600972204062
1246800,14.361800638714335,93.3541516476819,84.37860715137921,192.05490458660034,252.0861113883683,240.18392593879858,219.57984242179546
1247200,95.1086920911872,27.289651000164348,64.71224665050289,181.03287764644242,246.4050728890663,230.49765459740124,221.38856793426544
1247600,61.76073460383731,37.719552367529765,69.93581780089012,160.66984757100582,239.16366040037866,226.60780200474065,222.3610589400381
1248000,76.06890330402216,50.199949712456814,76.57732550772218,140.97136105544547,223.85350405912098,228.41928944270367,214.086314809976
1248400,6.885873580673429,50.83720084368695,71.06927769524813,140.19534795353098,211.11469928129955,217.91216491821723,214.0857914976424
1248800,119.89395057461834,71.94363083086776,82.64889123927462,125.56147221098782,198.69014263425663,207.43108688353018,200.4840114853582
1249200,59.22093098373717,64.76607860937774,46.02786480477085,107.17755388355354,197.4629185858035,208.66163207856061,201.59739659680454
1249600,429.999403082837,138.4138123051777,88.06668233635352,128.05979435901924,201.7159684402306,218.71463510769905,210.09234526390105
1250000,33.944506351181694,129.9889329146096,90.094441313533,129.32549336269744,187.56627800055483,211.87636032574375,210.50997411356096
1250400,167.93744371554354,162.19924694158362,106.51822389263506,117.60432047417419,177.64598429990698,215.88365974207,213.61770644581756
1250800,5.568053933972299,139.33406761345438,105.63884922216087,95.00872818677021,163.24955279845383,215.4742958468165,213.27491059547106
1251200,80.73049048144523,143.63597951299602,104.20102906118669,84.45663785584495,155.4222614513572,210.8540619320965,205.2383294901583
1251600,67.92588786029229,71.22127646848708,104.81754438683217,87.37668109386131,142.05241317628125,205.57713139699212,202.24975048115894
1252000,10.268346555514627,66.48604450935366,98.23748871198143,87.40740710985197,126.72673694095745,192.4495002223362,202.38292929655924
1252400,6.153563994068191,34.129268565058595,98.16425775332091,84.61676772428468,126.18498455346095,182.87708889930497,193.96258348523799
1252800,10.838468444560997,35.18335146717634,87.25870954031517,84.95380038979505,112.79388465409693,170.83228436077133,183.3966114148872
1253200,20.76887519790609,23.19102841046851,83.41350396173206,64.72068438325161,99.25620390961305,168.9505649297857,183.61200645519494
1253600,32.49084041601338,16.104018921612727,43.6626476950497,65.86466501570177,99.92741213769607,162.20263825393548,183.70423762516918
1254000,9.012351246140192,15.852819859737838,41.16943218454555,65.63193674903943,99.9401396366468,150.96706654655262,177.73497469750407
1254400,11.233424626373846,16.868791986198968,25.499030275628577,66.00862708413197,86.90255707465899,139.60924579383746,177.80673384878173
1254800,8.777623756538278,16.456623048594423,25.819987257885174,65.7294182400232,71.94581454380854,128.89216141331178,177.54343412903026
1255200,4.739229352706343,13.250693879554476,18.220861145011288,61.21094510309914,62.37804561890039,121.12191137477078,172.32742177467946
1255600,3.5522529368913305,7.462976383730066,11.78349765267119,58.30052101975184,62.17895328013127,109.48518429537883,166.81840464812794
1256000,5.056540464342364,6.6718142273705014,11.262317043553965,54.74990287776785,62.02571042108597,97.86063196660666,156.21206358657975
1256400,333.4469571905326,71.11452074020225,43.991656363200406,71.07795705826081,71.07506393725659,105.63665250589588,155.10000239208406
1256800,8.42832015033327,71.04466001896125,43.75064153377763,65.50467553704657,71.21941410445591,95.53307387401718,145.4159557953726
1257200,25.817384534062334,75.26029105523244,44.25549246739326,63.83449821456283,57.898953744632166,85.50602604905818,144.01155043730722
1257600,90.08706116631468,92.56725270111711,50.01511454242339,46.8388811187367,60.581481524608975,87.44933773887797,139.76513351163305
1258000,6.835980438987272,92.92314069604609,49.79747746170809,45.48345482312698,60.35378365326232,87.40447409291221,130.7331487295837
1258400,48.58073359117746,35.94989597617507,53.53220835818846,39.51561931690868,61.84982084215081,78.55996989554143,122.39383830670766
1258800,9.9292467288016,36.25008129186874,53.6473706554148,39.73367895665014,61.70206904515372,67.37120357171018,113.84320326173238
1259200,72.74613793889999,45.63583197283627,60.44806151403416,39.33446132952288,60.95665057341081,61.895549592683906,108.98714140262348
1259600,68.11133677967652,41.24068709550864,66.90396989831268,39.34373377549209,61.16833731260545,63.360207434676695,100.96894141596559
1260000,6.279152894003276,41.129321586511836,67.02623114127877,39.144274092416524,58.84201229893815,63.27584060113425,91.6937518015411
1260400,3.103062735500072,32.03378741537636,33.991841695775506,38.99174902948812,58.71591860409904,61.8042583768864,91.30769034387181
1260800,9.917350734347036,32.031408216485445,34.140744754176886,38.945693143977415,55.05003194275667,61.94974676688624,83.25460805004914
1261200,11.215014584210536,19.72518354554756,32.68050775919171,38.46800011329264,53.44983472943912,51.59434224827212,74.94092239108488
1261600,13.345741384423134,8.772064466496879,25.006375781002554,37.51074516171313,39.561379339491985,51.68770508870746,74.96074534730289
1262000,105.45351679267746,28.606937246231716,34.86812941637157,42.33280343903999,41.94501302087518,53.98237009403972,76.89720515760409
1262400,7.854222793012589,29.557169257734223,30.795478336555085,42.16384334737193,36.60890565679082,54.086235215751955,69.00707158374416
1262800,28.948132301390377,33.36332557114288,32.697366893813964,43.17236877461453,37.388241602371416,54.45089350731886,60.43643623613094
1263200,5.008013410721292,32.12192533644504,25.923554440996092,43.18580797751528,34.864159033347285,52.19837654030722,54.701150562346356
1263600,85.57424046752962,46.56762515306634,27.669844809781402,47.286907354047194,35.45243745358853,52.793714186899514,56.22213490969765
1264000,13.625195154861778,28.2019608255032,28.404449035867252,47.71534008857317,35.5643324069001,51.23262148317051,56.30156228808085
1264400,3.537944177870158,27.338705102474712,28.447937180104265,31.219889437940044,35.47714507969349,51.148923248100424,55.132994137529984
1264800,93.98524450396066,40.34612754298877,36.854726557065625,35.49773565562141,38.24870428167348,50.50120559633399,56.93074272492212
1265200,2493.001436197424,537.9448121003294,285.03336871838695,158.8569382387895,120.65645631499075,111.34571822667617,98.28214754229509
1265600,1173.3270395445268,755.4953719157287,401.0314985343974,213.01893715770012,158.68432961927454,129.92890913821842,121.55646377784544
1266000,6.025971598967102,753.9755272045497,391.0887440150263,212.97843671569908,158.58478363103544,129.23094576941304,121.40364487823705
1266400,5.921190752527425,754.4521765194812,390.89544081097773,210.8454595737666,158.4077091685739,125.18053944533764,121.44807633479714
1266800,5.52935372512093,736.7609983637133,388.5535629533508,210.62546492358257,158.29943350085995,125.17957194011635,121.27142739652527
1267200,6.477218134177803,239.45615475106402,388.70048342569646,207.31201893334645,158.35736646024233,123.32324013143469,119.49879791738508
1267600,234.44468752433863,51.67968434702639,403.5875281313774,215.62868647057954,166.05378094649058,127.48621012303583,122.9524769757951
1268000,5.492480330578887,51.572986093348746,402.77425664894906,215.58935284240835,166.06831227536517,127.36681346741243,121.54094851632624
1268400,5.068545066254147,51.40245695609408,402.92731673778746,215.68762695894603,155.12236520455588,127.33968799421709,121.50460194603785
1268800,4.991520731341134,51.294890357338126,394.02794436052557,215.44133545879578,155.00780522392282,127.19351430138659,119.20655334917232
1269200,6.189226538210963,51.23729203814476,145.34672339460423,215.19004605649576,154.35353329072774,126.8290230848942,118.14591926026178
1269600,2.6655736207742207,4.8814692574318705,28.28057680222899,214.65603766831333,151.4394837058764,126.08339141501321,109.59924267102053
1270000,5.618798028707704,4.906732797057633,28.239859445203052,209.66430173011486,151.39891095886708,125.99855258457742,109.03272850457105
1270400,22.022286529131968,8.297481089633198,29.849969022863508,210.37270491692078,150.51362939013225,126.26827413214635,106.11442536084282
1270800,3.614075057194981,8.021991954803967,29.65844115607091,209.106002054711,150.30312366774533,126.1391854146628,106.07534578330727
1271200,192.7971038630431,45.343567419770395,48.29042972895744,218.4954565773271,154.30482253188345,130.8406322774212,108.31667805093923
1271600,71.87750292761824,59.1859532811392,32.0337112692854,217.81061970033156,154.43036140348153,132.54876352718935,108.39571035228575
1272000,20.729988762770887,62.20819142795184,33.5574621125046,218.165859380727,154.91205593244044,132.9405997346501,108.60494319643087
1272400,77.01844262587994,73.20742264730143,40.752451868467176,221.83988430312746,157.37590192878642,126.52988687053376,110.0222407690671
1272800,5.521130312550341,73.58883369837251,40.805412826588096,217.41667859355698,157.22936124805986,126.45720712458919,109.9158940064269
1273200,127.17949030034364,60.465310985832616,52.904439202801356,99.12558129870297,161.09484377193095,128.99125976874623,112.04410630847563
1273600,81.45783046425854,62.38137649316068,60.78366488714979,44.53212084468955,163.36524674125883,128.77552900119483,113.02344610944056
1274000,113.4066827256416,80.91671528573482,71.56245335684318,49.90115640102328,163.63035227235758,131.4397965583612,115.11133273903057
1274400,7.87876978774643,67.08878071810811,70.14810168270462,49.999035352784226,163.63117050551543,130.4222474632754,115.04423964225803
1274800,9.729492433092192,67.93045314221648,70.75964342029435,50.20904228818279,162.99054917657213,130.41725360588268,115.0632770157891
1275200,138.99812406374912,70.29417989489758,65.37974544036496,56.83508758466136,167.45688619833973,132.07355325900392,117.74845491000995
1275600,20.588260525756635,58.12026590719721,60.25082120017879,46.142266234732254,165.2906868669473,130.8854763526559,118.08917506178726
1276000,3.7258147655358607,36.184092315176045,58.5504038004553,46.053932956480104,164.96070752063645,130.8216428994442,118.06256054781116
1276400,25.855113944223525,39.77936114647147,53.43407093228965,47.09326140037858,165.7046131795149,131.3904441796623,111.91072368288496
1276800,18.99090044934199,41.63164274972143,54.781047945968815,47.793230386278616,163.2048017110276,131.61728292253719,112.12197528886514
1277200,6.369792025028167,15.105976341977243,42.70007811843727,47.80225866061947,80.3170802386144,131.49615235855762,111.73302343868446
1277600,5.677508475178933,12.123825931861699,35.12204591952931,47.95285540333971,41.395429202969474,131.30444653582651,110.04483238486173
1278000,170.6423667778258,45.50713633431969,40.84561432474773,56.20403384079562,46.88264237559809,132.93416778545523,113.3209601116385
1278400,3.8716257693482254,41.11043869934463,40.44489992290791,55.29650080280643,46.814323542825456,132.83460285986362,112.42677795520193
1278800,228.316276548687,82.97551391921363,62.303578334467396,66.53161087738104,54.24055430361099,137.81880646604606,116.79451855159961
1279200,229.4241235145364,127.58638021711526,71.34617827954612,68.3629618599557,61.672117816289614,143.4292092186414,119.92807826311235
1279600,7.940933132089303,128.03906514849734,70.08144554017939,65.16613337017925,54.121992669881294,141.4883765352554,118.72467019016061
1280000,3.038534659890334,94.51829872491025,70.01271752961483,64.28156066503522,54.04019448085834,141.2237100228811,118.65985782547835
1280400,6.735254035884488,95.0910243782175,68.10073153878093,60.767401235535445,54.09575144651269,141.30364276933147,118.73250165148603
1280800,5.91877074129932,50.611523216739975,66.79351856797666,60.7872832569729,54.12665978017797,139.10198092526497,118.65253005162508
1281200,4.460642453152644,5.618827004463223,66.6026036107891,54.651340864613346,54.06904031067602,76.88846108165816,118.51744260900394
1281600,146.73888167419415,33.378416712884196,80.70874093069064,57.91539342511013,58.87148391245669,51.223757134899834,121.18530541479934
1282000,12.93177173512578,35.35706412793128,64.93768142642064,52.89164787558434,59.115249702670624,51.39640213830381,119.33487051364831
1282400,31.296518698531845,40.26931706046076,67.68017071933899,54.062535321123605,59.42439077498395,52.03078533695392,119.80371643175872
1282800,44.284850741252825,47.94253306045145,49.277028138595576,55.79030323653164,60.78008329778588,52.999672762357214,120.11045080055595
1283200,4.16193547485063,47.88279166479105,26.750809334626997,49.048493807086714,54.492244351512795,52.94179069587405,120.09352924183854
1283600,14.710537521418058,21.477122834235836,27.427769773559874,48.75460765686979,52.5866788379728,47.44843694580102,118.67625518291632
1284000,124.1982020479085,43.73040889679238,39.54373651236169,54.778227020988425,56.03561928081071,50.41607998873426,120.88771532077725
1284400,125.02563482449445,62.47623212198489,51.37277459122269,59.73675306500196,57.63585902076453,53.415007232690265,123.31746913370972
1284800,2.9548909227113955,54.21024015827661,51.076386609363894,58.934952588670434,57.55031770776989,53.364091487474525,121.49686206208474
1285200,5.94928409099569,54.56770988150562,51.2252507731482,58.91392719196881,53.50931083412497,53.358092926294134,71.75581901995616
1285600,2.070302446554616,52.039662866532936,36.75839285038424,58.7335668905376,50.8630599002015,53.34321114693866,48.33068427799673
1286000,182.09044556748148,63.61811157044754,53.67426023361982,59.30597083002037,53.15251866159617,57.755002335407994,51.85197375736701
1286400,11.340186504359192,40.881021906420486,51.67862701420255,59.67939886677093,53.267899218816595,57.48794983478867,51.960353672403656
1286800,2.220614354946182,40.73416659286744,47.47220337557188,48.37461575708389,53.01760328287839,57.453113317232464,51.894178885000166
1287200,397.92345270751633,119.12900031617157,86.84835509883845,56.799582216732894,61.64844757100396,62.58127203834429,59.723103576466926
1287600,198.02208661997864,158.31935715085638,105.17951000869452,66.30363989112735,67.56290844081136,65.73488663065329,58.99465155837973
1288000,249.38296231573275,171.77786050050662,117.69798603547693,78.62086127391947,75.75148002581793,71.45121096947734,63.8724611980828
1288400,190.26438887749524,207.56270097513385,124.22186144077702,87.797318016,81.23178919026032,74.28235962576773,67.57637807430763
1288800,42.489323790952525,215.61644286233508,128.17530472760114,89.62584566848267,82.01506996831401,75.20656446272778,68.32633413549985
1289200,196.10629649941475,175.25301162071477,147.19100596844305,99.20812837079578,88.33962011746023,76.92973461770455,72.12467553472393
1289600,131.54109176077864,161.95681264887477,160.13808489986542,98.448238875125,92.53507289364687,78.18181615011756,74.70218589752402
1290000,284.2574787594771,168.93171593762366,170.354788219065,112.01452422634256,96.32224329303524,82.45308605096345,80.27495951213942
1290400,167.29556766852792,164.3379516958302,185.95032633548186,118.81447667484238,101.76970802300791,86.43850599798299,83.18042513492732
1290800,8.455201988399233,157.53112733531952,186.57378509882716,117.0229942371997,94.44100553766499,86.40664873686566,83.27724767355141
1291200,30.837254613332064,124.47731895810298,149.86516528940876,118.35676019412377,87.82144324095817,83.70262700060525,80.03805068855719
1291600,12.013124088069668,100.57172542356119,131.26426903621785,118.22188952245634,87.95718293949085,83.48824858966307,78.84076311176622
1292000,97.68160922271149,63.25655151620807,116.09413372691574,116.89605988119649,91.1119520915849,85.83714345109246,80.37979552096503
1292400,3.808152529446613,30.559068488391812,97.44851009211087,110.8351857664441,91.0143820413703,85.28596941572303,78.91558971903636
1292800,11.40595024751006,31.149218140213975,94.34017273776662,111.25773873268403,91.19728802491066,85.09634566067723,79.03328611773556
1293200,6.593423430248358,26.300451903597242,75.38888543084998,111.28994569964667,91.26838072414718,85.10193644580775,76.62156478033366
1293600,15.871704676857595,27.07216802135482,63.82194672245788,111.98001581116182,86.90614149090264,85.3567913508497,75.30984226458563
1294000,5.939506229326019,8.723747422677729,35.99014946944276,103.17246884425404,86.67306597404263,81.23921983713721,73.16049873465933
1294400,5.01739828379325,8.965596573547057,19.762332530969296,102.85632943322574,85.79709529355134,81.26786414999835,73.10327130458026
1294800,3.0227916795848264,7.28896485996201,19.219091500087856,102.89643829945767,84.42169332482908,75.63552702827079,72.96913728951012
1295200,252.1053138509311,56.39134294409856,41.34589742384776,95.6055313566284,92.68647260403176,76.20255678668065,75.23128108525376
1295600,6.659311632530656,54.548864335233176,40.81051617829386,86.03739260725601,92.41809840773551,76.17051624919168,74.95270210738923
1296000,5.67813971815404,54.496591032998786,31.610169227838117,73.85215147737708,88.46742966341036,76.23650637564828,74.9917486064416
1296400,6.335394531215272,54.76019028248318,31.862893428014985,64.65570176006308,84.51108832030106,76.22650988803154,74.60135421818143
1296800,5.890660030373084,55.33376395264084,31.311364406301283,62.82576857203411,84.60894729055644,76.2258071202584,74.33934940980205
1297200,77.3227774249589,20.377256667446392,38.384299805772336,56.886592618311326,86.98806373502188,78.04736049455354,75.75840911780068
1297600,6.960821163844669,20.437558573709193,37.49321145447105,50.65757908846462,87.15108102559822,74.55290898179481,75.78407537157399
1298000,454.2714547379269,110.15622157766377,82.32640630533113,59.158277887387115,96.22378133127974,85.58640105686484,81.45665713077601
1298400,144.97805019420872,137.88475271026246,96.32247149637269,58.04240201367115,100.67837678760806,88.42843934425676,84.27878561927322
1298800,1861.5055290433536,509.00772651285854,282.17074523274954,150.69491836641888,162.654540610555,133.8589563018093,116.94257066916654
1299200,4.983641438767712,494.5398993156203,257.4585779915332,149.40223770769063,149.55654690159665,133.8794989509072,112.45376102765117
1299600,3426.5711175612064,1178.4619585950927,599.4497585844008,320.1301373813475,257.174847932971,219.17601345190192,180.8263647162335
1300000,7.217089428010725,1089.0510855331095,599.6036535553865,315.60691139161247,249.1026521700469,216.2514856364045,180.90993581159594
1300400,80.54216047293036,1076.1639075888538,607.024330149558,319.4436117887866,245.44524455656136,215.13939877761536,182.38607394033681
1300800,2244.5536377061158,1152.7735293214062,830.8906279171322,431.1009961617169,318.8473883537335,271.17936744720043,227.15877127963319
1301200,130.01461291748907,1177.7797236171505,836.1598114663853,437.27205563607896,316.64433223433593,274.28100066786277,229.66985068891987
1301600,122.33375739927992,516.9322515847651,847.6971050899289,442.59515827220014,316.3374210889527,277.2875870416809,229.18174820342162
1302000,263.58731522826406,568.2062967448159,828.6286911389625,455.477548722147,315.64841563791225,279.32500878320053,234.1948590732844
1302400,166.49144992826652,585.396154635883,830.7800311123683,463.5512513043706,315.62161171323686,283.2037903687982,236.89875769787903
1302800,82.98074838777327,153.08157677221456,652.9275530468102,467.54914913978007,318.105796593216,285.22279371961883,237.67267565080948
1303200,7.179053514792885,128.51446489167535,653.1470942544128,455.3028361229732,317.3171898899313,275.4541837398008,237.73301801160832
1303600,9.989608637480108,106.04563513931537,311.4889433620401,455.4693509732207,317.2497393749117,270.7533717902383,237.63859943392956
1304000,7.857521430543517,54.89967637977126,311.5529865622934,455.57832005884,314.2556031151728,264.7152357681086,235.31178582158228
1304400,7.396728775754663,23.08073214926889,304.23844339257585,455.631386771067,314.375222323383,260.1435442655651,232.95920770060744
1304800,3592.434487060849,724.971479883884,439.02652832804915,634.9585781225908,433.74284021716096,348.89217334731245,304.7487996233702
1305200,4.753981432213261,724.486465467368,426.5004651795216,631.3301383229535,433.68152548389315,344.10836547063246,304.7248935701946
1305600,122.19092056795212,746.9267278534624,426.4861814963888,637.0916432931589,437.22549934692967,343.87461119081183,307.12730593262256
1306000,131.9335812010763,771.741939807569,413.32080809367,620.9747496163164,441.425301845988,340.0665137518518,306.1241686452944
1306400,36.071853789160016,777.4769648102501,400.2788484797594,615.529439796064,442.4604503628335,336.78592090486757,306.61880199099045
1306800,6.553027791453851,60.300672956371116,392.63607642012744,522.781814733469,442.57812489989584,336.7383665499439,306.7054502597206
1307200,5.226819909063898,60.39524065174123,392.44085305955457,522.7939736569838,434.3488417685003,336.0981056823372,298.8515176037515
1307600,7.124167643269127,37.381890066804644,392.15430896013345,351.8216261610869,434.3643369688582,335.9758817712172,295.03355922421736
1308000,148.70075405384785,40.73532463735894,406.2386322224639,358.89580939237874,439.13175744671474,337.25136039199566,293.0199150589797
1308400,12.066830983847566,35.93432007629646,406.7056424432732,355.4720429179246,439.32280532846914,337.45782735335564,289.4559639011067
1308800,7.664612887675815,36.156637095540844,48.228655025955845,243.62759167700264,439.38193709037915,337.36429391935974,288.7594696830411
1309200,1.9188816551003405,35.49504944474814,47.945145048244555,237.22280511388323,436.8684738980506,337.2474303749811,284.87572138615485
1309600,8.610494381676075,35.79231479242953,36.58710242961695,231.536641963003,436.9234630053116,337.06590011760153,282.4171094385728
1310000,4.063346875456534,6.864833356751267,23.80007899705497,218.56044354536266,421.91652607656255,337.0189961337548,276.8132268008924
1310400,3.01248894129343,5.053964948240439,20.49414251226831,210.38649549601396,417.18434070146543,336.9688734001923,273.52756522634775
1310800,1.630494916276826,3.847141353960641,20.001889224750606,206.31898282243915,355.18850623056284,336.9340659811096,273.39107108490526
1311200,9.878102692990286,5.43898556153863,20.467017503143246,206.45393528134906,355.35165493903696,330.87838570216115,272.97188804649846
1311600,6.829027640576668,5.082692213318749,20.437503502874,206.29590623150384,241.36025194168263,330.8826286023622,272.8682061175486
1312000,7.671501531194291,5.8043231444663,6.334578250608646,206.2866052365364,241.37539901178874,330.9324626476882,271.06800396371824
1312400,2.755129746894988,5.752851305586612,5.403408126913389,206.0545252850934,238.78249798758756,330.84295602808027,271.0469435080672
1312800,3.8688939266582953,6.200531107662906,5.0238362308116375,26.626245628383877,164.09300652827233,330.79241187548735,270.8962023816502
1313200,1.177827547557407,4.460476078576329,4.9497308200573435,26.44743793415109,159.79844701594126,328.88878812855233,270.78789046399635
1313600,3.685793044721245,3.8318291594052454,4.457260686361861,20.52218155798954,155.8435148707893,328.80691242557424,270.54417223135357
1314000,5.885320646502946,3.4745929824669757,4.639458063466502,14.219768530260874,147.2534483847306,317.5972590732887,270.5430885196972
1314400,7.119989560608484,4.347564945209675,5.050208125398007,12.772175318833296,141.94106637247535,314.1508075574487,270.58514034523347
1314800,5.380707814441908,4.649927722766398,5.425229415214515,12.713559319982698,139.35439835336427,267.7476870267259,270.63229866793057
1315200,8.080793178605061,6.03052084897593,5.245498463775993,12.856257983459756,139.38445634215802,267.8251158202218,265.7518082544841
1315600,31.80669422827597,11.654701085686874,7.743265122545924,14.0903843127101,140.11169252851786,182.95600523689853,266.25475590639894
1316000,7.699659375648906,12.017568831516066,7.746080906991383,7.040329578800152,140.10643046002141,182.9680694855895,266.2951862995489
1316400,103.702892889826,31.33414949735957,17.840857221284487,11.622132674099074,143.31663593049046,183.5470877960119,268.2425362667211
1316800,10.66671094057355,32.3913501225859,18.52063892267601,11.772237576743962,23.92437672648127,127.69991462687332,268.3380572849251
1317200,12.21498910557449,33.218189307979785,19.62435507847772,12.287042949267668,24.173076982259982,124.75492403157546,267.03590151853746
1317600,164.63946098022194,59.784742658368984,35.71972187202779,20.08849127919496,25.58802832933564,125.812566621099,270.189474314865
1318000,1.873997523532757,58.61961028794576,35.31858955973077,19.979023811598772,21.25270887341752,119.26973367848072,261.1415251705771
1318400,4.421027039958633,38.76323711797228,35.048693307665786,20.049450716532032,20.197681315110806,115.21797310627304,258.3303847074921
1318800,5.901851484648234,37.810265226787216,35.100807674686415,20.263018544950604,20.175975438217286,113.29100068369489,221.21831115631798
1319200,4.7097724223106185,36.309221890134445,34.76370559905697,20.004602031416617,20.158740521992176,113.22926865638283,221.21283377598883
1319600,7.245890815073985,4.830507857104851,32.307625257736774,20.025445190141486,20.16279796105234,113.16067571082269,152.8263292410662
1320000,5.660935913933908,5.587895535185082,32.10375291156527,19.924916909278465,15.394804023055208,113.10576107290747,152.79520617078467
1320400,5.950603034031001,5.893810733999555,22.328523925985774,20.084690573635267,15.190929758061323,113.06960792936437,151.30337502200666
1320800,3.467450175011081,5.4069304720721245,21.60859784942953,20.064618386052906,15.051024334305831,23.345432007218413,106.48165127138456
1321200,6.393866194743993,5.7437492265587995,21.02648555834648,20.325420318412235,15.200190485627285,23.386429126281683,104.00923633692966
1321600,6.464102080576417,5.587391479659286,5.208949668381926,20.464335770204993,15.128644075590632,20.49325866409729,101.69184323055559
1322000,13.466270830941903,7.148458463060885,6.3681769991228405,20.84338327942694,15.442074874106812,17.53157590484393,96.68942234260916
1322400,16.032884261486572,9.164914708551999,7.529362721275635,21.289028014470848,15.876088051446581,17.030601666652093,93.68025102927356
1322800,3.0009320005720626,9.071611073664196,7.239270772868018,21.170039223777355,15.921769287589758,16.94179927188005,92.08065470152953
1323200,16.25332017457135,11.043501869629669,8.393625548094091,21.57866557357567,16.134276536975793,17.217461778517738,92.26214003472509
1323600,6.766360555913437,11.10395356469707,8.345672522178036,20.326648889957543,16.132187634153684,17.208516601333844,92.19767507309376
1324000,7.357923770026777,9.882284152514044,8.515371307787323,20.309562109676435,16.121735042114768,13.674945844238318,92.18768311988345
1324400,9.940136555722576,8.663734611361246,8.914324659956481,15.621424292971264,16.36123526907569,13.621778483535191,92.23855127548279
1324800,10.300596113169403,10.123667433880716,9.597639253772313,15.60311855160106,16.57562534195939,13.68767806417253,20.5958734565292
1325200,3.443106277025173,7.561624654371478,9.302563262000431,15.164524410173593,16.651134632941652,13.725783679720653,20.56965595342544
1325600,37.3079025107684,13.669933045342471,12.386943305019628,8.797946486700914,17.77187161514322,14.44321888294796,18.871995592281767
1326000,5.35095927843825,13.268540147024765,11.575412149769264,8.97179457444619,17.754059569541067,14.475409193022504,16.340343153829007
1326400,24.64496224043821,16.209505283967893,12.436619947664429,9.982991334470167,18.33822532553539,15.016221025501121,16.11180532285457
1326800,6.174409295995864,15.384267920533185,12.753967677206807,9.99661922503755,18.364682041587187,15.1298188849941,16.10423295294541
1327200,5.338568570857031,15.76336037929956,11.662492516835375,10.02805903246487,18.27327455466225,15.016330531940767,16.10646792618127
1327600,15.33721456069548,11.369222789284972,12.51957791731358,10.432625219745944,17.72429189907624,15.229035204943738,16.2707288645298
1328000,575.8888365754788,125.47679824869309,69.37266919785878,38.94402025282319,36.66393113907056,29.43446858105085,24.81449051496242
1328400,665.8718889094588,253.7221835824972,134.9658444332324,71.94008454659458,55.40289767305833,46.01238756011495,37.89059167347464
1328800,234.53042628769225,299.39338698083645,157.3888274506847,83.49323335222864,62.86502151796228,51.7789258691408,42.42790794147497
1329200,413.48987588776487,381.02364844421805,198.39350441175867,103.84803383687968,76.24085107736863,62.08672707764598,50.65932782612826
1329600,6.582033083138424,379.2726121487066,195.32091746899567,103.85393038700776,70.97227014746585,62.15913307860641,50.61875860015752
1330000,1.9916780177307272,264.49318043715704,194.9849893429249,103.28020074634723,70.9761928306058,62.061792012887096,50.57732522300299
1330400,4.373829240095782,132.19356850328444,192.95787604289066,102.69724799527769,70.97461957061036,61.99313800487429,50.60455202897904
1330800,3.6747955850903775,86.02244236276405,192.7079146718001,102.7309411745036,70.90038437395842,61.9504901991405,50.645438042355316
1331200,14.916448984535036,6.307756982118092,193.66570271316792,102.6640976150018,71.24060692603257,62.12138159428874,50.746204968186206
1331600,3.6892796565029102,5.72920629679099,192.50090922274867,102.51024357003125,71.12205322074686,61.41844622999442,50.68341000850474
1332000,122.24910847188868,29.780692387622583,147.13693641238964,108.25480280512436,75.00832563934537,64.28218245740041,52.97496214731862
1332400,6.254951654809827,30.15691687056539,81.17524268692475,108.0705435600787,75.01847059337132,61.845983926525015,53.04495858547691
1332800,2.799228205466834,29.98180339464068,58.002122878702195,107.69547516469359,74.99619652771985,61.64929685814734,53.02356527105309
1333200,409.0505627562477,108.80862614898322,57.55819156555049,127.9758479886547,88.4180864131033,71.57018619941417,61.1810199752269
1333600,4.571369336235679,108.98504408492977,57.35712519086022,126.33902132992807,88.35499532162528,67.5684839083145,61.19873150105718
1334000,556.8686613775592,195.90895466606386,112.84482352684309,153.91490643488413,106.46840833984585,81.44335050466518,72.2183983156783
1334400,12.965947426065922,197.2511538203151,113.70403534544009,153.3309556941655,106.3661771119985,81.65697351431787,72.33531747298746
1334800,482.11055757089,293.11341969339975,161.54761154402004,177.1277631079102,122.33649796434243,93.56219116647391,81.86991446811642
1335200,81.11488189699375,227.52628352154892,168.16745483526591,180.91657877421704,124.4985500217565,95.47231890334098,83.33059624248419
1335600,533.6058023543812,333.33317012517807,221.15910710505378,206.8300081639013,142.0598647483721,108.63131669182367,93.3665784050063
1336000,3.4039106695325767,222.6402199835727,209.27458732481813,178.20576186860404,141.92806431168896,108.57489106071364,93.28066343088396
1336400,3.4330569305054603,220.7336418844606,208.99239785238774,145.08382026965634,141.71116165751508,108.5119524081255,91.27526671169757
1336800,449.09398471618215,214.13032731351905,253.62187350345926,155.81199819108085,156.33760794428218,119.65261577165477,100.04381218720974
1337200,10.862744042420356,200.07989974260437,213.80309163207647,135.68064159881365,156.58492920312864,119.76433771784669,100.01676728594664
1337600,19.6433350432906,97.28740628038625,215.31028820278203,136.33370669682125,155.99611028754606,120.09381854191452,97.11684476720802
1338000,3.382998423768785,97.2832238312335,159.96172190740293,136.40327271712312,155.93051159239042,119.84173673173521,97.14702478521275
1338400,22.99380335360693,101.19537311585378,160.96450750015703,137.3342714227987,155.87547296282938,120.01575970903824,97.5184803114857
1338800,3.3926310256801675,12.055102377753391,113.09271484563605,137.3201631948282,155.78274702048552,120.02555218466594,97.46829590230635
1339200,5.338165441959507,10.95018665766122,105.51504320013264,136.84124901769943,155.7827335828556,119.75267331635061,97.48086376269934
1339600,409.7734411439867,88.97620787780043,93.13180707909319,157.14545709207363,168.93060780229862,129.82785033105245,105.53141476927757
1340000,4.028299969726056,89.10526818699188,93.19424600911253,151.23441666696547,149.86858991544023,129.74460973604494,105.49876205039344
1340400,545.4201237990756,193.5905322760856,147.39295269596954,178.19267527417875,145.85353107842744,143.13160941712874,116.28815246569431
1340800,542.5376579318672,301.419537657323,156.73732001753805,205.17959676049878,156.12043879989994,156.4375359625962,127.06955662083145
1341200,6.437958596198061,301.63949628817073,156.2948414729158,185.0489665524963,142.55204155684768,156.51240727057555,127.07043846886052
1341600,439.1861439507502,307.52203684952343,198.24912236366177,206.77970528322203,156.9721785857681,166.55936330657508,135.724879306264
1342000,30.818535521828583,312.88008395994393,200.99267607346775,180.4771989904355,157.9330738359047,167.19605271265985,136.07192460008173
1342400,485.9601889318191,300.9880969864927,247.28931463128896,204.12691106572316,173.98595249229547,178.72893337994435,145.47047069348838
1342800,4.140137278936826,193.30859285590657,247.36406525661465,180.2283900511255,174.00146388209035,178.6780765795179,145.49325479905568
1343200,258.2139242668759,243.6637859900421,272.6516411391063,189.0833421696196,182.11137972483505,184.99996047191834,150.33246688090176
1343600,19.938899064907638,159.81433701287364,233.6681869311984,163.39999700514593,182.65303370511523,185.11500258452367,150.59591765108166
1344000,9.979714538117785,155.64657281613145,234.26332838803756,163.72878719857516,178.91072057398955,170.96727453358963,150.64835346644347
1344400,19.86198195614893,62.42693142099741,181.7075142037449,164.55023344985736,179.3642882507008,154.81702685975688,150.84679037445198
1344800,7.502106330547313,63.099325231319504,128.2039590436129,142.47063953057562,179.52105085487017,149.14131886082825,150.79082057879955
1345200,581.7951769642797,127.81557577080025,185.73968088042108,171.01726117666857,185.27920466180456,153.34895138774112,162.35786199254463
1345600,6.978748214005289,125.22354560061979,142.5189413067466,170.38403183520433,185.35945062439689,153.3588692660128,161.7512789066094
1346000,11.36530079909212,125.50066285281468,140.57361783447294,170.7831469539705,167.17600527178132,153.59320983554682,161.87156573702245
1346400,3.259698633024685,122.18020618818983,92.30356880459348,169.79644171794138,166.85246364534663,153.56535657037006,161.4438604648742
1346800,3.855046932803572,121.45079430864106,92.27505976998016,169.8195625132975,150.91061329074373,153.5698628540629,161.39747321761033
1347200,5.09601865275425,6.110962646335983,66.963269208568,169.80745517383727,148.37665118260242,153.32435209576838,161.39262221924827
1347600,522.5152519605446,109.21826339564385,117.22090449813167,175.44454571466517,148.00696616947454,166.2950014033694,171.53618296724525
1348000,20.516122436548265,111.04842772313506,118.27454528797473,176.26893683800628,148.57737322837505,163.7516767524859,160.42872868446665
1348400,39.77827300386993,118.3521425973041,120.26617439274682,150.986844298246,149.7888804308205,164.5897597862124,147.90685636635487
1348800,523.2926709514046,222.23966740102432,171.84523085483255,150.02459494922286,152.26216997199464,177.60209585486083,153.68210125962912
1349200,402.6469699012836,301.7498576507302,153.93041014853296,169.83504551447714,165.32164416729003,177.44200603348673,153.4652431398995
1349600,254.55103769414677,248.1570147974506,178.6876390965471,160.60329020164696,173.15190092231856,183.6914977424345,158.42462323211967
1350000,452.8232584656288,334.61844200326675,222.83343486320078,181.703526348837,188.13324292371394,181.09036266963625,167.44125484107764
1350400,6.59722619354922,327.9822326412026,223.16718761925318,157.7353782119235,187.586690351712,180.93114463882335,167.48572278014672
1350800,4.338990643498936,224.1914965796215,223.21558199032273,157.74532088015158,187.61823567230596,168.98685546563857,167.49900668131488
1351200,13.690497557018803,146.4002021107685,224.0750298807492,145.51914954465875,187.89664674280795,167.30124585713918,167.47448765276454
1351600,456.2739710623908,186.7447887844173,217.4509017909338,167.3359031445329,189.44666440675473,165.36795007483943,176.52618148088234
1352000,47.72763518312119,105.72566412791578,220.17205306559111,169.22329917678306,190.9033089138679,166.47604318767915,175.03575201510697
1352400,9.19076246945439,106.24437138309682,217.11330201214955,168.68973820244832,173.02899686954723,166.61998582615288,175.09446823139984
1352800,13.352391352367308,108.0470515248705,166.11927405224586,168.98225245353933,155.3894879835639,155.7264459920575,175.30553149433786
1353200,5.253673083737702,106.35968663021427,126.37994437049126,140.15517725951224,155.35001179981518,155.58621921809043,167.22959370088768
1353600,480.2049984298832,111.14589210371275,148.9453404440649,163.81648977030613,156.7173069491196,167.10026080275526,176.74226628276062
1354000,8.776594081754771,103.35568388343947,104.54067400567749,163.6870544344393,155.98257556778384,167.2351006942049,165.78042493684453
1354400,414.28373602575033,184.37427859469867,145.3093249888976,184.23825630407555,153.59336047091486,177.01734901100846,173.8067807088382
1354800,33.83550757102405,188.47090183843,148.25897668165013,185.73727933598656,154.58320614731778,177.77842092464206,164.8412797088409
1355200,3.4949197496508946,188.11915117161263,147.2394189009133,185.65722439083137,146.0925726634103,177.73233978233435,163.288880465894
1355600,39.92073758758095,100.0622990031522,105.60409555343233,161.5274986721832,146.7586339474994,168.48602219342422,153.41517917055802
1356000,460.7122841136893,190.4494370095391,146.90256044648913,183.53730675604027,161.78305293335177,179.9031217970233,162.56134663944115
1356400,60.04618184684749,119.60192617375856,151.98810238422845,184.55070219818916,163.12252626304172,167.7687732482176,163.693609137768
1356800,414.963427281511,195.82751011585592,192.1492059771428,179.13424001469448,176.70457029474048,164.5794174819587,163.01099798907458
1357200,483.4310098415107,291.8147281342279,239.9669396529201,183.17344201170582,173.42576472398153,176.5042437630915,172.46236330505639
1357600,337.93354645873217,351.41728990845814,225.73979445580503,187.3425674499351,184.4575913321391,173.97292882579103,178.8281675333652
1358000,9.507013403759888,261.17623576647225,225.8128363880055,165.17675519684164,184.39564841896137,173.44014077283933,178.95064783296502
1358400,508.4655836163437,350.86011612037146,235.2310211470649,190.27017306798137,201.235844585072,174.00277563995243,188.66008343821974
1358800,8.75071290317122,269.6175732447035,232.72254168027956,190.49075918096497,201.39903345075092,174.11804003055832,188.76724507576958
1359200,238.2609795004314,220.58356717648766,256.19914765535765,201.7192832781356,209.17119881234015,173.6192164113972,193.42570135693902
1359600,7.876923779181028,154.57224264057746,252.99476627451767,179.29943091397513,192.01658787296137,173.31766702925404,185.38777100964293
1360000,22.96116562598452,157.26307308502237,209.2196544257472,178.0611074361183,192.09808931260926,173.6422033064507,185.7664283227681
1360400,14.549976605292215,58.47995168281208,204.67003390159167,178.3290681429102,191.2571460993233,173.50940317267927,175.14902537889245
1360800,316.65422861320457,120.06065482481874,194.839114034761,193.49416000595207,184.36919802138334,181.2382062297457,170.63135679251917
1361200,9.692339131521338,74.34692675103673,147.46524696376207,193.71609330834124,171.2707103290579,166.93563528392673,170.69644440322566
1361600,4.192351963772495,73.61001238795502,114.0911275142661,169.9154609850357,162.92542080471213,166.86597537767096,161.99656856348608
1362000,413.339422704434,151.6856638036449,154.47436844433352,190.14360241616964,161.6092929460056,176.9153284253045,169.64698630713818
1362400,4.406358537328332,149.65694019005213,104.06844593643197,169.64973354174856,161.53626402413158,176.94399492291208,160.01590969924837
1362800,4.09338602644817,87.14477167270087,103.60271324875967,168.16262746451977,161.5280772035632,176.94995340025318,160.0149746741986
1363200,200.8631962733128,125.37894310105916,99.86293492604781,178.03104129070286,167.76716716077306,181.84413284076714,158.86796011432733
1363600,5.383501975177219,125.61717310334011,99.61359274564742,176.30417951008266,152.73748485786592,168.91583909113297,158.5768521725327
1364000,425.1961407005709,127.9885167025675,139.83709025310606,174.52837233942677,165.31976837511422,179.03283954773354,166.8811806957818
1364400,6.458303541304177,128.39890570336266,139.02792294670726,171.84897842414958,165.22868641084258,178.1998403111694,166.61310712748488
1364800,376.82397444327233,202.94502338672748,145.04489752971404,169.94200578223766,177.34440584720605,174.5381228984661,173.99954448973938
1365200,34.821144123705515,169.73661295680603,147.55777802893246,147.5115124963474,178.329988215205,165.34247725402662,163.0600638329279
1365600,20.789906261590136,172.81789381408862,149.21753345871423,131.6543304864903,163.01615180959524,159.4984489682127,163.3362869938796
1366000,511.9946181751383,190.1775893090021,159.08305300578465,156.77871072505923,179.79008594604133,160.97773296095045,173.34887334140055
1366400,598.5621114149328,308.59835088372785,218.4986282935451,161.28353711498866,185.93269845901412,175.77685509148506,185.2549215970387
1366800,1101.3482635364744,453.5032087023683,328.2241160445477,215.91341464665385,221.51645699119578,203.20208691380944,207.20478592911212
1367200,63.13889842758381,459.16675956314396,314.4516862599748,207.15731059301143,223.50458961379354,204.43829693557356,208.36564352460869
1367600,417.1789068193319,538.4445596746923,355.6312267443903,227.62240974501896,236.07986192151856,203.4609203294971,206.25891662178444
1368000,460.0334181318795,528.0523196660405,359.1149544875211,249.47602237031373,236.05723305545825,213.76856490321603,215.04926253569104
1368400,341.70051288240484,476.6799999595349,392.6391754216312,265.8335491841693,245.4457107566435,222.0813086635398,221.0877073332618
1368800,114.98392724839924,279.40713270191986,366.45517070214385,255.7500341159291,235.4463940888731,224.62209706094058,212.92153245920167
1369200,44.01780966405301,275.58291494921366,367.3748372561787,257.4663076425557,220.79928741629118,225.59120047544852,205.74894925445705
1369600,16.0200675065996,195.35114708666725,366.8978533806796,258.0576934196971,210.06883811788674,213.9865772023664,200.9783298507061
1370000,7.400167035577564,104.82449686740685,316.4384082667235,237.7607306362542,209.998609905614,213.95216652621198,192.06986802210508
1370400,18.79798141371605,40.243990573669095,258.46199526660183,238.48031178007363,193.67635649885972,204.0650226609111,192.31388312650841
1370800,51.89550751777245,27.626306627543737,153.51671966473165,240.87041785463984,195.11451631934645,204.51652265957983,193.26501346399388
1371200,636.705629894524,146.16387067363794,210.87339281142567,262.6625395357004,208.3960046658162,220.34679041320163,205.725316110744
1371600,1.8602529332742708,143.33190775897287,169.34152742281992,262.4863770836052,208.19544897095267,219.39527829684397,196.63704174816164
1372000,12.789623537398214,144.409799059337,124.61714796337178,241.8660512254466,207.85639756799978,208.19721178243668,195.9382815152472
1372400,201.74078628969815,180.99836003453342,110.62117530410111,251.63017536286634,214.09609122414665,211.73957689350794,199.7892819916521
1372800,282.6279533714929,227.14484920527747,127.38557791641047,246.92037430927735,212.96188204942294,208.43119004575752,205.17479323203457
1373200,9.892554225906911,101.78223407155409,123.97305237259589,245.67394481438737,212.96855588590245,196.59272865536744,205.26757085487796
1373600,23.99307209327605,106.20879790355443,124.77035283126352,245.83410310597168,213.6285798902192,188.744216796231,196.14333232814585
1374000,623.3196075543012,228.31479470693503,186.36229688313588,251.40035257492983,220.6279193852148,204.08953164999457,208.43419259759673
1374400,1182.5185989802876,424.4703572450529,302.734358639793,280.5981769531976,259.8983273999801,220.94085703409314,223.79888985668754
1374800,3.989725461268879,368.7427116630081,297.9437804341427,225.73025004943733,259.8948720478075,220.8218323480456,223.2019742144924
1375200,3.904230180771956,367.5450468539811,234.6636404627675,222.76851663709672,253.3295731780561,214.9629136150541,223.21016042311484
1375600,32.880752491142886,369.32258293355454,237.76569041855433,203.55360892068725,254.24614819525496,215.58800933285315,223.06936072118606
1376000,602.0949620922208,365.0776538411384,296.6962242740366,210.65668611870433,260.1427755749766,230.06635424450906,225.8970142807567
1376400,7.505745629838472,130.07508317104856,277.2727202080506,193.94694775607599,260.1776903112611,229.89024847012269,224.8462055564165
1376800,7.452323586913801,130.76760279617753,249.75515722959273,188.57036757300173,247.86530194938248,222.1602008444654,216.69598348252458
1377200,7.010998200689584,131.38895640016105,249.46700162707097,186.72002699983358,246.93829708528196,222.09316732119464,207.16758324970814
1377600,9.57893603328363,126.72859310858921,248.02558802107177,186.39797042616777,246.56459807767172,222.22783192293247,200.60049104119918
1378000,12.372452801587762,8.784091250462605,186.9308725458004,186.64658471446828,229.91052589855337,212.20365767536128,200.65779982915575
1378400,17.585730059840767,10.800088136463064,70.43758565375572,186.5859721467745,210.5446465200503,212.53314196342407,190.84020275802567
1378800,9.985750948713491,11.306773608823002,71.03718820250018,184.49048431832156,174.16589610045827,212.6804510864807,190.86490351893653
1379200,14.727215580889938,12.850017084863072,72.11948674251198,153.39156360263988,172.5521733389018,208.02705156917014,186.39422824054566
1379600,15.360974069804092,14.006424692167164,70.36750890037811,154.06659965946636,159.1582422472509,208.27648837153583,186.54390924635817
1380000,465.9182687307664,104.71558787800288,56.74983956423266,176.72303191913477,159.35440393388043,209.2945415722907,195.4030513084538
1380400,2.375036926415118,101.67344925131775,56.236768693890326,166.7547444509706,148.04355473534744,209.1924599069185,195.15955251487628
1380800,30.675696808362048,105.81143842324745,58.55910601603514,154.1571316228141,145.23328038734624,200.5387529660457,189.4399818787794
1381200,212.55479316335757,145.37695393974099,79.11348551230195,164.2902435696866,150.85117983732303,204.98209419203704,193.49723095941613
1381600,3.7823234767168974,143.06122382112355,78.53382425664527,163.27970613885867,150.44325503632697,204.5569046224152,193.48903038967504
1382000,511.64224255948005,152.2060185868663,128.4608032324345,157.6958378891176,167.25132422045706,204.54809523202374,195.45508678677595
1382400,8.592133571184846,153.44943791582025,127.56144358356889,98.99951461866246,166.91112929237266,189.79884578593004,195.53880228745308
1382800,7.321114607096344,148.7785214755671,127.2949799494072,99.16608407595382,165.42531619535012,162.4481670626956,195.60335685906605
1383200,8.123297219459314,107.89222228678746,126.63458811326413,99.3770374278882,144.47257177284797,161.07277703249247,191.74855887798898
1383600,18.96675905864436,110.92910940317294,126.99516661214815,98.68133775626326,145.04278864369365,151.11747333847526,192.02022401965826
1384000,450.440371302398,98.68873515175652,125.4473768693113,91.09860821677212,159.63114690252695,150.87764716773825,192.52510863169482
1384400,28.04669516291864,102.57964747010328,128.01454269296167,92.12565569342613,153.84134386496766,143.0363017247511,192.95687646412713
1384800,31.29525927281187,107.37447640324638,128.07649893940666,93.31780247772103,145.4635873950116,140.9440850253614,186.04630216071794
1385200,7.522706698401566,107.25435829903483,107.57329029291104,93.34338790260664,145.3845924774281,140.03170745122014,185.50033341221183
1385600,5.346216977372692,104.53024988278048,107.72967964297663,93.13175194981109,144.7630306402313,139.76486118798945,185.1914596265275
1386000,12.096081358880015,16.86139189407691,57.775063522916625,93.1179333776757,124.38891310038395,139.88225904607202,175.1934888902023
1386400,7.241480628547913,12.700348987202766,57.63999822865293,92.60072090611105,85.21300915532596,139.59334652644282,163.3670762744746
1386800,6.661236994825945,7.77354453160558,57.574010467425886,92.43449520841668,85.30205953977787,138.46248976336915,141.47333574364166
1387200,7.40645200789049,7.7502935935033666,57.502325946269,92.06845702976672,85.41880026734847,122.7300103162033,140.3586868152478
1387600,5.1672386693986105,7.714497931908549,56.12237390734443,91.55877025974644,84.49501647329035,122.81268495960641,132.11845345224913
1388000,10.27282415986534,7.349846492105615,12.105619193091172,68.77649803120138,64.76761187554514,122.74976497516809,123.12324157280884
1388400,3.589044340281059,6.619359234452243,9.659854110827414,68.83719840189468,64.63705516589324,117.79597142643267,116.36101220196637
1388800,479.5316529784637,101.19344243117979,54.483493481392586,91.27999621039976,80.37303281227824,122.71856391660694,123.65196671656766
1389200,5.025288674891393,100.71720976457996,54.23375167904159,80.90352098597646,80.30684249475163,122.59688227783154,122.87211629678443
1389600,6.75030925030855,101.03382388076196,54.37416090633517,81.05192027465604,80.21255493531913,122.16581320675736,122.6867211316586
1390000,4.726493575365602,99.92455776386201,53.63720212798372,55.70613282545031,79.9576896277784,106.70098535728395,122.63324766245437
1390400,15.918961467051014,102.39054118921601,54.50495021183402,56.07247422024361,79.9021306746854,77.53599441945305,122.57566726352107
1390800,23.77668178484392,11.23954695049205,56.21649469083583,56.895252579131,80.36182836922309,78.03066832754243,122.01329074886249
1391200,7.604034319667197,11.755296079447211,56.2362529220135,56.8692894341414,80.12438899384898,78.12316343101482,109.43125883736535
1391600,20.086709774591085,14.422576184303718,57.728200032532754,56.92528696993874,80.28191351734189,77.80331236310101,109.7957879741917
1392000,136.30875237163113,40.73902794355682,70.33179285370932,41.21870602340039,69.29492963870403,66.15865712008629,112.26617055087635
1392400,7.542584185955898,39.063752487337794,70.72714683827681,40.193500474552245,69.46718121402206,66.1595780839892,108.38220650880152
1392800,6.607077590265185,35.629831648422055,23.43468929945696,38.959091390424916,68.66489390675218,66.138446934073,102.86178899317694
1393200,6.8451362809790215,35.478052040684425,23.616674060065726,38.92521286955379,61.80790534400623,66.13430038608023,102.80084063427839
1393600,150.18428628511484,61.49756734278917,37.96007176354635,46.1671163349409,66.68797077095283,69.64943414237601,105.32466491811518
1394000,7.336407105499082,35.70309828956276,38.2210631165597,45.92913262227185,49.877776255820116,69.52353299997381,93.00500090913913
1394400,9.317941801169123,36.05816981260541,37.56096114997151,46.03295568090291,49.90196986348626,69.316838293507,69.54098776555676
1394800,9.508245597428672,36.63840341403811,36.13411753122999,46.175306111033045,49.97487422983068,69.3049006597249,69.65135816827996
1395200,429.30061520796113,121.12949919943453,78.30377562005938,67.27001427103657,64.01411816278075,79.66923565040166,78.15928586882373
1395600,4.740535905249095,92.04074912346138,76.76915823312518,67.2486791328291,63.539910724334234,79.40372469628778,77.59648153710586
1396000,7.092834466792792,91.99203459572011,63.847566442641345,67.08967964817548,48.761659496480725,67.93308883968845,65.69643898459731
1396400,7.295787219520631,91.58760367939041,63.82288674599782,67.27501679213745,48.06996256503412,68.05610759701608,65.69223981639094
1396800,8.116091763353612,91.3091729125754,63.973788163306665,43.70423873138195,47.29732364805218,67.49211747089088,65.70551517991974
1397200,38.43920634194404,13.136891139371988,67.13319516940317,45.374934614734585,48.32787363617026,63.139227800355535,66.33407934274483
1397600,7.839030375394746,13.75659003340112,52.898669578431154,45.42937067098889,48.41096741610433,63.24064547282249,66.29928122958705
1398000,20.8104986083904,16.50012286172064,54.246078728720285,46.233570922640126,48.70144799108801,50.96985187404524,66.46804214572312
1398400,6.054783215584886,16.25192206093349,53.919762870161854,45.74036201006682,48.66189141065591,50.90641811515524,66.237423208838
1398800,7.819153585411329,16.192534425345038,53.75085366896013,44.942485600095196,48.700488630342086,50.918869089613125,66.19409126157194
1399200,196.09015648492095,47.722724453940415,30.42980779665611,54.36679170835788,54.989945446243105,55.618040571249665,69.82135007965256
1399600,14.37475452884203,49.029869284629875,31.393229659015407,54.08119394607043,55.29686264155789,55.5032404580046,69.80162568883333
1400000,18.101079631677116,48.487985489287226,32.49405417550384,48.17081030907273,55.55780449061828,44.69475816623658,60.84528190685154
1400400,26.559267956035384,52.58888243737732,34.420402249155316,49.1216444975767,56.32347861114342,44.657572486064495,61.32896652744394
1400800,26.283086006650244,56.2816689216251,36.23710167348497,50.10544491839595,41.2151930454163,44.53226815441046,61.24111431140971
1401200,9.621502240786748,18.98793807279826,33.35533126336925,50.244263216386344,41.368400164279485,44.58473804297009,57.18244849295829
1401600,503.8314407170939,116.87927531044863,82.95457229753916,67.92662093798529,57.93777121317233,57.04686863646312,67.18343083776584
1402000,1.482716150132091,113.55560261413964,81.02179405171333,67.63393639021695,57.829645298997875,56.78153450624442,56.980240309578875
1402400,303.92854771420724,169.029458565774,110.80917050157557,82.36446668586885,67.42996484056975,64.19871118338591,62.88696859243932
1402800,16.236224501599335,167.02008626476382,111.65087759319435,82.70086563107739,67.1786162644616,64.43808587105524,63.06527079032938
1403200,643.9577510540447,293.8873360274154,156.43763705010673,93.43372242338157,88.39040682227417,80.35186834720909,75.78195986702109
1403600,8.546613525010008,194.83037058899862,155.85482294972354,93.62402630436961,88.00573694728816,80.43635271859938,75.5735569563484
1404000,7.073986220075281,195.94862460298728,154.75211360856335,93.62308389203373,83.69791140890295,80.35638177010463,66.70622925470194
1404400,11.663141201034504,137.49554330035272,153.26250093306325,93.84145159110943,83.83526330940556,80.55823419162346,66.37855817546426
1404800,2.9512396171391533,134.8385463234607,150.92931629411217,93.5832089837987,83.71340204363472,68.64372385759035,65.81167778235081
1405200,30.23119900595384,12.093235913842511,152.99028597062886,93.1728086169992,84.49293746780054,69.27387161586691,66.26584762850185
1405600,3.6001209255589086,11.103937393952291,102.96715399147536,92.9608631445074,79.606798622482,69.19511690774817,66.23092570746559
1406000,222.6679821257232,54.222736575081875,125.0856805890345,103.05373732037404,86.7845177898228,74.64365412150711,70.44236372280244
1406400,158.59174162087348,83.60845665904966,110.55199997970112,110.68058524063846,91.76031111714629,78.21047362535266,73.46936894264896
1406800,8.37724165777208,84.69365706717625,109.76610169531838,110.70848964425652,91.72261098582439,77.82548762217587,73.50368903590788
1407200,3662.682835360122,811.18398433801,411.63861012592616,284.0381235880166,199.5020183242298,169.20245764818725,146.6092167029525
1407600,26.95058689410108,815.8540775317184,413.4790074628353,284.6669152062795,200.2423533571915,169.37405457617498,147.04488366744656
1408000,2.3724335302769406,771.7949678126291,413.00885219385543,283.8804829012095,200.08500665930762,166.02564660514116,146.8868758548548
1408400,20.01843942951103,744.0803073743566,413.8443820167031,283.5534414748833,200.50909506630734,166.33754298623003,147.2154637566394
1408800,3.3524065345043508,743.0753403497031,413.88449870843954,282.406907501276,200.350305558679,166.256176209836,137.6918788277602
1409200,3.4101028246112213,11.220793842600923,411.2023890903053,282.0963375304672,199.18266877476793,166.1703003734268,137.65957511075462
1409600,401.77983371488864,86.18664320675843,451.0203603692383,276.99375718035697,212.3140288860844,172.46018905917117,145.56016560004622
1410000,65.62100473566271,98.83635744783558,435.3156626302322,280.20067160963356,213.80771242366012,173.91730399992525,146.77805582325217
1410400,3.006287655421958,95.43392709301777,419.75711723368715,265.15455860669425,213.70609590498805,173.75951264628156,146.51980234701958
1410800,39.630170677065166,102.68947992152994,422.88241013561645,266.3242559154675,214.76646314137648,174.51256077327247,146.836872124864
1411200,2.2087321369042603,102.44920578398856,56.8349998132946,234.23680496961052,208.3037489964426,163.83526369649604,146.72896608120874
1411600,118.27556476958458,45.74835199492774,65.96749760084295,239.72325253183925,211.7671093378007,166.67363941810444,148.69274318110863
1412000,3.827896996417064,33.389730447078605,66.11304394745696,239.56094807065634,211.291336583292,166.59201598134504,146.04312607360433
1412400,47.10983039416147,42.210438994826504,68.82218304392201,241.3332825303127,211.97635533122957,167.58736706071107,146.83447099776845
1412800,5.435980461797706,35.37160095177302,69.03054043665134,241.4575195725456,211.2814518130678,167.52036427817217,146.81104905519908
1413200,360.08520731181994,106.94689598675616,104.69805088537223,257.9502199878389,222.96357531543558,175.56151430241908,153.8758504758159
1413600,52.21664057057988,93.73511114695522,69.74173157094134,260.38104597009,207.9097486438851,176.6709545572987,151.9164975615252
1414000,536.8004743832328,200.32962662431837,116.85967853569835,276.0876705829654,225.7536739183218,189.57070395166974,162.50577890707987
1414400,731.3572525329764,337.17911105208134,189.6947750234538,304.72594612857057,240.00129741228076,207.70326568460456,176.94656512171605
1414800,9.456944472032712,337.9833038541284,186.67745240295056,304.7799312692836,239.77532141129524,207.74421045677008,176.94553909920808
1415200,184.7630247131664,302.91886733439765,204.93288166057678,130.8839407369358,224.46883053326596,207.46103216247622,172.05478728931223
1415600,340.4771367675881,360.57096657379924,227.15303886037708,146.56026823061018,235.53318130801853,215.61359171844487,178.76951930655898
1416000,27.568132935213335,258.7244982841954,229.5270624542567,147.820053200857,236.2163195318565,215.85026805103325,179.17902527592742
1416400,3615.61558013196,835.5761638039921,586.3776374280366,327.59991023597945,356.3480674962206,305.5766758554314,251.34542113417618
1416800,1278.4569211461444,1089.3761591388145,713.6797314964713,391.3551359665615,398.8649235471875,336.8810217339188,276.752237721832
1417200,10.666349997255685,1054.5568241956323,678.7378457650149,391.7179483251937,398.21276191356424,336.9071429278305,276.1967805949382
1417600,7.941424123866028,988.049681666888,674.3103241203435,372.0260278456425,398.35747202017444,324.5098925129997,276.19882846990765
1418000,116.83162781965451,1005.902380643776,632.3134394639857,374.5865589998421,394.82959354330546,327.39361530473786,278.119251054133
1418400,22.98624557250613,287.3765137318854,561.4763387679386,375.5855568956963,390.3094103416933,320.3700577511953,278.45788030127136
1418800,13.178966346509768,34.32092277195842,561.8485409553863,374.26299667916857,390.4694678313179,320.2936262973181,278.56507655649335
1419200,2.6885270379637256,32.72535818010003,543.641091187866,374.28698642422154,268.46965755391255,304.261895696916,274.6970439675542
1419600,396.9346782360514,110.5240090025371,549.2868453347123,388.21994209754484,280.80246059864425,313.9715973146921,282.3482424416984
1420000,196.04801307468392,126.36728605354301,566.1348333486594,397.8309479014582,287.25831325012444,318.69594798605726,285.9071811105585
1420400,11.018896417427394,123.97381622252723,205.67516497720618,396.0264012026215,286.958328483055,318.67984186646714,285.5963736797863
1420800,16.989380784173083,124.73589911005993,79.52841094100903,396.6040712187403,287.4128942913773,319.03079539564294,285.4104995753368
1421200,8.65401798788007,125.92899730004316,79.32717774007146,379.0325117525433,287.5876914634863,318.4913658701911,285.3911498902787
1421600,2.1737367236208818,46.976808997557086,78.75040900004696,376.5303665601954,274.267488230444,318.4557062651427,275.35799581040925
1422000,3006.11408472344,608.9900233273083,367.67865469042556,499.99604707720573,372.28392423003663,388.0418588300856,335.4506231818754
1422400,21.72677959948892,611.1315999637206,367.55270809312384,464.5145234305313,372.9079406281722,384.62023477955097,329.806587819581
1422800,25.67592765059062,612.8689093370042,368.8024042235319,465.32547258945925,372.4427991939564,385.05270192937144,329.9953818825608
1423200,428.1616418714089,696.7704341137098,411.3497157068764,477.4954034473714,386.64122951843984,304.1896720921536,325.6794596989081
1423600,13.159108479605308,698.9675084649068,372.97215873123184,461.12950203297214,383.13734764210716,303.84488513179116,325.77170959800003
1424000,261.87128615055093,150.11894875032894,379.5544860388185,472.8446596937391,391.738793947245,310.3323564472981,330.86765559660955
1424400,53.291959001299375,156.43198463069103,383.7817922972057,294.728478637206,391.94486490081624,311.16419443659277,331.70023195261484
1424800,301.5486018747419,211.60651947552128,412.2377144062626,245.88306267363592,401.815285614581,318.6190993200987,337.67217919776687
1425200,248.3329103287588,175.64077316699127,436.20560364035043,257.7663906902111,398.090209048479,324.74216950770244,342.03421342422297
1425600,14.805030109557483,175.96995749298168,437.4687329789441,258.10957098949564,396.84315536644493,315.0677994175691,342.25831160790295
1426000,191.09669449090083,161.8150391610517,155.96699395569016,261.822824323058,385.3196960367005,318.20469166145006,341.62688585520647
1426400,24.68059316506963,156.0927659938057,156.26237531224825,261.90754170268616,361.7638073911036,318.74654929919126,338.94866288609046
1426800,6.002252881413214,96.98349619513999,154.2950078353305,261.54870602943134,361.6486510047497,317.90585135429995,338.90116311056323
1427200,322.31909495511576,111.78073312041138,143.7107531437012,277.53023442528894,366.23385334614795,325.90861042475524,272.09388830246314
1427600,2.1119662174484017,109.24212034198956,142.60603891748548,257.7890988243588,354.95501432781003,323.0045204609519,271.59711588893003
1428000,16.03916794397132,74.23061503260367,118.02282709682751,248.78865656782312,354.5707154947686,323.3098022346407,271.87045057720394
1428400,1424.331557535011,354.1608079065919,255.12678695019866,319.4542896237023,281.52791474153696,357.74034541316195,299.95671293931395
1428800,2.3521406500917577,353.4307854603277,225.20714082773367,318.72242761699823,238.99108872500184,357.6632494178693,299.9367076216257
1429200,432.5870893862586,375.4843843465562,243.63255873348362,339.9190811869172,253.05511337130196,359.4757964697302,308.5202473528587
1429600,42.904730078295,383.6429371187255,246.4425287303574,341.95563085465085,254.22055690311626,359.2429987074231,301.3427452801268
1430000,35.99976650837579,387.63505683160645,230.9328359321049,193.44991494389768,251.52616152607365,346.7229810105517,300.75032051558105
1430400,80.04061108938615,118.77686754248145,236.4688377245365,196.36560651839253,253.42797370996965,330.44006497446196,302.2910069842603
1430800,15.214995751009692,121.34943856266504,237.39011201149614,195.8425599234135,253.49584135678631,330.5840162564364,301.80270348573924
1431200,3.36485019643157,35.504990724699645,205.49468753562778,174.60272033966461,253.51838546206855,326.049061893518,301.8258258469298
1431600,9.03085289365627,28.73021528777189,206.18657620324853,174.39630756036715,240.58825795065542,317.7629047966697,299.6409316094112
1432000,7.833761299735069,23.09701424604375,205.36603553882497,161.69443131782637,234.31444955815707,317.26954550578273,299.72104889547757
1432400,46.14781180463587,16.318454389093695,67.54766096578744,161.33722395799322,235.4854134043974,228.03285129759965,299.701808523687
1432800,15.018026219457871,16.27906048278333,68.81424952272405,147.010695175229,235.41970158557353,196.4468789244325,299.89344943884026
1433200,9.994727620106575,17.605035967518333,26.555013346108854,135.09378603979638,235.46439190664776,196.43008836500377,292.89163984500595
1433600,8.094608524615365,17.417787093710153,23.074001190740884,134.7582649605493,235.66175430001422,196.4339179750225,292.0091992040867
1434000,51.10558883913893,26.072152601590926,24.5845834238172,127.75870967796118,137.16147110387087,194.79076700050962,282.2953014932048
1434400,30.35816082736447,22.914222406136645,19.61633839761503,128.04258806107592,137.44918381146672,194.97506488188108,268.2753196590926
1434800,7.557533974007478,21.422123957046562,18.85059221991481,128.12035211570563,136.8452373555806,194.8345290725685,268.2373314491321
1435200,7.301129023606357,20.88340423774652,19.24422010263229,112.36945381913017,122.8165535939872,194.94984412220956,264.6880935353409
1435600,8.39389533794328,20.943261600412104,19.18052434706099,112.6835502751549,122.65771315593179,185.2363245497569,258.046428706748
1436000,6.976700040657303,12.117483840715778,19.09481822115321,112.23042687998921,114.16122695226866,180.5095417239062,257.63460004885684
1436400,9.885641027610754,8.022979880765035,15.468601143450703,41.508131054619206,112.71434968647904,180.48121033916078,185.52000126676987
1436800,273.276381434117,61.166749372786946,41.29443666491662,55.054343093820464,111.77194233845822,186.88838535540938,165.41639047252934
1437200,152.04179815652907,90.11488319937149,55.49914371855887,41.02707853233399,108.56223859938389,190.47307985962559,168.24389943571478
1437600,5.462483444811054,89.52860082074503,55.23593121057843,39.15496620065979,108.25082037722568,190.55529852765534,168.19432062213366
1438000,5.905399573137188,89.31434072724102,50.71591228397826,37.650247853897866,102.07777721330022,115.55008139889779,165.97579605720333
1438400,7.082497480446147,88.7537120178081,48.38834594928643,34.00234217345086,101.49117402381277,115.18397434592173,165.65772109536215
1438800,8.911720358000457,35.88077980258478,48.52376458768573,33.6871784038004,101.58815627303234,114.76486916360696,165.57237617559196
1439200,8.859103711618166,7.244240913602603,48.679562056486915,33.961891079559734,91.13948989824911,104.2823057096122,165.69578770906503
1439600,26.96846892550292,11.545438009740975,50.537019415242874,34.858771881152066,91.96803998851757,104.62753972075964,158.29646352285408
1440000,637.8530145236539,137.93496099984432,113.62465086354253,66.35973454234801,112.69516820784033,114.0270829300872,167.13256355183347
1440400,7.337510116756112,137.98596352710632,113.36983777245707,64.41921945795403,65.46203329389851,112.87822170797365,167.05893582582004
1440800,7.854376466921157,137.77449474889045,86.82763727573749,64.06103697032718,65.64544115445948,105.53586607277812,166.87623573947502
1441200,434.4565457834776,222.89398316326233,115.06911203843234,85.28412787849572,65.70775636770011,110.18895695914607,175.39228629538695
1441600,2.7884159320521724,218.05797256457217,114.80170528715644,85.01881824886757,64.37054589615869,109.88854160470846,175.4045798795556
1442000,10.55347964232733,92.59806558830688,115.26651329407545,82.991212789027,63.52233633395708,105.3749612334941,115.49336777793334
1442400,11.250586137495883,93.38068079245484,115.68332215978042,82.03583405453357,61.2293355022274,105.03921105780478,115.28384390869347
1442800,245.06624597973047,140.8230546950167,139.29877472195344,93.91126965481972,68.89104384318476,111.01581088526271,119.67165027527626
1443200,8.206736215774084,55.573092781475985,139.23353797236902,93.9565500144281,69.05244004382952,103.16300191677915,111.27255216216358
1443600,1.8656185116257284,55.38853329739071,136.7232529309813,93.63013617311222,68.81359889776182,103.15684322413361,111.04668236280399
1444000,2.435077628704842,53.76485289466619,73.18145924148641,93.4030550525146,68.63364277539414,102.81674096625193,105.85795819236706
1444400,4.606235302980865,52.435982727763204,72.90833176010888,93.1390847662831,67.24892355867232,67.32360791045117,104.8842437184007
1444800,8.826581019198446,5.188049735656793,73.0055522153366,79.91659474553718,67.042542051997,67.48546891967885,99.02980330128982
1445200,6.899270124106191,4.926556517323214,30.249824649399464,72.65946834391603,66.93936013546366,56.84327343812504,94.20113049719677
1445600,1.4019710527044005,4.833827025538949,30.111180161464695,72.4564427243107,66.7162722197333,55.80570446248528,93.9330693160597
1446000,9.32286886881419,6.211385273560818,29.98811908411337,72.62731618909456,65.32351488738914,55.138782021496226,90.29759280361797
1446400,13.267191528579298,7.943576518680504,30.189779623221717,72.93655089150121,64.75381591076297,53.469446532476056,90.06932477088817
1446800,4.204777019708365,7.019215718782489,6.103632727219504,72.7012037245866,64.64205734561966,53.19419106419353,90.03337525365407
1447200,8.936371105506918,7.426635915062635,6.176596216192787,72.70506709428105,64.69656541501635,53.333479086920406,83.7657207766619
1447600,7.270111526626672,8.600264009847088,6.717045517692883,71.72014922433723,64.65910595463912,53.28946055274467,83.86888368284546
1448000,7.976716899397503,8.33103361596375,7.271209444762148,40.226334343124414,64.69243984993047,53.293034442736236,83.70763466195397
1448400,8.414108733542736,7.360417056956439,7.6519967878183355,40.28016427396374,64.64338877346152,52.3496918659589,55.38928568592463
1448800,2.927071027583352,7.104875858531438,7.062045788656826,40.033799001996854,55.631745093243744,52.047417986162046,55.40078429347445
1449200,420.2238307506968,89.36236778756941,48.39450185131589,39.32216325035781,64.571146179716,62.3031455644268,55.15351912076322
1449600,7.63591869797533,89.43552922183913,49.01789661584298,39.564538388653965,64.64359402148814,62.291678318760795,54.44814289315683
1450000,7.370156449138051,89.31421713178725,48.82262537387537,39.40537222899451,64.69241925068818,61.19829250901078,53.875550691972066
1450400,2.2744001103359768,88.0862754071459,47.723346232051036,38.95656292763651,64.53214933835118,60.49619849108507,52.32022647239107
1450800,8.443382678907883,89.1895377374108,48.14720679797099,27.125419762595378,64.5165380823814,60.51834470870757,52.18479421094903
1451200,8.084800783003647,6.761731743872178,48.06204976572066,27.119322990956857,64.49072798476092,60.5379365026925,52.27919322268047
1451600,5.997998188099967,6.434147641897104,47.93483843186799,27.32594197478057,63.791712293514166,60.47803907394642,52.21853612856935
1452000,101.40427457207596,25.240971266484685,57.277594199135834,32.27440182194913,45.91008762846157,62.838728437231886,54.08994639401616
1452400,8.212542334658062,26.4285997113491,57.257437559247364,32.454717173532984,45.939255369058294,62.79690096990807,53.3312410046166
1452800,15.18621579786981,27.777166335141487,58.483352036276,32.77269891246656,46.18365001342326,56.34464682900189,53.33460479618484
1453200,10.039456414802013,28.168097461501162,17.464914602686534,32.92970822700134,32.036413701134066,52.794588285458715,53.33549937207876
1453600,107.89282109853704,48.54706204358858,27.490604842742705,38.25425072929298,35.53989387335023,55.35534672680186,55.331463623557184
1454000,15.362168744154811,31.338640878004348,28.28980607224438,38.55621572306001,35.700183510077814,55.5917659560773,54.616595221657505
1454400,7.53571175376018,31.203274761824776,28.815937236586798,38.26964173431905,35.57635436395329,55.603096312910154,54.16014624018542
1454800,6.292440874712847,29.42451977719338,28.6008430561673,38.37402492706928,27.61722752711937,55.53761432582796,54.134844378199524
1455200,18.84469621339769,31.185567736912514,29.676832599206698,38.86944118246382,27.97182619370682,55.787254138372454,54.36571572199536
1455600,5.986208017248811,10.804245120654867,29.675653582121583,38.80524600699492,28.109179177227592,55.262697615666106,54.31756197558147
1456000,177.1850279151997,43.16881695486385,37.25372891643396,47.26566155778503,33.93417752011075,43.74599795045474,57.72172853307231
1456400,6.530055170703413,42.96768563825249,37.085480200038496,47.17145887964307,33.99830484903484,43.72581157680342,57.65461681593416
1456800,2.493292911266671,42.207856045563254,35.81618791137818,47.14976997382723,33.78719524543711,43.59178448791207,52.23895504547716
1457200,4.050449983851009,39.24900679965391,35.21728726828308,26.341100935484945,33.692234574095274,32.831632092921396,49.27912808202359
1457600,6.76952213651222,39.4056696235066,25.104957372080598,26.297781107411787,33.87115294355553,32.931159748032904,49.30526885585762
1458000,12.301357919155109,6.428935624297679,24.798876289580626,26.544341180912642,33.97043591190023,32.974856704953595,49.433188022777976
1458400,9.195461785075755,6.962016947172147,24.964851292712186,26.890394264649633,33.83471158711678,32.92347859614309,49.47544730887057
1458800,6.137690168330554,7.690896398584924,24.94937622207396,26.775109639120764,33.89914202540419,26.950264700858092,49.41996670507718
1459200,6.751977739575613,8.231201949729845,23.740104374691747,26.708468486949364,33.826328913206474,26.913895738953137,49.37782418563632
1459600,18.560923709112853,10.589482264249972,24.997575943878154,27.336614763000007,34.20268931928935,27.33127836889031,49.209673281308525
1460000,5.38538921416577,9.206288523252104,7.817612073774761,22.535670495104494,34.11631172978162,27.405036158526833,36.560320775118754
1460400,13.813961151190048,10.129988396474962,8.546002671823423,22.815741435931095,34.29630681036987,27.635229304732064,36.68984979580743
1460800,7.413711320395011,10.385192626887854,9.038044512736258,22.427116212057356,34.44586148679692,27.59990756226198,36.68103649287691
1461200,12.427741325608151,11.52034534409436,9.875773646911972,22.54653045759766,20.852658505960633,27.73811934229953,28.240460403719524
1461600,12.989956467305474,10.406151895732886,10.497817079991297,17.801387226036084,21.03112643160497,28.027818977664555,28.44449121442459
1462000,12.812595621245922,11.891593177148916,10.548940850200378,17.67390856989064,21.212541070675236,28.11506214647535,28.489673534002964
1462400,9.24548252229607,10.97789745137012,10.55394292392241,17.759397108317437,21.444910484407238,28.014519421318266,28.449571461698966
1462800,9.638991470990437,11.422953481489206,10.904073054188398,17.92672463813131,21.484764110809987,28.150374782600316,23.741026371524168
1463200,22.756840721129603,13.488773360593495,12.504559352343797,18.12233186351791,21.97383210874752,28.495886522990883,24.032028461631274
1463600,1.9287604595624563,11.27653415904489,10.841343027388756,17.919459485633592,21.838190851129603,28.36235274631428,24.033291300590008
1464000,4.325056743950492,9.579026383585807,10.73530978036723,9.276460927071131,18.602216923525422,28.2710612424281,24.071090882894918
1464400,188.32230949973595,45.394391779073786,28.18614461522182,18.36607364352276,24.605875829028022,32.76876626158294,27.745412366830024
1464800,11.23002781874506,45.71259904862471,28.567776265056825,18.802910388896677,24.474002896390527,32.97634018136198,27.793481302820954
1465200,4.19786178367016,42.00080326113282,27.744788310863026,18.810280978887636,24.2792830753528,22.575690957186314,27.73945313601224
1465600,2.2625953706586674,42.06757024335206,26.672052201198348,18.58493464059496,20.758275551090186,22.441357874003394,27.75666562237132
1466000,18.328705901240102,44.86830007480999,27.22366322919776,18.88630203969921,20.85716012299303,22.715321610305946,27.936782363019844
1466400,245.17193446256556,56.2382250673759,50.81630842322471,30.6851256735737,28.778367546619872,28.787759969111686,32.57487722169956
1466800,108.08206238715498,75.6086319810579,60.66061551484116,35.78234428451492,32.17135493036795,31.278726961817863,34.65242292904849
1467200,11.13502019533076,76.99606366339,59.498433462261275,36.001496407302675,31.914365729765716,31.35498244712604,34.69639591084497
1467600,5.953300918114847,77.73420477288126,59.900887508116526,35.37111526775278,31.91326882646125,31.353865015376414,34.67005969867474
1468000,610.5760182117091,196.18366723497505,120.52598365489239,65.63064671762996,46.35963516967823,44.083158606367235,46.722045724920974
1468400,5.212969913587019,148.19187432517933,102.21504969627749,65.20059715574979,46.31573232777435,44.00816929584046,46.65802294852185
1468800,14.73926635334067,129.52331511841646,102.56597354973705,65.56687490739708,46.72393144251014,43.99699555972724,46.894266855037
1469200,7.16148375763051,128.72860783087643,102.86233574713307,65.30356202899819,46.827632568302796,43.92504624329795,38.63301991517567
1469600,7.2313580142239635,128.98421925009825,103.35921201148963,65.01563210634411,46.84302709755985,41.40850966619012,38.62492870150064
1470000,82.71356268546401,23.411728144849235,109.797697689912,68.51068045955502,49.19010058977016,43.09229451472285,40.131796826227166
1470400,126.0931301011494,47.58776018236171,97.88981725377039,74.35306283849769,53.08668953363927,46.05622997340758,42.608171426043434
1470800,97.74280877507503,64.18846866670859,96.8558918925624,78.75825370370191,56.14019348719743,48.342489170916636,44.394159947966784
1471200,198.955998097518,102.54737153468609,115.63798968278113,87.56821157252134,62.5469941657955,52.845271718019646,48.21158389425707
1471600,332.8496592036566,167.6710317725726,148.3276255113353,104.11425650972606,73.02328534894696,61.016857997679836,54.7486171145682
1472000,214.67024679546972,194.06236859457377,108.73704836971135,114.63151601230201,79.99944726832376,61.95398846968659,57.013936559036075
1472400,24.061905228217235,173.6561236199873,110.62194190117437,106.41849579872607,80.34104540422467,62.392284721124426,57.33092381690725
1472800,7.235934243644463,155.5547487137012,109.87160869020477,106.21879111997104,80.33511950166631,62.51085075443389,57.171918185822754
1473200,11.633735549817136,118.09029620416104,110.3188338694234,106.5905848082784,80.30865264247329,62.70043289358303,57.203803768523045
1473600,12.02403219497502,53.92517080242472,110.79810128749855,107.0786566494942,80.27645516672894,62.83179564504461,55.28642799045181
1474000,160.04549274448493,43.000219992227755,118.5312942934006,114.16449599165644,85.18421840417024,66.52539901567785,58.18009447045841
1474400,4.740113113645791,39.13586156931346,106.39599259465027,102.14290492421046,85.0340394238819,66.41401529889211,58.12418249765613
1474800,40.15803210447248,45.72028114147908,100.63751492759,98.74670341007632,86.0513407783313,67.26452384729565,58.80149432225132
1475200,17.419410090506187,46.87741604961688,82.48385612688881,99.06092290483511,85.87342642397718,67.53120965606891,58.772988599793486
1475600,60.46800858903086,56.566211328428054,55.24569106542624,101.7866582883809,87.82473469495946,68.57888677806686,59.86262461122913
1476000,52.28827706669608,35.01476819287028,39.00749409254888,73.87227123113026,89.42350870571765,69.75145897438013,57.36468959425906
1476400,6.706256884733832,35.40799694708788,37.27192925820054,73.9469355796876,83.36964028521759,69.57376636771872,57.36821362853967
1476800,1.8442216400070304,27.745234854194802,36.7327579978368,73.3021833440209,83.05678007925964,69.43452912570902,57.355232203114475
1477200,267.82001639708795,77.82535611551116,62.351386082563884,86.33510997599379,91.84418523304024,75.819336002496,62.630623531379214
1477600,3.9680332034086754,66.5253610383867,61.545786183407245,86.17194373545303,91.90103316079856,75.59378792089859,62.574593752717135
1478000,322.72718382393344,120.61314238983418,77.81395529135209,98.1726247923765,102.04764909155502,83.34165262596578,68.7831102708127
1478400,99.5444142609762,139.18077386508267,87.29438540608514,96.84518900036782,97.1933984181687,85.59912591943278,70.59008932033072
1478800,66.47051750257049,152.10603303759535,89.92563394589493,95.2815744367426,95.80634692201588,87.01991407022228,71.79674586701552
1479200,2.509564305928388,99.04394261936343,88.43464936743716,85.45925274716312,95.51883172570247,86.51373215984225,71.71189759834256
1479600,3.6896927838969664,98.9882745354611,82.75681778692378,69.00125442617514,95.44337812122855,86.55775546795061,71.41447297983825
1480000,4.645139996920127,35.371865770058434,77.99250407994616,58.499999086247655,75.24568218073559,86.56575754927486,71.39966799549333
1480400,355.1299762329742,86.48897816445803,112.8348760147702,75.05340263648552,86.9095823913818,90.7359492176058,78.22598829712902
1480800,3.877990668359445,73.97047279761583,113.03825291760545,74.88550545772127,86.54753986854911,90.55214828884617,78.15527388408832
1481200,7.174695789510234,74.9034990943322,86.97372085684768,74.66255346970591,86.54798026961177,90.62656913899217,78.05021297336636
1481600,17.83431306575451,77.7324231507037,88.36034884308226,74.95306751324489,86.90141210466278,91.01586208136958,78.14710010533534
1482000,6.596434946083503,78.12268214053638,56.74727395529726,67.28061462332481,84.3641745133501,90.72255530749065,78.02277689183208
1482400,174.53035806585024,42.0027585071116,64.24586833578466,75.77012687093504,85.97874877884013,88.95651589757277,81.32847440270316
1482800,223.0560808123928,85.83837653591827,79.9044246667669,84.91502930633106,90.15585784675072,91.83086635820372,85.59681618953122
1483200,877.8983624450995,259.9831098670361,167.443304480684,127.93897692406071,112.7872699916701,113.49994991444794,102.69964662401063
1483600,10.587901740448846,258.533827601975,168.1331253763392,125.44497158163162,102.04521140956317,113.61581493500628,102.87282944962834
1484000,15.54186239910916,260.3229130925801,169.2227976165581,123.60765084825228,95.40759859635115,98.73996103969128,103.09716556273152
1484400,18.34069413282164,229.0849803059744,135.54386940654285,124.18937271065667,95.21689155983796,99.06815414517214,99.69753325539322
1484800,70.7266664710855,198.61909743771292,142.22873698681548,127.6334949522106,97.33324930075267,100.46783914811577,100.88746602844003
1485200,494.9298455615248,122.02539406099802,191.00425196401693,138.98898641043243,113.44311963447626,112.66204819321312,110.70210570399713
1485600,20.77440656108689,124.06269502512563,191.29826131355014,139.82930507831634,113.73479878001332,113.00062440688471,111.0723419278057
1486000,617.890976787137,244.53251790273117,252.42771549765547,154.58749472647654,128.9963149147684,126.38005975942653,123.06358734552363
1486400,44.48060582496384,249.7605002411596,239.42274027356683,151.8343043046759,130.32099800514567,124.3397466525219,119.0497607727716
1486800,2.404049418697401,236.095976830682,217.35753713419732,148.63098090048226,129.06253191561981,121.95627766861246,116.93620051340245
1487200,553.0104558008518,247.71209887854738,184.86874646977256,176.1560254752284,146.91556677263134,130.80763911119578,127.77370922551286
1487600,73.00484481781774,258.15818652989356,191.1104407775094,179.62178307692446,147.33346131359087,124.31151875154983,129.11474010350693
1488000,52.99567818840129,145.1791268101464,194.85582235643864,182.0393099864985,147.35704135098106,120.26965453637311,117.96313330304076
1488400,89.54465564644103,154.19193677444184,201.97621850780058,168.76004395717186,150.11832130970464,121.9067232968287,119.64976701769785
1488800,5.638867277232504,154.83890034614888,195.4674385884153,168.8480877876155,150.24480949761215,121.8667966226684,119.46775903617568
1489200,16.599253769462532,47.55665993987102,147.63437940920906,169.31931568661312,141.87078407669134,121.99093457815954,119.65651443641232
1489600,67.52129425031922,46.459949826371314,152.3090681781323,171.80366474584136,143.98922611158832,123.37836612954315,120.86231316113422
1490000,19.566218021051995,39.77405779290145,92.4765923015238,172.45215389958977,133.8838605848256,119.86638426145733,119.59936626784598
1490400,5.460144016623127,22.957155466937873,88.57454612068972,163.99864319712842,130.74771824334718,119.88438503403177,117.18670654615548
1490800,665.3487505340848,154.89913211830836,154.8690162322285,186.11327668321303,150.71032601106432,135.51415299477208,128.53882538133567
1491200,14.450767672349532,154.46943489888574,101.01304741937824,142.9408969445755,151.10836612327836,135.43993693431815,124.8487207728323
1491600,7.9785327020117025,142.56088258922424,94.51041620779765,142.81042849265367,151.2513274538822,134.1277000371427,118.3512982427994
1492000,8.25093444427626,140.29782587386907,90.03594183338512,142.44588209491204,151.3715206021274,133.0267664715822,114.22291199577552
1492400,8.342895194969932,140.87437610953845,81.91576578823802,141.94599214801946,139.8119512341939,133.06768242933808,113.90853179511058
1492800,5.891939145618238,8.98301383184511,81.9410729750766,138.70425578174607,139.87908285010252,133.16887536697837,113.88165189315005
1493200,74.96989840491179,21.086839978357563,87.77813743862153,117.70625842391541,142.1389229372826,128.34762241717397,115.14837515025194
1493600,7.503818287705013,20.991897095496224,81.7763898423601,117.04272901024633,141.79457311134763,128.43601704428136,115.05797087210654
1494000,15.93969837001521,22.529649880644016,81.41373787725642,86.94516508939024,142.10601522547867,120.7663299079334,112.17585498461716
1494400,26.616904382249334,26.184451718099893,83.52941391381906,86.05198001725452,137.17556676935865,118.94314216096522,112.61339080998923
1494800,328.0023887630047,90.6065416415772,49.79477773671103,102.33189698446988,140.67377703437904,125.4814389424761,118.37027794315985
1495200,2.081492160913557,76.02886039277755,48.55785018556744,74.78544880247298,111.47988135823951,125.47073713885072,118.063519584568
1495600,7.546101753535822,76.03731708594371,48.51460709071985,71.51251164925888,111.3784880253424,125.5671473630917,117.00508144785812
1496000,8.221980232980323,74.49377345853672,48.511711669590255,69.27382675148783,111.13449195313812,125.6565683689932,116.12375551118379
1496400,45.14824764336789,78.20004211076044,52.19224691443005,67.05400635133417,112.02807707015633,117.90702515425303,116.89259532635647
1496800,73.10671210972576,27.220906780104645,58.913724210840805,70.42739859295884,112.10741192477767,119.63774319028718,118.31784513575087
1497200,9.770222376362502,28.75865282319443,52.39375660798587,70.08594702330383,95.93542448527225,119.7026313549585,113.15684925533633
1497600,8.283554225323869,28.906143317552043,52.471730201747754,67.12406002205407,95.51906274074683,119.46386238394773,113.24315967577463
1498000,6.422428511818146,28.54623297331961,51.52000321592806,66.46687054659239,75.1367777982362,119.45951222309111,106.91706456953234
1498400,7.920166358233916,21.100616716292816,49.650329413526514,66.58987166367292,73.91809648267854,115.29425743040069,105.08457961147751
1498800,8.431592264077308,8.165592747163126,17.693249763633773,33.74401375017254,74.11901457752452,109.92864521669283,103.92380110670763
1499200,5.1317736610429545,7.2379030040992145,17.99827791364671,33.27806404960721,55.85639183953091,88.1094804970914,103.97624529380991
1499600,15.824880614556388,8.74616828194572,18.82615579974877,33.67038144523445,53.95039303275553,88.24040496894408,104.2189490504231
1500000,10.18289867509337,9.498262314600764,19.022247643960075,33.7669796567753,52.52330038231193,88.10643087584369,104.32970422398657
1500400,11.287434053165136,10.171715853587008,15.636166284939799,33.91420659968506,49.91472632920273,87.93009937385227,97.45285338039041
1500800,46.075766676933256,17.7005507361582,12.933071741660546,35.92339797625081,51.26262297585942,87.31382687899847,98.29680890056189
1501200,9.81583623250494,18.637363250450594,12.937633127274793,32.66569486763047,51.036509057960835,75.18597664577297,98.34963170942177
1501600,8.059080872845756,17.084203302108467,12.91518579202698,32.6934579968875,49.05443527871172,74.86809350356694,98.15412706556359
1502000,2.9407263658257103,15.635768840254936,12.567015577427735,32.04350939667803,48.500252223537515,59.49433724303416,98.08101289395843
1502400,7.395255811306365,14.857333191883182,12.514524522734982,31.082426968130882,48.56475595002696,58.56720349269273,94.73831084886756
1502800,13.978735664133549,8.437926989323241,13.069238862740605,15.381244313187327,26.852422121028575,58.85657064882863,90.55676394590236
1503200,3.1218805804316547,7.099135858908584,12.868249554679476,15.43326373416323,26.47479255129798,45.10935626831812,73.06123430860902
1503600,483.15766654534025,102.11885299340749,59.60152814775786,39.213841973753446,42.31409701274227,55.36317681150619,82.51262960470686
1504000,9.316923171656576,103.39409235457364,59.514930597414185,39.26858912068727,42.349629970321615,54.27120793608758,82.3881308201578
1504400,8.98846512300117,103.71273421691262,59.285033704397776,37.460599994668925,42.37114896792265,52.257303173001574,82.20108623996138
1504800,4.599773722259204,101.83694182853775,55.13743440893038,34.0352530752956,42.32807678714402,52.23132583412725,80.87854838498487
1505200,10.783848372553903,103.36933538696219,55.23423562293529,34.08593437510517,40.18854178606542,52.08594069920453,71.19562844120544
1505600,476.1522005065916,101.96824217921247,102.04354758630987,57.47936668916856,55.81015452669498,62.30171335561134,80.30318432011555
1506000,8.240304489290141,101.75291844273919,102.57350539865631,57.570260488042166,55.55350806400414,62.01856551731729,68.1101708741586
1506400,7.421375714676959,101.43950056107434,102.57611738899337,57.54532095586431,54.9136571084184,62.06759630976863,67.36898627195286
1506800,7.455964162915265,102.01073864920555,101.92384023887153,57.49653955080621,44.22877628841541,45.6202766504894,67.47002456683722
1507200,28.99955661000869,105.6538802966965,104.51160784182926,58.689928698254505,45.126045103385245,45.98399637393088,56.98980658302035
1507600,79.91691891334298,26.40682397804678,64.18753307862951,61.89453061319382,47.538405675378826,47.78245602921415,57.128048064930866
1508000,5.342128970154792,25.82718887421972,63.79005365847934,61.6524921279469,47.442410633284645,47.70973589236112,56.17497708056594
1508400,4.148573166779497,25.172628364640225,63.30606446285717,61.29554908362761,46.075754817398355,47.60487784165636,54.46705543097271
1508800,513.6872635779068,126.41888824763853,114.21481344842194,84.67612392867629,60.76177319967106,60.29976095246358,64.62802335698619
1509200,4.878699661976487,121.5947168580321,113.6242985773642,84.42926710014987,60.59872244252486,58.547480983890196,64.39361227483647
1509600,73.27839091589684,120.26701125854285,73.3369176182947,87.69023260230242,62.765216998877285,60.19184529959499,64.50875420814802
1510000,2.151489671348997,119.62888339878171,72.7280361365006,87.65077076757859,62.62285237086166,59.84714008212834,64.16045964115396
1510400,499.8917051418787,218.77750979380153,121.97506907922077,112.27559323410719,79.02190366364981,71.67901010111908,74.04909086365906
1510800,213.16145258301495,158.67234759482318,142.54561792123073,122.23472908005127,85.84623234094775,68.80798669661932,65.00534490463768
1511200,160.52691368573846,189.80199039957557,155.6983536288037,130.10498073531662,91.02607034177092,72.76912223473994,67.92686782490544
1511600,8.010751884410062,176.74846259327822,148.50773692591042,106.3476350022701,90.76559938409937,72.78073848801179,67.92751220855342
1512000,35.1038053370559,183.33892572641957,151.48390456260054,107.63697911054007,91.59629627283145,73.4527841156137,68.46456962640902
1512400,86.17365226910574,100.595315151865,159.68641247283315,111.4962384678453,94.09250354669615,74.47841923125713,70.02118476789173
1512800,37.14397932235617,65.39182049973326,112.03208404727809,113.12344874785015,93.79477730154358,73.5793509115729,70.64622557142648
1513200,17.924212315897446,36.87128022576504,113.33663531267018,113.48046694501734,94.06505650432332,73.78320066006127,69.50531184964619
1513600,2.380515232491518,35.745232895381335,106.24684774432964,89.79188268131232,93.87577098297818,73.63562468524046,69.40284578854194
1514000,7.408151561835488,30.206102140337254,106.7725139333783,89.75027503493959,94.0246851561785,73.6602677614909,69.23221485237833
1514400,152.00672647941252,43.37271698239861,71.98401606713169,96.97954257317636,98.84506751178205,77.26243176452036,71.7400112943216
1514800,3.0968233316489004,36.563285784257154,50.97755314199508,96.76158553161305,98.48233710069923,77.12906254120965,65.24189998569449
1515200,4.899931747460886,33.95842967056984,35.41485494816733,95.55660428848566,98.54160547293354,77.1232664933701,65.29826877742543
1515600,11.881631595830983,35.858652943237736,35.80194291930942,92.15483992261005,82.8324043079499,77.02468526790196,65.38497937427134
1516000,8.705276183979528,36.11807786766654,33.16209000400178,92.32299728330129,82.81201607502733,76.98774470562412,65.39464529329132
1516400,7.357222889673716,7.18817714971878,25.280447066058578,92.483429769446,82.75764133391641,76.88948942653683,64.63882479821744
1516800,2.473118826591813,7.063436248707363,21.813361016482144,66.92272253188025,82.68675283739415,75.7994232302783,63.22615293255476
1517200,9.059007521059138,7.895251403427014,20.926840536998313,67.13173792483438,82.62925814234433,75.78050251249215,63.211928635448686
1517600,3.205095050117136,6.159944094284244,21.009298518760875,63.6280731315454,66.86435462712852,75.65915286692393,63.110359451944554
1518000,6.726572928525589,5.7642034431934555,20.941140655429884,63.856827294404226,66.81389690843636,75.75379903099143,63.11644234027871
1518400,23.1700916309652,8.926777191451752,8.057477170585154,40.02074661885855,67.33885410564598,76.1481699264829,63.42144084573333
1518800,5.536856373747418,9.539524700882874,8.301480474795003,29.63951680839518,67.27488384600704,75.93712294422326,63.36354612792673
1519200,67.62359867556704,21.25244293178445,14.573847167605617,24.99435105788661,68.562351914859,77.54966589660162,64.61338262821721
1519600,7.65510293030041,22.14244450782111,14.151194301052561,24.97656861018113,66.15362471542424,65.66210180622565,64.44998707453209
1520000,9.81641792145196,22.760413506406387,14.262308474799806,23.71219923940093,66.30276768046748,65.67458917497052,64.44265745945926
1520400,7.589963933736134,19.644387966960572,14.285582579206046,19.783014822632452,66.4174807060327,65.6396266452389,64.36870805707068
1520800,329.4153670325402,84.42009009871913,46.97980739980088,34.396584208141654,60.275084154520485,73.76001647799593,70.03550006418283
1521200,13.038073305131894,73.5029850246321,47.377713978208156,34.15227725760338,60.54706327595899,73.81637210131036,70.09994480563536
1521600,5.832477032328684,73.13845984503776,47.640452176429314,34.32487534759523,58.298866146506725,62.05837901445379,70.05541272882502
1522000,4.431515962891202,72.0614794533256,47.41094647986587,34.17604356764802,58.37486702289146,61.96315930129383,70.08522852076634
1522400,230.7980839610867,116.70310345879571,68.17374571287802,38.11561144173173,49.405079650198395,67.54757700745407,74.55328508376193
1522800,124.995339879449,75.81909802817748,80.11959406344819,44.21053726912173,46.4662092267462,70.4860614003674,76.77361716806826
1523200,19.22644449188015,77.05677226552713,75.27987864507949,44.92686290634269,41.75619358695092,70.2417335974142,77.09570844629721
1523600,1.86611683080336,76.26350022522206,74.70098003512979,44.426087168091314,41.551372418497365,68.29046354535072,67.46987745200647
1524000,30.58316709338391,81.4938304513206,76.77765495232299,45.519981713561535,41.40068447704163,68.92148949843144,67.89520233044102
1524400,372.16198271181,109.76661020146528,113.23485683013037,63.76021970466835,50.93362882513178,78.1218247370572,75.1586726822172
1524800,7.217853522945366,86.21111293016453,81.0151054791709,63.99745643948603,49.93609129848475,65.46008948568316,75.21103427823093
1525200,8.842572622323466,84.1343385562532,80.59555541089004,63.98663469454924,49.63336997536562,65.55918630969184,75.17220876322632
1525600,12.561487064181508,86.27341260292883,81.26845641407533,64.45445429525248,49.97273570308862,64.04126371339896,65.90039449437812
1526000,12.206816841677846,82.59814255258762,82.04598650195399,64.72846649091008,50.132691212416695,64.29264689265717,65.97972474142587
1526400,12.19403043748514,10.604552097722642,60.18558114959384,64.17966343123608,45.47226801101911,52.100205025047345,66.07517783588203
1526800,18.64236619118997,12.889454631371564,49.550283780767934,64.8349389221082,45.99045277300381,47.23722786525171,66.29890587644752
1527200,40.62956478140764,19.2468530631884,51.69059580972068,63.485237227400226,47.181440540802036,44.23979414264345,66.53150603987551
1527600,6.948623987287945,18.124280447809685,52.19884652536914,63.449913280249596,47.017006953850604,44.21324094521539,65.0721401413544
1528000,12.084698225432309,18.099856724560578,50.34899963857398,63.56332729544863,47.12965435523237,43.6377632674248,65.20699152645994
1528400,85.79661340812854,32.820373318689256,21.712462708205827,67.47365976916824,49.74430070584753,43.62833729590037,66.83995233128694
1528800,1.3969515000192032,29.371290380455104,21.13037250591321,51.07273899254219,49.708428461628436,42.734661600341944,56.594146089729186
1529200,3.860939642278925,22.01756535262936,20.632209207908762,50.61388230939954,49.53515953233577,42.38307978350148,56.573790889335235
1529600,6.0968920216602855,21.847218959503827,19.985749703656637,50.627103058866126,49.631552764720546,42.4759892032307,55.230160911450504
1530000,7.207725859651594,20.871824486347684,19.485840605454012,50.765913553704145,49.647591195758075,42.4709785606761,55.33128563521655
1530400,5.571189557648029,4.826739716251585,18.8235565174703,39.50456883353221,49.060961126647506,38.810090137631995,45.44487532353194
1530800,115.24624586464964,27.59659858917767,28.483944484816266,39.017114132792244,52.71794077634424,41.61382570095701,43.486571189164636
1531200,9.430926592852776,28.710595979292442,25.36408066596078,38.52733823784087,50.77818504025377,41.72710057209181,40.46465144730692
1531600,7.504139427132888,28.992045460386965,25.419632209945274,38.809239367657355,50.773152923481504,41.617663267874356,40.45451919816138
1532000,4.439626971811142,28.438425682818878,24.655125084583158,37.50206236157871,50.59392655849349,41.51102203757014,39.84123563085648
1532400,17.09190396799426,30.74256856488812,17.784654140569735,19.748558424387923,50.91065789296875,41.754389064528155,38.459600664834255
1532800,5.065946077895,8.706508607537192,18.15155359835731,19.640963052135405,40.09901052781392,41.81920974581074,37.81803999994503
1533200,53.65146569135735,17.550616427238104,23.130606203265152,21.8814077055871,41.45279027402144,42.93402120006819,38.53258506745422
1533600,10.203372079077958,18.090462957627118,23.541254209006922,21.763501956331922,41.59848677557974,43.10897812579221,38.689042204385956
1534000,6.908560838595355,18.584249730983963,23.511337706901294,21.498589156177797,41.681054938103216,43.11352782354396,38.67905038992115
1534400,397.16190881547374,94.59825070047985,62.67040963268387,40.74698307507723,47.22651576658278,52.46332325315667,43.58215403664238
1534800,1131.5601860248748,319.89709868987586,164.3018036487064,96.39287406676146,80.77867730476365,80.61390649443486,66.1514212905069
1535200,6.633502469474016,310.4935060454992,164.02206123636853,94.69307095116478,80.35891257068344,79.08915408928253,66.18609270494716
1535600,8.705219004591338,310.19387543060185,164.14216919411436,94.78090070202995,80.58688264314304,79.1154069911398,66.12256445312237
1536000,32.571499360753585,315.3264631350335,166.9553564330086,95.80524075879603,80.65316038538869,79.68428402712235,66.59988891665785
1536400,573.4742750763087,350.5889363872005,222.59359354384006,120.18912384220502,87.36357013087198,93.83139180568665,77.92222996039054
1536800,169.80684650322098,158.23826848286973,239.06768358637265,128.60961859236514,92.7832032302145,89.84117879245368,81.26890451392313
1537200,90.84984996275236,175.0815379815254,242.78752201351213,132.9590641083888,95.51677914156214,91.7864732088942,82.90472136275699
1537600,403.5431795900339,254.04913009861394,282.1215027646077,152.83137848680747,108.54950222575721,101.72924077283682,90.91148305355533
1538000,7.395150921486118,249.0138604107604,282.17016177289685,152.8407497398992,108.38911336175082,101.8033316468017,90.92485461341455
1538400,95.15889899643533,153.35078519478574,251.96986079099298,157.32013521183856,111.1546089803825,98.41235202268541,92.36463076072394
1538800,166.25176382005012,152.63976865815158,155.4390185705105,159.8704111096086,116.07492223467783,99.44376262120043,95.57892890964999
1539200,68.99192260973751,148.26818318754857,161.67486058453684,162.84846091045281,117.02033416228883,100.68789957414688,95.60629538833341
1539600,156.84932921268216,98.92941311207825,176.48927160534595,170.3157203997303,122.01702433646864,104.56247988369384,98.59017991398105
1540000,14.440951749226246,100.33857327762628,174.6762168441932,170.81578663860105,122.0955661205951,104.1589245000899,98.68267059053653
1540400,8.141705018874443,82.93513448211408,118.1429598384498,170.36827669114504,119.50706917428663,95.05841755776652,98.69370541223928
1540800,9.367705819532835,51.55832288201064,102.09904577008096,170.58336467822693,119.7727609849371,95.1121638651812,92.29275218797915
1541200,18.94732397056605,41.549403154176346,94.90879317086234,168.84815759218736,120.27564046254665,95.36478264888726,92.41093720128782
1541600,423.0206066681206,94.78365864526404,96.856535878671,189.48901932163952,134.17309761742865,105.62626063898574,100.75469979400367
1542000,29.96719553722449,97.88890740286368,99.11374034024485,190.64195105657097,134.9317466066811,106.0702701063744,101.26541338549033
1542400,21.272290763815157,100.51502455185182,91.72507951698282,171.847470153988,135.45511664688667,106.29722661453266,97.0748975215449
1542800,17.007067808967875,102.04289694973883,76.8006099158746,116.11981424319269,132.18047737836392,106.25634415497711,94.91513208013528
1543200,247.58894839088777,147.77122183380317,94.66031249398961,128.16758653926337,140.1190781049651,111.43032874521411,99.48238215811543
1543600,9.60404268470746,65.08790903712055,79.93578384119216,128.21252772326918,140.1890748802176,111.4967142126496,99.6371406751935
1544000,11.670366702710863,61.42854327021782,79.65872533654061,127.16747109036706,140.43009953791426,111.48635592458155,99.25888466738004
1544400,16.64650969086894,60.50338705562859,80.50920580374006,99.32608282109506,140.41525306201007,109.75760333165007,92.14857520696123
1544800,156.16652348819323,88.33527819147365,95.1890875706061,98.64406667034368,145.4519389756867,113.62684263135444,95.12754860626619
1545200,180.08192290816638,74.83387309492937,111.30254746436613,103.10567031761437,149.66628754958032,118.0323672130016,98.55233561198305
1545600,8.642342292193002,74.64153301642648,69.86472102677338,83.36062845272232,149.6142532233508,118.0960034697649,98.47395271654327
1546000,7.871321214342833,73.88172391875288,67.6551335944852,83.38443696736516,149.6463452358757,118.1125933536322,98.38724280399656
1546400,8.165327190568638,72.18548741869282,66.34443723716058,79.03475837707182,136.67979251504553,118.17744679445521,98.30666873905824
1546800,25.555158550961824,46.063214431246536,67.19924631135996,71.99992811361741,99.81295826591513,115.93516961161302,98.44492458625369
1547200,6.533992538334418,11.353628357280142,43.09375072610462,68.87703161004727,99.80964126821048,115.86274626025006,97.76301314139222
1547600,162.24660034593555,42.074479968028655,58.35800649222743,69.14689516670992,104.92768731292195,119.73130778322013,100.86897266856516
1548000,680.0211238981582,176.50444050479172,125.19308221177216,102.42590377415654,126.50934146416877,136.62084520637882,114.22770118201969
1548400,131.87372742359793,201.2461205513976,136.71580398504506,108.61250489439269,111.7893232090784,139.4903907927689,115.14924346232907
1548800,137.48981747370107,223.63305233594548,134.84813338359587,115.0186104771011,110.7120889080944,142.80098757766405,117.87110078180272
1549200,5.513741756583829,223.42900217959527,117.39131526843758,114.346931366402,107.8675519678888,141.59754447929473,117.90415682408883
1549600,7.713905185021985,192.5224631474126,117.29847155772048,93.58159629224706,94.67324282105506,141.5353078069433,117.93649708735603
1550000,5.920099045508634,57.70225817688269,117.10334934083707,92.37924146766127,94.62407442518914,141.51059626211614,117.91074455107318
1550400,27.061337456630508,36.7397801834892,118.99295036744327,92.66869380230204,92.35415570719564,132.25808197814507,118.34054750905283
1550800,713.7852459035627,151.99886586946153,187.81595910270335,127.5076027070318,110.60527177664606,121.81370847511225,130.31132750983107
1551200,59.87418246645123,162.870954011435,193.14997809551502,118.12186441080996,110.30134710520319,123.1447254750367,131.32019262730307
1551600,107.76790696129426,182.88175436668945,187.7021087570509,123.03005762463928,108.6652996968236,125.62129267395426,133.32546797798628
1552000,8.288790298718096,183.35549261733132,120.52887539710689,122.86097880443965,108.46022764847332,125.01422494740339,133.40245124452443
1552400,6.816883697837851,179.30660186557282,108.02319102453086,122.36949750478809,108.4160669377721,110.8477901629416,133.19695083912129
1552800,7.695246377301255,38.08860196032054,95.0437339148909,114.94593364924351,108.36031828969772,106.7950001597936,133.24953684510942
1553200,180.78385586889192,62.27053664080868,112.57074532612171,114.98103029727979,113.75486935297525,109.0433503074471,135.7921846486601
1553600,508.34911045879255,142.38677734030836,162.63426585349876,139.96636870560977,116.5991528126643,111.66349857916607,145.7550994162544
1554000,159.14502590650596,172.55802446186593,177.9567585395985,147.5300539402179,120.90508049164035,115.45724545379156,148.79982871761263
1554400,11.124505812588044,173.41954888481595,176.36307537519423,147.67801287131888,120.56682099326613,113.35638562419538,141.0790806575549
1554800,6.274766509896036,173.1354529113349,105.6120274358276,146.7139932692656,120.2090776166304,109.35696069144151,118.57337226725532
1555200,6.295285861334535,138.2377389098234,100.25413777531591,146.70205793541558,112.16595553231195,107.78954477273143,118.56660793509255
1555600,39.84079256651208,44.53607533136733,93.46142633583769,140.58176754644444,113.17384719503879,104.8643313565772,119.18931940633097
1556000,3.217323669675445,13.35053488400123,92.95427967293344,106.7415775350203,112.8920790939376,104.58374065458842,118.6022358925094
1556400,11.267534349122924,13.379140591308204,93.39934473806194,100.71126788129655,112.71277991587938,104.66188638784463,107.35810107796567
1556800,181.88686375425144,48.501560040179285,110.81850647575695,102.93112019532407,113.57012459141467,108.97486533621262,107.59970142298629
1557200,48.33310962826116,56.9091247935646,97.57343185169388,105.07208858890792,109.17849748208451,109.70950997765499,106.74936661629647
1557600,7.040304702945777,50.34902722085135,47.4425512761092,105.0384085648041,109.1250962291096,99.31000242852562,98.8193091185547
1558000,32.58386597187609,56.222335681291476,34.78643528264622,106.3715969111225,109.94884772102736,99.3754191893919,99.3230834195625
1558400,35.14830804514346,60.99849042049558,37.18881550590176,106.77594544054814,110.84828041617986,99.7223196214251,98.12287160053667
1558800,3.805823558810011,25.3822823814073,36.941921210793154,71.2769743233105,110.12330258310814,99.39228851517116,94.87395279531187
1559200,161.4787901303984,48.01141848183475,52.46027163769954,76.35720470650787,115.28812916951026,97.23953455865893,96.72369014572507
1559600,8.21327496935784,48.24601253511717,49.29751987798412,71.37947310691104,110.153684990291,97.20476536577519,93.7509690608586
1560000,151.34845998065762,71.99893133687347,64.11063350908233,78.53245659100801,92.53126285970765,100.69671769772386,96.48911922548723
1560400,148.27322024587895,94.62391377702056,77.81120209875795,85.60527341841006,93.07791262045036,103.98738546159912,99.2917495300273
1560800,4.800464289637639,94.82284192318609,60.10256215229656,85.46053431402689,88.65493418098157,100.20323398163522,99.2004046994294
1561200,5.167327594779573,63.560549416062315,55.7859839489484,76.67970790032128,88.64338704225476,95.83036909880056,98.92480477191367
1561600,10.40963787130613,63.99982199645198,56.12291726578444,51.78273427094696,88.73324479846424,95.87455148827839,90.67258539597738
1562000,5.404036675840955,34.810937335488646,53.404934336180915,44.0956848094137,88.71604271947531,95.81286937481583,90.18132221874971
1562400,120.30984880210316,29.21826304673349,61.921088411876894,49.554951958889454,91.82432643099106,98.6164824151042,92.16207337951548
1562800,105.17365849324256,49.29290188745448,72.05787190532014,54.49989655805679,71.53727351731374,100.60694491366121,93.92540519320097
1563200,157.26207702876604,79.71185177425177,71.63620059515691,62.048236116428356,74.7835366693909,104.375147025922,92.11886776595853
1563600,11.81117644960094,79.99215948991073,71.99599074318122,60.6467553105828,71.58497898566779,100.61426142851363,92.1630104412564
1564000,9.405423445904969,80.79243684392354,57.80168708970596,60.956160299394284,71.62220009057403,83.84886891720731,92.11771157612029
1564400,5.804595062246828,57.89138609595227,43.55482457134275,60.683013335050475,71.58845713605432,80.69714060817353,91.90087328354784
1564800,5.944092664092065,38.045472930122166,43.66918740878819,51.88587478054251,71.530085345614,77.40849748793332,88.89642466706582
1565200,238.44512904669145,54.28208333370725,66.99696755397937,61.39147575146402,73.452127784874,83.231782170186,90.06368878983632
1565600,4.38010079402436,52.79586820259193,66.3940138462512,61.25846555601795,56.65316079604839,83.14843706041106,89.97844395987296
1566000,6.946532004500076,52.30408991431095,66.54826337911712,59.97659885764915,51.57987766598152,83.17409788438584,89.9599481756761
1566400,213.7991376483833,93.90299843153825,75.89719226374511,68.90914033781114,58.335698727174695,87.84254288917967,94.0726243848324
1566800,6.8848039729897055,94.09114069331778,66.06830681171984,69.06308935852013,58.35603330927782,70.17003184091533,93.69921729327294
1567200,288.0347464550423,104.00906417498796,79.14557375434745,75.39088717475232,67.74734866240141,75.87404594063011,99.3292323716071
1567600,54.22543105015504,113.9781302262141,83.38699921440288,77.69149497879218,68.22683661185617,74.53548404285164,97.16880898569148
1568000,143.45961206327152,141.28074623796837,96.79241807613951,77.29705258292287,72.90157955830938,77.91475458696547,86.43757874899376
1568400,23.59090258486539,103.2390992252648,98.57104882840137,71.06293669987221,73.31235849950079,78.33410505914115,84.27192225221911
1568800,609.2836753386908,223.71887349840503,158.90500709586127,101.28709725232486,87.55891888564878,93.3738157831759,93.7077994095189
1569200,130.18144604419703,192.14821341623596,148.07863879561182,107.53780317479573,90.28719676617997,92.10875553755852,96.20115349527117
1569600,6.7690183113033005,182.65693086846562,148.3175305473397,107.3557721967956,90.27815388645855,79.5692532338713,96.18225575779681
1570000,422.4173864805482,238.44848575192094,189.8646159949445,128.20643968703095,103.27260457008097,86.15106224822236,104.51220150649759
1570400,10.991123236395826,235.92852988222702,169.58381455374575,122.7405034087456,102.46736507645603,86.14772768381755,104.1907972220929
1570800,130.4325979706012,140.1583144086091,181.9385939535069,124.00345038261351,106.68825755684908,89.25167347033518,92.52374426343366
1571200,399.6637392238455,194.0547730445388,193.10149323038723,136.1235334923675,114.62775585996398,99.08588480439795,99.31953539858154
1571600,404.9848428885842,273.697937959995,228.17743441423016,155.78221681431666,127.85347479060486,108.21448606244977,105.26387411712734
1572000,549.6641478073336,299.1472902253521,268.7978879886364,182.7951530323881,141.1306643848274,121.87565666589121,116.09138126729965
1572400,3.1460393854713047,297.57827345516716,266.75340166869694,182.6622252485493,136.29309168948046,121.67261929179992,116.01796438105231
1572800,14.120442961282263,274.3158424533034,207.23707843095607,183.07104276340883,136.60375764520194,117.4784587719757,116.14646831273194
1573200,14.10784860316325,197.20466432916695,195.62971868685273,171.8541787412324,136.90177501214805,116.62282724634824,112.81294816741736
1573600,6.02535063110374,117.41276587767084,195.55535191883277,171.93644123308636,136.7556321041413,116.59745339455219,102.7664729708636
1574000,6.712775018477792,8.82249131989967,153.9848907726257,171.92475338378526,136.79925671556256,115.95067612071723,99.71782795310304
1574400,154.47128104848758,39.087539652502926,168.3329065538349,168.95836055379047,137.93797112377536,118.93375044580083,102.58476345782103
1574800,49.34275534787911,46.1320021298223,160.2239222915627,171.08125812253496,136.07694101892992,120.07217374052757,103.44612323458068
1575200,6.720945761903573,44.654621561570366,120.9296429453685,157.015568087878,131.0589033100345,116.20322763131519,103.45463643259207
1575600,8.141851147229449,45.077921664795504,81.24534377123304,154.71138909273174,130.93659246662213,116.20144203576199,102.8206576042064
1576000,15.792717159411012,46.893910092982146,27.858200706440773,148.3280443475387,131.14950225707233,112.81254846523082,103.07216547400112
1576400,8.12800938929014,17.625255761142657,28.356397706822655,147.55489968775996,131.2269494013071,109.30891819381611,103.00937497480447
1576800,24.207198627034845,12.598144416973804,29.36507327339792,118.30107585217715,131.83571960007185,109.79408655225104,99.85578167226015
1577200,116.38487070154508,34.5309294049021,39.592775483236096,117.61124708504455,127.76704432190033,112.57452512992018,101.2168168937258
1577600,97.0278579519126,52.30813076583873,48.69302621531698,122.12418906707501,130.85530289382993,114.73998063193532,103.01656795870514
1578000,381.0986981570284,125.3693269653622,86.13161852917206,120.05825465089902,143.32704176558087,124.132347168965,109.9868646024082
1578400,7.318310523717084,125.20738719224762,71.416321476695,119.87461401526507,136.444347528092,121.30755871200536,109.43026465197967
1578800,22.859081498889875,124.93776376661863,68.76795409179607,114.49593819167953,136.97682344562202,119.24969428714655,109.81132981078126
1579200,9.773516440744505,103.61549291445851,69.07321115968017,95.00142705252446,127.70144911181208,115.56248027244601,106.7772243369882
1579600,15.326760809094278,87.27527348589484,69.79170212586665,75.51852294854999,126.40482677044338,115.65036988143333,106.91949405378293
1580000,13.143191366865592,13.684172127862277,69.52674954661211,48.692475126526574,122.06094608056318,115.74381407945737,104.15538868150708
1580400,27.29440873736425,17.679391770591714,71.44338948141953,49.899893594121224,122.18439628564649,116.28105942133527,101.73581245133678
1580800,115.89122319245202,36.28582010930414,80.61179193796124,54.98843260567971,105.73798121410519,119.02973768454429,103.95762762939309
1581200,71.6217339699897,48.65546361515318,76.1354782648057,57.86412687402104,103.7859908116316,114.85915280762674,105.28671575689728
1581600,54.24362403727741,56.43883626078981,71.85705487334218,60.27504054432973,105.3684776691641,116.10574088870806,106.1633954802167
1582000,379.8553706932268,129.78127212606205,71.73272212696202,78.93217032806717,103.94974380958669,125.42846185592623,113.65242216056441
1582400,826.7404753967438,289.67048545793796,153.6749386142647,112.54563004548,131.14138888159832,140.75199529963524,127.78103469245724
1582800,23.464085638717325,271.185057947191,153.7354390282474,111.2516965600219,127.57577180386883,141.16647734127844,126.14684323536672
1583200,590.6834996409245,374.997411081378,211.82643734826542,140.44982425397293,133.9430971511048,148.73269617092552,134.81527168760988
1583600,2.060135169595185,364.5607133078416,210.49977478431552,140.14573845509122,120.51227356047184,147.42856377391152,134.62025086200978
1584000,1054.358026917932,499.4612445527826,314.6212583394222,192.07400394301726,137.33540286415845,170.201024145278,155.5193029314503
1584400,430.4152903810239,420.19620754963864,354.93334650378813,213.188367992604,151.57771123067687,180.37163384018197,164.01151683782587
1584800,2.280121150320964,415.95941465195926,343.572236299575,212.09201411876825,151.18303383697815,165.1965449854727,163.93823740755045
1585200,10.578236535988214,299.9383620309721,337.4678865561749,206.8016824104904,151.06538010140565,162.2064647477675,159.38089955733636
1585600,9.583886544446282,301.44311230594224,333.00191280689177,202.42948384011711,151.18399796518375,162.2768364535961,159.48497527234483
1586000,5.042431129022902,91.57999314816045,295.52061885047135,183.62667048871683,151.12831983553525,151.84246256980796,159.44689325483526
1586400,250.1656981282707,55.530074697609805,237.86314112362408,195.7690398689445,154.3181337381947,157.8218269421048,160.17422446443302
1586800,186.57148805946545,92.38834807943871,254.17388136569883,203.9546601969733,158.89242482858089,159.22529919432642,163.76795814616253
1587200,176.15337151743773,125.5033750757286,212.7208685533502,212.27365295080796,164.54017235376537,153.63754000166622,161.53033064741044
1587600,3.2144667741169526,124.22949112166275,212.8363017138024,211.66803824905907,164.37592620799492,143.59328059880454,160.5101113618897
1588000,15.016516331086647,126.22430816207547,108.90215065511784,211.76170449727016,164.3500528470508,130.22708981189837,157.94124944724598
1588400,11.248972883998375,78.44096311322104,66.98551890541529,210.95943270460185,164.45408496354105,130.42966314936155,157.69441085322865
1588800,9.577219516679571,43.04210940466386,67.71522874205114,205.64373252081322,163.9664189931959,130.31608256324648,145.7002817367884
1589200,10.23113749053778,9.857662599283865,67.6805188375061,202.57420269684062,160.42796121949564,130.21916478543085,143.30127556571523
1589600,19.452682455293505,13.105305735519176,68.66739842859083,200.83465561774145,157.84212203627501,130.55484808103557,143.55494884859502
1590000,16.155952035947976,13.333192876491442,69.77875051928334,182.64968468487749,145.677363832239,130.79092750647234,135.42972015970304
1590400,11.928974192310417,13.46919313815385,45.9550781256873,141.90910962465583,145.83105262119213,127.22736983506793,135.44847717882132
1590800,472.6562907408523,106.0850073829884,74.56355839382599,164.36871987976255,160.82429292925752,137.81020821989222,142.29295103422635
1591200,459.9752741297186,196.03383471082458,102.94574865505408,157.83330860420227,175.83101818555667,149.14156642908762,143.4991817323438
1591600,9.137219309092265,193.97074208158432,103.5380239085516,158.18716281117713,175.6247001355566,149.1664506331342,135.58222926075396
1592000,4.305310645613773,191.6006138035175,102.46690334000432,105.68452699756122,175.33010411151488,148.87926547028925,124.67505251751957
1592400,442.7555313858208,277.76592524221957,145.61755919018657,106.30153904780107,189.17880819979675,159.7449535202025,133.46724235752657
1592800,466.4376952378223,276.52220614161354,191.30360676230083,129.50941775217612,200.8636906013091,170.8007159354722,142.5135874030574
1593200,12.9211518170858,187.111381679087,191.57260819495565,129.626563516231,198.90700452954565,168.21412296336072,142.48985346733582
1593600,21.158152678676394,189.51556835300383,191.74315521729392,130.2052768229425,197.80415548425896,166.31738033152982,142.79250950828728
1594000,11.404264094189015,190.93535904271886,191.26798642311803,130.52336847120083,185.5224519309577,157.07501947995885,142.8863392898015
1594400,19.576651657186925,106.2995830969921,192.03275416960568,118.99391614764663,158.6169911396391,157.38147800829557,140.1884467019755
1594800,4.568227111090399,13.925689471645706,145.2239478066295,109.89375310022788,157.98712918871826,156.9242066486006,139.2929561372397
1595200,132.80881182538022,37.90322147330458,112.50730157619566,107.72652511562501,142.72463959486674,160.0000890332165,141.81471345850923
1595600,9.445278169321195,35.56064657143355,112.53810746221855,108.0380656853852,142.97081102819092,159.85305196722214,141.8407819989511
1596000,11.301724598615262,35.540138672318804,113.23774885751871,107.85232609876167,108.20226761754705,159.8070152980159,141.75096214773515
1596400,5.91317278692243,32.807442898265904,69.55351299762886,107.58553609390783,94.052197031077,159.2724843992549,141.7066654156878
1596800,206.7998553995228,73.25376855595239,43.58972901379891,117.44666788805,100.8695215060504,161.54520020443164,145.35851855113756
1597200,1140.3543170962037,274.76286961011704,156.3330455417107,173.9528268683333,138.52872419139092,188.26351478258698,165.83790747903072
1597600,7.237394062337032,274.3212927887202,154.94096968007676,173.34206244868548,138.4505077753206,187.0883590332135,164.04209820123924
1598000,714.203431590135,414.9016341870241,225.22088642967137,208.24443642639486,162.089207790691,195.44706055563617,170.70419286990133
1598400,712.7340652938964,556.2658126884189,294.5366277933423,243.28469098147417,177.50815336287855,192.59690030306498,184.81250796530495
1598800,4.451038402619967,515.7960492890384,294.52490892249523,219.87442836456253,171.43747170765033,192.12157412216257,184.44434710337953
1599200,4.806879212140135,288.6865617122257,281.7247156611712,197.11600861868357,165.72592196414044,177.47465861144295,184.34501435880745
1599600,209.4614090660193,329.1313647129622,301.72632875084105,207.13221810652993,172.60082004053717,182.65969045885353,188.22770732394594
1600000,5.1700087687635365,187.32468014868786,301.1131571678559,207.17545301268743,172.27260312179308,156.42999000512435,188.0682436719839
1600400,31.30895660503332,51.03965841091525,303.652735549667,186.60312427364804,172.94126924582758,146.45233166072458,188.1485346293373
1600800,5.020395767359505,51.15352988386316,283.47478958645064,163.53225930012493,172.78937512085022,146.52083852615053,185.93111808083543
1601200,150.30178466771912,80.25251097497896,184.4695363436022,170.40129094265657,177.45839669342294,150.01392722944382,187.50471909479006
1601600,14.278989860837235,41.216027133942546,185.17369592345221,170.05733280176463,177.28594027360774,150.13130481235356,186.70542641126124
1602000,22.728584852313823,44.727742350652605,116.02621124967008,170.62354883967083,177.50502803415327,150.57345865543587,179.56289069444298
1602400,26.09243365192617,43.68443776003117,47.36204808547308,170.94933793940783,177.97714334947378,144.97162704352723,163.54992985954664
1602800,18.27581324576731,46.33552125571273,48.744525569787804,171.63471724614166,162.83112743297096,140.76423517318477,163.44616441168762
1603200,14.397873623767248,19.15473904692236,49.70362501095052,165.71417033606102,147.97854741610593,136.72034772584306,151.92045189134447
1603600,7.009174190536937,17.700775912862298,29.45840152340228,165.59236513712182,147.9076125788207,136.81521541125352,152.01943267176333
1604000,82.201532893245,29.595365521048528,37.16155393585043,169.1373555518533,150.50415332040845,138.4948408253075,132.57630279126957
1604400,3.169472267528882,25.010773244169076,34.34760550209999,169.00017052588362,135.85128468313204,138.29285330989575,124.03138642899967
1604800,5.951189289587157,22.545848452933043,34.440684854322754,158.95773722038683,120.50173448485755,138.20220255421845,124.104807791785
1605200,192.40278656274185,58.14683104072797,38.650785043825024,111.56016069371374,126.48445564304608,142.75649378102355,127.74129879232007
1605600,4.871868704954873,57.71936994361155,37.71007292823679,111.44188442584463,125.94157951058871,142.3919734372651,127.64705843553024
1606000,16.415621433589727,44.562187651680496,37.078776586364384,76.55249391801736,126.10862475523537,142.39846517220613,127.87452224162158
1606400,982.2946955286563,240.38723230390596,132.6990027740374,90.03052542975539,158.1992262176177,166.65760820561476,142.51710218962927
1606800,11.344751824905652,241.46594481096972,132.00589663195123,90.37521110086966,158.42511037474486,155.12481973271613,139.0125674649381
1607200,28.030072897511637,208.59140207792362,133.36911655932568,91.53637078513823,154.93248574381593,144.32618970191095,136.05010149253957
1607600,475.06545238845945,302.63011881462455,180.17474437911793,104.81657295126024,170.4531582177872,155.9743955288951,145.48712120482642
1608000,5.083330524693007,300.3636606328452,172.46292414226272,104.8122390390567,170.24587841532312,155.99384602587207,145.28845748869855
1608400,8.095748840794522,105.52387129527285,172.9555517995893,103.6515786508448,170.3186309504522,145.12735146224645,145.22539300783447
1608800,13.71565811954082,105.9980525541999,173.73199868258465,104.08634176845382,163.88249104111947,133.8093005342894,145.30816177989172
1609200,696.8895706676448,239.7699521082265,224.18067709307496,131.41573106845013,149.10033282683418,150.90851100555338,159.04133044343382
1609600,6.489187538542549,146.05469913824314,224.34240897643372,131.0262409523354,149.07539260937435,150.54178687705001,158.7820605450988
1610000,12.712043725355782,147.5804417783757,223.97205120561034,130.5254138959875,125.69234634721505,150.57448136782918,158.71318237888698
1610400,111.37782766235276,168.23685754268735,136.88036441897995,134.7896835965088,105.64713842616358,152.86951076795836,160.70215944828783
1610800,5.898695718666675,166.67346506251252,136.33575880835605,134.1708277201538,105.6953936700318,152.90277248314774,151.3670075478441
1611200,12.134191576526272,29.72238924428881,134.74617067625752,134.05764361779174,105.93963741551134,149.88590697692638,142.41018589678026
1611600,7.268040871971393,29.878159910974574,87.96642952460873,134.07058695186345,99.19985847570975,149.83147604449266,142.37280232803786
1612000,6.433302613944269,28.622411688692274,88.10142673353384,130.28217543789842,99.2419682705491,149.70976549487588,142.41536216740445
1612400,20.07641931765732,10.362130019753184,89.29949378122014,131.12752279040484,98.86755036096991,150.06384665814426,133.96177992604117
1612800,1072.359374394514,223.65426575492265,195.16386540871744,184.44793204565116,134.44551631520838,171.70283463301902,146.080213509175
1613200,5.430816664353837,222.31359077248817,126.01799000838835,175.09933355073176,129.61648404842953,143.32974712222278,145.93040680612037
1613600,20.85636608002683,225.03125581409927,127.4547078625368,175.89855841948537,129.83572992240252,143.67022142266504,145.9243710741474
1614000,9.311404821401544,225.60687625559072,127.11464397214135,175.54334758887597,129.3884905880388,126.04792075344669,145.88251388869165
1614400,26.776017291640954,226.94679585038745,118.65446293507019,127.76741367702519,129.4112767093626,108.89896955339032,146.0265012013807
1614800,103.58115220879056,33.19115141324274,128.42270858408256,132.37923369621944,132.25478800813005,111.37722239854459,148.00675970333472
1615200,900.5358483139163,212.21215774315525,217.26287425782158,176.00452246703966,161.7927204978017,133.77044662608898,163.36130043310544
1615600,180.01315336334997,244.04351519981986,234.53738550695942,161.2519075157842,167.55951980356213,133.03424023352224,166.772657936986
1616000,154.3817982637941,273.05759388829836,249.33223507194444,168.71683090273925,169.9655286492471,136.764534970898,169.6342594102896
1616400,174.83404998138988,302.66920042624815,264.80799813831766,177.053745959769,175.68768123970912,140.35266230530692,173.01267695417894
1616800,98.6340722138302,301.6797844272561,167.43546792024932,181.29966666448348,178.77711067051723,142.6930042164687,170.84936129046508
1617200,4.016337863728107,122.37588233721844,167.29402004018672,146.65600502428768,172.49756238055014,139.0358680463689,148.12260170581558
1617600,737.5955513554726,233.89236193564298,238.9679385677313,183.21132321513414,196.92168513556737,157.1187820837348,162.7297648516783
1618000,184.96909199500652,240.00982068188546,256.5337072850918,191.8241756286167,202.54013415428125,161.1747947623021,152.14507805977573
1618400,256.5791644396721,256.3588435735419,279.5140219998949,199.08424246748268,178.34961645131514,166.93696303199576,143.02198004269124
1618800,3.8796164274378353,237.4079524162634,269.5438684217596,198.98328850292123,178.10077860473285,166.57705811153753,143.01055160318757
1619200,8.964670488524469,238.3976189412227,180.38675063922045,198.82481244852113,177.46526519109997,166.44122803315645,143.0937074287153
1619600,11.23811064762404,93.126130799653,163.50924636764788,199.02331593730378,162.00435379973877,166.54695144458364,139.12924146034737
1620000,151.22159943370804,86.37663228739329,163.19322648463927,206.26273077829197,166.87562943003925,168.2724531080952,142.05027327364627
1620400,17.193788174969367,38.49955703445275,147.42920030399722,206.11859922115755,167.17889740784508,168.62306100578124,141.76796990504496
1620800,578.0762461393775,153.3388829768407,195.37341769655194,181.40444280840074,185.9909170085063,182.92618742702598,153.22908691248534
1621200,1.9292715722898373,151.93180319359377,195.16471106740812,181.22936555379755,162.8255737053278,178.1643495522647,150.26163665057675
1621600,10.57743974562237,151.7996690131934,122.4628999064231,180.71541923707733,162.96184877889715,178.30698882828136,150.18760564827247
1622000,2.0566446586865745,121.96667805818913,104.17165517279109,180.35268122894158,162.60666881000816,177.9480144089088,149.77416684439993
1622400,10.5911257031111,120.64614556381748,79.57285129913501,179.5434366495151,159.24711207803344,153.65542516327017,149.46414068542362
1622800,10.614790404569948,7.153854416855966,80.24636869684821,174.89511855930405,159.4043152342302,153.63717612776176,149.31092022859966
1623200,1.7715011607916031,7.12230033455632,79.52705176407493,129.9569012016478,159.0588922203724,152.98071183434377,149.05839277934015
1623600,10.70450821885462,7.147714029202769,79.47369152119799,121.49146894442303,159.17344113193516,141.37168823010364,149.1322994599065
1624000,625.8916520189362,131.9147155012527,126.9406967797208,145.06696163218015,179.82205277876827,156.8918962674597,160.00610184242035
1624400,11.184092341593134,132.0333088289491,126.33972719638318,136.8844637501903,179.5256418795661,156.96910485497966,160.1663942439016
1624800,5.636701012110872,131.03769095045726,69.09577268365652,132.23459519010436,143.968219433486,156.76713092729395,160.16010447835208
1625200,5.7132531771307,131.8260413537251,69.4741708441406,132.31944095577447,143.9776339839119,139.48772299003107,156.42631381063987
1625600,11.247341579813677,131.93460802591693,69.54116102755974,96.00203046699153,143.65733316723814,139.60667684106286,156.55382326813705
1626000,21.50077732702815,11.056433087535307,71.48557429439388,87.8286147335926,144.06364558409234,139.8263951811047,156.65552638600582
1626400,6.1378842497625055,10.047191469169181,71.04025014905902,75.30655072409714,143.37570781602975,137.1953965957899,137.13239016042795
1626800,113.58943465296356,31.63773819733972,81.3377145738984,80.79204163537341,143.7093172308355,139.88766506914735,139.1772838169891
1627200,622.2567805915279,154.94644368021915,143.386242516972,111.45664714052359,134.43334830675587,155.1407297945224,151.0618179708694
1627600,4.6772365666185465,153.63242267758014,142.7835153517484,111.1286034364733,128.58881774686483,155.07595968688855,141.6540536544326
1628000,6.331631393264743,150.59859349082745,80.82751328918127,103.88410503445114,123.65381218451385,155.07341790637156,141.67901967180404
1628400,8.281082566035996,151.02723315408213,80.53721231162555,103.43846975400447,118.10204660400207,154.77853448758103,141.68272634630887
1628800,3.233828620843158,128.95611194765806,80.29692507249877,74.69634887807776,114.92203848423583,128.05039584323927,141.4730897563349
1629200,468.4601480121004,98.19678543177255,126.57161455599574,98.02289270006828,130.4034988225149,139.62612912693294,136.90450130322404
1629600,118.81601442610496,121.02454100366984,137.32848184062487,103.43482143409241,109.77751425820266,142.07512033558487,139.15103784097528
1630000,170.7375475757348,153.90572424016386,152.25215886549555,111.86886657994482,109.30312944422691,146.11077390444322,142.31154791798284
1630400,69.20979787549538,166.09146730205572,158.5593502280688,114.79980018856402,103.05748389208769,147.1716184190396,141.4681873222457
1630800,670.1816395503483,299.4810294879568,214.21857071780727,147.77814264585294,125.26755132951804,161.3366306025785,154.75384619887933
1631200,40.13635862673952,213.8162716108846,156.00652852132845,149.69638551915037,126.30660760079189,139.8266433603991,155.3138895398836
1631600,7.112805567168915,191.4756298390974,156.25008542138352,149.51680038656608,126.16909743144338,135.50413466549458,155.31078483378755
1632000,12.043049295979351,159.73673018314628,156.82122721165496,118.82437025041823,121.52981242685243,131.94566594129918,155.42297976742827
1632400,4.988775895682848,146.89252578718376,156.49199654461967,118.5146044281227,121.12297868420953,127.69953408915653,155.12122689898877
1632800,611.4315817459063,135.14251422629536,217.31177185712596,148.80434846481248,122.23482320442716,140.51947182745843,145.90267104601662
1633200,245.4395703888661,176.20315657872067,195.00971409480252,160.79066432539926,130.35183316497972,146.5550526405869,150.70284612050685
1633600,372.13465647609365,249.2075267605056,220.3415782998014,178.83503007021324,142.40374038932876,137.4185302686024,157.7284119284282
1634000,8.884365426071918,248.57578998652411,204.1562600848351,178.20420947516544,142.63133108157493,133.01641210437907,157.7198711405216
1634400,226.1345063422472,292.804936075837,219.84873093151032,189.20404057978968,149.81611043621282,132.2552956519434,161.70704092153375
1634800,160.1682195641572,202.5522636394872,168.8473889328912,191.53297982534937,154.80122474153237,136.1625107303614,162.83878226864107
1635200,7.751282741350583,155.0146061099841,165.60888134435228,160.80770493284052,155.00055079421767,136.13217603668207,144.98309095718975
1635600,4.239095780195649,81.43549397080449,165.32151036565494,160.78579789351934,154.7850370462624,135.95720066499635,141.46760980552665
1636000,7.238230549575479,81.1062669955052,164.84102849101458,160.83112785133488,134.163256330617,132.35761644289306,138.52473845124229
1636400,5.131949099209596,36.90575554689768,164.85534581136724,160.67367117799355,133.96151822253756,132.05607046599903,135.13069643359867
1636800,8.287678799911745,6.529647394048588,104.54095551676781,160.926363686947,134.0498841487976,117.8113562825124,133.3237685653203
1637200,8.369839571858861,6.653358760150243,80.83398243506709,137.9218482649349,134.13843702862187,117.9723704825016,133.41083859948293
1637600,130.52451880477216,31.910443365065543,56.672968667934924,138.50727348386826,138.1143429361205,120.97104745898037,121.26941794846891
1638000,24.24786929194371,35.312371113539186,58.20931905452211,131.18278956967873,138.20591266828433,121.52582807481178,118.05499349440767
1638400,6.411187798309275,35.56821885335913,36.23698720012831,128.0428590658194,138.21502278656922,121.42132962719174,113.05163396158041
1638800,104.46089551029128,54.80286219543503,30.666254794741718,99.75682186381657,137.91073814848016,123.76748225483477,115.06325954323749
1639200,11.924724041186238,55.513839089300504,31.083598924725287,98.3462401345389,117.56633626346878,124.02131282684464,115.1224606142907
1639600,128.7553946576076,55.1600142598676,43.535228812466485,104.42836958906082,121.70227486650174,126.97258498781348,117.47280629449038
1640000,158.25439713589088,81.96131982865703,58.63684547109803,111.7389369810564,126.76636705792261,115.28165361573735,117.61346224853403
1640400,7.522238281814723,82.18352992535812,58.875874389358536,111.865610100363,126.74107224844855,115.1901072642429,117.42003125067095
1640800,9.49888410696281,63.19112764469243,58.99699492006364,81.76897521841583,126.94990743131922,115.28666184161418,106.04848401002263
1641200,11.97956777785489,63.20209639202616,59.357967740663256,70.09597508786528,111.7338880901777,115.4433197066323,106.24948993413396
1641600,156.50547391690802,68.75211224388624,61.956063251876834,59.31451595990599,112.9902034065378,119.07477301505965,109.16805061755967
1642000,61.36561728994569,49.374356274697206,65.66783805167702,61.93857855309968,109.34447239701149,120.07139401413258,110.35423007018485
1642400,90.40008950641636,65.94992651961753,74.06672822248774,55.15185771130814,110.05081545137553,122.17794914554892,111.95040934625096
1642800,7.654849408604881,65.58111957994595,64.3861236123191,47.52618920353052,87.96658911331743,119.52958451443995,111.89121052633165
1643200,25.997153744250166,68.38463677322501,65.7933665826255,48.4384827536755,87.4952822839011,104.62309384325802,112.37572357800082
1643600,4.182576116841761,37.92005721321175,53.336084728548904,48.435656770507805,87.3976079688902,104.61072733201361,112.24528493596057
1644000,8.565236167405091,27.359980988703626,38.36716863170032,48.50200705139929,87.28168086460438,104.66656745136711,99.89875661892995
1644400,14.356835528648274,12.151330193150013,39.05062835638368,48.96325137287123,87.59394951903658,104.8184612754324,99.96221148267105
1644800,2.2367966793097245,11.06771964729098,38.324419613618375,48.66070726684112,67.28745668348336,104.79353547689406,99.89421339601502
1645200,7.133331420741438,7.294955182589234,37.83979597790703,48.59888185928525,59.343915384545866,93.26036506211011,99.92261496088724
1645600,9.157297119030028,8.289899383026889,23.104978298119228,42.530520774998145,47.24467007264374,90.51889712943323,99.88081407167155
1646000,4.772534579669348,7.531359065479741,17.445670027091595,41.55675403938442,47.107609044430326,86.36977180453161,99.54624921672439
1646400,215.26309463926947,47.71261088760398,29.931970540376902,51.99934938143243,46.745228654331065,90.02110422362595,103.72875342451452
1646800,7.402720469219249,48.745795645585886,29.906757646438344,47.14644062937883,41.65304535116647,73.45163124659773,101.60501914083964
1647200,6.777157400542387,48.67456084154607,27.984758012067562,46.88906229734664,41.62057450647286,72.6176512159428,89.29542667701993
1647600,5.183073712355571,47.87971616021118,28.084807771618944,40.71044625008404,41.65204043754487,72.56940791957246,89.30554341993468
1648000,7.904513401526216,48.506111924582555,28.01873549503106,33.19295206336581,41.674249865943224,72.46594452221112,89.33700106009991
1648400,4.664232007112028,6.386339398151067,27.04947514287743,33.05005174963067,41.658659296206636,72.45783092499687,89.26466404892142
1648800,6.607929545409516,6.227381213389121,27.48658842948741,32.905504021553,41.60266765438989,57.33723961998444,89.33214606741276
1649200,18.535699488099254,8.579089630900494,28.62682523622319,33.23331060706523,41.941529651597904,51.66464284746527,80.33365709693273
1649600,37.18803594216796,14.98008207686297,31.429899118536987,27.26743870832822,38.83031355617777,43.29097733411713,78.70109752725399
1650000,181.2214538838731,49.64347017333235,49.07479104895736,33.26023053802459,44.062766375908744,47.59940454556216,78.91077565341676
1650400,7.485119909592427,50.207647753828425,28.296993575989653,29.11448205818339,44.098564112951514,42.13316988474578,77.6762820940987
1650800,7.156386985497095,50.31733924184594,28.27236022761744,29.089558937028006,40.85508049545838,38.30787407027928,64.41577704280168
1651200,7.087504230161287,48.02770019025835,28.30339491057933,28.14407646132356,40.693839835090884,38.29127960749956,63.7547999548701
1651600,9.410296780380376,42.472152357900825,28.726117217381812,28.40546249450049,36.71566990584997,38.42055963250418,63.80074977913433
1652000,5.742574896880765,7.376376560502362,28.509923366917263,28.26432943097427,31.631942497882964,38.38316824118681,63.674740291152354
1652400,4.224738516537461,6.724300281891368,28.46597401785981,27.757724580368734,31.522025839040392,38.36048797662001,63.659459543569454
1652800,4.874859696826031,6.267994824157156,28.292667033001457,27.88962773124455,31.36789169203583,38.27516749904286,51.52832510258785
1653200,5.453515534179189,5.941197084960736,26.984448637609454,27.805636936916436,31.150356617246644,38.202259398100864,46.728604005494105
1653600,3.7592956258840338,4.810996854061467,23.641574605981063,27.535736862259135,26.058817340879173,35.03312881862867,39.361096788489924
1654000,393.3544911087248,82.33338009643028,44.854878328466235,46.96483468871191,37.12511313483848,44.260794364048195,47.05049930214298
1654400,5.413076068273483,82.57104760677748,44.64767394433434,36.47233376016211,34.29221268690038,44.23584157079729,42.6360706966635
1654800,7.336216367778403,83.06331894096795,44.665656882562466,36.46900855509007,34.281591585539495,41.80772459223447,39.57943063273593
1655200,7.986289405866907,83.5698737153055,44.75553540013304,36.5294651553563,33.68122944092673,41.709263726351494,39.584130766026256
1655600,6.175379657128556,84.05309052155441,44.43204368780785,36.579080452594944,33.74765622560295,38.64476335133951,39.62285644356491
1656000,8.60148035059921,7.10248836992929,44.7179342331797,36.61392880004859,33.74886436504275,34.90344043170722,39.650121439585384
1656400,5.33061151569126,7.085995459412845,44.82852153309508,36.64724777547755,33.44799023127752,34.84864976255413,39.65409468791502
1656800,159.45048307363612,37.50884880058439,60.28608387077609,44.28937545188889,38.688446444421736,38.59743973672097,42.677350773389506
1657200,5.836750929372435,37.078941105285494,60.32440741029541,43.65442802395254,38.64522709470943,38.443869315508906,42.626689000539784
1657600,6.223369330850573,37.0885390400299,60.57081478079207,42.10619469338667,38.54742950177012,34.68681670085747,40.14066601106135
1658000,10.226716490329656,37.41358626797599,22.258037318952553,33.55645782370951,38.729235565458794,33.40834418086707,39.860242955029065
1658400,2.5667453039036827,36.86081302561847,21.973404242515574,33.310539093425064,31.63935725427994,31.21251057580425,39.78335410514095
1658800,5.319926121928334,6.034701635276913,21.771775217930564,33.21871605024663,31.56993077603691,31.154137493637336,37.800534717373694
1659200,6.681657918790875,6.203683033160601,21.641312069222963,33.19842373467811,31.566747459978522,30.671250098000854,37.69567339492579
1659600,6.575528387581816,6.274114844506849,21.68132694226829,33.05668531503818,31.613162615819398,30.731073904769357,35.25207606952527
1660000,11.643900362465468,6.557551618934012,21.985568943454915,33.35175158831741,31.737808847850708,30.808040509645867,32.31986613405676
1660400,6.766102351836279,7.397423028520531,22.129118027069417,33.478819780082354,31.807871192674845,30.618272180225567,32.304743415457196
1660800,6.129812029273502,7.5594002099895645,6.797050922633154,33.54156739670473,31.791933942136982,30.71559756397466,32.237361973903404
1661200,2.8502770749378965,6.793124041218969,6.4984035371896995,33.41140547374266,31.269086528364934,30.608521205329573,32.05477615984506
1661600,7.111329265453747,6.900284216793355,6.587199530650016,33.57900715572115,30.266529639141126,30.557372008990164,29.06689326681598
1662000,2.888055023059648,5.149115148912192,5.853333383923017,14.055685351437893,24.322083010447347,30.510260020074924,27.897342021478263
1662400,124.37762755892304,28.671420190329542,18.034421609424953,20.003912925970372,28.218499932091696,28.238123343066263,28.576892782528393
1662800,3.323161473212297,28.110090079117306,17.834745144553345,19.803260181242067,28.090725748348873,28.13613436816609,28.490259023820546
1663200,2.445328440978637,28.02910035232545,17.411112196772127,19.52621213299765,27.935986555376118,28.027838644176995,28.01922251775511
1663600,5.36008419706796,27.678851338648293,17.289567777720737,19.485447359994623,27.800979469265705,28.032263906294805,28.042772679359636
1664000,3.0080755515781155,27.702855444351986,16.425985296632003,19.205777120043567,27.70982949108895,27.909852960046102,27.9316294670431
1664400,4.776021046736787,3.782534141914739,16.226977166122055,19.178047596595842,27.728205575428927,27.912647686036724,27.740013177404865
1664800,6.316112947997451,4.3811244368717706,16.245607257994447,11.521329090313909,27.776247350467976,27.905352271101417,27.82159950277862
1665200,10.057926709256575,5.903644090527358,16.96637222142632,11.732387879308117,27.92972772297055,27.693407951630356,27.880091408548928
1665600,2.564713977414488,5.3445700465966635,16.511710692622394,11.549455111636313,27.889908334688236,26.827824902511516,27.748239745716614
1666000,8.120990823960247,6.3671531010730895,17.03500427271245,11.444168828317842,15.048791658529417,22.500313326013696,27.815208870602433
1666400,6.7494548998980175,6.761839871705336,5.272187006809949,11.653304308117558,15.093337619583568,22.481921700771334,23.644936075815004
1666800,6.170107531211359,6.732638788348117,5.556881612609856,11.695813378581711,15.054467325031336,22.45726471441419,23.620283817054847
1667200,5.788596746210744,5.878772795738951,5.891208443133066,11.651160319952705,14.981210903042795,22.424792027315426,23.600512603968212
1667600,2.55100510979517,5.876031022215088,5.610300534405788,11.449934156063373,14.860398418131684,22.253309735550797,23.547871231917
1668000,6.68826914487329,5.589486686397696,5.978319893735305,11.202152595183763,14.796624711274152,22.27695209175061,23.523546346783945
1668400,6.25217392394722,5.490030491207536,6.125935181456348,11.17645617378931,14.827343458216017,22.327637976935854,23.555305185120652
1668800,2.124409849149263,4.680890954795117,5.706764871571529,10.976186064783098,9.583141017399788,22.258876730743935,23.465634791195445
1669200,21.54845830747898,7.832863267048765,6.8558180313937696,11.911095126410151,10.106864596670006,22.66125030007643,23.52588996758304
1669600,121.8271475414668,31.688091753383095,18.782061387799,17.646886040210806,13.960323870357213,25.612946597965998,25.218672199569014
1670000,6.492332687355147,31.648904461879464,18.61919557413849,17.827099923425582,13.835844410258066,15.941392637431758,21.72408977563866
1670400,3.8660354699615898,31.17167677108234,18.330853631144848,11.801520318977508,13.879154082459994,15.902716622473964,21.651708086846043
1670800,275.0217437793253,85.75114355711754,45.21601725595624,25.386449434283158,22.86921467103989,22.594854807762637,27.009015222722606
1671200,531.9988420510499,187.8412203058317,97.83704178644015,51.864125114786724,40.37978747544853,35.69516862389221,37.507241979140375
1671600,8.832483742112602,165.2422875459609,98.4651896496719,52.03774509203896,40.455019320599554,35.761596226016806,37.49568571837502
1672000,50.15747222209281,173.9753154529084,102.81210995739384,54.39521492556469,41.7388050492538,36.800496022804154,38.38398366487926
1672400,8.63052065072216,174.9282124890605,103.04994463007135,54.587939905763946,41.80095232588332,36.882993751179924,38.47209930756296
1672800,111.5076244587878,142.225388624953,113.98826609103521,59.84751548130347,45.3135460735338,35.684422285808715,40.604754602802196
1673200,7.482586986482802,37.32213761203959,112.58167895893557,59.71874849516479,45.467956403918635,35.725568187236476,40.64533603184827
1673600,3534.836527000349,742.5229462636869,453.88261690482375,236.3323391463115,163.05879632841516,123.94089712897394,111.26688065933757
1674000,521.8639854210952,836.8642489034874,505.41978217819786,262.01948887616834,180.35799400834966,136.73182885224307,113.83707054558498
1674400,115.58626319249714,858.2553974118424,516.5918049504514,267.46132929079823,180.06494852946878,139.5573167994579,116.04053428806945
1674800,1.431245652910035,836.2401216506669,489.23275513780993,267.2243861968832,180.00188466879206,139.46009978773245,115.92243487377208
1675200,4.039088128889038,835.551421879148,436.43677974559375,267.1369107660171,180.0550099917224,139.3940355429849,115.84349084823252
1675600,203.4142550810779,169.26696749529387,455.8949568794903,277.1800732645812,186.65681568785607,144.3150037103223,119.78826835671151
1676000,9.287995169129978,66.75176944490082,451.808009174194,277.310059565794,186.86614634177442,144.2561060804889,119.80199865308212
1676400,416.0183959063585,126.83819598767309,492.5467966997577,297.7983706649146,200.57422550376182,154.48741341935198,128.01575434089548
1676800,91.58355612883256,144.86865808285762,490.5543898667621,302.27132797889874,203.41647360978968,156.62375702184096,126.6584158019994
1677200,52.58767528532264,154.57837551414428,495.0648986966461,303.823288827791,204.83413189565854,157.8671919771006,127.59343428911842
1677600,112.38262457403152,136.37204941273504,152.81950845401437,303.3510626794192,208.49472891554578,160.498974359815,129.71661939398203
1678000,90.1026689059338,152.5349841600958,109.64337680249821,307.5315794903481,211.22745151827823,162.67933970688688,131.3141384422941
1678400,5.569881015883103,70.44528118200073,98.64173858483682,307.6167717676442,211.18813238881106,159.70914604331088,131.3742011565337
1678800,3.526262343783779,52.83382242499097,98.85124025392419,294.0419976958671,211.1000042158968,159.71422356507517,131.3383278809708
1679200,4.120837509030955,43.140454869732636,98.85941519193838,267.6480974687662,211.04441224132415,159.75611129177648,131.28711147277562
1679600,483.0423969004632,117.27240933501896,126.82222937387692,291.35859312668373,227.06079196767976,171.69816910936134,140.81644884303324
1680000,104.85166918652908,120.22220939113804,136.3785967756168,294.0933029749055,230.33290530240163,174.24425895023512,142.6806042195145
1680400,3.1643912166417603,119.74111143128975,95.09319630664514,293.8199965032015,230.2299792121581,174.20396820448275,142.60856999681062
1680800,1.5237478664661293,119.34060853582623,86.0872154804085,288.32080267358543,230.20995714606866,174.08415907744444,142.51644871355447
1681200,151.26938942830546,148.77031891968113,95.95538689470678,295.51014279567653,234.53398818342956,177.6144456454207,145.48483096062182
1681600,67.69935066167746,65.701709671924,91.48705950347139,122.15328397874298,232.7297282874366,179.24281156252727,146.6965913885463
1682000,13.586731065677894,47.44872204775375,83.83546571944579,96.73942126097212,232.96620823338068,179.3794550685702,146.91056490939866
1682400,8.240531201506183,48.463950044726644,84.1025307380081,91.37213466142256,233.11202475776548,179.41673197611038,144.58782298225032
1682800,12.34669653397664,50.628539778228735,84.98457415702738,91.9179072054759,224.35618984958722,179.57114670117954,144.7682936834656
1683200,566.3902238406686,133.65270666070137,141.21151279019114,120.03546399106487,225.50256924257445,193.58618737854098,156.0471915914594
1683600,5.261251974990007,121.16508692336387,93.43339829764383,110.12781383576048,225.3835281836704,193.65394355017085,156.04521494701785
1684000,1.6690944914249988,118.78155960851329,83.11514082813342,109.74686880187524,223.76724892598148,193.52846418383464,156.01843532581478
1684400,266.7104915063742,170.47555166948692,109.46975085710665,102.28147358187603,232.36991462116987,200.03992212339534,161.25712473500752
1684800,2.6364211790092376,168.53349659849343,109.58101818836099,97.83411683438484,228.74087451184394,200.0527224066418,161.18353089962775
1685200,229.39586834067364,101.13462549849444,117.39366607959778,106.67452648715239,236.13798389031697,205.24890765747168,165.5702897322561
1685600,8.188009698969031,101.71997704329024,111.44253198332694,101.46479574339926,118.58303331360428,202.40792921140925,165.6827556466872
1686000,286.60844766962464,158.70784767893016,138.7447036437216,111.2900846815838,110.74118205522193,209.41083208596598,171.2525047836005
1686400,2.364045167208186,105.83855841109695,138.15705504029182,111.12979288915008,106.96710812104561,209.37328232839718,171.1647965889467
1686800,159.59681402616403,137.23063698052792,152.88206678951056,118.9333204732691,112.23929373348743,206.48765908456812,174.23333071884576
1687200,252.0993566325793,141.77133463890905,121.45298006870163,131.3322464294465,120.5079693502771,199.49017194910635,179.15954591657308
1687600,1.963980479011992,140.52652879491765,121.12325291910383,107.27832560837393,113.7929601968749,199.31845936752885,179.14780542395746
1688000,5.933393291275511,84.39151791924783,121.5496827990889,102.33241181361126,113.68114013427974,198.21285739425838,179.1327079068855
1688400,20.912506964961256,88.10121027879845,96.96988434494759,103.21981760102724,100.51094383623317,198.51990705211438,179.42591456770577
1688800,10.9810356083033,58.37805459522629,97.804345787877,103.6926819881191,97.82419315221553,196.0067423308523,179.60304708288885
1689200,14.98678958371795,10.955541185454026,76.36343791218142,96.87855199588972,96.57083029549538,196.19434739578315,179.4718137084136
1689600,5.667461541708502,11.696237397993325,76.11138309645537,93.77695753989128,93.01365819441796,107.96512075931712,177.14861998841846
1690000,4.026860704936043,11.314930880725434,47.853224399986516,93.29896402185418,90.14446458771802,95.01919264141316,177.0993105487701
1690400,99.8606992970863,27.10456934715044,57.60288981297433,97.87997242663319,93.28749186375813,94.62605354402788,179.0192038253126
1690800,7.817660072130009,26.47189423991578,42.42497441757093,97.65352060354085,93.43053845470301,94.78571390450838,173.6751221511687
1691200,2.0777105117037085,23.890078425512932,17.422809805483364,69.43789493709262,93.36243422145876,94.73667946407873,163.07669952038177
1691600,310.8298015640175,84.92254642997473,48.309391913983916,84.71632241654399,87.62201437691057,97.42206812615224,169.11664587681986
1692000,22.284123939150547,88.57399907681763,49.94446497877142,85.74707388893026,84.86976286866461,97.74697134540274,168.55917891116104
1692400,128.51309634566445,94.30447848653327,60.70452391684173,78.83720413089478,89.04805303963205,90.5593388563854,170.95683042505985
1692800,102.5907235753912,113.2590911871855,69.86549271355054,83.83491925071387,92.41695222992955,90.83451804254936,170.7784924073919
1693200,469.1927903730347,206.6821071594517,115.28609279248221,95.82476535233192,103.01439892808718,101.24964591974216,180.01269647512297
1693600,62.21029437761833,156.95820572217184,120.94037607607319,98.5258795862644,102.83143038528523,99.99533766483185,110.56017182266834
1694000,899.7923916037081,332.4598592550834,210.5169291659504,129.18507678296857,132.3716190698862,120.23758073227619,118.1187399463206
1694400,8.602697673324057,308.4777795206153,201.39112900357415,129.49700940827435,132.38369128561348,120.31340114871223,115.97906863593713
1694800,6.690549655084766,289.29774473655397,201.27841796186965,121.8516961897204,132.19515305631708,120.39250833149474,116.08425471598065
1695200,9.46742425211156,197.35267151236937,202.01738933591042,109.72009957069702,113.63105973669852,120.52617300007175,116.19282143844508
1695600,532.7966402185689,291.4699406805595,224.21407320136555,136.26173255767486,131.21557267815115,121.77002908302441,122.7804691411949
1696000,468.0429161114748,205.12004558211282,268.789952418598,159.3672086986848,146.76136673215282,130.84981025614803,131.9555675600418
1696400,9.907741256756212,205.38105429879926,256.92941690970713,158.81697041327456,138.20127505716556,131.0183940071509,123.83335446704974
1696800,3.2065556487866305,204.68425549753962,246.99100011704672,158.4282464152987,138.22027953949146,131.0604642017089,122.06581445744884
1697200,396.2586187316805,282.04249439345347,239.69758295291126,177.49183787269686,143.78237121919167,137.1851949342933,128.93923332637598
1697600,488.0366907434544,273.0905044984305,282.2802225894949,201.61029933278417,159.77732725400787,147.69362843633772,136.45231464976445
1698000,59.13049781866601,191.3080208398688,198.2140332109907,204.36548118847065,152.19472892564258,148.8322226051624,135.83287122801912
1698400,457.1634352328991,280.7591596350973,243.0701069669482,222.2306179852613,167.35470859449893,160.05529520594723,144.86474231235943
1698800,530.6701922675422,386.25188695884844,295.46807122819393,248.37324459503193,179.72382120254488,173.0133825992864,155.40762091083457
1699200,475.7208431025469,402.14433183302174,342.0934131132375,272.05540122457404,187.1778707515438,170.74664808083335,164.83962102270488
1699600,456.81881425858825,395.9007565360485,334.4956305172394,279.3548518593026,202.33969854419635,182.0355871379233,164.31514936986738
1700000,757.6450818119815,535.6036733347116,363.4558470872901,316.12289975294414,227.39675482821985,200.9349868209372,177.37101762237646
1700400,29.41067635885757,450.05312155990333,365.4061405975002,311.1677787536038,227.68002714134977,195.00249144224932,177.89594332522077
1700800,240.04885645173823,391.9288543967425,389.09037067779536,318.04068539742116,235.31562116946424,200.93780232406752,182.6664454969262
1701200,491.5208168374425,395.08884914372163,398.61659048837157,319.1570867206416,251.2000887445884,207.49092603648674,189.47147404510895
1701600,187.64722524439287,341.2545313408826,368.5776439384654,325.4289332639803,257.2660808680112,211.9774064251223,191.87043153676325
1702000,171.49117984067178,224.02375094662062,379.81371214066604,289.01387267582845,262.84822483920243,209.09947472939854,195.02852051226313
1702400,99.38013336200848,238.01764234725078,344.035381953577,293.5527444602627,262.83220597469983,211.52487693426852,196.85131255547319
1702800,243.58788070172008,238.72544719724715,315.3271507969947,305.39761101259444,270.6912133290195,213.62465360115743,201.47613623882805
1703200,3.465780401956184,141.11443991014988,268.1016445269357,305.0975288200867,270.7374823253612,207.40881419539187,190.21764737005378
1703600,74.33928489791757,118.45285184085483,229.85369159086864,282.1746610540541,262.8544651031579,209.21819680586447,191.59920802851238
1704000,600.4616941357732,204.2469546998751,214.13535282324773,288.79559995526904,282.1270507763786,224.08140432697695,203.57506002139928
1704400,667.9890384022349,317.96873570792036,277.9931890275855,321.699664812543,300.10958217826436,240.2583176129088,211.60063095931656
1704800,4.333707342118292,270.11790103600003,254.42167411662354,321.75602239720956,296.83434830382186,240.09213440625413,211.6345766825787
1705200,171.8860833459968,303.80196162480814,222.45820076747896,310.5373956279253,286.924124736254,244.0146167503111,210.48438098268517
1705600,466.29704913666734,382.1935144725581,250.32318315670636,309.45041354758604,300.3936832282223,255.5303564401851,219.64656177143917
1706000,102.41043077505245,282.58326180041394,243.41510825014447,311.61441019540536,273.81428453393374,257.989945691938,215.9626014335477
1706400,7.879837341362048,150.5614215882394,234.26507864807982,289.15023030082847,273.79018918953506,255.6904241430449,216.0729172770308
1706800,1768.527035162955,503.40008715240674,386.7589940942033,351.04307244559914,332.51807203979735,299.7081585203155,248.2515216997666
1707200,228.9638394467918,514.8156383725657,409.3087999986868,338.7052222628114,339.8346192129533,305.3803117436927,247.78881135605087
1707600,3.650030460871296,422.2862346374065,402.23987455498224,316.0467830729255,322.1963988876968,297.700817466114,247.82253235568803
1708000,4.067203439484053,402.6175891702928,342.6004254853533,278.36788915430066,306.73054179863044,297.2453944536224,247.7852085586522
1708400,49.1215417111475,410.86593004424986,280.7136758162445,279.35343242191516,308.0376684804435,295.2606055877594,248.34938925357594
1708800,148.12611313323967,86.78574563830686,295.09291639535667,274.75729525599024,312.8683203965919,296.39899032670564,251.09229080407465
1709200,8.070743962513191,42.607126541451144,278.7113824570083,250.58479161224378,299.92872457095297,284.87093916644267,250.95396989165056
1709600,9.897113459487764,43.856543141174434,233.07138888929035,241.69728602299853,283.99073866148746,283.5631096434894,251.03856293000615
1710000,382.1618328787269,119.475469029023,261.0465290996578,252.23081867490123,294.7584498301561,270.62234567536484,258.601262373482
1710400,3.5449374935343947,110.36014818550038,260.61303911487505,247.43905888147756,279.63783323884394,270.4959016708701,256.6749471374109
1710800,146.9408632814003,110.12309821513252,98.4544219267196,242.60670801046157,266.84685560597256,274.002159511528,259.45741120159636
1711200,253.9722728331332,159.3034039892565,100.95526526535375,255.1320326320204,259.4552365969921,280.1147807260535,264.4953024480249
1711600,131.00908640816544,183.52579857899204,113.69117086008316,257.96552270753284,248.59491233531136,270.0700918807935,260.8988881449079
1712000,6.867022061111299,108.46683641546892,113.97115272224588,228.2857891037997,223.56897701028234,258.54069452953433,260.5905461073471
1712400,286.26430378207056,165.01070967317614,137.68542892933817,209.19955237279152,232.1307645910561,265.44960859266723,263.7455702560752
1712800,135.30474585091957,162.68348618708,136.40329220110615,215.74810429823157,228.6392942376955,268.75206334772054,264.39985070158576
1713200,58.1519677682483,123.51942517410302,141.41141458167968,210.06139851934412,214.19366593538905,260.29939707363474,256.1790342494901
1713600,54.52713307700253,108.22303450787044,145.87441654343118,189.47290271636092,209.75632952980934,249.46165813197345,256.02537102347776
1714000,492.0599840032737,205.26162689630291,156.86423165588585,208.95538037777197,220.4419563352294,260.28489528658866,247.87072287146907
1714400,425.4316934387106,233.09510482763093,199.05290725040345,229.8329731826394,231.3103416711195,259.4916017417339,256.2073027867768
1714800,400.9225242913346,286.21866051571396,224.45107335139693,161.45274763905837,236.5548297907733,256.2479100423287,264.0919422795018
1715200,180.924539630544,310.77317488817306,217.14630003113797,159.05078264824596,242.47012176505956,248.87800245552867,267.52108458707045
1715600,16.517807467565913,303.1713097662858,205.69717213707798,159.6941714985807,240.5427391840478,237.8704772857531,257.19550793205036
1716000,977.3242728756936,400.22416754076977,302.74289721853626,208.3570249703912,253.1048251420452,243.3624570623459,267.38113506733475
1716400,22.20327524519377,319.57848390206635,276.3367943648485,207.01111164709346,231.57863303681046,243.18227203450428,267.62704574710347
1716800,52.57310808267111,249.90860066033366,268.0636305880237,202.23346139456504,233.1866130614956,238.4953783252776,268.6143767957812
1717200,11.651318903987748,216.05395651502243,263.4135657015977,202.41249014163878,227.84545424676193,226.49864087694124,260.92223079922735
1717600,92.0630291600804,231.16300085352532,267.16715530990547,206.52078592666845,215.37098691420906,224.10903597483343,253.00275756755985
1718000,18.249853444012462,39.3481169671891,219.78614225397936,188.3251869549327,212.56563433650769,220.27800281491696,252.1851446800668
1718400,9.11426503607779,36.7303149253659,178.15439941371605,188.60365333205988,212.60678192633156,218.02135610676868,243.22416127613036
1718800,129.39092595036553,52.09387849890479,151.00123957961915,187.72615646550815,157.96891161924523,215.16643223798482,235.19857594978683
1719200,8.02870402360118,51.36935552282747,133.71165601892486,175.42897802503154,150.6044071051389,215.28050532852598,225.84473316820788
1719600,14.129026791186163,35.782555049048625,133.4727779512869,169.58497504418256,150.95370698281607,213.7752488758577,216.99093741885983
1720000,8.541417525204317,33.840867865286995,36.594492416237955,169.66869481738723,151.1028474523401,198.97724196059346,202.0088641331243
1720400,30.583893654990234,38.13479358906948,37.4325542572176,156.8846743110332,150.48492585046816,183.0421133419123,202.03232847904695
1720800,560.7422184258338,124.40505208416315,88.24946529153388,178.15654793977893,164.23879602688797,196.95232611900522,208.44619571852888
1721200,158.61213136344932,154.52173755213275,102.94554653748003,183.17955611953897,169.25684227358585,196.62047731944153,201.78802200904903
1721600,17.57425461165374,155.21078311622628,95.49666908263735,181.3319121962715,169.51274697865804,185.4024074563162,198.38656259639424
1722000,209.13964301356145,195.33042821389773,114.58564803959226,167.1858951467859,163.7453406498192,188.07063776227892,199.13953185985204
1722400,9.13691176046667,191.04103183499302,114.58791271203116,146.37115606287372,163.93173979205028,188.10206462275653,197.3346674278212
1722800,2.5950964421500995,79.41160743825625,101.90832976120961,126.45478467041448,159.12021423074194,143.95376615473646,192.5148117426298
1723200,814.9125560817647,210.6716923819193,182.59671496702595,158.1541854929755,177.81822367236296,158.60248407061076,208.743747256226
1723600,583.549501131929,323.8667416859744,239.53876240110026,186.5057701761937,192.90290416315509,173.0999708373872,218.92795158090618
1724000,11.69907655766652,284.3786283947954,239.85452830434647,138.22451036029233,193.0639726463736,173.29076766534178,207.15269922934408
1724400,8.223707252705884,284.19598749324325,237.61850966411802,137.52553196066793,183.79595276206146,172.26832180388072,193.95739260635347
1724800,18.260126293856462,287.32899346358454,183.3703004509203,135.80988287122722,179.89446544349266,169.02167213289613,194.23592098538825
1725200,104.55295822618604,145.25707389246878,177.96438313719395,140.45496483733712,181.44116512542394,171.43372748948795,192.88925848299203
1725600,9.37020048611718,30.42121376330642,177.14397772464028,136.32032340363895,179.9359340390611,171.4205546651537,183.75072150998105
1726000,10.373894985859522,30.156177448945016,157.2674029218701,135.9265254807313,163.87973107181395,162.125856217832,181.90999079419717
1726400,350.01227103154616,98.51389020471308,191.35493884897807,152.97142578050472,161.36575032490845,170.7875395562823,188.75263946800087
1726800,16.60250615161299,98.18236617626438,192.75567981992432,147.33200479056708,148.5550830535844,167.52908062803763,153.714148887774
1727200,11.240374632006544,79.51984945742848,112.38846167494853,147.49258832098735,142.89894422029982,161.46078317300945,149.3596795914783
1727600,7.434410967480445,79.13269155370114,54.776952658503674,147.1578575298021,142.59616433696365,158.37141628699231,149.4353672016105
1728000,15.979331065237822,80.2537787695768,55.2049781092608,147.52975320680375,110.55133294328179,158.59922401209548,149.67360975412555
1728400,6.634613033031556,11.57824716987387,55.04606868729337,146.33228917570582,110.03237753620971,151.6084817433695,148.82387118056323
1728800,6.157250107215739,9.489195960994422,53.835781068629295,118.6030407597749,108.48518227036121,148.37979434977692,145.98449392004278
1729200,3.115751367583139,7.86427130810974,43.69206038276901,110.8282217599816,108.20066335248106,147.0038889397603,145.88539406814417
1729600,7.499686072675438,7.8773263291487385,43.50500894142483,110.32449333303268,105.38188524956755,145.8282027646521,145.8374455204079
1730000,8.23423011285642,6.328306138672458,43.29104245412452,100.27922268799745,105.04803113852901,133.73255891739169,138.35889346509052
1730400,512.803625422903,107.56210861664674,59.57017789326021,125.46255837111926,121.83767648475653,135.91685721699648,148.54406722367787
1730800,657.0891711573458,237.74849282667273,123.6188443938335,158.18726210687905,139.42761799165586,142.32102338864678,158.7470333811968
1731200,355.0263754093791,308.13061763503197,157.99744447157076,135.19295307325976,150.99420703784847,146.67356928311764,160.76811543272171
1731600,8.018848368473014,308.23445009419146,158.05588821167,106.41642043508696,150.79053442375803,146.4610953056403,158.30831067192787
1732000,49.282956217566415,316.44419531513347,161.3862507269029,108.29561441808195,152.14858571350345,123.26006238918714,159.15662935505696
1732400,227.7975658815589,259.44298340686464,183.50254601175558,119.2743073495246,158.7223747877224,128.39991965509626,157.98729459704674
1732800,19.523881364386877,131.92992544827285,184.8392091374727,119.33749510305113,140.6817635523408,127.57368898713916,155.67167730731606
1733200,517.0433399588975,164.33331835817654,236.23196799660417,139.9620141896867,152.62947050552242,140.2084895135119,164.84950475112907
1733600,485.2732400447011,259.7841966934222,284.0093233938067,163.7571661676159,168.219436686624,150.03874478562744,173.46442689048305
1734000,487.2926187200521,347.3861291939193,331.9151622545263,187.6031023543255,177.491202543507,161.76481391752841,173.36907958481862
1734400,1119.135502010823,525.6537164197722,392.54834991331825,226.05926390328938,214.49115555185224,189.51534484189705,187.24315575626082
1734800,201.95309509091285,562.1395591650773,347.03474230667496,235.32679335025438,221.13642217347765,191.32939907041072,183.26376717225241
1735200,142.56203329533483,487.2432978323648,325.7883080952705,241.89287628342078,198.72473808059667,194.6927323022041,182.49651704554825
1735600,136.18643485684564,417.4259367947937,338.60506674410783,248.33047747788905,183.81263587142723,197.74416750384557,184.88988959333383
1736000,11.27210162304636,322.2218333753925,334.80398128465583,248.0951160057795,183.79840337360656,197.81243460629162,165.56884616828086
1736400,118.9415323948147,122.18303945219088,323.9183779359814,253.71046197386863,187.48899754501016,200.0213755747872,167.50361131127326
1736800,227.0493275833213,127.20228595067256,344.67092255787486,264.7550658476739,194.44863758799235,191.6790533037244,170.9931357012863
1737200,25.994770678201704,103.88883342724594,295.5660656298052,265.89901681320487,191.8300313363929,188.36361928659323,171.28000473677056
1737600,801.6155299196766,236.97465243981213,327.2002946173028,305.6048090055549,218.23820898417816,207.9646511692938,185.4710547519625
1738000,116.8982862633326,258.0998893678694,290.16086137163086,311.0380118130787,221.78902202676062,205.65861725053804,187.44402340834893
1738400,192.12403531858968,272.73638995262434,197.45971470240752,295.00403230786304,216.52608083632873,210.23329533949118,191.10421881399915
1738800,10.40246514911967,229.407017465784,178.3046517082282,262.66969700745176,216.3194128029123,210.4284795571654,188.72444959797423
1739200,523.2384168714368,328.85574670443106,216.3722900658384,271.0802990805546,233.38601421089328,203.13662607690716,199.02864385493092
1739600,236.6096026295947,215.85456124641468,226.41460684311332,282.5098367936107,241.0251872662971,194.46312861434882,203.47825537169913
1740000,169.7259726999255,226.42009853373324,242.2599939508012,288.53198761772865,246.1500753207867,198.4138010179053,206.70194647519355
1740400,109.73834823951724,209.94296111791877,241.33967553527145,282.62902673562655,249.58686649433625,200.9516670425756,208.28503556688406
1740800,606.4884349071052,329.1601550695159,279.28358626764987,311.97725441276253,269.5979059876659,215.65737475790678,209.1999598965095
1741200,7.934808826491992,226.09943346052697,277.4775900824789,286.5218278561422,269.75854123629614,213.24192102291445,206.18641344577037
1741600,9.942689012287431,180.76605073706548,198.31030599174,262.7553003045215,269.83997466761656,213.25623323606868,206.03378213378303
1742000,11.95763216210129,149.2123826295006,187.81624058161682,238.988550976624,269.9640880692581,213.29582666547475,202.09014191675385
1742400,109.52820552091508,149.1703540857802,179.5566576018494,188.50818615212856,256.52157407252514,207.28372502770898,204.0979677919628
1742800,13.006812938850231,30.474029692129204,179.81709238082243,179.06087204452547,235.0521621319086,207.19383269738992,204.30620212189677
1743200,7.216859829852192,30.33043989280124,128.21493667666397,172.29361337125133,223.45851161259102,207.09324482733604,188.15228819685854
1743600,549.7599035457246,138.29388279948867,159.52996676827698,192.9722868056953,241.5165467851661,220.65138214179214,187.47649624513443
1744000,10.706626807262024,138.04368172852082,143.62803217901063,192.94401306490604,240.23066913815595,220.51956453534277,187.45664725012637
1744400,77.01447149460022,131.54093492325782,140.35564450451892,190.84766001989533,235.204565991924,222.27906099688198,188.83246253496426
1744800,124.97526176122388,153.93462468773257,92.20432718993078,185.74395672879047,238.7196120051519,225.24951128823218,190.9667652443116
1745200,5.707218671526754,153.6326964560675,91.98156817443426,184.7295791284567,221.6750746289062,225.31429797083075,188.98985045321842
1745600,336.44285668716446,110.96928708435549,124.63158494192196,161.4709454668311,216.71406185032166,233.53787723619297,195.53130357723938
1746000,41.20713579085863,117.06938888107479,127.55653530479769,157.6863879432074,201.84454575268185,234.36219987814306,196.14796839333937
1746400,560.5085158454416,213.7681977512431,172.65456633725034,176.10561196955,183.2236462138358,235.55482213870656,200.35789328961727
1746800,162.27429267389354,221.22800393377696,187.58131431075466,183.6992033457887,181.9010194666018,223.18445017662026,203.27132902006284
1747200,30.47985473814979,226.1825311471016,189.90761380158443,159.06127523912434,178.164946848029,215.07078715983948,203.65611862218574
1747600,42.336662414323605,167.36129229253342,139.16528968844437,149.3476282283608,175.03662109994494,215.92873251098572,204.3541636511226
1748000,176.00923424523987,194.32171198340967,155.69555043224213,149.6617913056265,180.52785885401806,219.09688946167756,207.55476171472262
1748400,296.0985199056058,141.43971279544252,177.60395527334268,158.97979988893093,186.43309177104442,220.80441331227877,213.34403985217415
1748800,68.06691030774113,122.59823632221205,171.9131201279944,132.05872365896272,181.13367786185842,222.01798903586263,214.58223305618463
1749200,4.548401500382861,117.41194567465865,171.79723841088003,131.88940329265728,180.41879888926445,209.20561557439973,214.61088605884063
1749600,92.22781396435076,127.3901759846641,147.37573413859866,136.00365954026046,156.7725416907536,199.379479922391,216.30544861667414
1750000,8.451792387407107,93.87868761309753,144.1001997982535,135.82836755152573,153.1576585615561,187.40845926407488,216.30979986216514
1750400,105.06745595254353,55.672474822485086,98.5560938089637,135.60533007310715,150.25577258268785,162.05675811261787,208.15507647275794
1750800,166.42913600294472,75.34491996152579,98.9715781418688,143.27644622631186,155.45666161114872,161.16865913541866,198.34187576966994
1751200,7.141469767732049,75.86353361499565,96.63773964482702,143.27267672320585,138.2534300410252,157.7831450472286,191.38417765683698
1751600,17.669782404805307,60.95192730308654,94.1710516438752,116.66817066615992,130.95543603353224,154.82022873592757,191.5771963375636
1752000,13.88588252522036,62.038745330649206,77.95871647187326,116.82713345205782,125.76076636104206,154.88557325848194,190.86925486371672
1752400,18.618204666247436,44.748895073389974,50.21068494793741,113.90732011064017,122.72342824193308,152.37749006526775,186.6856676394105
1752800,924.3234410094695,196.32775607469495,135.83633801811024,153.87472907305246,133.31792844534522,169.80934290092145,204.78165883231213
1753200,14.333151415898543,197.76609240432825,136.8148130096618,154.30602571027106,133.53120653165877,169.51780241936387,194.72745506145216
1753600,887.4912864765246,371.7303932186721,216.34116026087924,181.85844719973906,162.78282644713332,171.6646963332851,202.7718159900886
1754000,27.197429043439364,374.3927025223159,218.21572392648244,181.1579618623681,163.29081967651126,169.42217490278773,193.56991219655637
1754400,162.58992492227478,403.18704657352134,223.96797082345557,161.26203231620974,165.05954365655663,168.68382214287988,174.43900065478542
1754800,110.82208540535244,240.48677545269794,218.40726576369633,158.6894219527827,168.32005273877337,171.19431264928568,172.6163804610742
1755200,7.8766551740647825,239.19547620433121,218.4807843043296,157.55926197457845,168.34204591691378,158.3102686068514,169.92267289864878
1755600,14.49141375911491,64.59550166084925,218.16294743976056,156.16699954181803,150.49976292402678,152.7573138850894,167.48877247669418
1756000,2.7232501192983625,59.70066587602106,217.04668419916834,147.50270033552096,150.2336503677613,148.58224582057372,167.31779544661924
1756400,561.7950618709375,139.54169326575362,271.3643699196374,160.7875274337875,166.39300338030588,159.8836636613592,176.17486603614168
1756800,122.833274269705,141.9439310386241,191.2153532456609,163.52584563188572,166.32160379725525,147.79228464542422,174.09054496986937
1757200,49.18505498594091,150.20561100099934,194.70054360266516,165.75767830616363,167.77086500773572,148.82354079941044,174.55435065602416
1757600,10.4528551267023,149.3978992745168,106.99670046768293,161.66893036428118,156.904531622387,148.83629495227083,158.73109716016464
1758000,40.66952335244804,156.98715392114676,108.3439098985838,163.27981691253325,156.8866112077733,149.5540922320295,157.20652190194696
1758400,266.0599724226922,97.84013603149769,118.69091464862554,171.32944273604068,147.0716597603483,153.46738640457392,158.685240644029
1758800,3.363638678404841,73.94620891323767,107.94506997593075,163.1761678698137,141.7746379604987,153.22630704806278,158.5444641146147
1759200,24.808130820929268,69.07082408023534,109.6382175406172,164.05950092247355,141.58558049659135,153.66608882283973,148.57585839360456
1759600,412.5656459023945,149.4933822353738,149.44564075494517,183.804294097353,153.9265466128604,150.23623238175645,152.09497925906055
1760000,582.5500380282272,257.86948517052963,207.42831954583806,212.23750187250334,167.47790673895997,164.53231766228058,160.3514605656266
1760400,4.207654926547643,205.49902167130068,151.66957885139908,211.51697438551832,157.74821123965802,162.71214724807925,158.2408466993672
1760800,47.435519183004736,214.31339777222064,144.12980334272908,167.67257829419512,157.0604982021668,160.7736536836238,147.0597883848852
1761200,38.61173505735656,217.07411861950612,143.07247134987063,168.88650747626804,158.19594265406596,161.59626659326952,147.6733269095025
1761600,662.8238287506366,267.1257551891546,208.30956871226402,157.6531345899736,177.2158098136088,169.75579089485637,160.73094970426948
1762000,3.0677579199584697,151.2292991675008,204.5493921690151,156.44665103379958,177.03634199802715,168.80230644808384,160.5531522194266
1762400,6.493978924363654,151.68656396706402,178.59279281918225,148.64185373390404,173.75055943042116,154.9519430250569,158.49246768749558
1762800,152.5213874910715,172.70373762867735,193.5085677004489,150.72681883818998,173.28696781335873,154.70812039548633,161.28275917854
1763200,571.1750121344086,279.2163930440878,248.14525583179685,178.89173668620714,192.08808589224796,168.2254993303928,172.56192222463113
1763600,7.934909794500731,148.2386092528606,207.68218222100745,178.56391148797644,191.76359013857115,167.36545551489723,161.72542234960667
1764000,1173.698631856559,382.3647840401807,266.7970416038406,237.1126805748395,230.42401511628242,192.30769045518022,184.9852624505926
1764400,15.213977995963464,384.10878385450064,267.8976739107822,209.78362638109078,230.31054089393962,185.28557690743918,183.74925258061987
1764800,6.11266926961529,354.82704021020936,263.7653889194433,203.9475961310863,199.70351516927784,183.736720881486,181.3720007307877
1765200,7.266250167651624,242.04528781685798,260.6308404304728,201.85165589017183,199.46795179433624,183.80466709816773,181.4031813607102
1765600,451.0384862599381,330.6660031099455,239.45230618140295,223.8809374468336,184.91952512045003,192.7749339055574,183.69509395216565
1766000,3.204471694824076,96.56717107759852,239.46597755888948,222.00768486395245,184.1197598754962,192.64375088824283,182.935040670245
1766400,5.114934738344778,94.54736242607478,239.3280731402876,208.96043297973506,178.87059353603186,190.14493785788787,171.82716904810303
1766800,6.489205845244662,94.62266974120067,224.72485497570491,209.1167113380771,175.39283088402826,186.14643960394537,168.71146731153007
1767200,7.639547190623285,94.69732914579498,168.37130848132637,208.25828215656173,175.38492728458021,186.15889153951764,168.25466116057953
1767600,4.439014968620735,5.377434887531507,168.02171899873838,187.85195060987306,175.0498473248971,185.82812235361305,167.4967082116655
1768000,8.374244021542655,6.411389352875223,51.48928021523676,159.14316090953884,175.23821378830522,185.69033139102106,164.1440084071915
1768400,16.962966467216557,8.78099569864958,51.66417906236207,159.78092648657227,157.07714394151452,185.6489504360453,158.56129733842374
1768800,155.12859383348993,38.50887329629863,66.56577151874953,165.16558021909654,158.15365459364068,166.41907925664583,160.3025310089387
1769200,6.893822294642868,38.35972831710255,66.52852873144866,163.57968458096084,156.7439468372641,166.23309602861443,160.3494394248239
1769600,503.76460446050834,138.22484621548006,71.80114055150568,155.62672336645443,173.1876718150576,156.63992897821402,168.5801752347471
1770000,103.53485202064002,157.25696781529956,81.83417858408727,160.6500780714885,175.283182770664,158.54836455264405,170.48183642741174
1770400,7.838494077450659,155.43207333734637,82.10653451799786,160.71730382914285,166.67580015915595,154.67957878152345,168.53725718990987
1770800,2.1298769320804007,124.83232995706446,81.67060162668143,153.1977283011933,166.6346747676118,151.96227356969163,165.2512720084926
1771200,8.33106424919323,125.11977834797453,81.73975333253843,125.05553090693255,166.08543921522062,151.97363379656986,165.2750638981218
1771600,143.46067045123246,53.05899154611935,95.6419188807996,131.83181893976914,157.11527336684856,155.1978652138728,167.79088165905034
1772000,323.2572548061447,97.00347210322029,127.1302199592598,89.30975008724842,148.47218059277915,163.21121533104395,173.9783091046688
1772400,192.45659109935025,133.9270915076002,144.67958242247317,98.17188074241776,154.74714513187254,153.97775356175427,177.4550768333309
1772800,7.884508287740907,135.07801777873232,129.95517386789828,98.26047269332403,153.4287781020304,151.10403441220518,159.12629817889632
1773200,8.867560518424298,135.18531703257855,130.15254769027644,98.34053821086268,152.43730561739937,150.09609705051724,159.01698636094685
1773600,5.750924389384028,107.64336782020882,80.35117968316399,76.07616011733496,130.53487547202425,149.9785487820843,141.38217911920404
1774000,218.7990510644925,86.75172707187839,91.87759958754923,86.85588908581839,137.72591857684205,154.4317869748854,145.21421155962508
1774400,8.775857973482005,50.015580446704746,91.97133597715238,87.03893524757525,137.8019812118127,147.99968411365515,142.13793022064922
1774800,34.72009149211698,55.382697087579956,95.23035743315602,88.45047952991887,133.87527134518083,148.78359543399796,140.61589034238452
1775200,7.740639708153138,55.15731292552573,95.17131497905201,88.45553415579536,115.094125597639,148.35690815617855,140.6131700330663
1775600,7.648783031293515,55.536884653907634,81.59012623705812,88.616022558929,115.08458803886543,138.23398658440104,140.47631741850986
1776000,271.2643738982325,66.02994922065564,76.3908381462669,101.76052905276349,85.00344610692123,130.45184498115117,145.84713989408854
1776400,6.085214964899232,65.49182061893909,57.7537005328218,101.21664147764763,84.69915400588575,130.49878398210996,134.7329429559678
1776800,4.964954991273607,59.54079331877041,57.46174520317506,93.7084595355368,84.66089686327436,129.43701987731666,132.37557657039915
1777200,3.772896527426021,58.74724468262498,56.95227880407524,93.55241324717596,84.5444517419335,128.5660489140684,131.46733340122884
1777600,7.713726326836409,58.76023334173355,57.14855899782047,68.74986934049237,69.76695974416344,112.18829635347338,131.41255082523153
1778000,13.236886566291377,7.154735875345329,36.59234254800037,64.23497106777494,70.10137357321236,112.44252456963173,130.8638980895084
1778400,8.399242571359101,7.617541396637303,36.554681007788076,64.26300849247036,70.2108505009795,112.4901561608066,125.71068349248175
1778800,8.229604078593113,8.270471214101203,33.90563226643569,64.567994849796,70.26886377542445,108.88286157549464,125.80800280048553
1779200,7.083322765163237,8.932556461648648,33.8399005721367,64.50560777559448,70.25032296124245,94.78056934126352,125.45350663937019
1779600,6.090128163871328,8.607836829055632,33.684035085394484,57.637080661226435,70.3053600677508,94.73444980049779,117.32399628459973
1780000,6.708712887290114,7.302202093255379,7.22846898430024,41.80965356528371,70.24984236327572,65.55970182626606,105.80716978178097
1780400,21.742027744131587,9.970759127809876,8.794150262223475,33.273925397522774,70.40914440583954,65.72290306997027,106.15785723813265
1780800,8.089826731012852,9.942803658293823,9.1066374361974,33.28419131968637,65.50785216909031,65.7723320065052,105.37094338909283
1781200,6.780837788181442,9.882306662897465,9.407431562272942,33.179855183174226,65.50408601887494,65.76019669701844,104.73432544370931
1781600,8.306433984422393,10.325567827007678,9.466702328031541,33.307630662926144,48.98881366967207,54.69189539013056,91.64397754838502
1782000,8.231058771019642,10.630037003753582,8.966119548504366,22.779231048252505,45.81202056135139,54.817560067035444,91.74724356540627
1782400,5.746207997062668,7.4308730543398,8.700816091074724,22.627748549431537,45.742277692005125,54.8333418985034,91.73228814686024
1782800,13.997217821274951,8.61235127239222,9.277577465342908,21.591604865889437,46.13785572164493,55.02104219790415,88.9618047534643
1783200,6.17154166837482,8.490492048430895,9.186399355664065,21.51314996390052,46.06587163561766,54.98434205984794,77.66173534414364
1783600,31.88120004888425,13.205445261323266,11.765506544165358,22.724770814780054,42.34655595553939,55.67039668685453,78.1406611492313
1784000,158.8890403930474,43.33704158572881,26.983539294741085,17.1060041395208,36.867615475102816,59.43326659614214,57.84446931996107
1784400,1190.7308493110745,280.3339698485312,143.8824214514354,76.33828585682957,70.14342408216028,88.77746366723859,81.35480674626329
1784800,52.84085939625949,288.1026981635281,148.35752471796005,78.73208107707886,71.6419691191109,86.22027030630782,82.28937054879617
1785200,8.407897232756879,288.54996927640445,148.52023066241756,78.96383111234539,71.62664700958867,86.25812217976069,82.31220349009828
1785600,7.04652936760682,283.583035140149,148.39424020073602,78.93047126438391,71.66983384219608,73.84017030243814,73.43236435225165
1786000,7.614805318230802,253.3281881251857,148.33261485545717,78.6493672019809,64.63035898398736,71.44216913487791,73.5205710247198
1786400,8.309335587115928,16.84388538039398,148.58892761446248,78.64487185276873,64.61480823777516,71.45394017261955,73.58445904169521
1786800,6.685238180209367,7.612761137183959,147.8577296503559,78.56765355784954,63.680313127378234,71.56782420382277,73.58837968839451
1787200,8.228361270269486,7.576853944686481,148.0634116105454,78.62490548310487,63.69657051278212,71.56525662934968,73.60015596998743
1787600,5.886128314093416,7.3447737339838,145.4639044370663,78.61470549061596,63.63781535554211,68.1258930759212,73.6290982368969
1788000,8.775830390160849,7.576978748369809,130.45258343677764,78.71806136575951,54.888197238606395,60.263857465521596,73.63712996426925
1788400,8.420059235469141,7.599123478040452,12.221504429217104,78.05196294032638,54.966025380958726,55.66294416892457,73.4662718196343
1788800,7.025618451893506,7.66719953237728,7.639980334780506,77.99875252637041,55.03471416297939,55.641471923028384,70.50421231200237
1789200,701.7574739199845,146.37302206232027,76.97493800350327,112.74758433296056,78.30086674273134,72.9637197580674,84.4014853445092
1789600,11.622837150201176,147.52036382954182,77.4325687817627,112.91340449124952,78.4311704368435,73.11051757708783,74.55864999830307
1790000,8.96229792894978,147.55765733729962,77.56731804283461,112.94996644914602,78.28868414893212,67.86459874869925,72.66719891646926
1790400,501.9427510934705,246.2621957088999,126.93065959347007,137.75979360396641,94.7401344330025,80.19377107669898,82.54928405678966
1790800,3.758966445097104,245.6088653075406,126.63803241995883,137.24788103515752,94.59111317855263,79.41974295052349,82.58186584705
1791200,6.305278487490747,106.51842622104186,126.44572414168097,137.2545678761133,94.56517836929689,79.38385892000693,82.54135013181595
1791600,21.719219013493028,108.53770259370026,128.02903321162094,136.74646882434374,95.08614806428427,79.7356198195619,80.10652110306116
1792000,7.689358075776141,108.28311462306552,127.92038598018243,129.18648470848018,95.1188362372338,73.14624442400049,73.79516316845377
1792400,7.347825107612373,9.364129425893879,127.81316256739676,70.01733349830707,94.63902948268316,73.17780967756832,70.09298784861902
1792800,418.09498887363577,92.23133391160161,168.920099609571,88.2800399721759,108.3058682207706,83.50606052462737,78.29719746033692
1793200,5.282726633473181,92.0268235407981,99.27262488091988,88.12378144221171,108.25593118228032,83.54380627727855,78.2255007826379
1793600,7.696755254036042,89.2223307889067,98.88001669130337,88.15629273653317,108.23560855793409,83.54338200045854,78.26441739993093
1794000,6.394095648391112,88.96327830342969,98.6231964632475,88.09525725304118,108.17437645384648,83.37231222751105,74.01631829160891
1794400,5.5644260357364095,88.6065984890545,48.98536395747408,87.95801177547222,108.1683170551356,83.30144181412047,73.952089652854
1794800,3.3246129479332884,5.652523303914007,48.9419286077577,87.78998051385841,107.81256355935756,83.17881703585398,73.32418008197033
1795200,8.958644006159744,6.387706778451319,49.207265159624605,87.82649465065292,107.90546697061704,83.22570006687889,73.34854016793047
1795600,31.006908118748083,11.049737351393727,50.1360340701501,89.08253364088566,107.87632390627917,83.84861956575081,73.81570266967955
1796000,8.89158568383092,11.549235358481688,50.25625683095558,89.08832140556915,102.8764087493053,83.90319138566433,68.56824690539152
1796400,8.034963671768113,12.043342885688029,50.324970687371156,89.0690666273841,63.453212561328414,83.56051478385524,68.60724187952889
1796800,4.1971892952045495,12.217858155142283,8.935190729528031,88.92764516954966,61.83175689129325,83.46319884796004,68.59188656560751
1797200,3.187305227145392,11.063590399339411,8.725648588895252,53.9991367349077,61.65773715777287,83.37336053393413,68.5801747396019
1797600,4.798769058024461,5.821962587194688,8.435849969294093,53.65793333029886,61.58281181412012,83.28566891077418,68.52187559422566
1798000,2.48385403426496,4.540416257281495,8.044825807881478,53.33401113556463,61.41178010465459,83.1419887923553,68.30681494358514
1798400,6.949433169529669,4.323310156833807,8.183326521260804,28.584345239367575,61.366450024068385,83.17206942166699,68.27781875554854
1798800,8.052216285636693,5.094315554920235,8.656086855031145,28.799007731394557,61.41201596091596,83.02344438327603,68.27427099968942
1799200,15.995912358323672,7.65603698115589,9.359813690247538,29.283539424936208,61.67093433051777,83.26905365052475,68.45252279155262
1799600,274.71038381198844,61.638359931948685,33.730161259571574,41.93309766486097,70.63174284711427,89.33978324460236,73.82492790451496
1800000,7.703660721711457,62.68232126943799,33.61136876335963,41.933812797157735,70.59600385816594,85.56014875281896,73.84482686120339
1800400,8.260819719227491,62.94459857937754,33.63395436810556,41.9794625277385,70.59069587429123,55.99839801302279,73.57520270070532
1800800,8.63292318638908,63.06073995952803,34.07752775722402,21.50635924337616,70.64427269877442,54.893199607776026,73.58606462981284
1801200,21.12316245809621,64.08618997948254,35.871113480319096,22.29838103460731,47.95646231671148,55.211081238409506,73.87291112321114
1801600,24.82163159537741,14.10843953616033,37.873399734054395,23.154624851674377,48.396422131550686,55.65545879410378,74.20321507543022
1802000,435.5031480411698,99.66833700005199,81.17532913474489,44.61007747131332,62.61445046862469,66.35266736217724,82.74865686083324
1802400,454.18903328581695,188.8539797133699,125.8992891463736,67.04130783381734,61.02265987503623,77.49965980464478,91.71751336660832
1802800,509.3757630158245,289.00254767925696,176.0316438193924,92.3438653372119,77.87655309406048,90.06692292553515,101.62508427049931
1803200,9.421925470102524,286.66230028165825,175.37424513057027,92.36702941040905,77.9804413268142,90.09676203053098,101.69009194653387
1803600,416.2178599756894,364.9415459577207,189.52499274694037,111.6275770032561,91.13039602555409,100.35505532207087,109.37682514506997
1804000,4.794561774064422,278.79982870429956,189.23408285217567,111.4227258077678,91.03390281549702,100.25552360666848,106.2949355726903
1804400,505.454651798409,289.052952406818,238.9534660600938,136.29371021409983,107.63746370519024,112.68138842074197,92.589411622437
1804800,7.535006671033908,188.68480113785986,238.84367440855826,136.4606010828913,93.95213096510352,112.69412312622046,91.68329456793248
1805200,13.327934110714196,189.46600286598218,238.0641515738201,136.96763252706972,94.22030454767823,95.48338463098871,91.78169530549162
1805600,5.696154479522897,107.36166176674888,236.15160386223465,137.01250179814465,94.15361785519444,95.33521756422175,91.75468780772995
1806000,109.56211082767447,128.3151715774709,203.5575001408851,142.36641463781513,97.5925516945039,97.85021288668987,93.79363391791884
1806400,19.751535030509515,31.17454822389101,160.11375031535437,143.00651973086414,98.06545532766299,85.79543248511585,94.0224779067867
1806800,5.808811617472104,30.829309213178654,109.75705517551913,142.8943494974559,98.14826194998095,85.84667861442522,94.00494937553196
1807200,6.3526330893568845,29.434249008907187,109.45012593744457,142.41218553400753,98.06139491942086,85.84786247947187,93.9674348119137
1807600,113.36309558591805,50.96763723018621,79.16464949846743,134.34482112270402,100.80660116832652,88.1389593937825,96.1169741573502
1808000,3054.6664800129124,639.9885110672337,384.1518413223522,286.6929620872641,202.3324309792959,164.3133874422109,157.03478714980523
1808400,504.7932155360853,736.996847168349,384.08569769611984,311.519581878107,218.89103937477316,176.74952220292272,166.96225027581752
1808800,229.1840241795585,781.6718896807663,406.25059944697233,322.5471369277654,226.39060053758493,172.0267480855708,171.40541839037087
1809200,4.293427961854061,781.2600486552657,405.3471488320863,321.70565020295334,226.42747129540857,172.00201561878032,157.45613747120825
1809600,6.471342133789053,759.8816979648399,405.4246675975129,320.78813572987394,226.4832237312674,171.97138029077414,157.35310757087998
1810000,1012.1861166036804,351.38562528299343,495.68706817511355,349.62228415799945,260.1399658169146,197.1161808146564,177.4175839443746
1810400,9.17057455618208,252.26109708701279,494.62897212768087,327.3713612215177,260.2140038631363,197.20633452766754,167.56214041362884
1810800,7.320755169512795,207.8884432850037,494.78016648288485,302.26861082920215,260.1896218259322,197.306238083207,167.63337618811715
1811200,4.771622806638522,207.98408225396057,494.62206545461294,302.0360956960289,259.815478840876,197.20156255321896,167.60270307450008
1811600,7.604131223001404,208.21064007180308,484.04616901832134,281.6054092583945,250.91193708790976,196.6164931308253,167.32040131869027
1812000,8.579911898557228,7.4893991307784065,179.4375122068858,281.79467676461917,250.94114546047132,196.60870128619348,167.3382123951459
1812400,8.00751550354983,7.256787320251955,129.75894220363227,256.92231994987617,250.93270198661537,196.60801508198801,167.35140620306464
1812800,179.0331726061051,41.59927080757042,124.74385704628689,265.4972282466298,256.61271030060595,200.97891466476054,162.57016987771402
1813200,7.968635797211971,42.238673405685105,125.11137782982271,265.22926333095467,256.17422607857645,201.0984479290122,162.6238880609888
1813600,582.728439872895,157.26353513566383,182.7370876037333,294.08087760062324,274.771119687827,215.54668969938393,174.124521753366
1814000,3462.6162419135544,848.0708011386632,427.78010013472067,461.7335841549173,375.67488948357317,302.04999939636616,243.24896467866927
1814400,11.029044005335884,848.6751068390204,427.96594707963607,461.2974596036585,360.9028898408905,302.1519896672613,243.35825703806123
1814800,6.579551333106754,814.1843825844207,427.8918266959954,461.33599658944024,344.14301611813323,302.11517304344807,243.4233558057647
1815200,8.875854320453874,814.3658262890692,428.30224984737697,461.46215765099515,344.12481374647825,301.9371715925014,243.42170001205056
1815600,2.9201969528701164,698.4041777050642,427.83385642036393,455.94001271934275,330.348224979051,295.1424169210234,242.85996578873304
1816000,11.265023461226413,8.133934014598609,428.1023675766308,303.76993989175844,330.56390703528973,295.23145098951125,242.90743454428096
1816400,11.201413249849091,8.16840786350125,428.42175735126074,279.0903497774467,314.088799083671,295.3049658277768,242.97076353584256
1816800,606.5965833564043,128.17181426816074,471.17809842629066,297.96097773628895,334.05751830651667,310.2540573320272,255.01875141706657
1817200,7.992483571529798,127.99514011837593,471.1804832037225,298.1459305167727,333.87966995521055,309.925790359863,255.11485498395425
1817600,243.7756336690549,176.1662274616129,437.2852025833384,310.011145093536,341.8156525948616,315.399640411705,259.8943922761748
1818000,17.02356787295896,177.3179363439594,92.72593517927886,260.25301765699993,338.73103449637114,304.9376509074997,260.1851865529488
1818400,4.353756901341658,175.94840507425792,92.05840646887944,260.0121767742579,338.21777522539884,293.69176899788783,260.133273027585
1818800,384.5849580593781,131.54608001485266,129.85894714150658,278.8753869187512,350.8436467734624,290.57199887397667,267.6639278630598
1819200,8.260350218804723,131.59965334430768,129.79739673134168,279.04982328935955,350.907237344444,290.5429594926942,267.50921662026946
1819600,9.067313536851143,84.6579893178669,130.41210838973979,279.12298240505197,347.4307112761417,280.36419583172324,262.19635521476664
1820000,250.82581780235589,131.4184393037463,154.3681878238527,291.2352777002419,253.9693558691232,286.51497723243057,267.05879835637955
1820400,458.3324187017983,222.21417166383762,199.08128836904763,313.7515228601543,252.42066264131364,285.33692140501523,276.060230336031
1820800,3015.558620028113,748.4089040575847,439.9774920362185,455.57779523125475,345.29981583626545,360.53751173894227,336.19874427286544
1821200,4.749690047230123,747.7067720232697,439.65321268378847,455.41684794375567,345.3150245724446,360.3230556373552,335.87127482464814
1821600,182.95349117388352,782.4840075506761,433.5709984342714,435.4281005088051,351.1977628737812,364.75448905471416,339.0339120162182
1822000,25.68956874839552,737.4567577398841,434.4375985218151,263.5817668505472,318.3145446119383,362.65767550273216,330.83764043036274
1822400,5.752201904709707,646.9407143804664,434.5774430221519,263.3179247455158,318.20059885688926,362.3076921745872,321.86890380274065
1822800,13.120795218903648,46.453149418624506,397.43102673810444,263.6449869398057,318.39393352520227,362.490491764623,311.94380444680223
1823200,5.917561717681635,46.686723752714805,397.1967478879921,263.49707230966703,318.4321314889037,362.4796149803311,311.87371717175375
1823600,21.79469192738472,14.454963903415045,398.4694857270455,264.44079705839283,318.9051501790498,360.19040488886776,303.98525381078775
1824000,20.79588881506677,13.476227916749298,375.4664928283166,264.9173403260848,319.3123494096001,284.34364010892165,304.30528035160773
1824400,114.6177646477312,35.2493404653536,341.0950274229099,270.08815789597895,322.86602438107286,274.58925383671277,296.48854260859423
1824800,8.63161874496718,34.351505170566305,40.40232729459527,240.1899096654071,317.1859725857015,269.07544370084804,296.51047485007285
1825200,97.56316262145468,52.68062535132092,49.68367455201773,244.6684436179033,320.1724568131763,271.407187067338,298.1951794202877
1825600,109.76073742268224,70.2738344503804,42.3643991768976,237.9676988055847,304.40686673150253,273.9894219495603,300.2764710791509
1826000,5.888042909351062,67.29226526923728,40.38424659299315,237.41092255740426,189.18259343136245,248.8319701072021,298.2029897207844
1826400,171.69493550981696,78.70769944165443,56.978519953503884,245.77798148782804,194.5381231481785,252.895079131043,301.24185773037055
1826800,1222.441931183216,321.4697619293042,177.9106335499351,287.67083014402,235.06686914318215,283.27310853138556,325.5745201216854
1827200,105.16814421128274,322.9907582472698,187.8356917992952,292.51621984364385,238.2766121395431,285.78302156650165,327.55083034412394
1827600,13.85322302806654,303.80925536834667,187.04154490936338,292.75551531820463,238.64104634204966,285.9392488616283,325.5606328929669
1828000,803.0513816375408,463.24192311398457,265.2670941916108,320.3667935099639,265.0339249479268,305.80103560510287,280.52833092545944
1828400,8.544441429669405,430.6118242979552,254.6597618698046,297.8773946463574,264.9453592205875,305.8144587532559,270.60335544333117
1828800,127.34718374702976,211.59287481071783,266.53131837001087,153.46682283230322,248.97037923360833,304.52230903177895,268.5666186346806
1829200,692.702636817001,329.0997733318615,326.04526578956546,187.86447017079178,271.79405100845736,321.6406590572737,282.3348028117835
1829600,157.50316122509224,357.82976097126664,330.81950816980645,186.5919536733522,268.91830192699194,311.01002709107865,285.3554391936096
1830000,14.244614012816362,200.06840744632177,331.655165280153,186.01970593657325,268.82567013165385,224.8007363935602,265.39660914179234
1830400,6.017359977382996,199.5629911558645,315.08740772690965,186.03296384020695,268.8811235675219,224.67544429286136,265.3335448502163
1830800,6.413852863056149,175.37632497906978,193.48459989489368,185.69761672241455,256.2754200609778,224.67130183111007,265.31540680408716
1831200,8.717909143253886,38.57937944432033,183.8395763880908,185.83763409369314,256.2906720251261,224.66735320168013,265.3943325308195
1831600,359.6728811700147,79.01332343330482,218.4215422022856,202.73154355582466,267.9775242795649,233.58617030710872,272.4357075297598
1832000,13.11989184072874,78.78837899888728,139.4283932226044,202.34774370710775,260.05399341417734,233.6325420165963,272.5265071286032
1832400,16.37871455835789,80.86064991508228,140.21182053547324,197.43579120263908,245.32220327606268,233.76197454930903,272.69393110969935
1832800,4.211867538678872,80.42025285020682,127.89828891463817,197.21480364232468,144.9439781930815,218.70235665386585,269.19750500835084
1833200,14.038410468749063,81.48435311530585,60.03186627981296,193.03856603468938,145.25360220713216,218.85350482629633,269.31890050178157
1833600,13.113416448177976,12.172460170938509,45.59289180212153,188.20619998596416,139.59226638294197,213.08694939577444,257.92660003328723
1834000,21.72113450257397,13.892708703307553,46.34054385109729,188.99785456562532,139.45998524141459,213.2043885615148,189.10869788506764
1834400,557.6404559446579,122.14505698056755,101.50285344782478,208.2951305873674,157.85626037607952,227.0365560375977,200.0409261238541
1834800,2304.4497505757654,582.1926335879849,331.30644321909574,262.3955215569948,234.23389222130825,275.03317585050735,245.99833010870722
1835200,345.05320693631904,648.3955928814988,364.9399729984022,274.3897746932467,245.53841372859614,283.45299726844524,252.72187716102457
1835600,17.765171216968465,649.325943835257,330.7492020030976,274.58537210269174,245.40409637158228,283.6704437104482,253.0187766463065
1836000,393.27047381871154,723.6358116984845,368.7642602008958,254.09632671175032,257.81991587170376,287.23156011085706,260.6588856534562
1836400,469.7419299830726,706.0561065061675,414.10058174336734,277.1562011394205,269.6573880495485,287.5167978928889,269.8296959881207
1836800,11.92087204221059,247.55033079945642,414.87148219372045,271.3848855541795,269.7670298261233,212.42585419324138,257.9361817618368
1837200,482.1721367167643,274.9741167555455,461.6848548185221,260.8583605491677,282.5873289626336,224.36141535997973,267.4197748247415
1837600,34.030376696686105,278.22715785148904,463.77655084337283,254.68472132274732,280.0629836051004,220.63833749804976,263.22486968529415
1838000,556.9634997197815,310.96576303170303,517.3007873650936,281.8206656080956,298.4321654987814,233.92018577233443,274.02366832223055
1838400,32.15433664584978,223.44824436425847,464.75217543521285,283.12751444151894,293.7808122033158,234.58023914086294,274.57967991712076
1838800,600.7506977820028,341.2142095122169,294.3822701558365,312.8443566874663,273.0577710899421,249.2709867049404,278.9029947115732
1839200,1551.3082307103357,555.0414283109312,415.0077725332382,389.9738727658204,321.2624406399105,287.90575342975677,309.76395232140385
1839600,84.46585527717272,565.1285240270286,421.67784093925866,376.2135214711783,323.61619504821397,289.47253251350145,311.2719231562103
1840000,16.353245239462943,457.00647313096476,383.98611808133376,376.375189141115,297.3929238349447,289.36146642411137,306.58247170495247
1840400,13.886010846582536,453.35280797111136,338.40052616768475,376.25055395552624,297.57097614884185,286.84317257908265,297.6935435478481
1840800,4.3631213628247245,334.0752926872757,337.6447510997462,376.2581166467336,293.4715074027017,286.73646014452913,237.4696335745423
1841200,305.9811790308891,85.00988235138645,320.02565533115865,390.85525507484056,280.5807921431646,291.94691055476494,243.49426335421555
1841600,422.6561033087604,152.64793195770397,358.88822799236607,411.33238941786965,289.4192235459535,299.7692947019169,248.28831559691307
1842000,271.3999050491383,203.65726391963906,330.3318685253018,423.81632794519794,297.9910665804976,306.40709125541156,253.2025223229279
1842400,5.098100975623515,201.89968194544727,327.62624495827913,396.18921019674616,297.9604246137723,302.2421703920567,253.18944030434616
1842800,12.90146287354232,203.60735024759077,268.8413214674331,281.61179581163503,298.1766782807885,272.0036586843149,253.18505365743894
1843200,9.376765124881116,144.28646746638918,114.64817490888763,264.82797372106313,298.19864014684276,269.6088742071549,253.25423772558298
1843600,27.328614528700022,65.22096971037709,108.93445083404035,265.3061458866497,287.1204979254656,269.9457589946707,253.36491617760922
1844000,8.051134254181123,12.551215551385663,108.10423973551217,246.04517890842317,286.9515393392474,250.07075281008673,253.11002108639153
1844400,484.8730574051646,108.50620683729389,155.20294439137038,246.80173527952775,302.56801743414087,261.97896820947415,260.51512694154025
1844800,8.921290219977534,107.71017230658092,155.6587612770857,246.65175618841613,302.72499819018424,259.01832087129776,260.5209203710404
1845200,577.3129792751034,221.29741513662537,182.79194130150708,251.40879831633305,321.500817150396,256.1335794327503,270.11591670411343
1845600,4.672450041131054,216.7661822391116,140.99357597474415,249.94090198355534,321.2194516034944,252.3128116531513,268.01415095648235
1846000,6.0806604662626444,216.3720874815279,114.46165151645661,222.39676002087936,320.6981024689507,252.1087128144875,268.0180033076206
1846400,214.940157170161,162.38550743452717,135.44585713591036,231.5360510470949,309.2747591764675,257.3317827443069,268.8829077408275
1846800,8.32487775822867,162.26622494217742,134.98819862437898,201.91476004590623,232.73726341588295,257.37955836668624,244.60056667232774
1847200,8.163287093015567,48.43628650575984,134.86685082119243,124.75751286504021,221.50759942110616,257.3656928154303,242.66046952996237
1847600,14.102701869252414,50.32233687138411,133.54425955524766,121.23935519464422,221.38551710951563,248.72643833291127,242.6654591067861
1848000,8.007622636120542,50.707729305355684,133.53990839344164,120.82207406447708,208.54342207009591,248.59863160279602,226.76458392675772
1848400,5.546479465181827,8.828993764359849,85.60725059944333,120.40509749540703,193.0702403861662,248.32782572546662,226.70462468746794
1848800,4.625994400086584,8.089217092731431,85.17772101745423,120.41824114727015,192.82707779809544,248.3381788970018,224.25020090052908
1849200,191.23663323354543,44.703886320837405,46.57008641329844,114.68101385740295,183.12922768198814,252.76813446612172,214.22088082885995
1849600,15.588653363082935,45.0010766196035,47.661706745493625,94.32764136011907,182.51450357086804,252.83001538899435,211.3825906716198
1850000,29.10962131059229,49.22147635449785,49.96460282992659,82.21312717319178,164.91937429056173,253.0147275591948,211.67989081757528
1850400,149.73015750957077,78.05821196337565,43.44360286386757,89.44472999988915,168.83856831935242,242.81697009831765,214.55414676821908
1850800,427.5337638023046,162.63976584381925,85.36449146827516,110.17634504632724,163.06467052002915,195.8940704289811,222.97654498700402
1851200,19.47217730438182,128.28687465798652,86.49538048941179,110.68111565530228,112.00346873983068,187.75454468818268,223.19163035022657
1851600,6.326649321926113,126.43447384975516,85.71777523467915,109.6310173949636,109.39882854132247,187.46858164080663,216.1247057132648
1852000,425.22864107389,205.65827780241472,127.4398770784561,130.489892735949,123.02800840247005,188.26753582218606,224.36688069792802
1852400,567.1601376069734,289.14427382189524,183.60124289263527,134.60424674603945,141.47047929448306,190.70299101278357,235.38250915890035
1852800,7.617461549425067,205.1610133713193,183.9003896075691,134.53905531251183,141.57895730070308,190.59540575046395,235.45062103911528
1853200,2.7377026918099947,201.81411844880498,165.0504965533956,105.81029148334719,131.47084142273377,178.6095448998401,235.22460688357648
1853600,6.615245039079371,201.87183759223564,164.15315572099522,105.9074312332446,117.6028128137444,177.92416660839996,235.0946434553945
1854000,5.735524708587202,117.97321431917506,161.8157460607947,105.89017444536084,108.74733346905937,164.14346723312008,234.77493125951477
1854400,4.906654503439409,5.5225176984682545,147.33339576018156,95.38849931202473,108.74095191998657,163.4622751795598,223.7202552306904
1854800,6.650751818704422,5.329175752324125,105.24509456182155,95.30479301504853,108.53259488482531,148.60977653047735,177.76427525554922
1855200,6.581599025156588,6.097955018993444,103.95603673389903,95.22570861165558,108.43942268150116,109.99161073834787,170.99484309732594
1855600,337.2002951644692,72.21496504407142,137.04340131815334,111.38058827641643,118.76847870269346,116.30997173553028,177.38354557627596
1856000,3.5837165869411765,71.78460341974221,94.87890886945846,111.15939297395747,118.61956478045212,115.99073351921724,169.58981043164056
1856400,5.654882278111952,71.9342489746767,38.7283833365723,111.16481311460397,102.64562560955036,115.78495530500547,160.30806947754135
1856800,20.29242985969437,74.6625845828747,39.99588016759923,111.94813488758435,103.02466359754094,116.18318801742721,160.47550063389102
1857200,588.2364974348861,190.9935642648206,98.54575964190686,131.7981280976514,103.38878086953369,123.23957097752714,162.59678784825346
1857600,483.5829854610448,220.27010232413576,146.24253368410342,155.1978447025495,119.35246538353081,124.76274303133428,171.58784002354062
1858000,14.915202240501532,222.53639945484784,147.16050143729484,154.48812374904495,119.64695010933877,118.35062546111836,160.74687407395504
1858400,418.7782822075592,305.16107944073724,188.54766420770682,167.94052998394437,126.44155427725204,128.6926299919167,168.47935298518922
1858800,12.706663547614475,303.6439261783213,189.1532553805978,147.19917497120986,126.5876138035649,128.68776000876852,156.71847230050145
1859200,559.9919813749475,297.9950229663335,244.4942936155769,174.22516517473815,144.98190361296264,142.4531404150202,136.89214731379369
1859600,447.6285505004278,290.80413597421017,255.53711914917275,196.29026023366322,159.43276523400183,152.9606388143134,144.1554012182588
1860000,5.969243506364587,289.0149442273828,255.77567184111507,175.32729035528695,159.36481926300996,152.90859154561798,143.94772118359683
1860400,6.4444935490933135,206.5481864956896,255.85463296821322,147.29150815239296,159.394753065807,140.94787744921618,143.79889083764704
1860800,375.4327280383734,279.09339939384137,291.3686627860812,165.68227147684038,171.7549775204166,150.1106633946761,151.220282971158
1861200,4.906347142902938,168.07627254743244,233.03564775688284,165.790703699395,165.54396798406182,135.80049759137108,145.1987863333983
1861600,220.7803080006608,122.70662404747904,206.75538001084442,176.4989568474741,172.38368980531442,141.2031940403593,141.16127042723627
1862000,6.936571084965984,122.90008956319932,205.9575168952909,176.559009166293,171.64458813112688,141.22459180582692,135.87200374795285
1862400,5.592592903030591,122.7297094339868,164.63894796483802,176.59330608627258,166.84000264424222,135.99090269914865,135.88189358650098
1862800,7.343302624127115,49.111824351137535,164.1026118724893,176.6279336265437,152.83365393830294,135.9663633207961,135.77073038151266
1863200,6.040688230037493,49.33869256856444,108.70748255799829,176.60088808678776,152.38593763582477,135.91329834922163,135.7040088436158
1863600,5.17566579787678,6.217764128007639,64.46219408774317,159.99965661845812,152.34757151835646,135.69012244743726,135.26094986899935
1864000,5.450322956906332,5.920514502395708,64.41030203279736,160.09298693695638,138.35496091445702,135.6261899554569,135.20893364305385
1864400,86.38449130928375,22.078894183646337,72.40430180881638,164.129467388515,122.32910603786738,137.64714025155948,127.23916232113625
1864800,6.115420594001468,21.833317777621208,35.4725710643792,163.42061692523038,122.27903800601992,137.68437590640733,127.18304492861671
1865200,12.146582002113826,23.054496532036474,36.19659455030029,134.61612115359173,122.59266731636339,133.20712462562153,115.87971698315692
1865600,30.42480690176674,28.104324752814467,17.161044440410883,111.95821222562782,123.38631937845297,133.57802846408862,116.39476412036964
1866000,5.938807198049815,28.202021601043164,17.061268051719267,111.50939247350523,123.39309546143505,132.99875811127507,116.39192705500538
1866400,13.175011269124727,13.56012559301136,17.819509888328678,91.22922892658352,123.66870735362457,129.58487945526392,112.35662413698466
1866800,13.430991372777708,15.023239748766608,18.428278763193738,91.26544531784168,123.89471533876034,119.23231014452574,112.45874640927563
1867200,8.866782351946881,14.36727981873322,18.710888175384675,63.70918536669164,123.97088811632003,118.96717527071488,112.47281631445426
1867600,17.444398504830964,11.771198139346064,19.937761446080096,42.19997776691181,113.3123582276654,119.24511900028749,112.53965024716585
1868000,140.30617473662315,38.644671647060726,33.42334662405178,48.91682432842474,117.86977349932148,112.12205734185582,115.18562128917588
1868400,5.491820279115314,37.10803344905885,25.334079521034933,48.86919066492583,117.86433809935492,98.08034940865937,115.18452810545456
1868800,179.26603662362754,70.27504249922882,42.64914112399754,39.060856094188544,123.16345832481936,102.37156378551443,118.67732894992538
1869200,393.0625969219783,147.11420541323508,80.74074261598398,58.46866858314231,116.65766164105577,112.12968614126865,122.71384822369401
1869600,37.061297525551545,151.03758521737922,81.40439167836247,49.28271805938685,101.77360537653932,112.89083745343046,123.1433011069434
1870000,10.280667922296413,125.03248385451386,81.83857775078712,49.44992290125337,101.61912089926584,113.00446603377316,122.7667220391775
1870400,5.513975577580766,125.03691491420696,81.07247418163273,49.445992034980875,87.84364401159989,113.01964906062669,119.8823984005377
1870800,20.401402447846195,93.26398807905069,81.76951528913958,50.09889702616683,88.10013530827428,113.36341532635524,111.73975117344851
1871200,6.394580604905005,15.930384815636028,81.52229511443538,50.11659164491021,69.64688861593953,113.35873986584897,111.47819923945897
1871600,7.403866702512941,9.998898651028309,80.51824193420359,50.228001690142015,54.972732489342356,105.11382915430003,111.49974358707071
1872000,19.325918091360524,11.807948684841131,68.42021626967733,50.92178144686473,55.417954975508884,105.50738419191055,103.38168912742012
1872400,11.262661743793393,12.957685918083655,68.99730041614512,47.16568996859021,55.578560581998886,105.64757867855258,92.26373961015653
1872800,6.192675145710251,10.115940457656468,51.6899642683534,47.16955269617565,43.27055881891012,105.29508481070297,92.23524388208223
1873200,6.191152906613182,10.075254917998103,13.002819866816889,46.87178124140062,43.31338567770045,90.74395119749616,92.30431288637828
1873600,84.27258013302949,25.448997604101415,17.72394812756469,49.564169902963755,38.76312808211275,80.76119106429577,93.8574595882573
1874000,6.257970149580003,22.83540801574531,17.321678350293045,49.58012805054026,38.74050805093321,80.54476026202273,93.86790849707715
1874400,10.407066274555977,22.66428892189783,17.810987419990564,49.441730800811825,38.90099049665072,70.33547986369766,93.9779167324995
1874800,11.742733509816103,23.774300594718998,16.94512052618756,49.35731790766374,39.04763819284036,70.3113816127527,94.07975636632173
1875200,246.52120764013372,71.8403115414231,40.95778322971043,61.24003917207308,47.06365550651024,62.47461226938234,98.87854853862126
1875600,6.461933043428958,56.27818212350301,40.863589863802034,60.690915899002995,47.10653108136197,51.44544683295737,92.26378129620046
1876000,9.403754228876268,56.90733893936225,39.871373477553604,54.14579487361565,47.23831212376097,51.53130960102017,92.38018204903916
1876400,8.660762083606851,56.55807810117243,39.611183511534946,54.30424196384022,44.64752114957174,51.586716314383,92.44029964514907
1876800,122.82178489400124,78.77388837800945,51.27409448636405,51.4820293773589,48.53773329290507,45.271442735773704,94.4908867458352
1877200,6.977751142008451,30.865197078384398,51.352754309903574,32.17778708836041,48.36543893090155,45.32322783575133,82.86571181997766
1877600,134.6382993473795,56.50047033917451,56.38932623133858,37.056637179451805,51.83922201242198,43.16967761941931,75.88681809770434
1878000,8.019578088569157,56.22363511111308,56.56548702523749,36.94358268776544,51.90858104210596,43.19675279450938,75.74890561466569
1878400,162.48135974003276,86.98775464239826,71.77291637178516,44.79195189588804,56.88545932446956,47.11897196543443,70.62296716531517
1878800,16.598977792888203,65.74319322217566,72.25854080009239,44.60183066314015,56.99105887180657,47.350363844653465,70.70081345022064
1879200,192.76622209902263,102.90088741357849,66.88304224598127,53.92041273784603,63.1210401967091,52.01850219137809,63.35629826470213
1879600,133.0884672559406,102.5909209952907,79.54569566723242,60.204642765517406,66.97584248841275,55.216322227829686,57.0654965998124
1880000,5.816321748280099,102.1502697272329,79.18695241917281,59.529162948363386,62.492847388801316,55.22547219761403,57.0624381646507
1880400,6.8842020577376495,71.03083819077389,79.0092964165859,59.3102399640606,62.53926011475539,53.23796496632538,57.07123233482359
1880800,9.771825458897649,69.66540772397578,67.70430047307555,59.48919747971998,56.889453075931065,53.32937508794778,49.758014283234075
1881200,433.2576764189332,117.76369858795788,110.332293000768,80.84252365533597,58.2292890591629,63.857152448368275,58.32504086875468
1881600,4.127784075084683,91.9715619517867,97.28124147353853,76.83528385243874,57.13150527748066,63.199726877701224,53.99199039024316
1882000,268.1227362128586,144.4328448447024,123.29155728596747,89.92852215560266,65.72624088716607,69.75432510307145,59.21571369280101
1882400,5.827576838843304,144.22151980092355,107.62617899584852,89.69954768381703,65.73669426254149,69.5706392423144,59.22041337151727
1882800,6.435569920375916,143.5542686932192,106.60983820859728,89.43418950434501,65.27116651162582,69.39575370600436,59.202258717442234
1883200,5.991786596773985,58.10109072878735,87.93239465837243,77.40771845217704,65.25774004468812,69.32387881212505,59.20128068477697
1883600,6.686137692513823,58.612761452273176,75.29216170202976,77.41892868463127,65.23381574435481,69.0549222918171,59.23149012266971
1884000,75.83525298867545,20.15526480743654,82.2940548260693,80.74050362262122,67.11746024093198,67.44314924811842,60.63918872330509
1884400,37.91424660333276,26.572598760334433,85.39705928062881,82.20317784860754,68.00584640291662,68.25370990622386,59.66978382918608
1884800,6.393860680204701,26.564256912300188,85.0592628027595,76.3817816379177,68.01255258739977,63.931905507638284,59.67535263091014
1885200,1228.6208540876255,271.0900704104705,164.59558056962874,137.46393678519854,108.76020929343352,84.82086193677947,84.00483807262037
1885600,20.23474973685336,273.7997928193384,166.2062771358056,131.74375930467224,106.62561494689432,84.400198242062,83.80103692932211
1886000,7.4391645654976255,260.1205751347028,140.1379199710695,131.71473862851866,106.66498809409156,84.32916065814203,83.83104407667106
1886400,6.45420295315226,253.8285664046667,140.2005825825004,123.91338078917465,106.5332259833781,84.35266634253132,83.69662791035162
1886800,7.108875134843988,253.9715692955946,140.26791310394722,123.43887565627242,106.37876403754571,84.02035315970627,83.57018558559294
1887200,74.2174286775579,23.090884213581074,147.0904773120256,117.5114359851992,100.63530473879318,85.7159243615226,84.87719851210515
1887600,165.39173356807396,52.1222809798252,162.96103689958161,119.12659930080585,105.93296475628134,89.66562103316161,87.83614521337002
1888000,6.524889627091098,51.93942599214389,156.0300005634232,119.16202769474644,105.8370026028885,89.34559532155488,85.16051951117937
1888400,14.255372123438468,53.499659826201125,153.66411311543374,119.53058619803146,106.02348960421622,89.42041308104601,85.33579054806586
1888800,6.66728475532647,53.41134175029763,153.69145552294592,119.37535916285292,102.15167293292706,89.43227832128642,81.88381551069982
1889200,280.5552847870077,94.67891297218758,58.88489859288414,111.74023958125663,111.27092405442703,96.29138161829627,79.6336692680004
1889600,115.18237217116824,84.63704069280644,68.37966083631564,117.2929689860608,110.62239314855333,97.06412641924975,81.19609076091274
1890000,6.867864136585482,84.70563559470531,68.32253079342442,104.23022538224714,110.5840026834872,97.07937376892488,81.12783468519851
1890400,6.856560471930291,83.22587326440367,68.36276654530221,104.28167456390149,105.39650937455046,96.99061112385922,81.1546863830855
1890800,229.49875172949268,127.79216665923691,90.60175420476709,115.43483365435733,112.49316850577061,102.43451157935115,85.33663336871842
1891200,185.44586752831287,108.77028320749795,101.72459808984259,124.40753770093427,112.24915668674696,100.90762807655564,88.9176591071866
1891600,7.626539428263809,87.25911665891707,85.94807867586157,124.45455778772177,108.06709242582438,100.9367432361765,88.92211256170161
1892000,7.351759845618646,87.3558958007237,86.03076569771433,121.03038313056894,108.11827369573568,100.88544337659506,88.68262939678678
1892400,90.77900023879818,104.1403837540973,93.6831285092503,123.67362081234221,110.9147669684377,102.93839933047484,90.27295616668687
1892800,168.3787216522208,91.91637773864291,109.85427219893973,131.772863860943,116.20166350821513,104.07732274943032,93.51667709681709
1893200,251.35744814956252,105.09869386289283,106.93448853519521,82.90969356403987,110.13832256590277,110.18681517461918,98.42000300167606
1893600,8.040888138813319,105.18156360500275,96.22034013195972,82.30000048413787,110.26875936802706,107.02187989440502,96.89536916179175
1894000,24.52499265242813,108.61621016636461,97.98605298354398,83.15429188848438,102.14883458267937,107.4345152585015,97.26070961184871
1894400,8.195447716868404,92.09949966197868,98.1199417080378,83.24135412667019,102.22776361194688,103.57736745792238,97.21647724069494
1894800,16.980756947251358,61.8199067209848,76.86814222981367,83.73494821729057,102.57926984617605,103.58691193678146,97.32123770944366
1895200,271.3085720859909,65.81013150827047,85.45441268558147,93.58950538771221,111.42316269581663,105.55047068645567,97.81698499836081
1895600,622.6282828360984,188.72761044772747,146.95458702636492,116.45133285111342,131.9545675339361,117.78896607595962,110.14031199421419
1896000,402.6863119362472,264.3598743044913,186.4880422354278,136.25940396657123,142.84960283218848,127.7107158306588,118.00596314836163
1896400,5.226596461553099,263.7661040534282,177.93280185770328,135.80796518347697,141.7600144941292,127.66927569075418,117.93727983592055
1896800,398.5221734457074,340.07438735311945,200.94714703705193,155.400709617996,154.83095825297926,137.38803439042442,123.45128760695465
1897200,51.43488697980701,296.09965033188263,180.9548909200764,143.944689727636,115.591426016052,127.84246465444627,124.34043032371062
1897600,558.8995351829658,283.35390080125615,236.04075562449162,166.13054787822585,133.54691886425573,141.7117584321433,132.82565504042236
1898000,15.10464930673526,205.8375682753537,235.09872128992237,166.54238713673334,133.80243502229698,135.38630625949023,132.96735646478567
1898400,120.48890254655754,228.89002949235464,246.32806677289122,172.2240042404647,137.60359167541048,138.25283940218307,132.12750732091618
1898800,5.736037452427182,150.3328022936986,245.20359482340888,161.0358685266114,137.55783041932995,138.23535109048436,131.91024851410697
1899200,30.60153069582437,146.16613103690207,221.13289068439218,153.293651684987,136.10396715327215,138.8505946929606,128.666954686043
1899600,105.64268027322704,55.514760054954294,169.43433042810506,158.19445872723514,134.11233204344393,141.32450825747844,128.1180389463887
1900000,3.229288973933469,53.13968798839394,129.4886281318737,157.98833518365092,134.00247868833867,139.5093591571099,128.06629829090178
1900400,2.525587573290549,29.547024993740543,129.21852724304745,153.57566455037554,133.6114858700004,138.62464268135884,127.97912600121285
1900800,233.6512451199645,75.130066527248,112.73143441047314,156.8392907237627,141.177617882155,144.30607729235285,132.4567143944342
1901200,110.25700765718638,91.0611619195204,118.61364647821108,149.7842686991439,135.5010086444943,116.34698113159186,125.99670101919925
1901600,18.34396786614081,73.60141943810316,64.55808974652858,150.29942268551028,132.2730618343267,116.29971158482405,126.28102469502036
1902000,37.43946646658344,80.44345493663316,66.7915714625134,150.94514637621805,133.29211524532664,117.0497191323512,121.66735930009487
1902400,254.71400248050256,130.88113791807555,80.21408145590792,163.27107411439974,141.55402997894575,123.25621412053496,126.64508781292805
1902800,131.73199601472012,110.49728809702667,92.8136773121372,169.00863606777318,138.29513812178664,126.37179214253186,129.15101633481493
1903200,17.310162727136245,91.90791911101665,91.48454051526838,156.30871559983046,132.69061462841407,124.94911049377131,129.37738385742216
1903600,289.51657349956025,146.14244023770055,109.87192983790172,139.65313013300354,142.0869490974573,128.05223149205847,135.0339925735631
1904000,191.65843929644464,176.98623480367277,128.71484487015283,129.10173650101342,148.2305050791515,132.6805702337923,137.3504562997185
1904400,11.021869907553588,128.247808289083,129.56447310357913,129.39150017331346,145.57193406811,132.5997326783952,136.8126087658029
1904800,159.3432656991371,133.7700622259664,122.1336751614964,117.43255478598493,145.27075220300722,136.41663220199044,139.87159686618156
1905200,18.416113528026976,133.99125238614454,112.94958574858045,115.78161611339593,137.506041048956,129.86315292051592,115.66750205498958
1905600,154.74920191124693,107.03777806848188,126.59010915309106,95.57409944980999,142.39631817470382,130.8523236640179,118.35779109847746
1906000,10.727512002192343,70.85159260963141,123.91891370665194,95.35524258458284,141.9364021530293,130.94881486065808,118.42355804721136
1906400,76.23657849422342,83.89453432696538,106.07117130802403,93.14262638196615,144.2044398456078,132.68331531121538,119.81920555803278
1906800,2.284381401750273,52.482757467488014,93.12640984672706,92.97004357943231,143.71456066075777,127.00295605302183,119.7227156833709
1907200,520.4316929605477,152.88587335399217,143.4385628700682,117.46155169266846,152.01866468990966,135.37760168882772,128.6470009690307
1907600,29.21498086449857,127.77902914464248,117.40840360656202,113.64016672223204,132.23822129085633,135.91731272473356,125.9234659149592
1908000,16.57101033727846,128.94772881165972,99.8996607106454,114.3072527903993,119.36771123755737,136.14779398702507,126.12438832916294
1908400,264.2955945579522,166.55953202440546,125.22703317568528,127.39575313963238,128.00334450743733,140.48570884500393,131.12519277785321
1908800,245.6956832616131,215.24179239637806,133.86227493193286,127.9979750467148,122.90912816796754,142.41863288523874,135.90576074797895
1909200,6.805183721441843,112.51649054855686,132.70118195127435,122.82538384992756,121.4214713926887,136.30482627453574,130.43075872666762
1909600,52.35659973436796,117.14481432253073,122.46192173358648,124.52601544333893,104.53670687773544,137.4127190644246,129.17424327793162
1910000,5.277447698491773,114.8861017947734,121.91691530321641,122.91791450493436,104.209133490794,136.93153044057618,129.14243494916974
1910400,26.483603483527,67.32370357988836,116.94161780214677,111.50639455508558,101.0756235220263,137.38873433474265,129.5349758094017
1910800,6.057162175939684,19.395999362753674,117.3188958795657,105.22265286314655,101.08632767947671,137.11564446545987,125.06614401833063
1911200,103.42335358313606,38.719633335092524,75.61806194182455,109.52831240594655,103.51372177572044,132.9185140028885,123.42569373942708
1911600,382.6276927967782,104.77385194757457,110.95933313505252,114.18386837080743,112.74655552650547,126.91849925190547,130.92571680679737
1912000,30.22551136173537,109.7634646802233,112.3247832374982,106.11222197407199,113.64642960609889,117.60697923754267,131.3831918371197
1912400,474.0366459295464,199.27407316942717,133.29888837465762,129.26296077517162,129.36346488464073,129.32723047424253,139.04834475093466
1912800,14.362987390130806,200.9352382122654,110.16561878750937,122.0139468597213,122.05385629364628,119.7232508228531,135.9680300656929
1913200,2.484140296051906,180.74739555484854,109.73351444497038,121.21734819812255,118.46142738160846,118.49948215575921,130.99056390862268
1913600,25.469965275149217,109.31585005052277,107.0448509990485,114.75338636631766,118.6989606285754,105.16374290806382,131.33914545134937
1914000,354.3389646103413,174.13854070024394,141.95100269023345,131.93395899672512,129.26227723336734,113.64460079065395,137.93542489050765
1914400,33.20934679206226,85.97308087274712,142.623577021087,129.78259741161705,121.87878871041933,111.46261189679156,138.43570287201152
1914800,163.85984196317492,115.87245178735593,158.4038449998105,137.8613704396883,122.94971690870116,115.41570700956026,141.37328457233
1915200,67.1194403209752,128.7995117923406,154.77345367359445,115.19575780770965,124.61002616182913,116.32865475018905,137.28950193702968
1915600,228.22598613539105,169.35071596438897,139.33328300745572,125.14630807125427,122.56700658302347,119.39323739674315,129.40145600301554
1916000,217.7815287617969,142.0392287946801,158.08888474746186,135.2068339924802,123.43777623186855,124.75704339143972,125.70336033952654
1916400,99.14447734442484,155.22625490515262,120.59966788894971,126.94927813180384,126.37519647976427,127.17251563571809,127.58171795718395
1916800,7.834270901496182,124.02114069281686,119.94679624008624,115.05620751379797,121.32489665317622,121.52709128025637,119.76795990629972
1917200,33.24588848902193,117.2464303264262,123.02297105938325,116.37824275217699,121.8192224852094,119.60181330105226,119.40417993648403
1917600,147.67741179988624,101.13671545932525,135.24371571185696,121.1442833554529,121.58349614816403,122.83514939939589,111.17973746882244
1918000,255.31080560011736,108.64257082698933,125.34089981083457,133.64595125053418,129.7362726014282,128.28193287773425,115.98386059469009
1918400,169.71915682296566,122.75750672269751,138.9918808139249,140.80772891750613,132.85235854571962,126.1570617362958,116.96846568021824
1918800,387.6039979050043,198.7114521233991,161.36629640810784,159.88507070395934,145.69634576249476,132.55386178355292,124.60582488926978
1919200,20.99114005612945,196.26050243682062,156.75346638162324,155.76346002760903,129.04832733234747,132.64588621677777,124.41361707647589
1919600,491.3184720530475,264.98871448745285,183.06271497338892,161.1979989904225,144.45177703863243,137.69093368061493,132.1271329120723
1920000,7.3719732673105,215.40094802089146,162.0217594239403,160.05532208570122,144.1451424696335,133.08377202988657,132.20998659793983
1920400,165.6746042844256,214.59203751318347,168.67477211794034,144.6372200034452,140.85777612718263,136.95009038930837,135.47296693216254
1920800,13.270885985281325,139.7254151292389,169.21843362631887,144.58261493320273,133.11028288463822,133.29828089646202,131.06535974946888
1921200,41.826462410674125,143.89247960014785,170.0764910184841,146.54973103893383,134.27765884094597,133.88353961852818,129.6967488445386
1921600,376.033705662392,120.83552632201672,192.91212040473465,164.07791805829598,145.06689570521345,139.4156522123068,136.85054360046365
1922000,9.023089069051856,121.165749482365,168.28334875162813,146.8121242812315,145.19175041756546,139.3730416389783,136.282216052513
1922400,962.0634345156872,280.4435155286173,247.5177765209002,193.25482866741274,176.37774478530412,161.5187130395149,150.42920469321672
1922800,584.7901912588259,394.74737658332623,267.23639585628246,214.3013461321953,195.66884575473367,176.08135828594177,159.49036859809883
1923200,15.01703307303614,389.38549071579865,266.638985157973,211.69622576979833,192.721968404397,163.445991788754,159.44450600501682
1923600,613.8671184936301,436.95217328204626,278.8938498020313,230.9782823877103,200.42994926095872,178.06229522948226,165.93151690489825
1924000,64.71138721375804,448.08983291098747,284.6277911966761,223.32477531030835,201.57947845602615,179.26580465139426,163.3925758632445
1924400,18.0028669071698,259.277719389284,269.8606174589505,219.26769478844557,186.3783524886136,173.10848646012468,163.53219580323682
1924800,538.6494495632428,250.04957105016743,322.3984738167466,245.80845372153289,203.85456789438402,180.43233061766546,171.11831948051895
1925200,2.287524694326153,247.5036693744254,318.4445800451118,244.26053553179813,203.84801404099315,180.31938914198753,170.79574770384494
1925600,4.591214639808974,125.6484886036612,281.3003309428536,237.10622567379428,203.15205568648176,179.12525451462358,167.79258795841616
1926000,21.205694683237603,116.94735009755712,282.51859150427214,225.4009701279503,192.04761335557836,179.52346068924223,168.00215161203704
1926400,9.717596369966902,115.29029599011653,187.2840076897001,217.40089210530036,191.26455500817517,179.1043105114032,166.6717719695519
1926800,472.18975808481343,101.99835769443067,176.02396437229885,221.6301801142908,201.54221887889645,190.75762540912507,176.0698795032132
1927200,6.408446684359703,102.82254209243736,175.16310573343122,220.90104544570232,199.51851909100924,188.33225273665565,165.78941457768943
1927600,268.3923307932084,155.58276532311726,140.61562696338905,209.75473838271037,200.85739724626984,185.4763686865664,170.57296157626362
1928000,52.82445012797024,161.90651641206378,139.42693325481028,212.02736222574336,195.35882795847562,186.04134215572228,171.29803037207748
1928400,77.76494520537287,175.515986179145,145.4031410846306,207.6318792717907,194.64617688717388,176.13454963761794,167.56741738502586
1928800,450.84894096515706,171.2478227552137,136.623090224822,229.51078202078452,209.41333255596254,187.0466984769936,171.67048253909678
1929200,1125.9450054631684,395.1551345109755,248.98883830170627,283.71670917340924,245.83663645510077,215.13322010617148,194.05327897393127
1929600,279.47995622497115,397.372659597328,276.47771246022245,278.8890217015382,250.23005460260362,221.48346987991704,198.59574610374338
1930000,236.6483657129344,434.1374427143208,298.0219795631921,290.2702855337323,249.60797327303086,218.54120490748187,203.2231644640322
1930400,250.685131442152,468.7214799616766,322.1187330704106,254.70137038005555,252.30683909367042,223.97809952373413,207.7071950232047
1930800,139.44279706005523,406.4402511806563,288.8440369679348,232.43400067011697,244.03479906550544,223.3676734011561,210.37490772088702
1931200,5.553133060762881,182.36187670017517,288.7585056055751,231.96080566950337,243.52019883232654,221.82851571965085,208.41750331043957
1931600,46.46979713489075,135.7598448821591,266.5662522397434,203.5909396015664,228.69190966838798,217.28461099463829,201.6943453972018
1932000,14.28207169626377,91.28658607882497,262.7120143965727,201.06947382569166,228.92224628268644,212.197124568,201.37547660389234
1932400,72.16359859910169,55.5822795102149,262.1518797359456,203.77751041028827,225.8052127598423,211.52260259936688,193.33801565728348
1932800,57.750371175046496,39.24379433321316,222.84202275693457,179.73255649087847,227.2878622661678,212.77050510620566,194.2057633329818
1933200,1866.51993453126,411.4371546273126,296.8995156637437,272.94417698272514,288.11097800352064,258.60235625726165,231.48647921768597
1933600,67.05731690159126,415.5546585806527,275.65725173140567,276.0674820958143,277.8117650448273,256.5868538848042,232.3182262502148
1934000,303.4486007200304,473.387964385406,282.3372752321153,290.1796273976539,287.6259487665266,257.7902987628021,231.30041897240855
1934400,8.878922847920945,460.7310292351699,258.15665437269223,290.1376937215516,255.8531317109344,253.76929291342594,230.81381049352575
1934800,1699.0309317787276,788.9871413559061,414.1154678445595,351.4797524062473,292.99448972826445,286.554966260269,261.5172322898368
1935200,9.569144300943798,417.5969833098428,414.5170689685776,351.63778728707655,292.8128934358613,286.2694163663894,260.36622636943616
1935600,108.65791499783047,425.9171029290907,420.7358807548715,343.6510664973076,275.97258665266804,276.702902440009,257.974864946685
1936000,269.29383029898344,419.08614884488134,446.2370566151435,354.4745355058583,282.79200142217553,283.25094886580075,259.0051109774287
1936400,267.5074762416772,470.81185952363256,465.77144437940103,363.9616620576735,291.1088217333259,285.79677066473204,262.37237095537375
1936800,115.0867272334575,154.02301861457852,471.5050799852421,347.1735513710885,276.99006432233296,288.3421666959365,264.51742008201296
1937200,79.79108365475231,168.06740648534023,292.83219489759136,294.8658552806677,279.57351628768055,289.29128222703844,265.4483239853276
1937600,6.166796885134295,147.56918286280097,286.74314289594565,281.20019731367586,279.62603569585804,280.044609507607,262.6181116870325
1938000,249.86503083373768,143.68342296975183,281.38478590731637,281.86103056971604,287.24801356754136,286.0656580517242,262.509196191705
1938400,17.358510244682375,93.65362977035286,282.2327446469925,270.1946995098425,287.5027106966985,262.448034944949,259.4619832601393
1938800,461.9525358697899,163.02679149761934,158.52490505609876,286.3201864503293,287.1614699561978,259.37709356022316,260.948954019435
1939200,381.623755196435,223.39332580595587,195.73036614564788,305.12371755711285,299.66864690660026,268.54226161330814,268.1616063222411
1939600,5.213302051774796,223.202626839284,185.3859048510423,303.0608928029571,290.8960126152191,253.32591620226177,258.43950292221564
1940000,133.25136096742094,199.87989286602064,171.78165791788606,309.00935726651494,293.5769096432008,255.03941554610327,260.9570906762179
1940400,88.50231185120187,214.10865318732453,153.88114147883852,309.82629292912,293.93482186472846,256.8019016697041,259.4136448275534
1940800,8.550642868509422,123.42827458706844,143.22753304234374,307.3663065137931,279.19154526150686,243.54943150233575,259.31923996521795
1941200,94.2731369023965,65.95815092826075,144.67573836710815,218.75396663234991,244.80248297614781,245.84907180753754,260.36817345505244
1941600,28.344394749946723,70.58436946789513,146.8934981535894,216.8183205247677,236.431297593647,246.44290131029092,253.4143872368035
1942000,536.9243652718061,151.31897032877217,175.59943159739623,228.4921087523565,246.4404975789427,259.3358680750052,263.97241276085856
1942400,11.4234051502997,135.90318898859172,175.00592108795797,228.61933286747544,238.46510670254764,259.3785132945135,244.95961217355082
1942800,332.4877488366988,200.6906101822296,162.05944238464886,160.29217372037397,244.89993842843575,255.88596306331064,239.91356332510827
1943200,234.81703252768975,228.79938930728827,147.3787701177743,171.55456813171128,252.54206841066664,261.5961777093939,244.30956331420137
1943600,164.6606596926502,256.06264229582894,163.32350588186188,174.35470536645227,256.4817638292586,259.0028859318799,235.32543413818175
1944000,7.479251682867531,150.17361957804124,150.74629495340653,161.26397643564647,256.25500316214544,257.86925597075236,234.18079142756392
1944400,38.492537195507104,155.58744598708273,145.74531748783707,149.81322948333798,255.13263444869227,256.88744577050574,234.59058483333072
1944800,117.95926270334516,112.68174876041198,156.68617947132063,149.95685625683237,257.13959749963556,248.56520381396044,226.17678109613277
1945200,7.287464224928771,67.1758350998598,147.98761220357386,146.3316752853412,195.16518182275786,220.5987652830044,226.2767798867448
1945600,4.0234266033980655,35.04838848200937,145.555515388919,146.22450677125437,193.06405214615143,213.71235204246508,226.2654241260166
1946000,6.822849355772167,34.9171080165903,92.54536379731559,134.07239769735608,183.17652710067614,207.96671413353607,225.97776721946724
1946400,11.638356879325247,29.546271953353926,92.56685897021814,133.78639002908824,183.2685082350563,201.99054476946537,226.01618242965444
1946800,10.007316090397694,7.955882630764435,60.318815695588036,111.18912904011863,126.96772104544529,198.75465774522394,216.77253358976614
1947200,238.2704699523409,54.15248377624687,60.66415943805315,104.0214647779139,134.59109856715853,204.5725911675134,221.40977405512575
1947600,8.660617783039864,55.07992201217521,45.06415524709211,104.19383056447717,131.25785532666552,203.6273616837171,216.21513979492235
1948000,139.95032356503265,81.70541685402732,58.31126243530862,104.52877869435774,126.94640510220049,206.76906798043632,217.95765726366363
1948400,102.32489870314971,99.84272521879221,64.69449858607288,105.21990803695515,121.44031918424956,207.52310048303752,218.44885633361915
1948800,9.753001690744282,99.79186233886153,53.87387248481281,105.2800259780669,117.92919499949245,206.32316624592994,209.62693754813088
1949200,71.1010481682506,66.35797798204347,60.25523087914498,104.12142154135961,117.6395271499424,161.43769408685475,188.53005840223258
1949600,139.1258850006694,92.45103142556938,73.76547671887211,109.66049605389574,122.07149675379357,163.2394082893317,185.7229769777465
1950000,8.283978147934056,66.11776234214965,73.9115895980883,83.22847669770213,114.01879499760011,155.8602927250293,181.15568922644653
1950400,121.87005740025462,70.02679408157063,84.93475965018123,88.75080931019987,117.5025132361192,158.68507108883762,178.57938774560856
1950800,22.997244581399038,72.6756426597016,86.23375249928138,73.27628409743488,102.87067019317284,116.7842289089044,176.25047669603543
1951200,6.764338388413773,59.80830070373422,63.08313934288867,61.87364939047109,90.37535629957213,116.71410876109117,176.27470080258846
1951600,10.49729820912982,34.0825833454263,63.26680738549766,54.16548131629507,90.55148950481728,114.26009334137363,175.55525082407323
1952000,71.4828457771696,46.72235687127342,56.420059606711355,57.36566102101017,88.49253899847557,109.3148187283283,176.69926630569134
1952400,14.395346503020706,25.22741469182663,47.627104386698456,56.16080148638584,86.02230682020287,102.9870154848619,175.54390126376973
1952800,138.19331774499588,48.266629324546,60.47113599212362,57.17250423846839,90.34372931608576,103.56468024765033,177.1527601951687
1953200,33.9614058376528,53.70604281439381,56.75717175906384,58.50620131910459,88.33333828059429,102.41893830222287,140.50158962129657
1953600,5.28756868316625,52.66409690920109,43.37334012731352,58.569408423093,87.56477741170163,102.39695759717367,139.26619465692806
1954000,5.480411013783964,39.46360995652397,43.09298341389851,58.50228650599358,69.8499789364342,96.28734210167481,133.30683086280314
1954400,219.69943993578525,80.52442864307687,52.87592166745158,68.90534065881658,76.79251342928373,101.3458653439524,137.5232412045604
1954800,132.20762994552106,79.3272910831819,63.796960203863776,75.01535635157276,70.11650946624447,93.10224269584567,106.18677516789629
1955200,2656.856395138137,603.9062889432787,328.8061658788361,195.94465261086256,150.85115488659272,149.98305869438823,159.13252018464016
1955600,675.730722092101,737.9949196250657,395.32950826713324,229.29815782631562,167.88682363324105,166.74599419539638,170.4739763265256
1956000,160.28916649512533,768.956670721334,404.2101403389288,230.31509997282024,172.98048746031634,167.421939333589,168.2938830504484
1956400,168.04906810496146,758.6265963551692,419.57551249912285,233.60130844291083,177.2990384906315,169.41060823993297,166.30471488771408
1956800,68.99765025898989,745.9846004178629,412.6559457505223,236.56354087132314,175.6669847424863,170.92178342469498,165.38293334822473
1957200,6.340919272264249,215.88150524468838,409.89389709398347,233.3255344265238,175.63543324406416,168.72347798394168,163.91393006057496
1957600,3324.701312081527,745.6756232425735,741.8352714338195,392.6043057805667,286.3246960933351,251.1324009172312,230.28462036450284
1958000,218.5879707145388,757.3353840864562,763.146027403895,403.11950540889694,293.3835334719607,243.17399105329952,229.65907916211884
1958400,134.89255223983858,750.7040809134317,754.6653386343003,403.7706301508761,297.4920066506445,246.26071973053794,232.00976000202198
1958800,151.1919841205849,767.1429476857506,756.5637740518066,410.18036712783544,302.1981622516507,241.72832561263513,225.79454896703788
1959200,1073.9054480735724,980.6558534460124,598.2686793453502,463.53742261209334,330.0526615223584,262.7055360012822,239.64018282458062
1959600,812.5338279840823,478.2223566265235,611.9489899345483,503.63924910084097,356.8484351957265,278.902365208568,255.78659334322677
1960000,6.825241133544757,435.8698107103247,596.6025973983903,500.4063688686598,352.41093244801027,278.8860149448349,253.25807094654922
1960400,159.47416778903377,440.7861338201636,595.7451073667975,507.66030993296044,354.31590808420634,281.9105557096731,254.6775080653059
1960800,1979.9177590180343,806.5312887996536,786.837118242702,599.7465319966122,419.9880666617827,328.45951811754037,294.10485038829637
1961200,3379.9336446829634,1267.7369281215317,1124.196390783772,767.0451439388778,530.2824865456064,412.7756726289912,359.8180605439077
1961600,392.1148708596852,1183.6531366966524,830.9377466615877,786.3865090477037,538.715452740907,422.4779587353984,367.09347006610244
1962000,7.538316663966268,1183.7957518027365,809.8327812565306,786.4894043302129,538.6905973581081,422.49584541810316,356.5057490939457
1962400,183.6240154323163,1188.6257213313932,814.7059275757782,784.6856331050394,540.7490626258434,426.795486881928,359.94976129958604
1962800,5.620412917635644,793.7662521113134,800.1487704554833,778.3562722536452,540.169834903718,426.685814302609,353.4124145812048
1963200,1001.0240100146798,317.9843251776566,792.8606266495941,695.5646529974722,573.3118239579269,445.7546528041674,368.73655413094457
1963600,31.458152619055976,245.85298152953078,714.7530591130915,663.3510245238201,574.0105191049244,446.3245911750678,366.0725039894727
1964000,7.573972234170536,245.86011264357165,714.827932223154,655.7152648107724,571.8802233201578,443.0151823917962,366.0743984004987
1964400,5.803563406254116,210.29602223835917,699.4608717848761,647.602989575837,571.5938305502656,440.6021490093739,365.4206189247136
1964800,7.017250387120342,210.57538973225616,502.17082092178464,644.5039695822435,567.2212949716697,440.53375522678334,363.2017786783892
1965200,20.774808893626503,14.525549508045495,166.25493734285098,645.2256640633116,566.7817417402022,439.2755992449176,363.4715255717632
1965600,1858.422447196726,379.9184084235795,312.8856949765551,571.9117208190715,628.5529043573207,482.25801329981914,400.5595059836297
1966000,198.0368826831276,418.01099051337087,331.9355515784712,570.884166417501,634.9714534129656,487.00183591319893,404.38378665017683
1966400,5.833574880264535,418.0169928081729,314.156507523266,564.4312175495223,627.8425912444483,484.10092385019925,404.2676910101956
1966800,252.6376381811252,467.14107036697396,338.8582300496149,569.5035002525493,631.8569248523016,489.8419336901923,409.1202974520101
1967200,5.264852439421237,464.03907907613285,239.28231429208913,516.0714704708419,543.4705400956778,489.8044465414675,404.4601851017517
1967600,7.891545996794797,93.93289883614668,236.92565362986298,475.8393563714773,521.2092342258343,489.7393027361592,404.44480366602687
1968000,7.288324270692078,55.78318715365957,236.89708883351514,475.8625105283348,516.1092061516866,488.1344396984972,401.7915636801401
1968400,3.45941459369438,55.308355096345544,236.66267395225918,468.0617728685678,510.62288436797763,487.8610414007641,399.81425399795097
1968800,119.46183801296476,28.67319506271345,247.9071327148436,375.0389768183143,512.3050239597768,487.39275440746326,402.00843072439534
1969200,14.660437885212517,30.552312151871707,247.29569561400223,206.77531647842676,512.582341246875,486.91023020865225,400.87961851873456
1969600,5.092960907448131,29.992595134002375,61.96274698507443,187.42422098081488,401.9287295410724,486.9053650142593,398.1989600368701
1970000,241.8608570502365,76.90710168991124,66.34514442178532,199.1403480001284,402.70449241892896,492.81487616517063,402.8704976149162
1970400,542.0766582287293,184.63055041691823,119.9694527566318,217.06298013994905,416.2772959518921,500.87430662249415,411.2746296314857
1970800,1084.5459929433173,377.64738140298874,203.160288232851,271.0092591412331,447.3890962459831,524.6827656974392,432.5056045987241
1971200,3.8061271136999295,375.4765192486862,203.01441570027887,221.14836499618414,411.719118880654,458.3565089968282,432.4464403732298
1971600,339.9841010370933,442.4547472746152,236.22367120430872,236.57466241708602,395.9674613157544,449.96284347045304,439.03617642978907
1972000,119.2357415530974,417.9297241751874,247.41841293254924,242.15775088303235,399.7144779964062,448.9365078469024,439.9912343453076
1972400,162.3416754886542,341.98272762717244,263.30663902204526,249.98465648715234,399.8100615863935,448.7938230314946,442.95016092502027
1972800,273.77551682764727,179.82863240403842,278.7380069035135,263.3225698091787,342.93865351338064,453.9132696957111,445.6618049066733
1973200,13.477650028058097,181.76293698691003,278.61972811779805,262.95771186590025,230.72345369155045,454.0916879646059,445.25212979048143
1973600,6.062202435328108,114.97855726655703,278.71665227058605,170.33969962783038,217.85503141073858,371.12571022345094,445.2676224655246
1974000,3.6662630652447263,91.86466156898648,254.89719287208686,160.62116864693624,217.72596295744782,365.7526675322186,445.23133950655387
1974400,256.33073758016536,110.66247398728869,226.3226008072305,173.14602678193128,220.14952036237614,368.78862216572674,445.96396545944145
1974800,6.277899503761651,57.162950522511586,118.49579146327491,160.8280398480631,220.17143658191364,365.16577005030615,443.44537085060625
1975200,7.33182500791171,55.933785518482296,118.8483612526961,160.9313884764876,187.04836374835472,338.50142947366464,390.4548794480018
1975600,156.3684979393955,85.99504461929578,100.48680094292631,168.35523607361765,191.21204192569937,322.09729622254747,380.0676349649477
1976000,637.5180679104976,212.76540558834637,152.31503357866632,199.86672325560795,212.21017844824362,337.8646168919713,389.61221299325507
1976400,24.340949023515336,166.36744787701636,138.51496093215243,200.91079997709897,212.8280913021523,334.48628642283336,386.73805061162625
1976800,223.81154356635736,209.8741766895355,133.51856360602343,206.12828525476863,220.0545677414602,290.5836310365414,389.8343284777735
1977200,572.5104014076351,322.90989196948016,189.42183874398114,234.02078343088974,238.44575415859381,220.3980499546582,401.1577181204809
1977600,24.501101551744924,296.53641269195003,191.2657286556228,234.99119046310457,177.31504263709448,211.2077057219597,335.1537139098853
1978000,351.74173285597453,239.38114568104538,226.0732756346958,240.4852342533915,182.438537642856,219.81279112675992,337.816789152714
1978400,14.92794182213948,237.49854424077026,201.93299605889322,214.12779843306197,182.7416832075852,215.5953892865055,335.41749694436004
1978800,260.4721905861984,244.83067364473845,227.3524251671369,172.92410831520604,183.00283495442096,221.96668372821955,337.6031010736723
1979200,9.820455845940591,132.29268453239953,227.60128825093975,173.22482475181806,183.15468840130495,197.18659487400106,316.3214012291197
1979600,15.770014573158058,130.54646713668217,213.54143991431607,157.0141204286213,183.41730402051704,196.7943914228536,300.3861249609012
1980000,3.692784577883601,60.936677481063974,150.1589115810546,151.23697257986063,183.29745269742344,196.69736173144645,300.323475829788
1980400,25.981547477474997,63.147398612131084,150.32297142645058,144.41896617930166,184.04819046021612,197.20181133322697,297.6536234235568
1980800,82.19016172357968,27.490992839607337,136.16083324217283,134.8396984240983,182.80580125056994,199.08113411663845,259.6990714776677
1981200,6.949483416556649,26.916798353730552,79.60474144306497,134.5132900935232,182.5487694349481,198.73550097971173,192.23938825233955
1981600,2.9897427539377426,24.360743989886487,77.45360556328426,134.35966710945368,182.47866216316442,152.34968336864202,184.45688569022462
1982000,7.883679911810016,25.19892305667177,43.067800268867806,134.57053795178197,174.67942292521687,147.59585329935905,184.46379295518153
1982400,40.00630730642016,28.0038750224608,45.57563681729587,123.75431643809468,157.94374456113988,148.45017161001297,181.59143879266358
1982800,6.810398375127529,12.927922352770372,20.209457596188788,123.78094138166298,122.01922474220024,142.30449061486303,181.6152385018134
1983200,23.025514098696043,16.14312848919825,21.529963421464334,124.5656258362022,122.65987097503344,142.74850715634489,162.05526858349373
1983600,116.15111327092248,38.7754025925952,31.568073291240772,122.55475660277857,115.19877138282776,145.4549963381981,163.74912779653107
1984000,16.63895022697484,40.52645665562816,32.8626898561499,91.51080071860243,111.77887833862366,145.68876198710515,163.93042735638716
1984400,16.04539684089574,35.73427456252328,31.869074792491972,91.09602310947143,106.90233571703172,146.00341154328518,164.13526402507995
1984800,51.62596055676751,44.69738699885127,28.812654675810755,82.48674395899195,99.4973505080024,144.30751460688026,165.02743822847293
1985200,6.510529689801476,41.394390117072355,28.768759303135244,54.18675037310027,99.26511316339383,144.10376690199496,164.74215264439644
1985600,148.25675313308034,47.815518089503925,43.2954603410495,60.37453295216703,104.00493151998556,147.68286170763577,130.53883876312352
1986000,218.03548143483124,88.09482433107522,64.31064049335161,53.68922038110988,111.15057213230513,147.08722731725067,130.93881073815757
1986400,5.825368778624848,86.05081871862103,60.89254664057209,53.23409172893414,102.80039317225376,133.68094508099804,130.9386466161248
1986800,3.225534204602181,76.37073344818796,60.53406022351955,40.371758909854336,102.69864766228179,106.64793361253017,125.95040453659432
1987200,2.419561603841633,75.55253983099598,58.473464974034115,40.00171419774938,102.53490554881279,106.61326947478369,125.89349871988274
1987600,1330.6357962971392,312.0283484638078,179.9219332766558,105.74500328394842,141.67714882740427,131.37956185628485,152.34838372588965
1988000,451.4022587512695,358.7017039270954,223.39826412908525,128.13047699261773,135.47328852209662,139.68372478623914,161.23066241550117
1988400,202.64954770593735,398.0665397125579,242.05867921558942,136.96387700404085,141.4169084781774,140.69142159167126,165.214465077746
1988800,1440.680814486594,685.5575957689564,380.9641646085721,204.88840964219156,181.97921750885192,169.8640540331449,191.63884460721863
1989200,167.50622035212723,718.5749275186134,397.06373367480467,212.9162464889701,168.479078140335,173.71476829124663,194.69576025655692
1989600,8.852491529477566,454.2182665650811,383.1233075144444,213.20938392774707,167.9574578062594,173.78452551860036,194.7709508689975
1990000,371.6709494419549,438.27200470321816,398.48685431515673,231.39874740425435,168.62176502579212,182.98464267801813,197.36715271683187
1990400,6.093789066334447,398.9608529752976,398.5136963439277,229.70312149225006,168.32729326726528,176.72871896517236,186.64749533358398
1990800,30.166447309763893,116.85797953993156,401.2077876544439,230.8709239389819,160.65043515805078,177.32593266032242,165.5599044209129
1991200,2.9491720768196603,83.94656988487006,401.26074870174165,229.86710683788806,160.42139236574675,177.21636633704512,165.5427653201753
1991600,5.953283845332957,83.36672834804112,268.792497456561,224.35721536660859,160.0941680081526,173.45598598469354,158.8621489763401
1992000,6.064684044899244,10.245475268629995,224.25873998592402,223.82850205750478,160.17323132371976,157.66965138805358,156.59872782617612
1992400,11.123622678841116,11.25144199113133,205.10614748321441,223.5824133494021,159.67796716376532,157.33921822943674,153.5743667699799
1992800,6.475056874423268,6.5131639040632034,61.68557172199731,221.32486816528484,157.15413033546008,151.9058060621384,148.2283575709154
1993200,5.2558626902422985,6.974502026747731,45.46053595580882,221.2621348153069,157.09767631124961,137.72444259420357,148.06392182415905
1993600,2.571237159214314,6.298092689524003,44.832410518782496,213.9778590166136,157.08372612475884,137.1761959843903,147.9941025186368
1994000,2974.804727880106,600.0461014565653,305.1457883625976,351.81632133887734,255.9810943903687,202.75277085999357,207.416871814934
1994400,854.6136938201487,768.7441156848269,389.99777883797907,394.2557375909535,283.1346739408263,223.7449146599438,219.3825309397337
1994800,477.65872322736,862.9808489554141,434.7470064297387,417.97739704209135,298.82961810256734,229.17457797597285,228.81014741420563
1995200,2.458657658965108,862.4214079491588,434.6979549879532,417.9793518448476,298.14405622124303,228.99053302129846,228.7126840672267
1995600,7.542034348093695,863.4155673869348,434.85683003822925,351.8246637473953,294.52375359048204,228.78483351567183,225.7361547954007
1996000,355.1596508295401,339.48655197682143,469.7663267166934,347.01253335130883,305.8077769439009,237.57150517196322,220.08898645378156
1996400,7.6849356300681215,170.1008003388053,469.42245801181605,337.2643027475154,305.52909490354,237.11408987577806,219.7558661859126
1996800,27.23068929321296,80.01519355197591,471.4980212536951,266.59179648784635,304.7159191947548,235.74010306501896,215.82424910044972
1997200,32.66746247979367,86.05695451614163,474.23918123265014,259.84985859422966,305.58781695442127,236.38305254159982,205.02739032189288
1997600,2.3598116589097264,85.02050997830483,474.2180386826197,259.5252246007013,300.7245855719489,236.36730426422415,204.58456452403618
1998000,8.070134215183952,15.602606655433595,177.5445793161275,241.3451838393627,293.7257406646273,236.37196562180853,197.71113255122037
1998400,6.841786797992322,15.433976889018435,92.76738861391188,241.38258372594555,293.75962126527287,235.5428526090978,197.54940945073741
1998800,2.9451295249277405,10.57686493536139,45.296029243668656,240.0215178367038,293.7502744426171,235.4462208878428,192.398868229512
1999200,727.6215783129476,149.56768810199216,117.8123213090669,276.2551381485101,317.9236749995873,253.0611224931991,206.75489067885212
1999600,9.296446458479608,150.95501506190615,117.98776252010548,276.4222962791675,273.8790300049653,250.389755822888,206.62541931655858
