Step,Reward,Smoothed5Reward,Smoothed10Reward,Smoothed20Reward,Smoothed30Reward,Smoothed40Reward,Smoothed50Reward
900000,0.0356531476198301,0.0356531476198301,0.0356531476198301,0.0356531476198301,0.0356531476198301,0.0356531476198301,0.0356531476198301
900400,10.783457330222005,5.409555238920918,5.409555238920918,5.409555238920918,5.409555238920918,5.409555238920918,5.409555238920918
900800,11.101579726622267,7.306896734821367,7.306896734821367,7.306896734821367,7.306896734821367,7.306896734821367,7.306896734821367
901200,20.67272625203475,10.648354114124713,10.648354114124713,10.648354114124713,10.648354114124713,10.648354114124713,10.648354114124713
901600,3.673007603829067,9.253284812065584,9.253284812065584,9.253284812065584,9.253284812065584,9.253284812065584,9.253284812065584
902000,12.620238253288068,11.77020183319923,9.814443718935998,9.814443718935998,9.814443718935998,9.814443718935998,9.814443718935998
902400,20.1023970778467,13.633989782724171,11.284151341637527,11.284151341637527,11.284151341637527,11.284151341637527,11.284151341637527
902800,29.85219271171109,17.384112379741936,13.605156512896722,13.605156512896722,13.605156512896722,13.605156512896722,13.605156512896722
903200,20.65552435673598,17.380672000682182,14.388530717767752,14.388530717767752,14.388530717767752,14.388530717767752,14.388530717767752
903600,12.400459267065267,19.12616233332942,14.189723572697503,14.189723572697503,14.189723572697503,14.189723572697503,14.189723572697503
904000,7.94666031521625,18.191446745715055,14.980824289457143,13.622172367471933,13.622172367471933,13.622172367471933,13.622172367471933
904400,22.240935358105585,18.619154401766835,16.126572092245503,14.340402616691405,14.340402616691405,14.340402616691405,14.340402616691405
904800,15.191590041831615,15.68703386779094,16.535573123766437,14.405878572471421,14.405878572471421,14.405878572471421,14.405878572471421
905200,5.840920165531149,12.724113029549972,15.052392515116077,13.794095829118545,13.794095829118545,13.794095829118545,13.794095829118545
905600,17.41479835640272,13.726980847417462,16.42657159037344,14.035475997604156,14.035475997604156,14.035475997604156,14.035475997604156
906000,5.808839019558303,13.299416588285874,15.745431667000469,13.521311186476291,13.521311186476291,13.521311186476291,13.521311186476291
906400,10.607301593698647,10.972689835404486,14.795922118585661,13.34989885748937,13.34989885748937,13.34989885748937,13.34989885748937
906800,30.335658913300648,14.001503609698295,14.844268738744617,14.29355219392333,14.29355219392333,14.29355219392333,14.29355219392333
907200,5.388778225943504,13.911075221780766,13.31759412566537,13.824879879819129,13.824879879819129,13.824879879819129,13.824879879819129
907600,16.70989315683883,13.770094181867986,13.748537514642726,13.969130543670113,13.969130543670113,13.969130543670113,13.969130543670113
908000,18.72374846973697,16.353076071903722,14.826246330094799,14.903535309775972,14.19554092110187,14.19554092110187,14.19554092110187
908400,9.981985195261927,16.22801279221638,13.600351313810432,14.86346170302797,14.004015660836417,14.004015660836417,14.004015660836417
908800,13.849430039090334,12.930767017374313,13.466135313536304,15.00085421865137,13.997294546847456,13.997294546847456,13.997294546847456
909200,10.054709339022146,13.863953239990042,13.887514230885404,14.46995337300074,13.833020163188069,13.833020163188069,13.833020163188069
909600,26.836238098514286,15.889222228325133,14.82965820509656,15.628114897735003,14.353148880601118,14.353148880601118,14.353148880601118
910000,14.339399436333904,15.012352421644518,15.68271424677412,15.714072956887293,14.35262005582161,14.35262005582161,14.35262005582161
910400,17.732597744765226,16.562474931545175,16.39524386188078,15.59558299023322,14.477804414671372,14.477804414671372,14.477804414671372
910800,27.08311256904634,19.20921143753638,16.069989227455345,15.457128983099983,14.927993991613336,14.927993991613336,14.927993991613336
911200,10.528805359377406,19.304030641607433,16.583991940798736,14.95079303323205,14.776297831881061,14.776297831881061,14.776297831881061
911600,16.22191859197787,17.18116674030015,16.53519448431264,15.141865999477684,14.824485190550956,14.824485190550956,14.824485190550956
912000,19.515941140379574,18.216475081109284,16.6144137513769,15.72033004073585,15.47382812364295,14.975822479255106,14.975822479255106
912400,6.870906025655844,16.04413673728741,16.303305834416292,14.95182857411336,15.343409746824076,14.722543840080128,14.722543840080128
912800,7.765908863120379,12.180695996102214,15.694953716819295,14.5805445151778,15.23222071804068,14.511736719566196,14.511736719566196
913200,5.822242807923699,11.239383485811475,15.271707063709453,14.579610647297429,14.737204603236979,14.25616336922377,14.25616336922377
913600,18.35557334261255,11.66611443593841,14.423640588119278,14.62664939660792,15.226623461196429,14.37328936846345,14.37328936846345
914000,16.718886538584744,11.106703515579444,14.661589298344362,15.172151772559243,15.363245070706316,14.438444845411263,14.438444845411263
914400,17.304051291925447,13.193332568833364,14.618734653060383,15.506989257470583,15.269966877842275,14.515893668290026,14.515893668290026
914800,9.49080689401781,13.538312175012852,12.859504085557532,14.464746656506438,14.5912540172525,14.383654542651282,14.383654542651282
915200,20.38256297150953,16.450376207730017,13.844879846770743,15.214435893784742,14.582155304411618,14.537472707493801,14.537472707493801
915600,13.659293915206996,15.511120322248905,13.588617379093657,15.061905931703151,14.624116459349676,14.515518237686631,14.515518237686631
916000,18.68005870687585,15.903354755907127,13.505029135743285,15.059721443560093,14.981896405738329,14.98162837666803,14.617092395471733
916400,7.779970294788463,13.99853855647973,13.595935562656546,14.949620698536418,14.49986423696109,14.906541200782195,14.454303774026895
916800,6.649087626981506,13.43019470307247,13.48425343904266,14.589603577930978,14.215114156466086,14.795228898291175,14.272787119444443
917200,19.60302796093657,13.274287700957876,14.862331954343949,15.067019509026698,14.673851082979601,14.76848644101372,14.393928956751084
917600,16.715329171022688,13.885494752121016,14.698307537184963,14.560974062652118,14.650535443466932,15.094544480193559,14.44551562817934
918000,12.00574234890546,12.550631480526937,14.226993118217033,14.444291208280697,14.857098887778506,15.079182082583998,14.39247707862991
918400,17.865207675245095,14.567678956618263,14.283108756548994,14.450921704804694,15.09902909049672,15.023252347518957,14.466364963664274
918800,21.725245814435475,17.58291059410906,15.506552648590764,14.183028367074147,14.812015320534547,14.820078675087064,14.61759164805534
919200,22.744805090057312,18.21126601993321,15.742776860445542,14.793828353608145,15.390549549338342,14.872310693420099,14.783453146871707
919600,12.31719428605568,17.331639042939806,15.608566897530409,14.598592138312034,15.24412625364557,14.870229068894858,14.734127969655388
920000,18.724060067020744,18.67530258656286,15.6129670335449,14.558998084644092,15.244136640221694,15.13966406268997,15.107896108043406
920400,12.37755439114104,17.57777192974205,16.072725443180154,14.834330502918352,15.323988946750998,14.893079538515858,15.139778049261785
920800,9.246716271719302,15.082066021198816,16.33248830765394,14.908370873348298,15.170565154505299,14.744457694263051,15.102680780163729
921200,8.903708467679696,12.313846696723292,15.262556358328249,15.062444156336095,15.132198458793882,14.821027401816764,14.867300424476625
921600,18.010696391765023,13.452547117865162,15.392093080402484,15.04520030879372,14.838013735235574,14.835924852700819,15.154054200235343
922000,14.012918773507828,12.510318859162577,15.592810722862719,14.909901920539875,14.827131046474705,15.04102684654956,15.181907810639741
922400,53.61183917454543,20.757175815843457,19.167473872792755,16.725291314670876,16.02310576080071,16.116140286070728,15.852096652573715
922800,6.72059101765959,20.251950765031513,17.667008393115164,16.586780520852965,15.344355042421153,15.525763588679704,15.389464618692685
923200,36.36740811549498,25.744690694594567,19.02926869565893,17.386022778052237,16.205641800958407,16.30022933591849,15.703702293867867
923600,25.238969019297183,27.190345220101,20.32144616898308,17.965006533256744,16.506210148535715,16.513456232479946,15.960472488912503
924000,7.086456941761316,25.805052853751697,19.15768585645714,17.38532644500102,16.091894008581775,16.222523944280557,15.943268421443404
924400,48.6437452268909,24.811434064220794,22.784304940032122,19.42851519160614,17.484321981956278,17.18906794507128,16.47132461881911
924800,12.605422863994376,25.988400433487747,23.120175599259632,19.726331953456786,17.64563911531874,17.157967765693883,16.419601275262366
925200,9.699713974302862,20.65486160524933,23.199776149921952,19.2311662541251,17.77488815419805,17.149092881575903,16.4967771514378
925600,23.114903835908745,20.23004856857164,23.71019689433632,19.551144987369405,17.933532503974586,17.05605952501076,16.61077926102792
926000,23.71682838383958,23.556122856987294,24.680587855369495,20.13669928911611,18.166797232149747,17.290495248698402,16.968939048313544
926400,89.50282186660408,31.72793818492993,28.26968612457536,23.718579998684056,20.57342291797237,19.084750851744374,18.546849453771653
926800,12.341079906021635,31.675069593335383,28.831735013411567,23.249371703263368,20.668432018372496,18.716200035168757,18.186957873626074
927200,11.435181573799191,32.02216311323464,26.338512359241985,22.68389052745046,20.370185971782156,18.738859440529303,18.30788594058319
927600,22.04867933310712,31.808918212674325,26.01948339062298,23.17046477980303,20.649832152378824,18.88452845905753,18.414661664108554
928000,8.541626358198762,28.77387780754616,26.165000332266725,22.661343094361932,20.31188440742292,18.61017058950301,18.211019221877788
928400,16.413158688521484,14.15594517192964,22.94194167842978,22.86312330923095,20.599657353880687,18.848726906074653,18.33964269174298
928800,16.64854345774517,15.017437882274345,23.346253737804865,23.23321466853225,20.93297254823948,19.070792770940272,18.39562496011608
929200,20.076360992715067,16.74567376605752,24.383918439646084,23.791847294784016,20.948750315965427,19.42714572556006,18.596057993189937
929600,8.391275750818933,14.014193049599882,22.9115556311371,23.31087626273671,20.671281868625304,19.17803828576522,18.22715874623603
930000,5.770065051516605,13.459880788263451,21.116879297904806,22.89873357663715,20.46342595871234,18.904317748588515,18.055772058539684
930400,15.504132559672213,13.278075562493598,13.717010367211618,20.99334824589349,20.38472345485991,18.85931978028218,18.01120275483782
930800,18.779113297335,13.704189530411565,14.360813706342956,21.59627435987726,20.28651903762323,19.091527440365113,17.8451227694036
931200,5.985658403504506,10.886049012569453,13.815861389313488,20.077186874277736,19.727880814738135,18.73160482616499,17.754259830286138
931600,13.291272797098,11.866048421825266,12.940120735712574,19.479802063167778,19.76035009843955,18.72240429821226,17.69564691438854
932000,8.213793484849841,12.354794108491912,12.907337448377683,19.5361688903222,19.41000787903385,18.460747667661614,17.469603961277947
932400,20.39446952244129,13.332861501045727,13.305468531769662,18.123705105099724,19.677238383410522,18.77611014835293,17.740075231213655
932800,5.803957393384771,10.737830320255682,12.221009925333622,17.783631831569245,19.562479754132706,18.754981892513015,17.700836201818944
933200,16.33877768961051,12.80845417747688,11.847251595023167,18.115585017334627,19.810315394863732,18.67337563572986,17.911166899452677
933600,18.009963311960032,13.752192280449288,12.809120351137278,17.86033799113719,19.810290958870233,18.705741489253295,17.90425469883963
934000,20.12347292950644,16.13412816938061,14.24446113893626,17.680670218420534,20.01397609740352,18.90868475376832,17.972346426658063
934400,19.86747563343365,16.028729391579084,14.680795446312406,14.198902906762012,18.889163979366458,18.958741452723032,18.023614913488224
934800,15.364592004571485,17.940856313816422,14.339343317036054,14.350078511689503,19.17729734559686,18.799725107476434,18.141090615699298
935200,23.70438942342805,19.413978660579932,16.111216419028406,14.963538904170946,18.75519672252796,18.823714715810702,18.20752714473767
935600,17.326469982188176,19.27727999462556,16.514736137537426,14.727428436625,18.491446754624327,18.948946608214015,18.280870666077295
936000,18.411812872661,18.93494798325647,17.53453807631854,15.22093776234811,18.86895861898765,18.94114042835502,18.275505749392998
936400,17.60675386646622,18.482803629862985,17.255766510721035,15.28061752124535,17.834392240306826,19.071870415238152,18.472041420826553
936800,11.65977473571651,17.74184017609199,17.841348244954208,15.031179085143915,17.802870636030896,19.13219687683808,18.572255163001252
937200,18.58009099945041,16.71698049129646,18.0654795759382,14.956365585480683,18.098883203535813,19.37410644013235,18.55179642377153
937600,3.0494380949248274,13.861574113843792,16.569427054234676,14.689273702685977,17.43003434550302,19.000074982711347,18.27847860224957
938000,19.074584665090537,13.9941284723297,16.46453822779309,15.354499683364674,17.275292888211382,19.126616630000914,18.419855448573273
938400,18.72718426202641,14.218214551441738,16.35050909065236,15.515652268482384,14.916104968058795,18.254500257187935,18.4370949803089
938800,20.826596143604903,16.051578833019416,16.896709504555705,15.618026410795878,15.198955509311569,18.60715038533657,18.41912198689229
939200,8.836937610116616,14.102948155152657,15.409964323224562,15.760590371126483,15.112347377188819,17.91888862270211,18.140964637293475
939600,18.11732816642561,17.11652616945282,15.489050141648303,16.001893139592863,14.981302338299434,17.74084760138032,18.256967314900873
940000,19.74796977077281,17.25120319058927,15.622665831459486,16.578601953889013,15.354847118718569,18.057385422105607,18.277445508975912
940400,10.643199815477743,15.634406301279535,14.926310426360638,16.091038468540834,15.162515156283776,17.107371786820277,18.24275841746265
940800,13.490664090293553,14.167219890617265,15.109399361818342,16.475373803386276,15.057252510702059,17.129502817477757,18.327637373834133
941200,4.617139461778002,13.323260260949542,13.713104208051101,15.889291891994649,14.541945126337488,17.002438454664635,18.2419059937161
941600,4.031915918796724,10.506177811423765,13.811351990438292,15.190389522336483,14.396633131936747,16.525363756736837,17.962330384256735
942000,12.25635633606822,9.007855124482848,13.129529157536059,14.797033692664574,14.612842841421802,16.238851955542554,17.92719913550794
942400,17.088258047205013,10.296866770828302,12.965636536053918,14.65807281335314,14.665647024339563,14.428487860057576,17.196727512961132
942800,30.83865655984745,13.766465264739082,13.966842577678173,15.431776041116938,15.067631799756644,14.890927276403223,17.67908882380489
943200,14.68606821043865,15.78025101447121,14.551755637710377,14.980859980467468,15.357645459987781,14.972199442319209,17.245462025703763
943600,12.382947849782743,17.450457400668416,13.97831760604609,14.733683873847195,15.32736796174394,14.730556155236098,16.988341602313472
944000,26.593398864173523,20.317865906289477,14.662860515386162,15.142763173422825,15.940021474388063,15.181850467885468,17.37848044076172
944400,16.724841938459438,20.24518268454036,15.271024727684331,15.098667577022486,15.817700554922,15.189642549133916,16.74010237499309
944800,16.960891225054258,17.469629617581724,15.618047441160403,15.363723401489372,16.189598349310984,15.197451243316644,16.82721174221429
945200,22.617384241702936,19.05589282383458,17.418071919152894,15.565588063601998,16.39888523438073,15.26097682454134,17.08556514756229
945600,10.357495312666714,18.650802316411376,18.050629858539896,15.930990924489091,16.14380296773762,15.310132313587536,16.83041697709745
946000,88.56047459197436,31.044217461971538,25.68104168413051,19.405285420833287,18.42503635648655,17.379892552098976,18.127289901260145
946400,20.208828503942016,31.741014775068056,25.993098729804206,19.479367632929062,18.436414785503494,17.497509950705727,16.741410034006904
946800,6.027485103565211,29.55433355077024,23.51198158417598,18.73941208092708,18.12517788880329,17.17871924586148,16.615138137957775
947200,18.9578094011382,28.8224185826573,23.939155703245937,19.245455670478158,17.966958554726958,17.50302302080232,16.765590694504553
947600,19.7278013355806,30.696479787240076,24.673641051825726,19.325979328935908,18.047002933173374,17.663936234264384,16.719173134554026
948000,29.93647164446594,18.971679197738393,25.007948329854965,19.835404422620563,18.431158225566872,18.207003188254788,17.147070040279367
948400,15.82271191123926,18.09445587919784,24.91773532713295,20.09438002740864,18.371690160392642,18.09270924797474,17.135261104733722
948800,16.415669652747034,20.172092789034206,24.863213169902224,20.240630305531315,18.530219990960322,18.358002054458794,17.13060362863376
949200,21.48096786021241,20.67672448084905,24.749571531753173,21.083821725453035,18.626915886319058,18.486556808723844,17.15869576598371
949600,9.918568919556058,18.71487799764414,24.70567889244211,21.378154375491004,18.855886913806764,18.284271948913744,17.18924162935845
950000,341.22863892465483,80.97331145368192,49.972495325710156,37.82676850492034,29.594355389125575,26.311901098792454,23.898413106821213
950400,17.89887667930164,81.3885444072944,49.741500143246114,37.86729943652516,29.566745136368084,26.262686124939147,23.9463079892138
950800,14.086958269040425,80.92280213055308,50.547447459793645,37.029714521984815,29.34209054054927,26.230745281550874,23.85246488864791
951200,7.765518755454605,78.17971230960151,49.42821839522528,36.683687049235616,29.306376578727203,25.83227351485154,23.888062095686916
951600,18.4678563156893,79.88956978882817,49.30222389323615,36.987932472530936,29.318060850369324,25.860808173189064,23.991593766058735
952000,24.409552421453167,16.525752488187827,48.749531970934875,36.87874015039492,29.473446938725335,26.01075166190887,24.315508944790807
952400,21.42216290952388,17.230409734232275,49.30947707076333,37.11360619894815,29.832745708526872,26.106136887985315,24.33606281253246
952800,25.437142734203725,19.50044662726494,50.21162437890901,37.537418774405616,30.23096166332388,26.45057108794749,24.72872651934884
953200,47.273628536791975,27.40206858353241,52.79089044656696,38.77023098916007,31.65284463249101,27.16790952638103,25.347423536292464
953600,297.1132217812462,83.1311416766438,81.51035573273597,53.10801731258904,41.42222149457266,34.51950411853907,30.929488705678185
954000,8.891666761591356,80.02756454467143,48.27665851642963,49.12457692106989,41.31006517542343,34.264931170951584,30.704852582319887
954400,53.036537406259285,86.35043944401852,51.790424589125394,50.765962366185754,42.50834115405858,35.122664999557415,31.3682338177764
954800,19.07954905666658,85.07892070851108,52.289683667888006,51.41856556384082,42.11637090395254,35.07898882238395,31.4425329588183
955200,10.541477996007952,77.73249060035427,52.56727959194334,50.99774899358431,41.97821789680485,35.12160233203123,31.1792747302699
955600,19.95291738752197,22.300429721609426,52.715785699126606,51.00900479618137,42.2305502147295,35.167492062558644,31.231803678376572
956000,4.19271802400448,21.360639974092052,50.694102259381744,49.72181711515831,41.483860853390524,34.778610768889436,30.947421781403445
956400,20.580510684830838,14.869434629806364,50.60993703691243,49.95970705383788,41.61238314493624,35.02704354062326,31.006896917770735
956800,20.095807428607163,15.07268630419448,50.075803506352784,50.143713942630896,41.716880351721336,35.192172124081104,31.17561757162855
957200,9.173531132334777,14.799096931459847,46.265793765907056,49.52834210623701,41.2687519147424,35.30608191584502,30.98748637428624
957600,20.093559669880868,14.827225387931625,18.563827554770526,50.03709164375325,41.5932873933162,35.707623009622125,31.32836880578536
958000,12.007175230000868,16.390116829130903,18.875378401611478,33.576018459020545,39.04151074791709,35.70139348197044,31.18702061708357
958400,37.172507101265175,19.708516112417772,17.28897537111207,34.539699980118726,39.6069667011612,36.20349970832195,31.555927073868343
958800,23.10918562712408,20.311191752121154,17.69193902815782,34.990811348022916,40.176356718613164,36.010262935003865,31.601578863538727
959200,48.26803006772205,28.13009153919861,21.464594235329226,37.01593691363628,41.15336407416596,36.84981198143595,32.39020071269083
959600,11.798396355464098,26.471058876315254,20.649142132123437,36.68246391562502,40.88905057482874,36.83519819407798,32.263822076471605
960000,292.59633160284864,82.58889015088481,49.489503490007856,50.09180287469479,49.64437924010816,43.485271512544855,37.720789313113116
960400,31.309592247134454,81.41630718005867,50.56241164623822,50.58617434157533,50.160608584638,43.84989027026174,38.13411716174625
960800,39.65403194622324,84.7252764438785,52.51823409799982,51.2970188021763,50.9352206610872,44.41721878829095,38.657384518864845
961200,4.688534701626646,76.00937737065941,52.069734454929005,49.167764110418034,50.37547288913434,43.96899754978905,38.658812423661814
961600,19.879329156657285,77.62556393089805,52.04831140360665,35.30606947918859,50.70749823037105,44.20704339588882,38.97576068841903
962000,26.918103212908164,24.48991825290996,53.53940420189739,36.20739130175443,40.23048037331283,42.66598411141216,39.26899562595583
962400,34.29292799175252,25.08658540183357,53.25144629094611,35.27021083102909,40.77694875039453,43.018086598607425,39.61308902484678
962800,5.846819151975337,18.325142842983993,51.52520964343124,34.60857433579453,40.50227744649236,43.01356994981767,39.11325227668934
963200,36.92707845282314,24.77285159322329,50.39111448194135,35.92785435863529,41.474329436404645,43.462801676109805,39.55807248153703
963600,9.294406012330244,22.65586696435788,50.14071544762797,35.3949287898757,41.16854775962601,43.20196679302855,39.49630164478798
964000,14.30052812117884,20.132351946012015,22.311135099460987,35.900319294734416,40.83158028295019,42.81106820494636,39.250444229928085
964400,25.82844008258739,18.439454364178992,21.763019883006283,36.16271576462225,40.97845618871897,43.06121140923007,39.432516192810645
964800,25.616436499289588,22.393377833641843,20.359260338312914,36.438747218156365,40.984432647555174,43.29123058039363,39.60562709829535
965200,6.533684399056965,16.314699022888608,20.54377530805595,36.30675488149247,39.62643450963068,42.91754849386474,39.28395310144243
965600,11.999934914075585,16.855804803237675,19.75583588379778,35.90207364370222,30.122658280724984,42.96958264372773,39.316801893470604
966000,9.89223906349425,15.974146991700755,18.053249468856386,35.79632683537688,30.156010690788417,34.68617264719872,37.743437182901005
966400,5.420991320748151,11.892657239332909,15.166055801755949,34.208751046351026,28.56882582127138,34.37422551323488,37.44768043923713
966800,5.4741875770853,7.864207454892049,15.128792644266946,33.327001143849095,28.115313771952,34.158906245936,37.43661448870753
967200,17.886909420761096,10.134852459232878,13.224775741060743,31.807945111501045,28.36016148611044,34.41194101256867,37.41519648909999
967600,10.888252401756416,9.912515956769044,13.38416038000336,31.76243791381566,28.058005986584924,34.22245091472034,37.238405510423505
968000,18.432119402043547,11.620492024478903,13.797319508089828,18.054227303775406,28.532652699186222,34.0730150892351,37.00831846557506
968400,21.863741086496034,14.90904197762848,13.400849608480694,17.581934745743485,28.5754270459084,34.084054543659406,37.12913904908019
968800,9.589898351914895,15.732184132594398,11.798195793743224,16.078728066028066,28.22523007668532,33.68787343410219,36.99262362306355
969200,12.362662466159964,14.627334741674172,12.381093600453523,16.462434454254733,28.331534454479495,32.81509928233639,36.8102575151825
969600,8.979630236630163,14.24561030864892,12.079063132708981,15.917449508253375,27.961070140037805,25.611759493720985,36.79147874152398
970000,21.14438158987745,14.7880627462157,13.204277385347302,15.628763427101841,28.265643685367024,25.918077364428136,30.389793594828433
970400,12.085698612083544,12.832454251333203,13.870748114480842,14.518401958118393,27.429416735727635,24.894306394573743,30.273530033484075
970800,19.55331597084457,14.825137775119137,15.278660953856768,15.203726799061855,27.31088774718499,24.906150567428195,30.38285718752016
971200,6.24882812327963,13.602370906543072,14.11485282410862,13.669814282584678,25.91024768237024,24.798834320609988,30.352523374876654
971600,39.65770527884288,19.737985914985614,16.991798111817268,15.18797924591031,26.83889131314953,25.29145401789301,30.77632035413973
972000,167.18561787756985,48.94623317252409,31.867147959369902,22.83223373372986,22.658534188973572,29.366276514232148,33.631841663262065
972400,1042.214500615719,254.9719935732512,133.90222391229221,73.65153676038645,56.35536446792639,54.907126262504356,54.04768841738596
972800,16.487533036762628,254.35883698643482,134.59198738077697,73.19509158726011,55.58314783761104,54.81691940270823,53.86869622343715
973200,19.54456994028572,257.01798534983607,135.31017812818953,73.84563586432155,56.07834901223301,55.07619537290701,53.31411505150702
973600,12.2003686923817,251.5265180325438,135.63225197376468,73.85565755323685,55.82238366342382,54.87886559846953,47.61585798972973
974000,31.078486529168707,224.30509176286355,136.62566246769381,74.91496992652057,55.96106310729917,55.35564838094873,48.05959438508128
974400,12.397796786399349,18.34175099699962,136.6568722851254,75.26381019980313,55.231225400454065,54.736280623077086,47.24681957268408
974800,9.157870919580969,16.875818573563286,135.61732777999902,75.44799436692792,55.341593792707584,54.38749775538851,47.04838600994237
975200,32.165291842921334,19.39996295409041,138.20897415196322,76.16191348803592,55.182867572377525,53.98492929976849,47.48086228688064
975600,17.815157964646055,20.522920808543283,136.02471942054353,76.50825876618042,55.46689263745473,54.13534833999804,47.43810709842312
976000,862.3363439723249,186.77449229717453,205.53979203001904,118.70346999469447,83.73475316582626,68.37884864923494,64.60097961738953
976400,14.090593796393614,187.11305169917335,102.7274013480865,118.31481263018934,83.34349162295312,67.94837368796642,64.47118127962078
976800,18.499320410218715,188.9813415973009,102.9285800854321,118.76028373310456,83.1062544199841,67.4195058995663,64.43925153925301
977200,15.292501330086145,185.60678349473386,102.50337322441214,118.90677567630084,83.39821498435172,67.6846050652778,64.56163094320804
977600,39.16214946617113,189.87618179503892,105.1995513017911,120.41590163777789,84.30362213608826,68.16667557301564,64.94300273913385
978000,20.746498309410484,21.558212662455993,104.16635247981526,120.39600747375455,84.66543077761881,68.0123854504282,65.11778920072203
978400,23.358934888069044,23.41188088079108,105.26246628998224,120.95966928755384,85.26336222986284,67.73903562283611,64.84151775645812
978800,10.272938304644812,21.7666044596763,105.37397302848862,120.49565040424386,85.42332058744816,67.84968860165284,64.58479281000854
979200,39.51269757200063,26.610643708059193,106.10871360139654,122.15884387667988,86.14418019248947,67.91432907963228,64.4096861600941
979600,11.359855680974349,21.05018495101984,105.4631833730294,120.74395139678647,86.15990030179674,67.96596532134839,64.40091534660431
980000,12.700733411522243,19.441031971442193,20.499622316949118,113.01970717348408,85.9688541021127,67.92597045360698,58.80300338277778
980400,9.14715522758899,16.59867603934618,20.005278460068656,61.36633990407758,85.54496790681578,67.50893833223202,58.35975464238687
980800,20.68535100385306,18.68115857918783,20.22388151943209,61.5762308024321,85.91481632854705,67.38566119484611,57.980381023539465
981200,9.144588704467472,12.6075368056812,19.609090256870225,61.05623174064118,85.80754720315731,67.45093380248137,58.06950210359628
981600,10.803501615145995,12.496265992515529,16.77322547176771,60.9863883867794,85.8683429157745,67.42102297000812,57.88798555276606
982000,20.362110039880967,14.028541318187274,16.734786644814754,60.45056956231501,85.84226719744129,67.6827697444178,57.75686568930551
982400,20.69947435679752,16.33900514402898,16.468840591687602,60.86565344083492,86.12939305559843,68.06473182031903,57.484996616606416
982800,24.904705762692597,17.18287609579689,17.932017337492383,61.6529951829905,86.30777271532669,68.55049477495922,57.86615434882076
983200,23.391264994116703,20.032211353726733,16.31987407970399,61.21429384055027,86.87918727768792,68.6881036642931,57.59543807964663
983600,20.17387862467829,21.906286755633193,17.201276374074386,61.332229873551874,86.22972638921577,68.92024431986616,57.813027531893596
984000,24.224107423047737,22.678686232266546,18.353613775226933,19.426618046088027,81.46434270739836,69.06504402039124,58.01149911793096
984400,20.01876461516226,22.5425442839395,19.44077471398426,19.72302658702646,47.3911515073798,69.0189196086079,57.89530560858247
984800,20.766473468047888,21.714897825010553,19.448886960403744,19.836384239917916,47.53378285508931,69.29833398651124,57.798306347957634
985200,12.127187284956952,19.462082283178603,19.74714681845269,19.678118537661454,47.28653676657835,69.29244710698114,57.91017640567563
985600,10.68670345144002,17.56464724853095,19.735467002082096,18.2543462369249,47.23608125854697,69.3351239373514,57.88391177642292
986000,21.946562944311168,17.109138352783635,19.893912292525112,18.31434946866994,46.931683805718386,69.35517847121224,58.124998254039255
986400,10.79447974555024,15.26428137886123,18.903412831400384,17.686126711543995,46.87823990435675,69.32289799954891,58.23246802253529
986800,22.98545341955117,15.708077369161888,18.711487597086244,18.32175246728931,47.339159321022414,69.40870143576657,58.58269333938461
987200,23.487994202965066,17.98023875276351,18.72116051797108,17.520517298837536,47.04991606635721,69.8396805877587,58.69471503502869
987600,15.38318856543732,18.91953577556297,18.242091512046983,17.721683943060683,46.96885041971691,69.23281766992356,58.784613758302314
988000,23.191773612631863,19.16857790922711,18.138858131005396,18.246235953116162,18.997364741060483,65.63297156330012,58.87980684251408
988400,17.670525763699747,20.54378711285701,17.904034245859144,18.672404479921703,19.116695806637356,40.019372191999636,58.79594253605815
988800,18.240209080230823,19.594738244992943,17.651407807077437,18.550147383740587,19.108058762304424,40.06318909308634,58.96894875062448
989200,4.672908847723692,15.831721173944667,16.90597996335411,18.326563390903402,18.754072346225673,39.69139756577229,58.81515367825575
989600,21.56856770607273,17.06879700207175,17.994166388817384,18.864816695449736,18.167619620889063,39.92560254111457,59.066932427644595
990000,4.811054913391487,13.392653262223671,16.280615585725414,18.087263939125265,17.636438174355092,39.268916750720145,58.74026589411487
990400,5.890701916140936,11.036688492711912,15.790237802784484,17.34682531709243,17.05416374195749,39.10623937896368,58.61636596019603
990800,37.90503544303286,14.969653765272318,17.28219600513265,17.996841801109447,17.975233646570423,39.824918492049974,58.983400349639794
991200,23.37236453611176,18.709544902949933,17.270633038447322,17.9958967782092,17.43722254537413,39.605095309379735,59.32587107789644
991600,8.172452825835144,16.03032192690241,16.549559464487103,17.395825488267043,17.330975783536154,39.36402768090946,58.69616602883628
992000,12.31622206472236,17.53135535716859,15.462004309696152,16.800431220350777,17.318158738642826,18.1135246332194,55.59877811257933
992400,8.627962316474914,18.078807437235383,14.557747964973668,16.230891105416408,17.300852308272358,17.976958846221432,34.92704734659444
992800,31.837781768259404,16.865356702280696,15.917505233776529,16.784456520426982,17.672600000419234,18.310420380172452,35.23405232122438
993200,13.374201214019092,14.86572403786216,16.78763447040607,16.846807216880087,17.813587084070956,18.262462877270774,35.11064494669905
993600,3.463521895808659,13.923937851856863,14.977129889379663,16.485648139098522,17.568921093426376,17.369997188011713,34.93590801076759
994000,21.01484143726421,15.663661726365234,16.597508541766935,16.43906206374617,17.590678806672486,17.376705766208055,34.734635108929496
994400,20.85255923663504,18.10858111039726,18.093694273816347,16.941966038300414,17.595781636000403,17.314046374922203,34.903730357934215
994800,28.2740749064336,17.395839738032098,17.13059822015642,17.206397112644535,17.708093940791773,17.764074789966923,35.28605443767126
995200,18.626555411929694,18.44631057761422,16.65601730773821,16.963325173092766,17.549270288052202,17.24192123596515,35.015279709051434
995600,10.818706578417933,19.917347514136075,16.92064268299649,16.735101073741795,17.237431219843526,17.228392508401242,34.875350681326864
996000,11.753242024782685,18.06502763163977,16.86434467900252,16.16317449434934,16.821735706568024,17.204705223732752,17.863688642376022
996400,78.86537030111754,29.66758984453627,23.888085477466785,19.22291672122023,18.783289229433198,18.947660600570963,19.159184172470503
996800,22.27525568566424,28.467826000382395,22.93183286920727,19.424669051491897,18.83358197002041,18.987408217616245,19.234702877979416
997200,35.10537900000578,31.763590717997612,25.10495064780594,20.946292559106006,19.599521693855372,19.6364279750047,19.630960431377808
997600,15.829934922750017,32.765836386864024,26.34159195050007,20.659360919939868,19.770962742899037,19.762088807694802,19.164316140509385
998000,23.033225945794324,35.021833171066355,26.543430401353085,21.57046947156001,19.807184842948477,19.828866705342637,19.21005069323706
998400,6.10927419596801,20.47061395003645,25.06910189728638,21.581398085551363,19.651011324629067,19.464111701321897,18.865057479395038
998800,997.0528058760716,215.42612398811792,121.9469749942502,69.5387866072033,52.11992307317975,43.76781420415638,38.60065483082358
999200,19.50515072462828,212.30607833304242,122.03483452552004,69.34542591662913,51.98716162390186,43.67066134741917,38.20050389387613
999600,12.696247019449014,211.67934075238222,122.22258856962314,69.57161562630982,51.897596905702244,43.483720557288436,38.22723172064562
1000000,58.504304306545,218.77355642453236,126.89769479779939,71.88101973840095,53.07468126216602,44.34072547937586,39.143303138546074
1000400,44.73124066086448,226.49794971751163,123.48428183377408,73.68618365562043,53.97670509207151,44.95853738051842,39.85498484721158
1000800,34.35023552613372,33.95743564752405,124.69177981782101,73.81180634351414,54.51370597360161,45.29813143197056,40.1282825376572
1001200,20.879685907683296,34.23234268413506,123.26921050858877,74.18708057819735,55.05393187560026,45.516943897538724,40.36298448172151
1001600,30.33070680701088,37.75923464164743,124.71928769701488,75.53043982375746,55.346003178964864,46.008043981427996,40.75352858555882
1002000,20.8133491374648,30.221043607831394,124.49730001618191,75.5203652087675,55.87941298643398,45.97971363625683,40.76255336751049
1002400,41.380090929926574,29.550813661643808,128.02438168957775,76.54674179343206,57.06239262022684,46.74435391586624,41.17616569897307
1002800,6.494474556097935,23.979661467636653,28.968548557580398,75.45776177591529,56.01537392399567,46.33207944427991,40.80796107484118
1003200,6.987537460803002,21.201231778260592,27.716787231197873,74.87581087835895,55.46921302148537,45.91956802572586,40.4798865241749
1003600,10.990698440228726,17.33323010490416,27.546232373275842,74.8844104714495,55.563154541965154,45.80975577259565,40.29622292048592
1004000,17.044445256037374,16.579449328618676,23.40024646822508,75.14897063301223,55.72076198167566,45.65607256368078,40.152629677145704
1004400,10.782749535134222,10.459981049660206,20.005397355652054,71.74483959471306,55.792588222297645,45.48387815796664,39.96790937554515
1004800,22.445053391334213,13.650096816707464,18.814879142172103,71.75332947999657,55.47949727640013,45.58899926574423,40.001480974010875
1005200,6.614265084856333,13.575442341518126,17.388337059889405,70.32877378423909,55.254166072094705,45.637533171672544,39.89122253000886
1005600,44.82443305558938,20.342189264590257,18.837709684747256,71.77849869088107,56.632863110754066,46.21892980541047,40.57397712209185
1006000,27.30065504208396,22.39343122179958,19.486440275209173,71.99187014569554,56.84239023091472,46.78116980862778,40.6810589640473
1006400,37.64226059886999,27.765333434546733,19.112657242103513,73.56851946584064,57.40204694298922,47.574958775696004,41.21801458111369
1006800,11.15136325457475,25.506595407194837,19.578346111951195,24.273447334765798,56.831289887927255,46.90611697098454,40.98133277781417
1007200,32.462128867213686,30.676168163666308,22.12580525259226,24.921296241895067,57.29247566977006,47.133361079262095,41.16081547109914
1007600,52.7023225248511,32.25174605751865,26.2969676610545,26.921600017165172,58.688596201317836,48.2466078217375,41.90719815028742
1008000,25.85159452714547,31.961933954530956,27.17768258816531,25.288964528195194,59.15854128472992,48.58499213329807,41.960394568577684
1008400,26.349458106485155,29.70337345605399,28.734353445300407,24.36987540047623,57.40801087824217,49.02802952804833,42.1339732154334
1008800,25.231492864972275,32.519399378133485,29.01299739266421,23.913938267418157,57.506552117552445,48.86287230546615,42.27379889112822
1009200,20.969131350891544,30.220799874869062,30.448484019267728,23.918410539578566,57.03534386258197,49.05274555888796,42.599723341191584
1009600,20.08057929933922,23.696451229766687,27.974098643642712,23.405904164194986,57.177032008468274,49.46817199397623,42.56996357305691
1010000,5.942712083444022,19.714674741026396,25.838304347778724,22.662372311493947,56.6073482130566,49.09136876013072,42.59259671645796
1010400,29.23663507406577,20.29211013454252,24.9977417952983,22.05519951870091,57.37826024232652,49.30097065606649,43.05951537961646
1010800,9.523902481687625,17.150592057885593,24.834995718009587,22.20667091498039,24.460630129180394,48.83221634544784,42.49189272038955
1011200,31.971524640122105,19.3510707157317,24.785935295300426,23.455870273946346,24.876175926363523,49.16584057615265,42.663875922469764
1011600,20.06319680437092,19.347594216738045,21.52202272325241,23.909495192153457,25.12174091919425,49.39695283180147,42.90169080204048
1012000,37.55002775184096,25.669057350417432,22.69186604572196,24.934774316943635,24.42326503403745,50.04187247497793,43.40636691578285
1012400,15.61962271133235,22.945654877870748,21.61888250620668,25.17661797575354,23.452877769053046,48.4607287852333,43.54620012368
1012800,38.77262861322925,28.795400104179073,22.972996081032377,25.992996736848294,23.60029087195623,48.87316310842243,43.684897060579395
1013200,17.840991360031815,25.96929344816101,22.660182081946402,26.554333050607067,23.499001053701182,48.44155341742308,43.774232863499655
1013600,23.561854982566683,26.669025083800165,23.00830965026915,25.49120414695593,23.273372659553043,48.6348514189185,44.17619952523481
1014000,21.735886975858445,23.506196928603664,24.58762713951059,25.212965743644656,23.30412392083283,48.6024179446701,44.1906204360067
1014400,24.08082804163464,25.19843799466412,24.072046436267478,24.534894115782887,22.72748182455643,49.051706790811764,44.25518581210668
1014800,6.223729881823361,18.688658248382943,23.742029176281054,24.28851244714532,22.71845700208061,24.280979890955557,43.81417891161448
1015200,6.727515910104123,16.465963158397408,21.217628303279252,23.00178179928984,22.709789617057314,23.961539020592454,43.576198121577974
1015600,12.016605774421356,14.156913316768339,20.4129692002843,20.967495961768353,22.74398652819707,23.944547989466763,43.600156105498044
1016000,16.166202767263943,13.042976475049437,18.2745867018266,20.48322637377428,22.71471177857129,22.886095450984733,43.68841532034766
1016400,11.55543305512836,10.537897477748183,17.868167736206196,19.74352512120644,22.740467895904427,22.056700260841332,42.342216575427884
1016800,15.480531431983074,12.389257787780126,15.538958018081578,19.25597704955698,22.508317163926055,21.584957658487564,42.20632209035425
1017200,14.997934995231963,14.043341604805693,15.254652381601597,18.957417231774,22.78777282760524,21.437913885676284,41.80417321025879
1017600,818.86401645647,175.41282374121542,94.78486852899194,58.89658908963054,48.589092274301265,41.151246626912766,57.864854840933184
1018000,9.62702202743259,174.10498759324918,93.57398203414935,59.08080458682997,47.99997117381289,40.871588449161955,57.59673076256594
1018400,39.08769539280472,179.61144006078445,95.07466876926637,59.57335760276692,48.0481523336107,40.81427856073391,58.25629918650268
1018800,17.09849360508651,179.9350324954051,96.16214514159267,59.95208715893686,48.246390011961104,41.07937903695863,38.65721294108298
1019200,19.868263398087905,180.9090981759763,97.47621989039105,59.34692409683515,47.82659449632357,41.40139718539075,38.66447519455217
1019600,4.717182313892339,18.07973134746077,96.74627754433814,58.57962337231123,46.227089822624954,41.24455928223234,38.50489390044104
1020000,26.35179093400375,21.424685128775,97.76483636101213,58.01971153141936,46.24376303618689,41.477242924181496,37.861843632990215
1020400,13.43901470633604,16.294948991481263,97.95319452613289,57.910681131169554,45.81341492284859,41.54364955346154,37.235999113899645
1020800,12.236437652192336,15.322537800902428,97.62878514815381,56.583871583117705,45.38024641575593,41.288434159983,36.79372315642082
1021200,28.02866078986477,16.954617279257803,98.9318577276171,57.093255054609344,45.6155640637217,41.8237940526082,36.93670265406445
1021600,19.70160014123368,19.95150084472607,19.015616096093463,56.90024231254271,45.60293142511818,41.19572322974931,36.724120520748905
1022000,81.11764179154322,30.904671016233966,26.16467807250453,59.86933005332694,48.10876241538815,42.5411478984858,37.93020637383047
1022400,273.42883029886053,82.90263413473886,49.59879156311011,72.33673016618823,56.24850225621465,48.43581214098556,42.571181161209154
1022800,34.95867246626189,87.44708109755277,51.384809449227646,73.77347729541016,57.09632792236712,49.03099487127774,43.140465119412426
1023200,26.32494519633548,87.10633797884691,52.030477629052406,74.75334875972173,56.90810860757424,48.87756527950578,43.52721327412308
1023600,7.4063795997450015,84.64729387054919,52.29939735763768,74.52283745098791,56.48621470075337,47.74516670637813,43.455526897313405
1024000,44.785443852440736,77.38085428272868,54.14276264948137,75.95379950524675,56.727395237440035,48.21851293951052,44.010346869241474
1024400,8.508016051769808,24.396691433310536,53.64966278402475,75.80142865507882,56.49034168212128,47.772476888142634,43.96485219957418
1024800,20.13260365679149,21.431477671416456,54.439279384484664,76.03403226631924,55.86900751690668,47.64500465793811,43.91860320488333
1025200,20.485146595290736,20.26351795120751,53.684927965027256,76.30839284632218,55.95714602474865,47.63290503904808,44.196020835092014
1025600,22.609604146891797,23.30416286063687,53.97572836559308,36.495672230843276,55.92540433022615,47.6961306602369,43.75172425691807
1026000,20.733942060124548,18.49386250217363,47.9373583924512,37.051018232477865,55.892006166368354,48.065911409653914,43.62038999727888
1026400,10.702069636868783,18.932673219193425,21.664682326252027,35.63173694468107,55.44604755287616,47.60254727372399,43.081586178038854
1026800,18.93981102059464,18.69411469195406,20.0627961816853,35.72380281545649,55.86991692416854,47.83794498719667,43.23735513335925
1027200,20.099883271411493,18.617062027178207,19.4402899891929,35.735383809122666,56.31566250287878,47.5411539529789,42.9901102214432
1027600,15.139078039792713,17.12295680575839,20.213559833197674,36.25647859541768,56.41974491172449,47.41805098386445,42.23884533174204
1028000,25.46426158743488,18.069020711220457,18.28144160669709,36.212102128089235,56.72968020573019,47.115906829754294,42.23109867294783
1028400,17.639737170144887,19.456554217875677,19.194613718534598,36.42213825127968,56.93249034289741,47.16640969122461,42.05690425422102
1028800,30.924363589486838,21.853464731654118,20.27378971180413,37.35653454814441,57.44728474814754,46.97020306563105,42.170761668711314
1029200,13.157467855688417,20.4649816485095,19.5410218378439,36.61297490143558,57.385935843496085,46.85311497802246,42.01452839880725
1029600,22.89271167578268,22.015708375707497,19.56933259073299,36.772530478163034,30.853559017473174,46.83638639535287,42.07077104633612
1030000,21.164024229308644,21.155660904082247,19.6123408076514,33.774849600051304,31.23812575753571,46.82208982668912,42.37519728925341
1030400,19.48508091412101,21.524729652877472,20.490641935376622,21.07766213081433,30.584705274912917,46.707196148501275,42.180166206054515
1030800,27.35680412512433,20.811217760004972,21.33234124582959,20.69756871375745,30.926648958914182,47.235523004583804,42.53682423892325
1031200,21.247554087587694,22.429235006384825,21.44710832744721,20.443699158320065,30.97262531523084,47.59852395902089,42.32234482787257
1031600,20.03538657291404,21.857769985811096,21.936739180759343,21.075149506978512,31.483232123864898,47.798993478983206,42.32178862324343
1032000,31.323597840041444,23.88968470795766,22.522672806019997,20.40205720635855,31.64895902073282,48.17792835580265,42.19726002500744
1032400,10.487509396269749,22.090170404387408,21.807450028632484,20.501031873583546,31.550575510397277,48.151230264331176,42.09461775870618
1032800,20.76706354143526,20.77222228764959,20.791720023827327,20.532754867815733,31.834929706705378,48.283393567067485,41.7345064572703
1033200,28.143781663060015,22.151467802744058,22.290351404564486,20.9156866212042,31.838767069145213,48.61203973376318,41.94056226333087
1033600,18.05353197337401,21.75509688283605,21.806433434323615,20.68788301252831,31.783831463549895,28.591777621685786,41.83039580314701
1034000,19.959931739540178,19.4823636627358,21.686024185346774,20.649182496499087,29.745241128483126,28.850100364488476,41.79487669842065
1034400,21.29813511984296,21.644488807450436,21.867329605918968,21.1789857706478,21.340884622515873,28.40536135766443,41.73922283998481
1034800,21.77154515370528,21.845385129904447,21.308803708777063,21.320572477303333,20.901313712097316,28.522187646379898,42.050179145422454
1035200,28.22120678532076,21.860870154356594,22.00616897855037,21.726638652998794,20.964522431730163,28.731011231060716,42.480052962926784
1035600,20.937116707547982,22.437587101191387,22.096341992013762,22.01654058638656,21.41554700199026,29.136509590902115,42.658463181589326
1036000,15.409933585224175,21.527587470328186,20.504975566532035,21.513824186276025,20.436363326416373,28.862963157182627,42.643337797948526
1036400,26.972341064290774,22.66242865921775,22.15345873333414,21.98045438098332,21.051840826833743,29.201296316131494,42.95167595813177
1036800,112.0396801383686,40.71605565615041,31.280720393027472,26.0362202084274,24.11541004288631,31.6963773782859,44.88285893225948
1037200,9.480978288162184,36.968009956718696,29.414440055537693,25.852395730051093,23.74860443264869,31.232685315743332,44.77251979811808
1037600,17.115384479648185,36.20366351113874,29.320625306165105,25.56352937024437,23.5654637770739,31.1680299242037,28.737547158581652
1038000,35.077523169762294,40.13718142804636,30.832384449187323,26.259204317267052,24.043583147395164,30.017026958659176,29.246557181428244
1038400,33.86782150652197,41.5162775164926,32.08935308785522,26.9783413468871,24.815774876383603,24.028001738850712,29.142159703702593
1038800,92.1567864755944,37.539698783937766,39.127877220044134,30.21834046441061,27.256340724883596,25.45795458908402,30.643325561112746
1039200,20.0763009082346,39.65876330795224,38.313386632335515,30.15977780544295,27.25555464611103,25.3017384818815,30.647486311315678
1039600,35.811317091313875,43.397949830285384,39.800806670712106,30.94857433136294,27.944629281161735,26.011861919170723,31.269369006864114
1040000,68.19596881838063,50.02163896000905,45.07941019402775,32.7921928802799,29.36901952219326,26.59712504331922,32.10625256455165
1040400,19.72823088180676,47.193720835066,44.354999175779355,33.25422895455675,29.43863597924866,26.877630414070143,32.23203688806106
1040800,31.75701919695063,35.113767379337254,36.326733081637556,33.80372673733252,29.466391166164115,27.16824080257412,32.622448518956226
1041200,17.979573840905363,34.694421965871406,37.17659263691187,33.29551634622479,29.627128032338018,27.105601483714487,32.42146677997704
1041600,11.502751105482863,29.832708768705203,36.61532929949534,32.96797730283023,29.247462679994687,26.827930157679265,32.257489799262025
1042000,13.025614690121772,18.798637943053432,34.41013845153129,32.621261450359306,28.97618236202179,26.635221973429196,30.8956492572336
1042400,20.575711590358846,18.968134084763854,33.080927459914975,32.5851402738851,29.01253671789639,26.882063022266447,25.838586883063563
1042800,30.9452106226043,18.805772369894584,26.95976987461596,33.04382354733006,29.13215026781239,27.18219801231669,25.758317646190413
1043200,38.43609139960576,22.897075881634663,28.79574892375308,33.5545677780443,29.705101511546324,27.640603215521544,26.00054057025581
1043600,110.33068219912592,42.66266210036328,36.24768543453429,38.024246052623205,32.71494469908672,30.02039331950487,28.059026622243433
1044000,20.368919226541795,44.13132300764728,31.464980475350405,38.27219533468908,32.34978874530339,29.89300976048255,27.570696129725455
1044400,5.59939079653807,41.136058848883124,30.05209646682353,37.20354782130145,32.18685145864568,29.592001101142376,27.512523624620822
1044800,17.760529471484695,38.4991226186592,28.652447494276934,32.489590287957256,32.086633656313985,29.26290524819232,27.46508214091469
1045200,922.8055734446629,215.37301902767064,119.13504745465268,78.15582004578229,61.908693382367424,52.00410788791669,45.51149067790213
1045600,19.236831619874,197.15424891182025,119.90845550609178,78.26189240279358,61.94813670391741,51.91271088651897,45.44403522736177
1046000,36.520574716523136,200.3845800098165,122.25795150873194,78.33404498013162,62.50015813648351,52.29662464869932,45.75976788048975
1046400,12.94275767185653,201.8532533848802,121.4946561168817,77.28779178839835,62.22164555488396,52.13306656764272,45.8045816411895
1046800,21.062761784010952,202.51369984738545,120.50641123302236,73.73309055381918,62.19801944256083,51.97571550911488,45.84704065645782
1047200,18.92008844707824,21.73660284786853,118.55481093776964,73.67527993076136,61.88798216461941,51.917528868102146,45.82344475997116
1047600,26.34718711127783,23.158673946149293,110.15646142898481,73.20207343175954,62.06831784474373,52.075323881561246,46.047606941400865
1048000,13.835085515806384,18.62157610600594,109.50307805791127,70.48402926663084,62.01582290909648,51.63811107345536,45.81502341996829
1048400,36.58472822535683,23.349970216706,112.60161180079315,71.32685413380834,62.33623581446535,52.290541544182545,46.19392324107253
1048800,33.623131051265545,25.86204407015692,114.18787195877124,71.42015972652408,59.722350844895246,52.611943231928294,46.247898590308104
1049200,6.592338635023679,23.39649410774601,22.56654847780731,70.85079796623,59.626062856457295,52.07315715622739,46.116596005894806
1049600,53.24570278114612,28.776197241719665,25.96743559393452,72.93794555001317,60.83040679984056,52.9529614264217,46.72365582800208
1050000,26.93767475677464,31.396715089913318,25.009145597959673,73.63354855334582,60.559078519407635,53.12740500185256,46.839128838551396
1050400,19.25200051455791,27.930169547753536,25.640069882229813,73.56736299955575,60.071884486342164,53.07625163672043,46.834467230560136
1050800,28.938777279490264,26.99329879339848,26.427671431777743,73.46704133240006,57.9646175131387,53.25543243986506,46.86610669364745
1051200,7.240776265244993,27.12298631944274,25.25974021359442,71.90727557568204,57.5367666917057,52.73092167686317,46.5859711372006
1051600,13.555611751661374,19.18496811354579,23.980582677632775,67.0685220533088,56.79490984705062,52.54638405296599,46.45637564077555
1052000,21.808303532177487,18.15909386862636,24.777904479269882,67.14049126859058,55.248654337510516,52.70634330163982,46.266069754618265
1052400,621.6596900998944,138.64063178569364,83.28540066672365,97.9435062337584,75.31303631144677,67.57352702752992,58.48951336869076
1052800,19.65607466657993,136.78409126311158,81.88869502825507,98.03828349351316,74.90967149376775,65.26393689073521,58.46729359119366
1053200,21.304747269425057,139.5968854639476,83.35993589169522,52.96324218475128,75.02051060805175,65.55953111526678,58.33051290332096
1053600,18.04322314129936,140.4944077418752,79.83968792771053,52.90356176082255,75.23852634257896,65.58272708180804,58.33030672667947
1054000,20.63818144018888,140.26038332347747,79.20973859605195,52.10944209700583,75.4922785675812,65.22174353856872,58.34387172069244
1054400,17.21984575439987,19.372414454378575,79.00652312003616,52.323296501132994,75.38041637304923,64.80554414476566,58.26230593338358
1054800,462.8541187254568,108.01202326615393,122.3980572646328,74.41286434820529,89.77737997647766,74.07297745101224,67.0839574048186
1055200,9.328847245028555,105.61684326127465,122.60686436261116,73.9333022881028,88.80713850465841,73.80429110943207,66.70611021401277
1055600,19.010358572677116,105.8102703475502,123.15233904471275,73.56646086117277,85.76312771711011,73.38426714646616,66.66757505131534
1056000,9.731710998853291,103.62897625928308,121.94467979138032,73.3612921353251,85.40855410952051,71.92266070097796,66.55401059958793
1056400,20.965465823624506,104.37810027312801,61.87525736375333,72.58032901523849,85.92075661042337,71.95359157452341,66.4338730947746
1056800,13.899467277909192,14.587169983618498,61.29959662488625,71.59414582657067,85.7920545373042,71.50715277654737,64.47106883756541
1057200,16.5618618433443,16.033772903281648,60.82530808227817,72.0926219869867,55.58393081726023,71.47170997660835,64.61268650866906
1057600,31.94235870373869,18.62017292949396,62.21522163852211,71.02745478311633,56.0074483867224,71.98270016656474,64.90922599315086
1058000,18.86139094062216,20.446108917847734,62.037542588565444,70.6236405923087,55.418808927525696,72.12859457282725,64.58490334856806
1058400,17.5009237903742,19.753200511197672,62.065650392162866,70.53608675609954,55.57074779814295,72.05172487782764,64.2575653942451
1058800,5.991101304230655,18.17152731646197,16.379348650040257,69.38870295733655,55.06835911548361,71.4278721448683,62.53425169081784
1059200,1118.5888391592632,238.57692277964574,127.30534784146373,124.95610610203747,91.7239841392231,98.43169083885974,84.5045024558384
1059600,20.761494463823308,236.34074993166269,127.48046143057834,125.31640023764558,91.53779438430796,96.19246114547717,84.20350600328858
1060000,24.05783437913029,237.3800386193643,128.91307376860604,125.42887677999317,91.87855267975208,96.28468402429188,83.32074331450357
1060400,21.48758234827684,238.17737033094483,128.9652854210713,95.42027139241232,91.37531448384942,96.68188881308535,83.355930343833
1060800,19.61268658155309,240.90168738640932,129.5366073514357,95.41810198816098,90.90829966819234,96.72819274083706,83.11304369152504
1061200,22.739403034655567,21.731800161487776,130.1543614705668,95.4898347764225,91.44653514818008,74.22653848058687,83.20824027540004
1061600,41.69857594057802,25.91921645683872,131.12998319425074,96.67260241638644,91.06163092016112,74.78808208860447,83.81215677210196
1062000,311.5370617763973,83.41506193629212,160.39755027782823,111.21754643319687,100.54827715414855,81.66349426510132,89.78238571382747
1062400,725.3963537219396,224.19681621102467,231.18709327098478,146.62637183157383,124.08642226106127,99.47483416635342,103.87879855645906
1062800,32.409082701769734,226.75609543506798,233.8288914107387,125.10412003038948,124.20209910847058,99.75849218929737,103.90807599804236
1063200,144.32920383875378,251.07405559588761,136.40292787868776,131.85413786007575,128.77171336092087,102.89372007408926,106.02593824682535
1063600,28.41780652584037,248.4179017129401,137.16855908488947,132.32451025773392,129.2671198533935,102.94548555945332,104.38768073335963
1064000,29.268841953992897,191.96425774845923,137.68965984237573,133.3013668054909,129.51580446745405,103.331329470408,104.56567918790864
1064400,21.66476952746467,51.21794090956424,137.7073785602945,133.3363319906829,109.51597378170638,102.95833050296069,104.88698676252717
1064800,20.5099567964813,48.83811572850656,137.79710558178732,133.6668564666115,109.54443651936975,102.63050114659109,104.94197530902711
1065200,22.337476973442826,24.439770355444367,137.75691297566604,133.95563722311644,109.578860842837,103.02412960505156,86.93261337960271
1065600,6.410447838639909,20.038298618004276,134.22810016547223,132.6790416798615,109.19110166608169,101.85324823148889,86.67608570397802
1066000,16.341865688448433,17.452903364895384,104.70858055667736,132.5530654172528,109.04789114102368,101.58835300478076,86.27251152341654
1066400,55.42679832109705,24.20530912362186,37.711625016593096,134.44935914378894,110.32145622658025,102.49272294994424,87.12219233640133
1066800,17.238198752923893,23.550957514910376,36.19453662170851,135.0117140162236,95.46759222749581,102.20020848678007,87.0457010757796
1067200,9.062427610352996,20.895947642292413,22.667858998868432,79.5353934387781,95.45871157300664,102.24574977040777,86.8485478590451
1067600,26.490423427983096,24.911942760161047,22.475120689082708,79.8218398869861,95.7080470681835,102.56912006231582,86.85141258537922
1068000,60.53563414847448,33.75069645216625,25.60179990853087,81.6457298754533,97.40151117317086,103.53730332772325,87.78542355803256
1068400,15.15517964949322,25.69637271784549,24.95084092073372,81.32910974051411,97.20783496736651,88.37469056646322,87.3568325865153
1068800,34.12871310428914,29.074475588118542,26.312716551514505,82.05491106665093,97.88214316157915,88.73650652740594,87.36694422757577
1069200,21.71546743861409,31.60508355377076,26.250515598031633,82.00371428684886,98.05393001475483,88.74677453163567,87.66940680364756
1069600,69.09410831330143,40.125820530834424,32.518881645497785,83.37349090548501,99.29232166840693,90.02304666093572,87.98637491429068
1070000,54.34189795700465,38.88707329254046,36.3188848723534,70.51373271451538,100.47500523561966,90.8656395738561,88.53445937829527
1070400,22.453251671802487,40.34668769700231,33.02153020742395,35.366577612008534,100.64008283166727,90.99647472179117,88.59848440144019
1070800,19.71560414945309,37.4640659060351,33.26927074707687,34.7319036843927,101.09756625984136,79.91801185739108,88.41402093883943
1071200,13.997904103451136,35.92055323900251,33.762818396386685,28.215338697627573,64.27786842464762,80.03473827885165,88.54916349560355
1071600,9.444713603149944,23.990674296972216,32.058247413903366,27.26668405149305,63.900642395958506,79.79559715461347,88.46694553263333
1072000,10.26083570374788,15.174461846320861,27.030767569430708,26.316283738980797,63.44074244011243,79.80882527223585,88.23599617606473
1072400,16.988687951526973,14.081549102265758,27.21411839963408,26.082479660183914,63.2907792935541,79.7094058254334,76.14257613309738
1072800,17.871826070843092,13.71279348654376,25.588429696289477,25.950573123902,63.232750609863764,79.80871479525675,76.10689116118265
1073200,25.38933588148021,15.991079842149574,25.955816540576087,26.10316606930387,63.32108170475792,80.02940164621015,76.18858293342375
1073600,25.581496041267485,19.21843632977308,21.604555313372693,27.06171847943525,62.783845708114235,79.87038007964836,76.33934839142312
1074000,72.87543989966774,31.74135716895705,23.457909507639002,29.888397189996216,54.828458312223255,81.2207313036245,77.3840935606127
1074400,33.33803683432488,35.01122694551664,24.546388023891247,28.783959115657602,31.759847749302764,81.61665912972326,77.70645738221118
1074800,23.43720334428872,36.124302400205764,24.918547943374808,29.093909345225846,31.460785104053397,82.05281168072472,68.91811907458782
1075200,17.248908120106446,34.49621684793101,25.243648345040334,29.50323337071352,27.22477524676515,54.5193134047458,69.07652029208938
1075600,7.619422122841115,30.903802064245735,25.061119197009454,28.559683305456417,26.531495766665177,54.190761596221236,68.84870156309266
1076000,17.691184374767744,19.866950959265736,25.80415406411144,26.417460816771086,26.145573847357674,54.03159534611219,69.00789103061096
1076400,168.6369916485077,46.926741922102295,40.96898443380951,34.091551416721806,31.044647918059106,57.71033057861795,71.96132154710862
1076800,20.90993591261069,46.42128843576669,41.27279541798627,33.430612557137884,31.05798055526342,57.74276181189439,72.10153091980264
1077200,31.31438599742837,49.23438401123108,41.86530042958109,33.910558485078596,31.357210856062935,57.957136385963715,72.39658140288434
1077600,20.511261962628137,51.81275197918848,41.35827702171715,31.481416167544932,31.827237993529206,57.427453536514975,72.16795946806212
1078000,30.354275830333805,54.34537027030169,37.10616061478376,30.282035061211396,32.29431833159206,50.39788388786338,72.39781716585635
1078400,28.095590264056504,26.237089993411455,36.58191595775692,30.564151990824094,31.383278063024036,32.9653648014163,72.60971049532999
1078800,19.45004890769692,25.9451125924287,36.18320051409774,30.550874228736284,31.457006401516473,32.641388956564484,72.87888944739933
1079200,15.72590047586936,22.827415488116902,36.030899749674035,30.6372740473572,31.67912216370035,29.42630637249237,50.82163067373145
1079600,19.31004736035344,22.58717256766196,37.19996227342527,31.130540735217373,31.43977629477936,29.198612393355198,50.792601731662046
1080000,22.960460393257552,21.108409480246713,37.72688987527424,31.76552196969285,30.187270502938798,29.04090285433681,50.7706542519446
1080400,28.70856310040703,21.231004047516812,23.734047020464182,32.35151572713686,30.63904995130259,29.216997693660375,50.91507386698719
1080800,124.36322517314169,42.21363930060577,34.07937594651728,37.67608568225179,33.646867020264345,31.813329403076885,53.010084638818974
1081200,8.763031411705237,40.82106548777294,31.82424048794497,36.844770458763044,33.215119152700716,31.47396826403345,52.73055720635996
1081600,21.41901147650972,41.2428583110042,31.915015439333125,36.63664623052515,31.625949258140988,31.84918235498019,52.3249659170786
1082000,20.164520961730297,40.68367042469875,30.896039952472773,34.001100283628276,30.48670335829851,31.944748736812233,46.49751510078526
1082400,16.197887863413875,38.181535377300115,29.70626971240851,33.14409283508273,30.278191231352228,30.964025975370152,32.31354578361474
1082800,9.446356016452397,15.19816154596226,28.70590042328406,32.44455046869091,29.935882960252204,30.769229906958365,31.854291249908396
1083200,42.58657270375716,21.962869804372644,31.39196764607284,33.71143369787345,30.8888385802624,31.607333534293474,29.819438627208466
1083600,22.455176086715653,22.17010272641383,31.70648051870906,34.45322139606718,31.32252066304793,31.506452350761787,29.70018601842597
1084000,15.260279826948732,21.18925449945752,30.93646246207818,34.331676168676225,31.489168800487956,30.374568492723643,29.420014775885083
1084400,26.00915016915172,23.151506960605087,30.66652116895265,27.20028409470843,31.789850874408778,30.645917755715107,29.506902388718828
1084800,18.60152504062178,24.982540765438966,20.09035115570066,27.084863551108974,31.8141741734014,30.257738054123415,29.468733753601636
1085200,14.79974587257523,19.42517539920258,20.69402260178766,26.259131544866325,31.461187839771238,30.08484501497245,29.317979131584288
1085600,24.29799284952936,19.793738751765318,20.981920739089624,26.44846808921138,31.418404400046636,28.964942128378148,29.675730031802072
1086000,17.232078682564644,20.188098522888502,20.688676511173053,25.792358231822924,29.563625692809865,28.037196646517145,29.693534291684397
1086400,20.198844163339768,19.02603732172611,21.088772141165645,25.397520926787088,29.125652603777024,27.980836458805577,28.988975208529254
1086800,3.499275750662759,16.005587463734308,20.49406411458668,24.599982268935385,28.461055017322828,27.575428248835816,28.714196748484028
1087200,11.952383422034464,15.436114973626152,17.43064518641441,24.41130641624364,28.28450419405376,27.524290231800403,28.77199586471766
1087600,20.522891781126816,14.681094759945646,17.237416755855527,24.471948637282306,28.71461984932995,27.801244686249827,28.652645231780536
1088000,22.89542466058783,15.81376395555028,18.000931239219437,24.46869685064882,28.888094525523954,28.117109410170826,27.899841042022803
1088400,10.324061144121998,13.838807351706729,16.432422336716467,23.549471752834567,23.61099684204443,27.9504937399857,27.803218671915378
1088800,31.38890775790961,19.416733753156098,17.711160608445248,18.900755882072964,23.960295903554393,28.288420782162365,27.748422564987788
1089200,21.15758737336605,21.257774543422418,18.34694475852433,19.520483680156005,23.621735949418984,28.18262706945951,27.737264963682822
1089600,33.17649791106715,23.78849576941048,19.23479526467811,20.108358001883875,24.04391048103362,28.372502116204497,27.01891275563814
1090000,15.855437276135286,22.380498292519974,19.097131124035172,19.89290381760413,23.560615862560333,26.947002050616184,26.249183542020752
1090400,21.218766965562857,24.559439456808143,19.199123404257485,20.143947772711577,23.331388419277214,26.64402030389714,26.22449384789596
1090800,17.730096225449724,21.82767715031617,20.62220545173618,20.558134783161442,23.27405666320231,26.501342625926164,26.18478368941589
1091200,23.64892238488321,22.3259441526196,21.791859348021053,19.611252267217743,23.538157393502768,26.661342982545584,26.377804055044535
1091600,17.261630566763,19.14297068375877,21.46573322658467,19.35157499122011,23.46987683371642,26.90239819364363,26.534142394316795
1092000,7.846388647997335,17.54116095813118,19.960829625325623,18.98088043227254,22.966074442207745,26.656278300474373,26.485853453201784
1092400,16.37692908627282,16.572793382273172,20.566116419540702,18.499269378128595,22.555019975069943,22.849776736418498,26.4736182758967
1092800,10.478886183460904,15.122551373875407,18.475114262095833,18.093137435270553,18.75887534208058,22.589000493189754,26.325759478149056
1093200,6.228252036944073,11.638417304287582,16.982180728453635,17.664562743488993,18.67438269625521,21.961847144177646,25.942537801258336
1093600,20.023364312297517,12.190764053394485,15.666867368576675,17.450831316627404,18.6278611241148,21.94964970291938,25.831375166678935
1094000,14.338268998300308,13.489140123455082,15.515150540793176,17.306140832414183,18.4336527253338,21.549249532118544,24.660631748651586
1094400,16.519207971168978,13.51759590043431,15.045194641353785,17.122159022805647,18.4443633955923,21.259839974796357,24.32425517138847
1094800,16.21402478010616,14.664623619763365,14.893587496819432,17.757896474277814,18.669952354380765,21.17893937160659,24.179791600104817
1095200,17.97138352918585,17.01324991821172,14.325833611249696,18.058846479635385,17.84944604856172,21.235076447939498,24.19424110828641
1095600,622.9900660152989,137.606590258812,74.89867715610328,48.18220519134398,37.86727571284782,36.32707691431314,36.50165398613556
1096000,19.952752947462397,138.72948704864442,76.1093135860498,48.03507160568772,38.02369148353162,36.25188422816826,36.54688535758946
1096400,19.12056212337429,139.24975787908548,76.38367688975993,48.47489665465032,37.7940718820057,36.01218420374244,33.55655676708679
1096800,18.913963018353343,139.78974552673492,77.22718457324918,47.85114941767252,37.804486481263424,33.37595264987273,33.516637309201634
1097200,19.82283405816046,140.16003563252985,78.58664277537082,47.78441175191224,37.97192275411626,33.65244771603411,33.286806270416285
1097600,28.09794473110302,21.181611375690657,79.39410081725137,47.53048409291403,38.09858781683538,33.81942104739894,33.43853992578578
1098000,48.58305253499104,26.90767129319638,82.81857917092044,49.166864855856815,39.14362027858294,34.52988433673046,33.803115459878924
1098400,10.046728747769992,25.092904618075526,82.17133124858053,48.60826294496717,38.80521643139728,34.37610535883936,33.442138229553194
1098800,9.07451484188076,23.125014982781007,81.45738025475801,48.17548387578873,38.991057734437874,34.36680932947507,33.23462754823687
1099200,19.267260760505984,23.013900323250112,81.58696797789001,47.95640079456986,39.23488697905359,33.78382653089379,33.3054547539296
1099600,16.76060327610119,20.74643203224975,20.964021703970246,47.931349430036775,39.1094773622194,33.64146221062843,33.25446587224455
1100000,13.925638291691778,13.814949183589894,20.361310238393187,48.23531191222149,38.810484483256204,33.60809617224701,33.07376943021325
1100400,21.874351707713444,16.180473775578587,20.6366891968271,48.51018304329353,39.19549416870925,33.50472621071105,32.93708520235937
1100800,18.28964767658717,18.02350034251987,20.574257662650485,48.900721117949836,38.7588521659985,33.49692927661019,30.81561365242828
1101200,27.73447411746551,19.716943013911774,21.36542166858099,49.97603222197591,38.978081724135144,33.82029748273244,31.195042506543484
1101600,23.59177591076446,21.083177540844424,20.91480478654713,50.15445280189926,38.65859099079173,33.80264205926332,31.238497795228582
1102000,6.052696756633762,19.508589233832826,16.661769208711405,49.74017418981593,38.33183297347501,33.52315751111505,30.95626131112665
1102400,19.32099335646461,18.99791756358306,17.589195669580867,49.880263459080716,38.26857385317173,33.501211240943164,31.018723420987666
1102800,7.603681661999699,16.860724360665564,17.442112351592762,49.44974630317539,37.93102670105673,33.603821388726594,30.98186993389861
1103200,22.61076760793592,15.835983058759643,17.776463036335755,49.68171550711289,37.896421541825156,33.870280993374124,30.582353831982186
1103600,13.627986195765802,13.843225115759912,17.463201328302215,19.213611516136236,37.77530006279191,33.697908353740104,30.40581003416319
1104000,17.087974579909773,16.050280680415113,17.779434957124014,19.070372597758606,38.083352927189,33.552722101723155,30.44236392922241
1104400,15.296849309882491,15.245451871098691,17.12168471734092,18.879186957084013,38.047350267975986,33.67704180586716,30.22811791203703
1104800,50.7705947960297,23.878834497904688,20.36977942928517,20.472018545967835,39.39040722172828,34.161583981820165,30.871499307145186
1105200,71.84983198049835,33.726647372417176,24.781315215588457,23.07336844208473,41.577793219846754,35.42889009699847,32.01250102930364
1105600,29.05568432300528,36.81218699786507,25.327706056812538,23.12125542167984,41.87887055353701,35.32586975729693,32.10765485877317
1106000,22.557079372221946,37.90600795632751,26.978144318371356,21.819956763541384,42.152830899334404,35.49341080969909,32.21415487256631
1106400,22.141183377670178,39.274874769885045,27.260163320491916,22.424679495036393,42.34023007955111,35.516471220001776,32.25300165685292
1106800,12.871156662880509,31.694987143255208,27.786910820579994,22.614511586086383,42.228801142310246,35.39499773093755,32.440439275097276
1107200,19.746060888630485,21.274232924881634,27.50044014864945,22.638451592492608,42.28795705429174,35.29742619353122,32.5963128244292
1107600,20.894879564577888,19.642071973196156,28.227129485530657,22.845165406916443,22.218117505934377,35.3882574184766,32.60375258009822
1108000,18.87732949435219,18.906121997622204,28.406064976974903,23.092749967049464,22.182270057497366,35.664030939635474,32.5233906767735
1108400,19.52643578126346,18.38317247834086,28.829023624113,22.975354170726966,22.195799179427006,35.74276860701024,32.70743816951633
1108800,16.938671981821184,19.196675542128993,25.44583134269215,22.907805385988667,22.129956144875937,35.90426325196924,32.41843345399456
1109200,9.584457199891364,17.164354804381173,19.219293864631446,22.00030454010996,21.788676916266965,35.988168381042925,32.18697085052507
1109600,29.48255768439127,18.881890428343848,19.261981200770048,22.2948436287913,21.83483068137657,36.224648215345276,32.11309204599155
1110000,17.34789174855558,18.57600287918453,18.74106243840341,22.859603378387387,20.79365865516206,36.29988878410165,32.14294113543996
1110400,15.656706458107964,17.802057014553426,18.09261474644719,22.676389033469558,20.980657912173324,36.27832624627513,32.03169992529086
1110800,24.554836459560697,19.32528991010133,19.26098272611521,23.52394677334761,21.496668632762653,36.486846538261496,32.16819472997308
1111200,7.68074353038911,18.944547176200878,18.05445099029107,22.777445569470267,21.11045139175876,36.22958053829157,31.8488311528832
1111600,13.393274472535367,15.726690533829697,17.304290481086817,22.765709983308746,20.998207098306565,20.989660749722486,31.771464030998644
1112000,7.322890337290023,13.721690251576586,16.1488465653806,22.277455771177756,20.77811549982651,20.673914184468178,31.760994064784498
1112400,8.49161111608822,12.288671183172639,15.045364098863079,21.937193861488044,20.33202414677233,20.408190409286025,31.603287705380808
1112800,5.382828649404251,8.454269621141348,13.889779765621384,19.667805554156768,19.901796845866233,20.069912050062296,31.501366554699676
1113200,49.01279373357644,16.720679661778814,17.832613418989894,18.525953641810677,20.611074166403267,20.799661041947694,32.35705738863232
1113600,7.9724137269561295,15.636507512662968,15.681599023246378,17.471790112008218,20.09042876027632,20.296522766844024,32.11603837692549
1114000,16.434583032056874,17.458846051616337,15.590268151596508,17.165665294999965,20.43649163612376,19.49281102927067,32.15796465760062
1114400,6.296215963942731,17.019767021187242,14.654219102179985,16.37341692431359,20.00233238970636,19.39904820967499,31.9535048174561
1114800,18.346092325305605,19.61241975636751,14.033344688754473,16.64716370743485,20.360412745149894,19.630837646760607,31.996146168360088
1115200,7.792446361734489,11.36835028199912,14.044514971889011,16.049482981090048,19.866468703609844,19.343967286791322,31.792567425011057
1115600,5.878732495324017,10.949614035672699,13.293060774167879,15.298675627627352,19.60816024692845,19.07192051727189,19.450340754611563
1116000,21.56257894462177,11.975213218185676,14.717029634901053,15.43293810014083,19.757313725752184,19.262844033595144,19.48253727455475
1116400,20.89609692024044,14.89518940944522,15.957478215316275,15.50142115708968,19.943955312764118,19.23838766390832,19.518047970492077
1116800,21.418975533575765,15.509766051099252,17.561092903733428,15.725436334677411,18.96556800401565,19.316620860333032,19.568148220796523
1117200,8.348692050770273,15.621015188906407,13.494682735452809,15.663648077221357,16.848863339691384,18.831976308665652,19.338665380648717
1117600,5.470177651098027,15.539304220061208,13.244459127866998,14.463029075556694,16.06267978396114,18.37893635217399,18.88611003904862
1118000,16.229068188898676,14.472602068916592,13.223907643551177,14.407087897573849,15.851746077850366,18.633345637980614,18.239030352126772
1118400,25.01214374267612,15.295811433403728,15.095500421424518,14.874859761802256,15.947444756683897,18.7756243976359,18.538338652024894
1118800,4.2859596757126885,11.869208261831112,13.689487156465228,13.861415922609854,15.661271523778302,18.692681347978727,18.442567548701533
1119200,10.879981994045252,12.375466250486108,13.998240719696302,14.021377845792665,15.365735560625463,18.399411707631458,18.27482197337232
1119600,21.27299629779744,15.536029979825992,15.537667099943643,14.415363937055767,15.378339451732781,18.59053696018225,18.365069833806242
1120000,10.8507188700082,14.460360116047895,14.466481092482288,14.591755363691679,15.110785764254647,18.43460556743471,18.303571445372572
1120400,14.83115283590326,12.424161934693323,13.85998668404857,14.908732449682429,14.95427633274264,18.42296315558523,18.162707467936368
1120800,16.77039606126083,14.921049211802952,13.395128736817076,15.478110820275258,14.948667135390629,17.57295818721601,18.132322435629842
1121200,18.92377486145517,16.529807785284937,14.452637017885568,13.973659876669194,15.259977724109424,16.249806759239927,17.956108450509635
1121600,4.076935807289591,13.090595687183363,14.313312833504721,13.778885980685866,14.413123661539366,15.625338046347036,17.56581164844014
1122000,21.74479794383046,15.269411501947818,14.8648858089979,14.044396726274545,14.55968720138186,15.605031010637251,17.879653672184073
1122400,23.44046726213328,16.99127438719382,14.707718160943617,14.901609291184077,14.819145894849374,15.637513107748825,17.962043150297443
1122800,45.54087118122752,22.74536941118716,18.8332093114951,16.26134823398017,15.518680385571601,16.4542559707075,18.720786940682
1123200,3.6567405099420895,19.691962540884543,18.110885163084784,16.05456294139055,15.3845469515567,16.05202296124029,18.341706398722124
1123600,212.4731381727352,61.37120301397366,37.230899350578554,26.384283225261107,22.02054240823003,20.841479426444224,22.31860943826151
1124000,11.06349458541942,59.23494234229145,37.25217692211968,25.859329007300992,22.14522921650101,20.646133553720908,22.198119838371703
1124400,8.40989807921723,56.22882850570825,36.610051446451074,25.23501906524983,22.14250544860531,20.36822011116975,22.060380813758403
1124800,3.2557805179737334,47.77181037305749,35.258589892122366,24.326859314469726,22.07160384422429,20.026147824573563,21.11008452819728
1125200,11.299802855395338,49.30042284214814,34.496192691516384,24.47441485470098,20.81450414828492,20.069031465961164,19.89908394569522
1125600,26.4464313650204,12.095081480605177,36.73314224728947,25.5232275403971,21.4303047362204,19.993128307976892,19.84689888653552
1126000,4.122618333737568,10.706906230268808,34.97092428628018,24.917905047639046,21.019905912943088,19.662496472606442,19.478209665765835
1126400,4.378880133161411,9.900702641057645,33.06476557338299,23.88624186716331,20.95599471858371,19.380550814482778,19.12296360087566
1126800,23.436219184516847,13.936790374366268,30.854300373711926,24.84375484260352,21.12566561389075,19.35258538260668,19.334264851308387
1127200,78.50293010057385,27.377415823401968,38.3389193327751,28.224902247929947,23.482681738518732,21.123140046861298,20.509402235547256
1127600,3.181709422845479,22.724471434966983,17.40977645778613,27.320337904182345,23.39278096943611,20.867850920619052,20.155138832712606
1128000,14.274862451777874,24.754920258575048,17.730913244421973,27.491545083270836,23.149857086341317,21.04165022348125,20.06308949186112
1128400,17.73651691886499,27.426447615715762,18.663575128386746,27.63681328741892,23.044537752962132,21.272772868550668,20.027291114613153
1128800,32.6256372810816,29.264331235028713,21.600560804697533,28.42957534840996,23.418093144545658,21.9538430843426,20.341030420598358
1129200,3.5764976220106344,14.279044739316069,20.828230281359065,27.662211486437734,23.25901999692034,20.817935681553458,20.220871229040743
1129600,3.515744364586262,14.345851727664225,18.535161581315652,27.634151914302567,23.19387222070328,20.70651894749421,19.701534962644644
1130000,6.037156981573236,12.698310633623299,18.72661544609922,26.848769866189706,22.854141847125767,20.44658329623212,19.475320267304998
1130400,3.3114033937262657,9.813287928595553,18.619867772155704,25.84231667276935,22.130783835494107,20.371962981976708,19.228414206017366
1130800,2.995237922417882,3.8872080568628107,16.575769645945808,23.71503500982887,22.087759777050945,19.988191621904512,18.797222235274504
1131200,5.004535729023941,4.172815678265472,9.225930208790817,23.782424770782963,21.8919115682169,19.918493856086748,18.743698079247203
1131600,17.378273191617883,6.945321443671796,10.645586585668058,14.027681521727095,21.762087464677577,20.2059823734941,18.823398053628853
1132000,26.799180958487256,11.0977262390546,11.898018436338996,14.814465840380489,22.293702867626887,20.336897423840732,19.212923866052797
1132400,20.979843337732685,14.631414227855885,12.222351078225765,15.442963103306264,22.498659217687866,20.33899108427804,19.462688510485687
1132800,22.675746687744347,18.567515980921176,11.227362018892041,16.413961411794794,22.69550423857065,20.370410363132258,19.80854687125249
1133200,26.86685982736273,22.939980800588934,13.55639823942725,17.192314260393164,22.960273737434235,20.833364557547064,19.365628193128213
1133600,3.676640265635996,20.199654215392556,13.572487829532221,16.053824705423942,22.94693055271245,20.788526122910515,19.279712723901813
1134000,6.753345509671957,16.190487125629495,13.644106682342095,16.185361064220665,22.44721547157383,20.551633055929848,19.086087973454113
1134400,5.358445506368757,13.066207559356709,13.848810893606345,16.234339332881028,21.844481413048346,20.060290600022164,19.06733256430263
1134800,32.50250175618504,15.031558573044851,16.79953727698306,16.68765346146444,21.40986909888026,20.765704152033972,19.350460752920224
1135200,30.12539555383722,15.683265718339749,19.31162325946439,14.268776734127607,22.292157600343437,21.246839491028773,19.797119736762276
1135600,9.407326168491569,16.829402898910864,18.514528557151756,14.580057571409913,15.523297200201979,20.950197737796124,19.86769161022563
1136000,5.29490924369891,16.537715645716254,16.36410138567292,14.131059911005963,15.33101102214463,20.811302497138392,19.54233821620717
1136400,15.642101560032248,18.59444685644895,15.830327207902878,14.026339143064328,15.57208447150513,20.83157621524162,19.437258309003006
1136800,20.760585089828325,16.246063523177607,15.638811048111274,13.433086533501662,16.155577957233618,20.931330940955803,19.42409050012806
1137200,5.0894000382792015,11.238864420066005,13.461065069202922,13.50873165431509,15.948564529996412,20.585471570376406,19.358904659878238
1137600,21.046491434282828,13.566697473224258,15.198050186067604,14.38526900779992,15.76856653230516,21.009710461051235,19.670430935541933
1138000,16.639427412437744,15.835601106972025,16.186658376344184,14.915382529343143,16.185793501595167,20.882076197766416,19.678638120012714
1138400,18.575827636850796,16.422346322335734,17.508396589392387,15.67860374149937,16.65902508505148,20.760460207134358,19.549911797896208
1138800,6.305767147502006,13.531382733870469,14.888723128524083,15.844130202753579,16.08801001715098,19.77958260629122,19.590307947331997
1139200,7.770719992347431,14.067646724684115,12.653255572375105,15.982439415919753,13.730269680210103,19.88243209335135,19.52812270729804
1139600,10.86874210492841,12.03209685881323,12.79939716601879,15.65696286158528,13.986504102946201,14.842322191656184,19.32003762344066
1140000,25.525769035278305,13.809365183381345,14.82248314517673,15.59329226542483,14.361534322396214,15.203879052902655,19.61353862674606
1140400,11.883874157078084,12.470974487426801,14.446660404881314,15.138493806392102,14.166446230336652,15.290728454849177,19.554593053169555
1140800,11.897596640323162,13.589340385991033,13.560361559930797,14.599586304021042,13.47551154231137,15.50677385790791,19.457137064750803
1141200,19.44362801987252,15.923921991496053,14.995784358090129,14.228424713646532,14.004415888906767,15.710369487019841,19.46753412791915
1141600,6.47052939214077,15.044279448938521,13.538188153875922,14.368119169971768,14.102908723158583,15.210971937697852,19.515405999616174
1142000,8.547414815336069,11.648608604950075,12.728986894165756,14.457822635254976,14.186583984284011,15.321591849737814,19.251458337046287
1142400,19.74064974572782,13.219963722680024,12.845469105053457,15.176932847222929,14.73422552935073,15.705636090051973,19.177461986718175
1142800,7.342316576919939,12.308907709999378,12.94912404799525,13.918923588259673,14.879128151167466,15.303288524862051,18.413490894632027
1143200,13.860353076463667,11.192252721317606,13.558087356406876,13.105671464390994,15.174322062748788,13.687224099259296,18.617563145962457
1143600,14.004009716031335,12.69894878609572,13.871614117517165,13.335505641767984,15.06184661356257,13.957781606588942,14.648180576828379
1144000,4.5164424227096704,11.89275430757044,11.770681456260302,13.296582300718523,14.319088662369984,13.713821105862237,14.517239533574184
1144400,9.31774364405528,9.808173087235934,11.514068404958023,12.980364404919674,13.930352005914072,13.503351773991994,14.535396444870946
1144800,43.961208492289664,17.13195147030988,14.720429590154675,14.140395575042742,14.639867399398916,13.786741054272195,15.349505004357264
1145200,8.257454149204923,16.011371684858126,13.601812203087913,14.298798280589025,14.019553876793655,13.903764967452053,15.288658030233455
1145600,7.414516339584586,14.69347300956878,13.696210897832293,13.617199525854115,14.144149745925274,14.001234266827012,14.90801972972474
1146000,21.509314762679463,18.092047477562737,14.992400892566636,13.8606938933662,14.636015387692192,14.388038211354665,15.255753658303577
1146400,20.846076743827297,20.397714097517138,15.102943592376585,13.974206348715025,15.152269762274141,14.82640504510719,15.585097590516895
1146800,7.737091779593679,13.152890754977943,15.142421112643955,14.04577258031961,14.326756096387763,14.944951391536588,15.271115042418433
1147200,3.575261498964248,12.216452224929808,14.113911954894013,13.83599965565045,13.441751627891998,14.909219535785095,13.77256167038624
1147600,9.181001624171378,12.569749281847166,13.631611145708018,13.751612631612598,13.434207476414658,14.704287746598933,13.892547514412758
1148000,10.964953780413282,10.460877085393932,14.276462281478379,13.023571868869348,13.623208960971803,14.308432067147084,13.826349340985466
1148400,9.292106875407162,8.150083111709904,14.273898604613569,12.8939835047858,13.411542471484301,14.016238655588946,13.65746114011631
1148800,12.129245994231509,9.028513954637472,11.090702354807751,12.905565972481218,13.12383116829774,13.752576138251124,13.247533314379307
1149200,12.387810195053763,10.791023693855374,11.503737959392637,12.55277508124028,13.367111506856894,13.390599897443403,13.423759565840172
1149600,19.77964766712486,12.910752902446069,12.740251092146664,13.218230994989487,13.32488338128496,13.793175082480621,13.749037631890943
1150000,7.577736474068015,12.233309441177017,11.347093263285519,13.169747077926084,13.022827016672636,13.813784856590525,13.779849221740838
1150400,15.415173118513929,13.45792268979837,10.804002900754181,12.95347324656539,12.917471866061407,14.065203046894155,14.021924616236591
1150800,9.599799002851832,12.952033291522435,10.990273623079997,13.066347367861983,13.027272927906402,13.492635478060823,14.15401583784527
1151200,20.219885418902177,14.518448336292119,12.65473601507379,13.384323984983908,13.44224510879156,13.244997724687446,14.458322831642835
1151600,21.783932044899828,14.919305211847108,13.915029057146636,13.773320101427334,13.806084773457275,13.554412871597654,14.546436008708472
1152000,15.610994129035015,16.52595674284051,14.379633092008808,14.328047686743602,13.475592276582498,13.812314993731055,14.322672272119428
1152400,67.12308737479457,26.867539594096638,20.16273114194755,17.218314873280566,15.316899383839715,15.099339639100114,15.245537152860669
1152800,54.36599916678351,35.820779626882974,24.38640645920275,17.738554407005257,16.732512801388392,15.939474991023994,15.879342202441448
1153200,38.8744217552128,39.5516868941451,27.035067615218658,19.26940278730565,17.380205925899737,16.78410053394733,16.11949344099845
1153600,61.73976873303341,47.54285423177181,31.23107972180951,21.985665406978093,19.222513903929492,17.8014324664161,17.280756010346398
1154000,19.57705699490748,48.336066804946306,32.43101177389345,21.88905251858949,19.59016864324854,17.874873205977842,17.53723024005111
1154400,27.66871793674686,40.44519291733677,33.65636625571675,22.230184578235473,19.85443758294917,18.102195463475244,17.983435688658673
1154800,13.178308235219758,32.207654731024014,34.01421717895354,22.502245401016772,20.048970638225835,18.274008990668186,17.596951818239365
1155200,14.2929988846166,27.291370156904776,33.421528525524984,23.038132270299393,20.063392165164263,18.437065962974916,17.280303884854955
1155600,22.135148262540604,19.370446062806217,33.45665014728906,23.685839602217854,20.334430116714568,18.718726116915217,17.534860326735934
1156000,9.033213016859412,17.2616772671966,32.7988720360715,23.58925256404016,20.484989136519562,18.30641221645475,17.609626402199147
1156400,25.429989560773148,16.813931592001857,28.62956225466936,24.39614669830846,21.02206400041016,18.645065101547125,17.805384162213965
1156800,18.631276464773727,17.90452523791265,25.05608998446838,24.721248221835573,20.177732932826295,18.813407097158386,17.762797989712872
1157200,29.98558262107669,21.043041985204674,24.16720607105477,25.601136843136715,20.902003881888685,19.076955962188492,18.26072164136882
1157600,42.0973990706158,25.03549214681971,22.202969104813008,26.717024413311265,22.05809997292306,19.96762770415037,18.681739794095478
1158000,10.75081785178513,25.379013113804852,21.320345190500774,26.875678482197117,21.69948340922658,20.022712780061596,18.563967602882425
1158400,25.421231574829037,25.37726151661603,21.09559655430899,27.375981405012872,21.85198857025997,20.164727325789123,18.700875681641993
1158800,12.622465461890846,24.175499316039453,21.0400122769761,27.527114727964822,22.014834359669877,20.2967310479134,18.827209647929767
1159200,20.326181909372565,22.24361917369863,21.643330579451696,27.532429552488345,22.573198373350156,20.45837676873612,19.07831888627027
1159600,8.355518639903075,15.495243087556085,20.26536761718794,26.861008882238508,22.545682273874547,20.317164491832916,19.028054416969766
1160000,17.351151342827816,16.815309785764622,21.097161449784785,26.948016742928143,22.75855552595503,20.638032214835867,18.864562063120754
1160400,20.80644164645499,15.892351800089813,20.634806658352964,24.63218445651117,23.14236668498996,20.925249664895862,19.043013412908294
1160800,16.393727457609117,16.64660419923347,20.411051757636507,22.73357087105245,23.28451606710254,20.236062639028845,19.13293602925401
1161200,11.761168263338291,14.93360147002661,18.588610321862667,21.377908196458723,23.263628002712032,20.32365549188218,18.97928683412333
1161600,24.802516469493423,18.223001035944684,16.85912206175043,19.531045583281724,23.431056962790983,20.7583554951299,19.34592657567038
1162000,9.038119854245185,16.560394738228155,16.687852261996433,19.00409872624861,23.479736408796885,20.446575622419044,19.355740676448562
1162400,20.616783261276996,16.522463061192557,16.207407430641233,18.651501992475115,23.653123413555658,20.44084328535529,19.373263346759547
1162800,21.47819929996132,17.539357429663,17.092980814448275,19.066496545712194,24.04907009012597,20.784370973364478,19.655981001220376
1163200,20.09792953294528,19.206709683584396,17.070155576805547,19.356743078128627,24.04500489392741,21.197437674214004,19.780732530350008
1163600,12.54271825754974,16.754750041195656,17.488875538570216,18.877121577879088,23.736964434349073,21.281480590048464,19.751506701180375
1164000,4.572248194789937,15.861575709304608,16.21098522376643,18.65407333677561,23.3690062365409,21.121662950407877,19.75262281662198
1164400,20.309550522007928,15.800129161450798,16.16129611132172,18.398051384837352,21.808555008114684,21.3970990415729,19.972458954181032
1164800,14.744830298859943,14.45345536123052,15.996406395446803,18.20372907654166,20.487849379183896,21.462488649188607,19.388131390312438
1165200,10.34541119094117,12.502951692829699,15.854830688207093,17.221720505034884,19.53688236037484,21.411428674085794,19.429890531147166
1165600,21.396630596645863,14.273734160648923,15.514242100922337,16.18668208133639,18.192111089161923,21.451853247323818,19.70953281628839
1166000,9.869040294983494,15.333092580687634,15.597334144996168,16.142593203496308,17.86851053249779,21.509135842846707,19.47672732693447
1166400,8.374959505241357,12.946174377334321,14.373151769392603,15.290279600016921,17.22538525144761,21.333130502514894,19.227304982162753
1166800,31.735174310377232,16.34424317963778,15.398849270434194,16.245915042441244,17.843947453952858,21.886514885203027,19.70726663277842
1167200,6.956445085498141,15.666449958549174,14.084700825689477,15.57742820124752,17.59939566064891,21.554928876867926,19.7748903045091
1167600,15.37370874962016,14.46186558914403,14.367799874896523,15.928337706733373,17.37401434355156,21.394673294485933,19.898744447018075
1168000,22.43342745135872,16.974743020419076,16.153917800553398,16.182451512159922,17.820688158034866,21.565234127544027,20.128113920436984
1168400,13.11069487063409,17.92189009349762,15.434032235416016,15.797664173368876,17.410045001696904,20.214924314940017,20.204485680341524
1168800,9.912125733142938,13.557280378050763,14.950761778844315,15.473584087145564,17.119406643975875,19.103577479099002,20.16014327511975
1169200,5.753182897731542,13.316627940497446,14.491538949523354,15.173184818865229,16.311659986531037,18.275546507661968,20.027450729173307
1169600,18.857099583789964,14.013306107331406,14.237585848237766,14.875913974580055,15.536983336970176,17.203479778930884,20.00899976750661
1170000,17.622512537456675,13.051123124550998,15.01293307248508,15.30513360874063,15.766039826492563,17.154616167494613,20.209895288774383
1170400,19.14213810144459,14.257411770713096,16.089650932105407,15.23140135074901,15.556736710713079,16.941451671612057,20.284434588432994
1170800,23.260499708116008,16.92708656570771,15.242183471879283,15.320516371156746,15.911337852253919,17.193506458434463,20.55764860253828
1171200,21.87428556559428,20.151307099280256,16.7339675198889,15.409334172789196,15.962941307461309,17.3830386254589,20.59073660547212
1171600,5.42130273066278,17.46414772865482,15.738726917993159,15.053263396444844,15.865134110486633,16.96519248716196,20.26348401918738
1172000,21.689781664768283,18.277601554117144,15.664362339334113,15.909140069943765,16.00975512121798,17.28160670335968,20.385059769902046
1172400,9.725347124895771,16.39424335880738,15.325827564760285,15.379929900088154,15.640385303832675,16.888990642462748,19.23710496490407
1172800,20.74285210622361,15.8907138384289,16.40890020206835,15.679830990456338,15.785356125453156,16.941780033498993,18.564642023692873
1173200,22.43413154824854,16.00268303495975,18.07699506712005,16.28426700832171,16.1411215682835,16.75299375667829,18.235836219553587
1173600,16.394307208680782,18.19728393056335,17.83071582960913,16.034150838923455,15.860847926256412,16.110416460129915,17.328926989066535
1174000,5.782326911030532,15.015792979815803,16.64669726696652,15.829815169725805,15.752321494815924,15.986204186611051,17.053032387388996
1174400,21.41474496465371,17.35367254776739,16.87395795328743,16.481804442696422,15.778920218261813,15.886042021356667,16.927952927947132
1174800,12.126690975715162,15.630440321665699,15.760577080047344,15.501380275963323,15.467203274120275,15.873647659202273,16.906920582757042
1175200,26.68266009224235,16.480146030464464,16.24141453271215,16.48769102630053,15.68669429276351,16.03255961377402,17.154713806909555
1175600,20.866987882368147,17.374682165201936,17.785983047882688,16.76235498293793,15.964169946924123,16.345346344835644,17.129350599306107
1176000,19.10290902611111,20.03879858821805,17.527295784016975,16.59582906167555,16.44852530796816,16.38914028691773,17.330744519491137
1176400,18.54025340918496,19.463900277124303,18.408786412445888,16.867306988603094,16.38954873754073,16.33248558098598,17.192949796459374
1176800,95.95068479151182,36.22869904028363,25.929569680974716,21.169234941521538,19.09641055396246,18.321409514333546,18.739337962994135
1177200,23.4838311870212,35.588933259239404,26.034539644851975,22.055767355986017,19.53435788716513,18.61447608742562,18.60930293431303
1177600,26.004094255350928,36.61635453383595,26.995518349518996,22.413117089564068,19.687940009121963,18.644515532072056,18.287436838007732
1178000,21.477179484030824,37.0912086254199,28.565003606819015,22.605850436892773,20.074877982090204,18.955492022816696,18.501964070652644
1178400,13.28191474824033,36.03954089323098,27.751720585177686,22.312839269232562,20.23844315685684,18.77212030999078,18.25917773412087
1178800,11.265584426431683,19.10252082021495,27.66560993024934,21.713093505148343,19.556123494058657,18.51680493815254,18.23204011341169
1179200,13.220986296489222,17.049951842108552,26.319442550674022,21.28042854169309,19.764941534425024,18.34488135724114,18.08993620115402
1179600,18.452001357057775,15.539533262449918,26.077943898142983,21.931963473012843,19.867551288006275,18.49261343472884,18.291865855497115
1180000,20.44660517662547,15.33341840096885,26.21231351319442,21.8698046486057,19.801323878848503,18.889472359274727,18.353774932173067
1180400,21.427988038275743,16.962633058975932,26.5010869761035,22.4549366942747,20.078566984436556,18.91743329718142,18.366205860009483
1180800,29.88884229787904,20.687284633265403,19.89490272674022,22.91223620385747,20.744457536594428,19.2960335971569,18.63610815681488
1181200,9.76866158192306,19.996819690352172,18.523385766230408,22.278962705541197,20.87830682606748,19.281614856931448,18.596258023186575
1181600,24.76081236876668,21.258581892693957,18.399057577571984,22.69728796354549,21.07509725223337,19.365719401234468,18.59542394117204
1182000,332.5187697866989,83.67301481470864,49.50321660783879,39.034110107328914,31.571639160541444,27.431962638527352,25.065036939821116
1182400,10.28374308905718,81.44416582486494,49.203399441920475,38.47756001354909,31.2763593267952,27.479682228122748,24.85837613637672
1182800,9.198759050597074,77.30614917540854,48.99671690433701,38.33116341729318,30.807634638211233,26.916271846628245,24.61278733138943
1183200,13.381935030816615,78.02880386518726,49.012811777769755,37.66612716422189,30.524556287051976,27.076909095261204,24.47846744134686
1183600,19.71435268549152,77.01951192853221,49.139046910613125,37.60849540437807,31.00099128554627,27.185425193657988,24.621900129905697
1184000,20.304895033927615,14.576736977977955,49.12487589634334,37.668594704768886,30.95482839785158,27.132211883222215,24.936553066688454
1184400,22.351834124509576,16.990355185068434,49.217260504966724,37.85917374053511,31.375711297838702,27.3632403645691,24.97739873873848
1184800,4.140138987257637,15.978631172400545,46.64239017390459,33.26864645032241,30.82228752720651,27.21894069592197,24.76530491250644
1185200,19.91342633814853,17.28492943386693,47.65686664952713,33.090126207878775,30.738264020203175,27.572946781932387,24.956665215450585
1185600,14.134048793969477,16.168868655562523,46.594190292047415,32.496623934809705,30.662922073046126,27.45487051218688,24.811413579397055
1186000,4.08740983528569,12.925371615834134,13.75105429690609,31.62713545237245,30.606424837187966,27.116492944632604,24.6957809702031
1186400,44.31476586137871,17.317957963207963,17.154156574138245,33.17877800802937,31.369758867078804,27.745808638630955,25.414577097325846
1186800,28.12239058806881,22.1144082833702,19.046519727885418,34.02161831611122,31.90294885415726,27.867355910629776,25.342321422879678
1187200,18.883571974244088,21.90843741058931,19.596683422228164,34.30474759999897,31.64297925022398,27.792588070846023,25.5808639606546
1187600,36.34164949028304,26.349957549852025,21.259413102707317,35.19923000666023,32.15880130382114,28.56559673983653,26.000222775467854
1188000,3.3666128455574014,26.205798151906368,19.565584883870294,34.34523039010682,31.634258097802682,28.107517519356257,25.61888648335183
1188400,17.507058922531574,20.844256764136937,19.081107363672494,34.14918393431962,31.599818281580905,28.302060314297147,25.706813764389775
1188800,46.250950188785644,24.469968684280303,23.292188483825296,34.96728932886494,29.943160461490034,28.939762766361202,26.433590253502633
1189200,19.05868363616571,24.504991016664626,23.206714213627016,35.431790431577085,29.795655543128184,28.85537656855913,26.699700268271318
1189600,30.78612621799713,23.393886362207446,24.871921956029777,35.7330561240386,29.955056608549725,29.21517204379204,26.938280800955457
1190000,17.525431377254236,26.225650068546816,26.21572411022663,19.983389203566368,29.823331671657172,29.508749655447634,26.93633917775141
1190400,9.437010545493491,24.611640393139197,22.727948578638113,19.941052576388184,29.695168198232277,29.209306294968627,26.74223662663239
1190800,279.95342554293524,71.35213546396912,47.911052074124754,33.4787859010051,38.6514295687824,35.90497465914913,31.876095143328776
1191200,16.024333114244012,70.74526535958478,47.62512818812475,33.610905805176465,38.74487446270756,35.63851648469917,31.75909609430177
1191600,36.68120141594435,71.92428039917421,47.65908338069087,34.4592482416991,39.35251446467044,36.03387182303858,32.3842940680074
1192000,21.26963875910645,72.67312187554465,49.449385972045775,34.507485427958045,39.37994891741981,36.08804006636346,32.375891209894164
1192400,23.04053897064839,75.39382756057564,50.00273397685746,34.541920670264986,39.433700615165556,36.20054720540005,32.64219504680921
1192800,45.890989705938985,28.58134039317639,49.9667379285728,36.62946320619905,39.96710552876756,34.94905482826073,33.145157798803524
1193200,19.754089814844825,29.327291733296555,50.03627854644071,36.62149638003387,40.29995313653161,34.855811293956315,33.09155696413545
1193600,11.52734049853016,24.296519549813716,48.11039997449401,36.491160965261905,39.85883740752374,34.4938924500358,32.994217629932436
1194000,89.52249786261208,37.94709137051485,55.310106623029796,40.76291536662822,31.75896167672084,36.19502540950033,34.66902104896407
1194400,13.342012717707062,36.00738611992658,55.70060684025115,39.21427770944464,31.860903997675837,36.196527858737,34.50756640402514
1194800,4.553146818044848,27.739817542347748,28.16057896776211,38.035815520943444,31.706050256590764,36.02871691852732,34.356095520871726
1195200,17.625310253568344,27.314061630092453,28.320676681694543,37.97290243490965,31.847496097349154,36.1388250174543,34.17494852409825
1195600,8.40911697721096,26.69041692582861,25.493468237821208,36.576275809256046,31.470654907073133,35.88775290795813,33.9257911059951
1196000,18.465206562456043,12.478958665797405,25.213025018156166,37.33120549510098,31.409331958024083,35.8382179426039,33.913037056722004
1196400,23.3602975127043,14.482615624796853,25.245000872361754,37.62386742460962,31.442947404297243,35.88652567946461,34.00943793879239
1196800,39.84382361039533,21.54075098326695,24.64028426280739,37.3035110956901,32.633070225068494,36.135400212277524,32.887300715170056
1197200,12.826976111364942,20.581084154826268,23.9475728924594,36.991925719450066,32.39685521750904,36.21185807551357,32.67416361365693
1197600,45.56124791025472,28.01151034143502,27.350963633631856,37.73068180406295,33.44442852138522,36.73186896405077,33.06530668675501
1198000,17.16472216466319,27.75141346187645,20.115186063836966,37.71264634343339,33.88033893236447,28.848017773499873,32.979057540367656
1198400,9.851880429578918,25.049730045251373,19.766172835024157,37.73338983763766,32.73157608463781,28.83722120701292,32.910456853994425
1198800,18.480962084028175,20.777157739977945,21.158954361622484,24.65976666469231,32.41019513450312,29.069276282848694,33.05476440714636
1199200,22.634058100161308,22.738574137737217,21.659829146281783,24.990252913988176,32.53521133870036,29.300579359582315,33.2430258432198
1199600,35.856433746800974,20.797611305046466,24.404560823240786,24.94901453053101,32.519037480584295,29.704131386115044,33.591114491014665
1200000,10.66001132585604,19.49666913728504,23.624041299580785,24.418533158868488,32.76215076326091,29.46300929341326,33.395382613999274
1200400,19.214342946566468,21.36916164068255,23.209445842967003,24.22722335766439,32.819060230728745,29.38457201396468,33.35110971216509
1200800,19.62602054258903,21.59817333239472,21.187665536186373,22.913974899496893,31.931562575855523,29.771719052847963,33.14585327705929
1201200,40.04586817706191,25.080535347774838,23.909554742756068,23.928563817607746,32.631135393885394,30.275030098820803,33.75139740896207
1201600,20.2688634217305,21.963021282760742,21.380316293903643,24.365639963767762,32.28055996734318,30.428400464514823,33.661558430021344
1202000,19.738402819520047,23.778699581493544,21.637684359389333,20.87643521161316,32.354325682085374,30.81967528912069,27.405951090677767
1202400,117.61119093449511,43.458069179079274,32.41361540988095,26.089894122452563,35.960131695052084,32.652085915948604,29.552500047586523
1202800,20.767973210059584,43.68645971257338,32.64231652248409,26.9006354420533,27.320616617289566,32.468225481498365,29.783884330775777
1203200,54.7567092602882,46.62862792921864,35.85458163849678,28.757205392389295,28.611695822157706,33.36505391364947,30.611379815365208
1203600,27.9183274962988,48.1585207441323,35.06077101344657,29.73266591834369,28.31960002483619,33.15447086379986,30.775459311581354
1204000,1146.8765157774824,273.5861433357248,148.6824214586092,86.153231379095,65.83982925878205,61.742218437097996,53.30689172645245
1204400,48.02725867107543,259.66935688304085,151.5637130310601,87.38657943701357,66.67271991546296,62.50522343081159,53.820400217383764
1204800,17.148793331537526,258.9455209073364,151.31599030995494,86.25182792307068,65.7146467029829,61.77766950938038,54.080573304269365
1205200,6.480092053625333,249.29019746600383,147.9594126976113,85.93448372018369,65.27218011094224,61.46320471981687,53.811906618578895
1205600,51.13911779371952,253.934355525488,151.0464381348102,86.21337721435694,66.59257268744857,61.972029509209925,54.552007998573906
1206000,12.757120506003776,27.11047647119227,150.34830990345856,85.99299713142395,64.03372677556162,61.85282173742868,54.72540221198827
1206400,8.690348605612922,19.24309445809977,139.45622567057035,85.93492054022566,63.87867130515849,61.83415518893165,54.01291386687295
1206800,11.557349245066543,18.124805640805572,138.53516327407104,85.58873989827758,64.11214471939255,55.12425328148494,53.681613040012905
1207200,76.26435590432119,32.08165841094475,140.68592793847435,88.27025478848557,66.06677957441764,56.63025385123687,54.82922871861444
1207600,18.85779219155277,25.625393290511397,139.77987440799976,87.42032271072317,66.41506874822903,56.18466862062708,54.47955157263984
1208000,27.21393928465708,28.51675704624206,27.81361675871721,88.24801910866321,66.70669317230241,56.33327613376584,54.956498101421836
1208400,31.32226172608057,33.043139670335584,26.143117064217723,88.85341504763892,66.97209197941494,56.54031920265165,55.232802157492806
1208800,168.11166486980787,64.35400279528385,41.23940421804476,96.27769726399985,71.24768668806203,59.595836081748374,57.67001645111326
1209200,20.6393903114436,53.22900967670834,42.655334043826585,95.30737337071893,71.50810049473131,59.617968594163344,57.70163058461881
1209600,20.8827263643935,53.633996511276486,39.62969490089399,95.3380665178521,70.68548310986927,59.85185324080993,57.50356258754674
1210000,5.705527435244384,49.33231414139394,38.92453559381805,94.63642274863831,70.30350995222197,57.756428980125726,57.26716450870654
1210400,60.925593633671305,55.25298052291208,44.14806009662388,91.80214288359713,72.00596705902505,58.94601850302483,58.296936170470104
1210800,35.28205851086769,28.687059251124047,46.520531023204,92.52784714863752,72.56600360658639,59.71424129534542,53.40350882982875
1211200,21.63071463716583,28.8853241162685,41.05716689648846,90.87154741748141,72.53255882448653,59.814376404935345,53.51563646028719
1211600,13.85686789407979,27.480152422205755,40.55707446674116,90.16847443737046,71.79923996272916,59.950570177857074,53.0591497898499
1212000,21.18195806790489,30.575438548737857,39.95387634506594,33.88374655189159,72.14997152079745,60.01848896549329,53.05739617602586
1212400,20.068547427318205,22.404029307467233,38.828504915189704,32.48581098970373,72.17844500348919,59.93619521335863,52.99795634515925
1212800,18.880932058688764,19.123804017031453,23.905431634077793,32.572417926061284,72.1536087206925,59.41212292456597,52.45775519221425
1213200,58.80056047618869,26.557773184836027,27.7215486505523,35.18844134718945,72.7787651306634,60.561462533686566,53.23868460544113
1213600,37.93461465410132,31.373322536840327,29.426737479523087,34.528216190208546,73.36762350507576,60.37079670228273,53.76683008855255
1214000,425.7928812918599,112.29550718163132,71.43547286518464,55.18000422950136,86.90277278748708,70.58650068046265,60.49223775713752
1214400,20.50110769644302,112.38201923545628,67.39302427146181,55.77054218404286,83.66577001288533,70.85273136213425,60.63541965671224
1214800,16.67427693612089,111.94068821094272,65.53224611398713,56.026388568595564,83.52931347042072,70.80756423343657,60.87784225907375
1215200,20.900350407516477,104.36064619720825,65.4592096910222,53.25818829375534,82.40076817532832,70.76422154112045,60.943343062152714
1215600,9.710163215997795,98.71575590958756,65.044539223214,52.80080684497759,81.79382936598496,70.11056477785037,60.96936398692846
1216000,26.22478482733666,18.802136616682912,65.54882189915716,52.75134912211157,44.43877166764677,70.49968411538738,61.12455555222606
1216400,13.670245622157298,17.435964201825765,64.90899171864108,51.868748316915415,43.2935378993495,70.36108168227716,60.93075451441513
1216800,19.020089699736545,17.905126754548895,64.92290748274586,44.41416955841184,43.35591444495614,70.34593341120583,60.51427983620195
1217200,978.1851496657276,209.36208660619113,156.86136640169974,92.29145752612604,75.74608303202622,93.79941544842248,79.8214433072892
1217600,21.61077341582325,211.74220864615623,155.22898227787195,92.32785987869752,74.76180488609633,93.83296319827481,79.34243381740058
1218000,20.502159858361317,210.59768365236113,114.69991013452209,93.06769149985337,75.01997286450825,93.85205712424583,79.40918257127453
1218400,16.018682738235487,211.06737107557677,114.25166763870132,90.82234595508159,75.26425066892901,91.31224441933935,79.53251861744766
1218800,11.136649764667112,209.4906830885629,113.69790492155596,89.61507551777154,75.25022735291569,91.07146133320454,79.38563237106045
1219200,36.527096710714325,21.159072497560253,115.26057955187574,90.35989462144899,73.92565204646213,90.6157210194652,79.66349314327151
1219600,9.065947463994974,18.6501073071946,115.19615797667548,90.12034859994473,73.5992572222102,90.14441151865759,79.12768341761539
1220000,16.540527277608426,17.857780791044018,114.22773222170265,89.88827706042991,73.24347682197525,61.88601180616073,79.24529373665044
1220400,22.70071110966549,19.19418646533002,115.13077877045346,90.01988524454728,72.95609180142809,61.252848117125495,79.31502109991241
1220800,14.157553537142592,19.798367219825117,114.64452515419404,89.78371631846997,67.82428809033924,61.178067122265624,79.20565175980349
1221200,11.388080936482211,14.770564064978695,17.96481828126952,87.41309234148466,67.51591111117386,61.30076684433703,78.63249601499189
1221600,30.173015214430663,18.99197761506583,18.821042461130258,87.02501236950113,67.82558740617509,60.776614279854826,78.83057905084588
1222000,12.439888442339477,18.17184984801204,18.014815319528076,66.35736272702509,68.0500661064116,60.76868347826321,78.68460876330228
1222400,11.309395286217857,15.893586683322514,17.543886574326315,65.89777710651383,66.39619282816315,60.83415964527834,76.55857285033673
1222800,7.051911117426669,14.472458199379329,17.135412709602267,65.41665881557913,65.45518791504846,60.72152369208734,76.28425160848407
1223200,4.651246251333225,13.125091262349533,13.947827663664157,64.60420360776996,64.8892056355207,58.93119595076264,75.28214234830497
1223600,11.79651802081788,9.449791823626976,14.220884719346449,64.70852134801096,64.82052730641198,58.75466409649427,74.95970615879536
1224000,12.156219348991232,9.393058004957327,13.78245392648473,64.0050930740937,64.51966934911485,58.37822109810262,52.26530023022554
1224400,14.387182564462758,10.008615460606308,12.951101071964455,64.04093992120896,64.330290520353,57.95484411906217,51.59249870809329
1224800,6.933315440216294,9.984896325164232,12.228677262271827,63.43660120823296,63.932036633070574,53.925385383322386,51.38818915026686
1225200,20.71873689739258,13.198394454376103,13.161742858362862,15.563280569816204,62.66264251377738,53.927369047971105,51.67296204714221
1225600,20.159343992080657,14.87095964862866,12.160375736127865,15.490709098629074,62.070133491710024,53.90928448866329,51.05336657110943
1226000,5.080027710907082,13.455721321011827,11.424389662984623,14.719602491256362,48.04637170567826,53.89364699555485,50.899824715207494
1226400,18.776545064795283,14.333593821078333,12.171104640842367,14.85749560758435,47.98888628462334,52.83992078133296,51.101548644391144
1226800,16.40515852771379,16.227962438577833,13.106429381871077,15.120921045736685,47.97991567100976,52.367998281754105,51.19850483004409
1227200,7.675502392800844,13.619315537659485,13.40885499601784,13.678341329841013,47.53908740385258,52.01911797564499,49.826727759813686
1227600,27.97453861796151,15.182354462835656,15.026657055732205,14.62377088753934,48.14789991725137,52.37205974374202,50.00906268834186
1228000,19.3719021719887,18.040729355051983,15.748225338031949,14.765339632258351,47.91947049540644,52.32680834634412,49.852221946088484
1228400,18.485029086759404,17.982426159444806,16.15800999026161,14.554555531113047,48.07996327755984,52.28722038783015,49.59547729330207
1228800,22.34646205597426,19.1706868650969,17.69932465183741,14.964000957054632,48.1908423561011,52.37385863776228,46.68017323702539
1229200,24.470555543776367,22.529697495292005,18.07450651647579,15.618124687419336,16.40035588536939,51.51560851445198,46.756796541672045
1229600,6.22810188933828,18.180410149567358,16.68138230620155,14.420879021164719,15.887600167819892,50.72294569533291,46.46370405217094
1230000,27.070843015478967,19.72019831826541,18.88046383665874,15.152426749821691,16.106556273057144,40.75489473842338,46.89101036377563
1230400,5.487818788977028,17.120756258708937,17.551591209076918,14.86134792495965,15.755527474748531,40.37956251573673,45.78225486688175
1230800,18.74924149648255,16.401312146810593,17.78599950595379,15.446214443912448,16.009280532475714,40.431436629745775,45.45159852659404
1231200,19.107189190519723,15.328638876159264,18.92916818572568,16.16901159087177,15.428616948469227,40.386607599320854,45.40112801766112
1231600,9.399490877960964,15.962916673883802,17.071663411725623,16.049160233728923,15.439735062268092,40.37884079086994,45.31198047733875
1232000,20.97444299669236,14.743636670126477,17.23191749419599,16.490071416113985,15.587532252904223,40.24758224510383,45.307830175914496
1232400,13.87234415895317,16.42054174412171,16.770649001415368,16.464329495838502,15.293253354547145,40.25263470852373,45.1839061105472
1232800,19.17054810964341,16.50480306675388,16.45305760678228,17.07619112930986,15.460353173630507,40.25639616877139,45.18969843156629
1233200,14.959931154346885,15.675351459519314,15.501995167839334,16.788250842157574,15.579414847559327,16.175765705986876,44.31288584512945
1233600,18.62363182464313,17.52017964885575,16.741548161369817,16.711465233785695,15.19443540123308,16.10108716620737,43.926666188540295
1234000,6.207795237975473,14.566850097112368,14.655243383619469,16.767853610139117,14.98669896108761,15.743728050697726,35.5349644674626
1234400,19.071641740595386,15.606709613440813,16.013625678781302,16.782608443929124,15.245440509566862,15.820052025756723,35.50637514834565
1234800,30.60099585573536,17.892799162659202,17.198801114706587,17.4924003103302,16.03041000084382,16.30666067803343,35.78490952673794
1235200,9.17953288610839,16.7367195090115,16.20603548426545,17.56760183499558,16.181352888669657,15.622971582418282,35.55049317630977
1235600,7.610898957569613,14.534172935596796,16.02717629222632,16.54941985197598,16.041832253228048,15.58659536975765,35.508507891141214
1236000,42.06532168009672,21.70567822402105,18.136264160566753,17.684090827381386,17.038802330931567,16.224715229819857,35.82531862819641
1236400,15.120717574885388,20.91549339087905,18.261101502159978,17.515875251787683,17.063253497945652,16.035215391450354,35.854328067250975
1236800,26.20721492054957,20.03673720384189,18.96476818325059,17.708912895016446,17.705716813956762,16.33645692603553,35.99807057166723
1237200,8.333588793573222,19.867548385334857,18.302133947173225,16.902064557506293,17.29287854382945,16.260094622462805,16.601039354224145
1237600,11.098593906224632,20.565087375065865,17.549630155331375,17.14558915835061,16.99085354096758,15.78323408975765,16.390795764032173
1238000,14.627434340157066,15.07750990707793,18.391594065549533,16.523418724584513,17.30910042860925,15.837922737203092,16.27330125366809
1238400,3.558964350441704,12.765159262189194,16.840326326534168,16.426976002657746,16.801847738130796,15.644161963808688,16.024106885912214
1238800,19.318934269759172,11.387503132031114,15.712120167936547,16.455460641321576,16.898973596198974,15.950837542617,16.187752576014056
1239200,3.597467911370705,10.44027895559061,15.15391367046278,15.679974577364126,16.763039113484634,15.924493084117938,15.529160000027183
1239600,28.826985455633853,13.985957265472456,17.275522320269204,16.651349306247774,16.791454008073714,16.350254769988336,15.92438075985996
1240000,12.920119838921073,13.644494365225256,14.361002136151637,16.248633148359207,16.57639459697146,16.369352282236584,15.851972611086213
1240400,2.8543484879871244,13.503571192734341,13.13436522746181,15.697733364810906,16.05537191034572,16.081031430324693,15.455045358652644
1240800,67.982488667047,23.236282072191905,17.311892602111556,18.138330392681084,17.576572797381473,17.60726076099546,16.531544061250735
1241200,2.895166551081859,23.095821800134136,16.768050377862416,17.535092162517834,16.857393164291658,17.16167150233769,16.361685773542728
1241600,3.085009290755844,17.947426567158534,15.96669191631554,16.75816103582347,16.75262341100558,16.734813134804572,15.819925655069229
1242000,18.24080069860275,19.01156273909487,16.32802855216011,17.359811308854834,16.458288667109706,17.063832459496965,15.935943900194495
1242400,3.5739916501734714,19.15549137153214,16.32953128213328,16.584928804333735,16.394494429149585,16.683768624131417,15.781235827473607
1242800,4.131589162498367,6.385311470622414,14.810796771407206,15.261458469671888,15.907239351350112,16.37692939000103,15.722829388375041
1243200,2.9151372023930757,6.389305600884656,14.742563700509441,14.948238685486121,15.367504285079225,16.257920260240837,15.688107207396238
1243600,18.672045055441348,9.506712753821756,13.72706966049019,15.501295990379708,15.67658942432857,16.025357921177836,15.825617748088707
1244000,19.09547388254897,9.677647390611,14.34460506485298,14.352803600502321,15.613957120523791,16.01844721394184,15.964402838759861
1244400,7.2953804030111025,10.421925141178528,14.788708256355378,13.961536741908608,15.394724995325724,15.738705996848134,15.822566795530829
1244800,19.390403824438195,13.473688073566493,9.929499772094498,13.62069618710304,15.402053519152215,15.664804541059732,16.071708563215267
1245200,3.672457062945072,13.625152045676893,10.007228823280819,13.387639600571628,15.025804382772154,15.14485207903895,15.730782966526316
1245600,19.83265676387724,13.857274387364068,11.681993570592958,13.824342743454261,15.066105214079958,15.484965950902424,15.72424922196225
1246000,20.967429582279177,14.23166552731011,11.954656458960603,14.141342505560369,15.558093025556749,15.332380615072427,16.041997259389692
1246400,20.39041568173197,16.850672583054283,13.636298862116451,14.982915072124879,15.602052156927966,15.704945537391302,16.074274671728425
1246800,19.860828784669597,16.944757575100564,15.209222824333574,15.010009797870401,15.244046587892443,15.73273521959598,16.14338807686754
1247200,55.1133192889274,27.232930020297033,20.42904103298701,17.585802366748236,16.775172801319744,16.63288847205617,17.09214441479007
1247600,14.53900344575578,26.174199356672737,20.01573687201845,16.871403266254333,17.006109617592617,16.761376286251043,16.82343371134596
1248000,13.097453654927698,24.600204171202442,19.415934849256324,16.88026995705466,16.040514016753647,16.564451552706924,16.697944741004736
1248400,16.33162559484283,23.788446153824616,20.319559368439496,17.554133812397446,16.080877617418896,16.625933588604166,16.654876671166406
1248800,19.52044290386081,23.720368977662858,20.332563276381755,15.13103152423814,15.857985216862604,16.6346809584596,16.598356288124133
1249200,20.04432116501537,16.70656935288045,21.969749686588788,15.988489254934814,16.24834296257734,16.761790708726313,16.509831600548917
1249600,282.6043389023786,70.319636444205,48.246917900438916,29.964455735515948,25.298534462449137,23.361308385669698,22.03735634080972
1250000,19.1039160258845,71.52092891839636,48.06056654479945,30.007611501880042,25.447750518640056,23.683711405367426,21.878017801017837
1250400,2.841812074456449,68.82296621431908,46.305706184071894,29.97100252309419,25.423845442773878,23.27796566371395,21.82509766672742
1250800,7.758761868424923,66.4706300072319,45.09549949244743,30.152361158390516,25.038506362729404,22.70690981403119,21.605288074166268
1251200,6.47005009446768,63.75577579312237,40.23117257300146,30.330106802994244,25.13425910216597,22.63917274424017,21.35254529224523
1251600,211.43890405646428,49.52268882393951,59.92116263407231,39.96844975304539,31.22132305552698,27.734872871712536,25.393333555815293
1252000,3.567094493901425,46.4153245175429,58.96812671796969,39.19203078361301,30.90955554402633,26.772417192057656,25.045186585759474
1252400,20.11706980828595,49.8703760643088,59.34667113931399,39.833115253876755,31.48497958803629,26.897325997892665,25.17008109874613
1252800,19.081537801940883,52.13493125101199,59.302780629122005,39.817671952751894,29.854947892532753,26.719184069927458,25.16830089259208
1253200,34.920901770562985,57.82510158623105,60.79043868967676,41.38009418813279,30.92247239984879,27.383866894352202,25.567520304916403
1253600,27.27814317904481,20.992949410747155,35.25781911734339,41.752368508891166,31.72891019612509,27.7883556261727,25.74061053200444
1254000,4.948272857543894,21.269185083475648,33.84225480050934,40.951410672654404,31.285825934756463,27.546376589107375,25.715420084395806
1254400,19.61361019337936,21.16849316049433,35.51943461240162,40.912570398236774,31.820479886196658,27.947742735180817,25.726259453451483
1254800,4.503913500683865,18.252968300242923,35.193949775627516,40.14472463403748,31.832890697469505,27.577367215953927,25.204317806350456
1255200,12.82353458628321,13.83349486338697,35.829298224809065,38.030235398905276,32.163170610265844,27.808018882826747,25.277197840353953
1255600,4.993169400471141,9.376500107672237,15.184724759209752,37.552943696641044,31.707208088433504,27.21217348144767,25.224843249211983
1256000,53.3106212475005,19.04896978566356,20.15907743456966,39.56360207626968,32.84771300059855,28.221936016662163,25.44974924056006
1256400,21.87695055416759,19.501637857821205,20.335065509157822,39.84086832423592,33.33376533897044,28.697501068316672,25.5848739001457
1256800,21.220793598631968,22.84501387741083,20.54899108882693,39.925885858974475,33.39477833144356,27.528458691606296,25.485145473707348
1257200,19.38068235686961,24.156443431528103,18.994969147457596,39.89270391856719,33.91838584124105,27.940596586750992,25.706087344973277
1257600,7.741619991053128,24.706133549644502,17.041316828658427,26.149567973000917,33.51535128214691,28.057011854258423,25.638947866669845
1258000,18.03627013980208,17.651263328104818,18.350116556884245,26.0961856786968,33.417645967397675,28.05189859028841,25.707124582662747
1258400,19.09471206490843,17.094815630252988,18.29822674403715,26.908830678219395,33.37445584683689,28.439916600656783,26.017839536952078
1258800,21.098689745840407,17.070394859694677,19.957704368552804,27.57582707209017,33.41571787887592,28.864094115240334,26.053434646473708
1259200,5.0877245323049785,14.211803294781749,19.184123363154985,27.506710793982034,31.74819805365517,28.918408798488127,26.083239778892388
1259600,23.570471020997715,17.377573500770666,21.041853525207642,18.113289142208703,32.0492469728299,29.04086944762704,25.978109490199667
1260000,19.55479413773584,17.681278300357416,17.666270814231176,18.91267412440043,32.26449165559017,29.052352454006712,26.110802976175965
1260400,20.998951357724103,18.062126158920552,17.578470894586825,18.956768201872332,32.42006918101955,29.39494172787453,26.473695033570703
1260800,12.36176984366499,16.314742178485467,16.692568519090127,18.620779803958538,32.181446745679686,29.2192258783552,25.361280657103062
1261200,48.456159523820446,24.98842917678856,19.60011623578521,19.29754269162141,33.12850802430652,30.338818439877087,26.272500516557834
1261600,37.60387145133951,27.79510926285692,22.58634138181385,19.813829105236145,24.961825775938554,30.783098807063645,26.96287775976951
1262000,10.968580934372593,26.077866622184267,21.8795724612709,20.114844509077578,24.690647939554825,30.53312759086598,26.81743336448491
1262400,4.595976629209159,22.79727167648128,20.42969891770097,19.363962830869074,24.74912009137991,30.13826661455291,26.837873064065615
1262800,9.101499916664505,22.145217691081182,19.229979934783383,19.593842151668103,24.793878026321234,29.869283392852786,26.93727127914894
1263200,13.191984541355415,15.092382694588178,20.040405935688426,19.612264649421714,25.01794250788416,28.821250024163486,27.14280822592819
1263600,6.777929461485606,8.927194296617397,18.361151779737217,19.701502652472435,18.195910021384865,28.62722317455673,26.904925914049073
1264000,13.906083232503487,9.514694756243577,17.79628068921398,17.731275751722585,18.54054297933827,28.64743891399612,26.801138101048164
1264400,4.313709113183912,9.458241253038528,16.127756464759962,16.853113679673402,18.013764289501534,28.34699100195465,26.741504675251623
1264800,2876.1153100996817,582.861003289642,302.5031104903616,159.59783950472587,113.24822336609289,99.76186268185018,83.87600280075648
1265200,12.354657090912257,582.6935377995533,298.8929602470708,159.246538241428,112.49601521010453,99.56962107999759,84.04964680131583
1265600,17.66822056532928,584.871596020322,296.8993951584698,159.74286827014183,112.17568445631402,92.94621812157138,84.00635807734487
1266000,9.29442137321889,583.9492636484651,296.7319792023544,159.30577583181267,112.32055607350318,92.70098075525473,83.77289791316367
1266400,13.716186108426488,585.8297590475137,297.64400015027616,159.03684953398857,112.12397527067142,92.97284010610397,83.63941332169756
1266800,24.43401315086379,15.49349965775005,299.1772514736961,159.20361570423975,112.78831192567742,93.38972138816496,83.73087700902144
1267200,14.701515333292624,15.962871306226123,299.3282045528898,159.6843052442891,112.85091128391106,93.59550801913556,82.92264092990874
1267600,30.87012551783272,18.60325229672681,301.7374241585245,160.04928796913086,113.71347648782312,89.08128855566979,83.24926337135028
1268000,7.597744428548371,18.26391690779271,301.106590278129,159.45143548367147,112.18971392719138,89.18205480403596,83.13926918682269
1268400,30.635714049654315,21.647822496038273,303.73879077177605,159.933273618268,112.48167271037427,89.44502091007016,83.42535095591893
1268800,30.25112941677115,22.811245749219744,19.15237270348499,160.82774159692332,112.78268390431225,89.72426070044092,83.63996468617714
1269200,19.11279362510352,23.693501407581927,19.828186356904116,159.36057330198747,112.77375427992004,89.32905799680444,83.62133413537889
1269600,20.02929289899413,21.525334883814207,20.0642935902706,158.48184437437018,113.1833433768514,89.14783673980317,78.3698332153112
1270000,18.698785433721945,23.74554308484892,21.004729996320904,158.86835459933766,113.20542721998207,89.49159955420762,78.36173060346796
1270400,20.691513933507604,21.75670306161958,21.702262778829017,159.67313146455257,113.25865394893536,89.51854714771082,78.71872464064897
1270800,20.34350570660356,19.77517831958606,21.29321203440299,160.23523175404955,113.23348114762749,89.91453695285882,78.97041951741255
1271200,12.235126542072294,18.399644902979816,21.04657315528096,160.18738885408538,113.47172788128638,89.89982675175355,79.08572104636464
1271600,14.061840311366945,17.206154385454376,19.365744634634382,160.55158439657947,113.1547735242987,90.12654352452594,75.1381797714627
1272000,14.322159059021326,16.330829110514255,20.038186097681677,160.57238818790535,112.98035235500821,89.15183196981397,75.35328106276509
1272400,10.090430538798826,14.2106124315725,17.98365774659613,160.8612242591861,112.61673499437737,88.85716896942975,75.15274827737535
1272800,6.7601954984745065,11.493950389946686,15.634564354766464,17.393468529125727,112.4300158495377,88.4956540169258,74.90632143130603
1273200,16.61170012086552,12.369265105705333,15.384455004342664,17.60632068062339,111.3685338694392,88.42642946102572,74.54013739831208
1273600,25.24394301382482,14.605685646196909,15.905920015825734,17.98510680304817,110.95653625485537,88.863987536595,74.49945339500768
1274000,16.5375723014616,15.048768294684965,15.689798702599699,18.347264349460303,111.142169300425,88.82652009063648,74.73123938388602
1274400,21.614312349580253,17.353544656841247,15.782078544206964,18.742170661517992,111.7094471577707,88.88951009775329,74.77125342701004
1274800,4.663976699979875,16.934300897142325,14.214125643544596,17.753668838973795,111.56152971721455,88.47864227160677,74.77445469099597
1275200,139.7059600646287,41.55315288589496,26.961208995800234,24.0038910755406,115.77866223465699,91.84409815991486,77.31210320056287
1275600,21.155381901569218,40.73544066344384,27.670563154820464,23.518153894727423,116.25791064932646,91.78372093192915,77.63534745058485
1276000,2.8348728383667186,37.99490077082487,26.521834532755,23.28001031521834,115.88887030285522,91.36572289944493,76.62583248240216
1276400,54.490322443048136,44.57010278951844,30.961823723179936,24.47274073488803,117.56142408051737,92.20300717657803,77.27809992017977
1276800,3.144457893503224,44.26619902822311,30.600249962682806,23.117407158724635,21.795729006978085,91.97257437782397,76.9165732060772
1277200,6.574335092225865,17.639874033742547,29.59651345981884,22.490484232080753,21.60305160702187,90.92552876703412,76.66044626078433
1277600,8.621939400668083,15.13318553356232,27.93431309850316,21.920116557164448,21.301508901533165,90.20098046576733,76.67805264897663
1278000,8.418872957254447,16.249985557339865,27.122443164082448,21.406120933341075,21.272323954334354,90.13723776633937,76.48570470532567
1278400,57.690375823040185,16.889996233338273,30.730049511428444,23.256064027817704,22.73813027815481,91.46459774618515,77.2576179804883
1278800,7.130250382025036,17.687154731042636,30.976676879632958,22.59540126158878,22.161338185860185,91.41531650781916,76.978249193212
1279200,15.852519447538771,19.542791602105222,18.591332817923966,22.776270906862102,22.199704989668387,91.48182988047374,77.19354509151667
1279600,10.155115015720906,19.849426725115784,17.491306129339137,22.5809346420798,21.509204639597996,91.56625951932963,76.92523797141115
1280000,17.28810977641525,21.623274088947944,18.93662982314399,22.7292321779495,21.832216817860225,91.65081018292742,76.87990428418473
1280400,36.74050630878956,17.43330018609782,17.161648209718134,24.06173596644903,22.035709893164732,92.46148011281755,77.19473538320604
1280800,17.094912235226083,19.42623255673803,18.55669364389042,24.57847180328661,21.59716932044656,20.98597016620617,77.28939823103727
1281200,16.36493620258544,19.52871590774736,19.53575375492638,24.56613360737261,21.505574073029297,21.086227143998,76.64757376461256
1281600,11.029604256792998,19.703613755961783,19.77652024053887,23.855416669521016,21.205584451622588,20.92026173628459,76.11608842072162
1282000,4.729633034918415,17.191918407662417,19.407596248305264,23.265019706193858,20.73994603832914,20.806142027827082,75.99130946273254
1282400,37.8455131867367,17.412919783251844,17.423109984674916,24.07657974805168,21.311746013436775,21.409375204784833,76.65630019388308
1282800,3.62558075751614,14.719053487709857,17.072643022224025,24.02465995092849,20.754481848467197,20.889164394951145,76.54678181070012
1283200,13.806292570740764,14.207324761340919,16.868020334544223,17.729676576234095,20.806854049422814,20.86678382588735,76.55906797128783
1283600,17.7690030869718,15.555204527376679,17.629409141669317,17.560357635504225,20.930426141942974,20.539255765115826,76.77888944379757
1284000,23.004061648017423,19.210090249996483,18.201004328829534,18.568817075986765,21.219822894909505,20.92441369560255,76.96084901210784
1284400,16.1129620069589,14.863580014040924,16.138249898646468,16.649949054182297,21.42057394384818,20.561344894535164,77.19683406998334
1284800,12.60132269025316,16.658728400588327,15.688890944149174,17.122792294019796,21.61527818357413,20.120099726372214,19.926554321794768
1285200,20.12622673499949,17.922715233440073,16.065019997390582,17.800386876158477,21.73242907071193,20.145435554119615,20.081985714676513
1285600,16.337327430087118,17.636380102063136,16.59579231471999,18.18615627762943,21.43554188458734,20.05313641739694,20.05536785197167
1286000,7.053151758813366,14.446198124222324,16.828144187109487,18.117870217707377,21.119394533165732,19.761995575524224,20.01054245968356
1286400,28.71676685166853,16.96695909316425,15.91526955360267,16.669189769138793,21.356143016568677,19.96262689847825,20.310554074548403
1286800,17.60290659636885,17.96727587438739,17.313002137487942,17.19282257985598,21.787440679781643,19.89411192072238,20.173931943458502
1287200,3.334659636598091,14.608962454707108,16.265838844073674,16.56692958930895,17.241730665513956,19.671600248085525,19.946594829524614
1287600,8.131093031637684,12.96771557501722,15.302047838540261,16.465728490104787,16.807587703182904,19.523331566092295,19.491814179800713
1288000,3.635636365856178,12.284212496425784,13.365205310324134,15.783104819576835,16.83427982076589,19.256168498763166,19.412572018546868
1288400,17.929470540920438,10.126753234276165,13.546856163720289,14.84255303118338,15.61558475736163,19.452144498816207,19.15844714837219
1288800,6.432007784519119,7.892573471906218,12.929924673146886,14.309407808648029,15.725169753728826,19.44393980596732,18.68206471572715
1289200,29.43305473907327,13.112252492401254,13.860607473554264,14.96281373547242,16.487127075290406,19.764473671422515,18.888469938006548
1289600,3.3429241141508474,12.154618708903886,12.561167141960638,14.578479728340316,16.311159899073164,19.216948198930666,18.55474256230968
1290000,78.59791100402282,27.147073636537215,19.715643066481583,18.27189362679554,18.65046116729878,20.768456666494693,19.752725073715695
1290400,7.727691551422024,25.106717838637532,17.616735536456932,16.7660025450298,16.98503835824484,20.42129114654074,19.493448626073985
1290800,11.062450911456292,26.03280646402497,16.962689967965677,17.137846052726807,17.116111709225883,20.581253001827655,19.307827530171043
1291200,20.25776348990681,24.197748214191677,18.65500035329655,17.460419598685114,17.262953177304816,17.595048087459606,19.46828026912773
1291600,5.69336368419093,24.66783612819969,18.41122741855187,16.856637628546068,17.114228132920484,17.208497632025146,19.30091073658421
1292000,27.064590575503946,14.361172042495914,20.75412283951665,17.059664074920395,17.44011082622344,17.814240575453578,19.55575936691386
1292400,25.39408176914682,17.894450086040873,21.500583962339288,17.523720063029792,17.061896674902016,17.086834558606046,19.861832391520824
1292800,34.53316235535319,22.58859237482026,24.310699419422697,18.620312046284788,17.643171678906253,17.871552170152295,20.417291728658398
1293200,12.194292580950949,20.97589819302908,22.58682320361046,18.223715338582362,17.504150224851767,18.012051107370418,20.328943577860105
1293600,50.96838772303599,30.030903000798094,27.34936956449898,19.95526835322981,18.835443007059872,19.07071231542962,20.843432472044327
1294000,13.17156572552262,27.252298030801832,20.80673503664896,20.26118905156527,19.11684076341334,19.189529634636322,20.77611234052555
1294400,16.36209405450001,25.445900487872468,21.670175286956756,19.643455411706846,18.400726792338787,18.156322590422818,20.67106797462394
1294800,298.54728815660343,78.24872564812252,50.41865901147147,33.690674489718575,28.23145037230836,25.44174853478728,26.54873420375641
1295200,22.263225104072035,80.26251215274672,50.61920517288799,34.63710276309227,28.513348123419405,25.602016176200614,24.19987950454528
1295600,9.533652395774586,71.97556508729446,51.00323404404636,34.70723073129911,28.23883643371283,25.58647961070195,23.96744491442939
1296000,19.81942129916647,73.30513620202323,50.27871711641261,35.51641997796463,28.132681755417803,25.64976239877073,24.307135883645383
1296400,13.375964879277928,72.7079103669788,49.07690542742572,35.28874469488251,28.041448517828435,25.06564886303294,23.48484873236998
1296800,17.994812172621838,16.597415170182494,47.42307040915259,35.86688491428764,28.221231500574056,25.088146361467835,23.781855817952355
1297200,34.514289651079395,19.047628079583966,49.65507011616543,36.12094665988794,28.700833597776718,25.541880197680182,24.34065490912942
1297600,17.004242435644255,20.5417460875579,46.258655587426254,36.804012575962616,28.72306409796196,25.691246152151468,24.508300969828948
1298000,4.214266424613782,17.42071511264736,45.36292565733537,33.08483034699217,28.628434586821975,25.67836198689385,24.42420883917613
1298400,3.416037762681052,15.428729689327984,44.06832002815348,32.86924765755512,27.78507695052239,24.81762510129246,23.33872207796895
1298800,11.457277242619591,14.121222703327536,15.359318936755093,32.888988974113275,27.580222638730746,25.013417513420045,23.425262615180845
1299200,4.122831589167596,8.042931090945176,13.545279585264648,32.08224237907632,27.60649503714973,24.771330988880713,23.190668858013417
1299600,30.572249554991085,10.756532514814541,15.6491393011863,33.32618667261633,28.354533587928177,25.0914121505812,23.59901154879882
1300000,64.14327989108801,22.742335208109388,20.081525160378455,35.180121138395535,30.371455038769238,26.119892606657963,24.536114951092276
1300400,24.984491129259744,27.056025881425125,21.242377785376636,35.15964160640117,30.60662239171388,26.341680834715486,24.300994647501685
1300800,5.557912224323914,25.876152877765993,19.998687790546843,33.71087909984971,30.577485873040708,26.165595573067254,24.070254647283637
1301200,21.10174630376952,29.271935820686373,18.657433455815855,34.15625178599065,30.299775591863916,26.189983562286507,24.16499084930732
1301600,17.2446224496541,26.606410399618976,18.68147145721684,32.47006352232155,30.763165536380694,26.212665937775675,24.289291213164542
1302000,18.655191555500966,17.50879273250157,20.125563970305556,32.744244813820465,28.76507488809663,26.50271693269287,24.567802383576193
1302400,11.50206227411444,14.812306961472506,20.934166421448897,32.501243224801186,28.89088724551971,26.07234931825402,24.04093336532375
1302800,22.84313993367027,18.269352503341775,22.072752690553965,18.71603581365453,29.283576879593507,26.203355151686555,24.42528454884683
1303200,7.741929475532171,15.597389137694307,22.434662479190422,17.989971032227537,28.866382412447688,26.3135368976599,24.303997286942657
1303600,26.869903351450063,17.5224453180535,22.064427858836318,18.85678358001131,29.57226706802299,26.782007155655215,24.486015292232224
1304000,1256.3971119078806,265.07082938852943,141.28981106051558,80.68566811044703,70.55001777910222,58.101044044205835,49.15387629742949
1304400,3.629354095167408,263.49628775274,139.15429735710634,80.1983375712415,69.82452685663624,57.743541133062,48.90420413919365
1304800,200.7412645628037,299.0759126785667,158.67263259095432,89.33566019075059,75.36479693021792,62.601272552519106,52.667002976644675
1305200,17.163203883504593,300.9601675601612,158.27877834892783,88.46810590237185,75.5304273069697,62.29452628112989,52.60774251961477
1305600,19.862021242915382,299.55859113845423,158.54051822825394,88.6109948427354,74.49354842429902,62.70750370934901,52.67823639587134
1306000,31.0377171457244,54.48671218602301,159.7787707872763,89.95216737879093,75.08908680497241,61.51849886289155,53.15792770360956
1306400,46.00626297840339,62.9620939626702,163.2291908577052,92.08167863957706,76.07722576910253,62.47546314856608,53.50371762614425
1306800,13.767259828790358,25.567293015867534,162.3216028472172,92.1971777688856,66.58455815817543,62.543083371499435,53.427004690792685
1307200,14.005109083962113,24.935674055959037,162.94792080806022,92.69129164362532,66.30928762417176,62.38676701135081,53.640413679739964
1307600,20.744634708146144,25.112196749005193,162.3353939437298,92.19991090128306,66.68298703458414,62.763048786949696,53.89268451327013
1308000,24.67111126202383,23.838875572265078,39.16279387914413,90.22630246982985,66.84471003334606,62.7032118041127,54.31339401119349
1308400,23.25156926190814,19.287936828966025,41.12501539581821,90.13965637646228,67.17389684610039,62.64964899143173,54.41983598561325
1308800,19.222179208562924,20.37892070492054,22.97310686039413,90.82286972567422,67.21480908063175,62.266874412761965,54.67563941409412
1309200,18.90824849773232,21.35954858767458,23.147611321816903,90.71319483537238,66.69460770885354,62.43472331068151,54.465143289267296
1309600,32.266711949174486,23.66396403588025,24.38808039244281,91.46429931034838,67.20335669263787,61.967181416334974,55.04361904596777
1310000,23.29454912679053,23.38865160883359,23.613763590549425,91.69626718891287,67.83936611604376,62.22025600136667,53.93755180842312
1310400,23.39490519104703,23.417318794661366,21.35262781181379,92.2909093347595,68.50532836365596,62.396076279780345,54.25089608121562
1310800,4.166502997987433,20.406183552546267,20.392552128733495,91.35707748797536,68.26230255550155,55.036556650814944,54.11297712294625
1311200,20.53821749151233,20.732177351302273,21.045862969488518,91.99689188877436,68.80948208557972,54.99343146050095,54.118586202978356
1311600,16.76733413141875,17.632301787751125,20.648132911815775,91.4917634277728,68.34931823812731,55.17427350389205,54.34006561192292
1312000,14.252760499867074,15.823944062366433,19.606297835600103,29.384545857372125,66.68630092508661,55.035106983909564,54.08382901041017
1312400,19.25225895682061,14.99541481552115,19.206366805091346,30.16569110045479,66.49522651933863,55.18201433584814,53.96099255416365
1312800,14.103631902442151,16.982840596412093,18.69451207447927,20.83380946743671,66.78008384194257,55.08473482909365,53.55240194510544
1313200,9.029313628960848,14.681059823901796,17.706618587602122,20.427114954709523,66.37766941944895,54.44761042854068,53.48910236606562
1313600,10.205590948918571,13.368711187401761,15.500506487576533,19.94429344000968,66.1430350360911,54.27764414137255,52.67384643058328
1314000,3.134231682623925,11.145005423953132,13.48447474315987,18.54911916685466,65.6256697069952,54.250643272822785,52.47309974972531
1314400,12.781136636534525,9.850780959895912,12.423097887708622,16.887862849761216,65.66830551907587,54.48477074466912,52.40148060136599
1314800,18.425091473472428,10.715072874101967,13.848956735257122,17.12075443199532,65.52103723706927,54.658966100440445,46.799036667703376
1315200,10.86253207561055,11.08171656343191,12.881388193666941,16.96362558157774,65.62505732373856,54.82745861260152,46.57102280713415
1315600,16.66462061981228,12.373522497610649,12.871116842506297,16.75962487716105,65.28488123268396,54.47976788922206,46.7136421716149
1316000,10.510648250167488,13.848805811119362,12.496905617536338,16.05160172656823,23.755332444093526,53.138952098199034,46.527466710634926
1316400,20.19309989584077,15.331198462980613,12.590989711438354,15.898678258264862,24.30745730411597,53.01916731736357,46.66380941096618
1316800,49.05008984903143,21.45619813809241,16.085635506097283,17.390073790288287,19.251084813656895,54.106471757981254,47.28491496449436
1317200,8.910881962674212,21.065868115505147,16.073792339468618,16.890205463535384,18.97600741629588,53.80170014945387,46.77284681072627
1317600,261.8196362254606,70.09687123663481,41.235196867122816,28.367851677349687,27.04126124904739,59.91607549384903,51.669154686522596
1318000,77.23357952400131,83.44145749140156,48.645131651260556,31.06480319721023,28.581123328323283,61.38053519306154,53.12954094851034
1318400,24.63275521173028,84.32938855457948,49.83029350878013,31.12669569824439,27.868673069434184,61.70880251650193,53.55387529749133
1318800,29.96644327861954,80.5126592404971,50.98442868929484,32.416692712275996,28.40864585109516,61.886885100125674,53.924058618211326
1319200,17.83003203939822,82.2964892558419,51.6811786856736,32.28128343967029,28.536143282943023,62.13908766422232,54.19820262721594
1319600,48.11390302120868,39.55534261499152,54.82610692581326,33.84861188415979,29.448452226711776,62.67018765596629,54.549035696540294
1320000,11.720638001862037,26.45275431056366,54.947105900982706,33.72200575925954,29.01676978470638,31.553275808315824,53.50058285875578
1320400,9.345271419659642,23.39525755214953,53.86232305336459,33.22665638240149,28.5532265232981,31.69617374142813,53.18779846456378
1320800,21.085199455963725,21.61900878761837,51.06583401405782,33.575734760077566,28.61532719821146,27.204772113757127,53.49834420919657
1321200,19.16809690542965,21.886621760824656,52.091555508333364,34.082673923901005,28.62398881180137,27.254894439305254,53.459671221229776
1321600,8.575659389015057,13.97897303438593,26.76715782468881,34.00117734590582,27.834287059796058,26.97273539295775,53.28629196001699
1322000,5.232321077424704,12.681309649498465,19.56703198003115,34.10608181564587,27.23221279148386,26.32760049125026,53.01783455045546
1322400,7.62912633555762,12.33808063267806,17.866669092413883,33.84848130059702,26.70668682963422,25.36817207517911,52.940375831684335
1322800,20.553693910868784,12.231779523659071,16.925394155638806,33.95491142246684,27.252926526730263,25.53783292723107,52.894586911228295
1323200,17.204121042798615,11.838984351132865,16.862803055978844,34.271990870826244,27.141789978439807,25.61780822620198,53.08383074257362
1323600,14.555170793984264,13.034886632126705,13.506929833256404,34.16651837953485,27.068051200525318,25.463071628347933,52.83753609142431
1324000,29.506525827437077,17.889727582129183,15.285518615813908,35.116312258398324,27.576510044777656,25.583956992483266,28.29972436981544
1324400,151.90430530664548,46.744763376346754,29.54142200451249,41.70187252893856,31.99824492310515,28.800275393601698,31.265223394045
1324800,10.389753327419928,44.71197525965698,28.471877391658115,39.768855702857984,31.874448970604412,28.579464746573127,27.458193169337324
1325200,16.066439797326087,44.48443901056248,28.161711680847752,40.12663359459058,32.10901984288325,28.50841952906297,27.436257887613756
1325600,11.32695551384952,43.838795954535534,28.436841293331202,27.60199955901002,32.14639866171429,27.98492561817984,27.26555657303244
1326000,19.567189983706275,41.85092878578937,29.870328183959362,24.71868008199527,32.69416393841703,27.891741639602742,27.036146029792075
1326400,9.463224146462004,13.362712553752672,30.053737965049795,23.96020352873186,32.58356685541461,27.54344961348811,26.305285253153247
1326800,5.849053711328156,12.454572630534319,28.583273945095733,22.754334050367287,32.16436559667647,27.58551338132163,26.146921130804003
1327200,44.415813638917285,18.124447398852556,31.304443204707603,24.08362313034324,33.28280831545336,28.18245328500675,26.755135221903107
1327600,20.07337966904133,19.87373222989092,31.85626409221331,22.681596962734876,33.396433617094324,28.26510442344732,26.74171012112101
1328000,9.013368706532686,17.7629679744562,29.80694838012287,22.54623349796841,33.346524298973165,28.134119628613963,26.428555270011188
1328400,18.05149641940242,19.480622429044285,16.421667491398562,22.981544747955546,33.275137516425225,28.104100565178506,26.324553813161074
1328800,25.042790607961013,23.31936980837086,17.886971219452672,23.179424305555408,32.47489420838954,28.377579532816476,26.440966041149036
1329200,18.86787299961876,18.209781680511153,18.16711453968194,23.164413110264867,32.80679390962103,28.623543517082926,26.44015853118676
1329600,19.50964818487937,18.09703538367876,18.985383806784927,23.711112550058083,24.729794308268318,28.856144947981942,26.18501725590086
1330000,11.6285760582427,18.620076854020763,18.191522414238566,24.03092529909898,22.542960859409696,29.068503557372416,25.951697794529906
1330400,23.201961907202254,19.65016995158073,19.565396190312594,24.809567077681212,22.495267749258762,29.32902418913911,25.947838928853013
1330800,19.11228964264623,18.464069758517773,20.891719783444398,24.737496864270085,22.13346262805965,29.346204143368453,26.246754661746184
1331200,18.58635498633869,18.407766155861758,18.30877391818654,24.80660856144709,22.15867339295767,29.539299716136657,26.20771741164271
1331600,6.106504591177756,15.727137437121433,16.912086410400182,24.38417525130676,20.758426778623303,29.275346815420797,25.994500820837892
1332000,20.27691124800137,17.45680447507317,18.03844066454705,23.92269452233498,21.04363588682795,29.51950339036664,26.114983835800576
1332400,17.551799215639722,16.326771936760665,17.988470944170782,17.20506921778469,21.317186813360617,29.453470873361614,26.08097464097696
1332800,20.932936966661725,16.690901401563764,17.57748558004085,17.73222839974678,21.31211139705055,28.750542051302375,26.21756074226135
1333200,16.02380156512606,16.178390717321236,17.293078436591582,17.730096488136777,21.207301552373767,28.92836504136367,26.357450500984655
1333600,15.067095238108305,17.970508846707347,16.848823141914473,17.91710347434972,21.42368274734354,22.759551516679856,26.45468058676845
1334000,24.083222204369395,18.73177103798095,18.094287756527144,18.14290508538287,22.052046118241698,21.430792583689062,26.873660397203363
1334400,20.87414130653702,19.39623945616041,17.86150569646062,18.713450943386626,22.49354661727434,21.33682723605923,27.035520490603414
1334800,26.114107694688915,20.432473601765846,18.561687501664892,19.72670364255466,22.67889374340168,21.240518846460965,27.189300815027742
1335200,4.33503635098236,18.09472055893711,17.13655563812926,17.722664778157913,22.24992425367447,20.903143954250567,27.058750900535173
1335600,16.752540267558246,18.4318095648271,18.201159205767304,17.556622808083763,22.323169902793605,20.119109885409305,27.060509293490096
1336000,7.183904389830957,15.05194600191941,16.891858519950265,17.465149592248675,21.579082521540066,20.00569154510853,26.99397441628337
1336400,6.904194452568182,12.25795663112564,15.82709804364311,16.907784493906963,16.745745493070824,19.944664620931242,26.728196307417917
1336800,8.454640837452585,8.726063259678375,14.579268430722198,16.078377005381544,16.681241743405245,19.628900655468463,25.91628732718634
1337200,7.749150490913189,9.40888608766454,13.75180332330091,15.522440879946263,16.403998766524815,19.343426995105553,25.893052697751113
1337600,7.270386824657901,7.512455399084471,12.972132481955871,14.91047781193519,16.26877981021843,19.310795180996625,20.80206770973506
1338000,4.921679027303551,7.0600103265789915,11.055978164249286,14.575132960388231,15.780596111671672,19.303029129743596,19.355829699801106
1338400,4.765761445224872,6.632323725110328,9.44514017811807,13.653322937289364,15.624014021630433,19.231445007485277,18.958489824471
1338800,13.15963264010583,7.573322085640979,8.149692672659762,13.355690087162344,15.867699985923023,19.0465934757162,18.622353611700724
1339200,16.26470460463522,9.276432908385384,9.342659498025048,13.23960756807717,14.929329684780289,19.023108064762116,18.591047063005462
1339600,16.296744152995924,11.081704374052988,9.297079886568815,13.74911954616808,14.80344183424544,19.06664739873741,17.95470388564121
1340000,17.644816788695376,13.626331926331355,10.343171126455257,13.617514823202779,15.09115677031753,18.770104672768866,18.073187461377877
1340400,19.538375374030903,16.58085471209256,11.60658921860153,13.716843631122336,15.140719402138478,15.460956424453503,18.277049540465303
1340800,6.109556460217309,15.170839476114855,11.372080780878003,12.975674605800117,14.50961159721369,15.353951502773436,17.977536680550372
1341200,15.08647876512631,14.935194308213074,12.105813608299314,12.928808465800127,14.383565122730607,15.329452476968445,17.895904317744307
1341600,3.146093618367316,12.305064201287353,11.693384287670256,12.33275838481308,13.838113303846873,15.124930929581385,17.78731300233135
1342000,18.88351862416131,12.552804568380541,13.08956824735603,12.072773205802674,14.079944722710826,15.107839145592763,18.060336953266084
1342400,5.0140716938443655,9.647943832343232,13.11439927221798,11.279769725168043,13.473681715598897,14.996610334277324,18.008035860431818
1342800,14.64906801948572,11.355846144196914,13.26334281015597,10.706517741407882,13.324907661493546,15.21661069198126,17.889943342604155
1343200,5.972543694129012,9.533059129997454,12.23412671910535,10.788393108565215,12.904447285086556,14.255528943361554,17.665311795630764
1343600,13.50342938914686,11.604526284153362,11.954795242720444,10.625937564644646,13.151011445018861,14.091280186364193,17.64427696753402
1344000,11.493752755045708,10.126573110330241,11.339688839355476,10.841429982905385,12.858239495253672,14.15328978757702,17.28402150608619
1344400,19.018195334501144,12.927397838461598,11.2876708354025,11.447130027002032,12.907119365882386,14.177457260454485,14.626299306643302
1344800,19.43385483280778,13.88435520112601,12.620100672661547,11.99609072676979,12.857149961420587,14.037233866075656,14.807181336751059
1345200,7.846742275081846,14.259194917316574,11.8961270236571,12.000970315978224,12.584581318419113,13.761705597962234,14.642787386306177
1345600,13.438370705643823,14.246183180615969,12.92535473238475,12.30936951002752,12.530290500670297,13.609923660981346,14.68501569014206
1346000,20.73430334143792,16.09429329789441,13.110433204112411,13.100000725734239,12.418659871905914,13.837566843061225,14.708357957296693
1346400,4.302457215621285,13.151145674118439,13.039271756290105,13.07683551425406,11.866270402208723,13.3650792257717,14.605142618679881
1346800,8.42382594578397,10.949139896713678,12.416747548919929,12.840045179537967,11.276594343911892,13.097867633350145,14.656638063368996
1347200,17.764057582174974,12.932602958132303,13.595898937724524,12.915012828414955,11.724228384951648,13.07731019824605,14.12360294223415
1347600,10.517257316432664,12.34838028029007,13.297281730453104,12.626038486586792,11.516385619914127,13.187579016377422,13.932480495181975
1348000,10.313997863031808,10.264319184608848,13.179306241251714,12.259497540303613,11.62072206902082,12.938506181753183,13.95849307831196
1348400,20.54342718695077,13.512513178874746,13.331829426496677,12.309750130949606,12.075363160166908,13.013296881035961,14.008331693662926
1348800,20.36474606113345,15.900697201944642,13.424918549329245,13.022509610995414,12.472366667622937,12.999092108397752,13.914770802726373
1349200,20.20563054865157,16.38901179523996,14.660807376686218,13.278467200171676,12.88758266954755,13.103637832985891,13.94152595370703
1349600,20.61914724945552,18.40938978184453,15.378885031067387,14.152119881726085,13.332541350374136,13.24243913326957,13.963715934998554
1350000,27.76805958028362,21.900202125294893,16.082260654951956,14.596346929532203,14.094087368806807,13.334560067667429,14.286505605439372
1350400,11.316846721488076,20.054886032202354,16.783699605538636,14.911485680914387,14.31245687801558,13.095627703041206,14.048803301725089
1350800,5.774951407136596,17.136927101402986,16.5188121516739,14.46777985029693,14.066300836916605,12.587148795852396,13.782056537014896
1351200,24.85692415124579,18.06718582192183,17.22809880858098,15.411998873152768,14.352708155136956,13.100195990858982,13.907467920313039
1351600,5.134489521309133,14.97025427629255,16.689822029068626,14.993551879760883,13.980633000747396,12.809744722202755,13.888027618915665
1352000,21.53678788432,13.723999937099828,17.812101031197447,15.495703636224599,14.110365370601551,13.168566809564979,13.913225151642038
1352400,27.25136526291721,16.910903645385655,18.48289483879409,15.9073621326454,14.367465033564429,13.677246079823707,14.107216472587588
1352800,20.9740877689592,19.950730917750175,18.543829009576665,15.984373779452971,14.862949410522493,13.990232253111373,14.108039488633537
1353200,20.47166938879995,19.073679965261007,18.5704328935915,16.615620135138876,15.042455764644947,14.308295225558538,14.196996845107014
1353600,5.087173041353879,19.06421666926996,17.01723547278134,16.19806025192438,15.107158412077831,14.25371488097594,13.997398401171926
1354000,4.114436777153112,15.579746447836579,14.651873192468287,15.36706692371014,14.614855683844224,14.233533824722178,13.598022692627602
1354400,4.822988921914146,11.094071179635966,14.002487412510897,15.393093509024784,14.608486258113219,14.23496451163941,13.276999644935145
1354800,12.719374520043276,9.443128529852782,14.696929723801565,15.607870937737749,14.544163141465136,14.223958058637844,13.009104981442228
1355200,20.97056642922044,9.54290793793688,14.30829395159903,15.768196380090021,15.044097232634849,14.341604604252478,13.341815583006992
1355600,4.873134697662967,9.500100269198699,14.282158469234414,15.485990249151536,14.75642074291872,14.056014367869153,13.104227471609088
1356000,29.304735334184063,14.538159980604888,15.058953214220818,16.435527122709154,15.350120162223334,14.347512331506369,13.546644090496148
1356400,15.968332766518804,16.76722874952582,13.93064996458098,16.20677240168755,15.24845807662392,14.258261266318566,13.727926856775161
1356800,5.066043523588284,15.236562550234822,12.339845540043886,15.441837274810291,14.769531032983272,14.232173442902843,13.660154910497877
1357200,28.46901000343364,16.73625126507746,13.139579601507256,15.855006247549397,15.456939957261664,14.566736723860524,14.074552100748283
1357600,18.54120614560108,19.469865554665084,14.484982911931976,15.751109192356676,15.627034471926908,14.95161453704137,14.299968487167147
1358000,19.811320434981493,17.57118257482457,16.054671277714814,15.35327223509157,15.596268375045026,14.974809582311872,14.597761315320707
1358400,37.13928036746232,21.805372095013272,19.28630042226963,16.644393917390282,16.69082914677306,15.777939799152321,15.245231693765454
1358800,24.23844308395954,25.639852007087523,20.43820727866126,17.567568501231428,17.217983051378912,16.017674175764167,15.466807902642529
1359200,19.058804465345823,23.75781089946996,20.247031082273796,17.27766251693643,17.261141280817938,16.344830695044585,15.522689899856742
1359600,17.37366054566567,23.52430177948288,21.497083667074065,17.889621068154256,17.489688055125708,16.44158647395756,15.544228227710137
1360000,14.684563910269969,22.49895047454057,20.035066524682655,17.547009869451756,17.635373590033645,16.521356752838166,15.485023170141629
1360400,4.707460037759122,16.012586408599933,18.90897925180669,16.419814608193853,17.107508018393922,16.163588370419614,15.188404863416192
1360800,12.46958686176424,13.658815164160874,19.649333585624284,15.994589562834102,16.84433604508162,15.989481671143526,15.315605471447132
1361200,7.548306428312307,11.35671555675417,17.55726322811215,15.34842141480972,16.42242524107031,15.982020774974284,15.164842024710849
1361600,24.67855747768859,12.817694943158756,18.1709983613209,16.327990636626456,16.557738915344746,16.263025444275407,15.595491301897278
1362000,18.715250783171182,13.623832317738996,18.061391396139868,17.05803133692736,16.255978622107662,16.212549130318738,15.592125945077473
1362400,14.770406393335625,15.636421588854299,15.8245039987272,17.555402210498436,16.371097277835915,16.474247859761597,15.7872526390673
1362800,14.986366973489888,16.139777611199428,14.899296387680234,17.668751833170763,16.678144463381024,16.638311385454244,15.793998618147384
1363200,5.891550554265985,15.808426436390164,13.582570996572253,16.914801039423043,16.0459653434817,16.341498709756518,15.792378755350121
1363600,18.253732435364864,14.523461427925417,13.670578185542173,17.583830926308135,16.483273440616887,16.534910587729826,15.887384816274482
1364000,15.682027186135654,13.916816708518311,13.770324513128738,16.902695518905713,16.288114750677412,16.66911132080742,15.97115030489628
1364400,4.966223286824708,11.95598008721613,13.796200838035299,16.352590044921012,15.545276684807662,16.279681223304273,15.690110863942753
1364800,39.30252033865383,16.819210760248914,16.479494185724256,18.064413885674288,16.156224437130813,16.75312558024228,16.08748417405967
1365200,4.07019164207957,16.454938977811633,16.131682707100985,16.844472967606585,15.609508512240135,16.34973960757798,16.011953161399628
1365600,38.4993480495647,20.504062100651602,17.513761764288596,17.842380062804764,16.723247679180496,16.796744627580708,16.513172708278045
1366000,4.967569137620158,18.361170490948503,16.138993599733492,17.100192497936696,16.7516854245294,16.22673236651412,16.19783802420169
1366400,8.506528981219628,19.069231629827488,15.51260585852189,15.668554928624564,16.874470093172913,16.15647442300741,16.281919459513656
1366800,14.362113816344642,14.08115032536565,15.450180542807368,15.174738465243816,16.92922806971629,16.371153483237613,16.40068521692487
1367200,7.990156040218492,14.865143204993435,15.660041091402618,14.62130604398745,16.496547723416228,15.949484280461927,16.20520718608574
1367600,10.718187335614152,9.308911062203324,14.906486581427547,14.288532383484878,16.691382811347935,16.089076725819556,16.20922578646937
1368000,16.360497107389396,11.587496656157171,14.974333573552922,14.372329043340846,16.25990820378811,15.95966945639629,16.330155771356523
1368400,19.725139566337276,13.8312187731807,16.45022520150418,15.123213019769755,16.385135097115395,15.77151381398179,16.31379001894425
1368800,23.587408554127137,15.676277720737199,14.87871402305151,15.6791041043879,17.00251393146669,15.836846833610988,16.378243268804127
1369200,5.143949857145132,15.107036484122528,14.986089844558066,15.558886275829542,16.225011926590405,15.453653845319618,16.077009654973995
1369600,13.271554232857056,15.617709863571111,12.463310462887302,14.988536113587966,16.049356862832273,15.658263375107197,15.930057794642028
1370000,19.162157160585814,16.17804187421039,13.882769265183867,15.010881432458698,16.027718087019082,16.034456384693016,15.757939746248072
1370400,21.53370873947226,16.53975570883739,15.185487241009128,15.349046549765529,15.507532366086082,16.45222438013197,15.962276986607755
1370800,18.56515077178002,15.535304152367965,15.605790936552669,15.527985739680037,15.318422622346763,16.59836878642539,16.218080973900623
1371200,11.739698460328496,16.854453873004637,15.98074517856367,15.82039313498316,15.074452422179519,16.367597087203087,15.955736460082278
1371600,13.324501743277812,16.86504337508879,16.241376619330033,15.573931600378808,14.939480462099924,16.578881263343458,16.11953670452165
1372000,20.23878366958016,17.080368676887655,16.62920527554911,15.801769424551035,15.124621120743596,16.352232471728364,16.093576620226855
1372400,16.185225715643217,16.01067207212185,16.275213890479705,16.362719545991958,15.5072133100064,16.357654795456472,15.872253829281373
1372800,17.948971014407913,15.88743612064743,15.711370136507782,15.295042079779666,15.689859448427855,16.679727982726963,15.811751494190348
1373200,5.390719662756168,14.617640361132962,15.736047117068887,15.361068480813495,15.617939889575984,16.102770724210025,15.510132499669474
1373600,4.509707728910044,12.85468155825941,14.859862466674183,13.66158646478076,14.945644897950034,15.751983263792749,15.498583193420595
1374000,33.01255752875434,15.409436330094247,16.24490250349104,15.06383588433747,15.422221789469472,16.082014191137073,16.076545608452623
1374400,21.524975094267457,16.477386205819094,16.244029138970554,15.71475818998986,15.647374079500532,15.691656559307201,16.41058533189969
1374800,16.971979075026923,16.2819878179429,16.08471196929525,15.845251452923975,15.713561149551767,15.509994959083887,16.495637422999362
1375200,15.112918699453612,18.226427625282383,16.42203399320776,16.20138958588573,16.02094008772469,15.411347814936581,16.378484468404025
1375600,17.00363942912772,20.72521396532592,16.789947761792753,16.515662190561407,15.979270320850116,15.40209728702313,16.621094563033317
1376000,19.962657633059685,18.115233986186986,16.7623351581407,16.695770216844924,16.12195800241425,15.534049630092875,16.434253009010835
1376400,20.271874499236706,17.86461386718084,17.17100003650005,16.723106963489894,16.632146376161316,15.923159991629813,16.52032384366519
1376800,19.454873660128857,18.361192784201226,17.321590301072145,16.51648021878998,15.970558153543816,16.09779216158893,16.808100446396
1377200,14.952724837025189,18.32915401171554,18.27779081849905,17.00691896778398,16.333309260042007,16.282902621806752,16.537774743067832
1377600,36.6567971801508,22.259785561920154,21.492499763623123,18.176181115148673,16.27189089772821,16.582358614368307,16.900086563758826
1378000,36.0507490746665,25.47740385024152,21.796318918214336,19.020610710852704,17.307996895629753,17.01574607165569,17.224875136552527
1378400,22.709451681162303,25.96491928662664,21.914766576903823,19.079397857937206,17.781427652294507,17.214222203851357,16.936278562826526
1378800,43.96735846021733,30.867416246644336,24.614304515422866,20.34950824235907,18.7682691404236,17.938746991019542,17.330856870351685
1379200,15.817973591135658,31.04046599746643,24.68481000459107,20.55342199889943,19.02919639212084,18.186907566941287,17.26604025286748
1379600,18.420805598575694,27.393267681151407,24.82652662153587,20.808237191664325,19.285950334219553,18.19108439602156,17.28698315392568
1380000,37.8845936621485,27.760036598647808,26.618720224444747,21.690527691292743,20.003420219378192,18.746148557921877,17.75098374896325
1380400,23.46191528934961,27.91052932028527,26.937724303456037,22.05436216997806,20.127979410145272,19.208540857985,18.126072853995062
1380800,12.45600848343323,21.608259324928447,26.237837785786475,21.77971404342933,19.75693274112214,18.537378061604482,18.125801286428437
1381200,22.340650968048813,22.91279480031108,26.976630398888837,22.62721060869396,20.3301561114856,18.994139544753715,18.421648177223172
1381600,4.624531408457499,20.15353996228744,23.77340382171951,22.63295179267133,20.041922017338948,18.147269128726037,18.020567655838548
1382000,26.69716056773808,17.916053343405355,22.83804497102667,22.317181944620522,20.293088797577354,18.690508914478983,18.180205851529887
1382400,37.30444449192783,20.684559183921003,24.29754425210322,23.10615541450354,20.818779989325872,19.41045680224669,18.63088661350173
1382800,5.618582884016348,19.317074064037623,20.46266669448312,22.53848560495301,20.38722772640042,19.191868528938482,18.44353093171226
1383200,4.567579652920893,15.762459801012042,19.337627300661644,22.011218652626376,20.148157099486827,19.10630411925604,18.417051513685358
1383600,10.680867779999245,16.97372707532039,18.563633518804,21.69508007016995,20.060035967377544,19.10537113036567,18.265594220578045
1384000,36.92535848228762,19.019366658230297,18.46771000081791,22.543215112631348,20.616255127801125,19.619492664738125,18.690460846501086
1384400,21.50935730406712,15.860349220658154,18.272454202289662,22.605089252872865,20.793726180748592,19.66409810818137,19.021323526845933
1384800,16.93073671767367,18.122779987389617,18.719927025713705,22.478882405750106,20.759785037524118,19.497681312270036,18.57388785442633
1385200,57.89785464037651,28.788834984880744,22.275647392946475,24.626138895917673,22.510022870111463,20.81652893185082,19.65044111439227
1385600,9.56922052033284,28.566505532947463,22.77011630413401,23.271760062926777,22.67867329649222,20.723970589037712,19.07183856380763
1386000,19.295396919938376,25.040513220477614,22.02993993935404,22.43399245519037,22.221434609531688,20.72730158302153,19.358395119453995
1386400,30.92796834145412,26.92423542795501,21.39229232430667,22.84491828820496,22.53486771777124,20.962158073071073,19.806823906658686
1386800,20.883628185369435,27.714813721494163,22.91879685444198,21.690731774462567,22.665256021449327,21.02012000841081,19.937254194039184
1387200,21.603810342032983,20.456004861825463,24.622419923353185,21.980023612007432,22.88161907620197,21.26672280545342,20.209527280075473
1387600,666.1686719979239,151.77589515734365,90.17120034514565,54.367416931974844,44.520453495161846,37.587827061819574,33.31853697332166
1388000,25.407545941002947,152.99832496155656,89.01941909101717,53.74356454591757,44.701949772093286,37.71704611860514,33.49947794999394
1388400,43.96291851111416,155.60531499548858,91.26477521172187,54.768614707005796,45.49165123915587,38.411488438491915,33.984233528889476
1388800,43.765041308566616,160.181597620128,93.94820567081118,56.33406634826247,46.301990160770465,39.05689019584588,34.387786183978264
1389200,40.12847539776551,163.88653063127452,92.17126774655007,57.223457569748305,47.14118184612847,39.92533408922112,35.08747669479067
1389600,66.25406504295093,43.90360924027994,97.83975219881188,60.30493425147297,48.12775744155514,41.46894302207214,36.147126910992554
1390000,12.052569211448764,41.2326138943691,97.11546942796292,59.5727046836585,47.327818112781216,40.9449433141395,36.00493515200981
1390400,36.48572390481725,39.737174973109724,97.67124498429924,59.53176865430298,47.78702718690305,41.31896203440324,36.30397545531671
1390800,57.02998254340808,42.390163220078016,101.2858804201031,62.10233863727257,48.22244798967608,42.32041212111277,37.07327209074927
1391200,54.59152541413184,45.28277322335128,104.58465192731299,64.6035359253331,49.51489971710928,43.30737728897973,37.93030862982533
1391600,20.40557116974332,36.11307444870976,40.00834184449493,65.0897710948203,49.581058569481534,43.392425582495115,38.07193001835464
1392000,26.65570862929919,39.033702332279844,40.133158113324555,64.57628860217089,49.20676240171989,43.55975185740111,38.20026851754903
1392400,36.52635939728482,39.04182943077336,39.38950220194162,65.32713870683178,49.6422438719844,43.96611397985231,38.60709119118186
1392800,45.618271515379774,36.759487225167696,39.57482522262294,66.76151544671708,50.74765263971595,44.620198926233584,39.160477201201296
1393200,13.388954268230547,28.51897299598744,36.90087310966944,64.53607042810978,50.44926274972201,44.581104662013715,39.32044189331078
1393600,19.579077116849923,28.35367418540876,32.23337431705934,65.03656325793563,50.947747606668415,44.1541616604312,39.62182928106958
1394000,13.639275009003043,25.750387461349533,32.39204489681477,64.75375716238887,50.512484754710584,43.59387480878961,39.23436363067456
1394400,7.001748863791211,19.84546535465081,29.44364739271216,63.55744618850572,49.50239490043936,43.20118223835533,38.943899106065025
1394800,10.154370659725458,12.752685183519947,24.7560862043439,63.02098331222353,49.65358782629634,42.35585754334303,38.807546937759
1395200,22.87035886720644,14.648966103315123,21.583969549651364,63.08431073848219,50.26368046677251,42.5321671752448,38.96269574111406
1395600,22.597467678451952,15.25264421563553,21.803159200522224,30.905750522508605,50.66090046338761,42.63658372724171,39.07457230610054
1396000,17.814287755385777,16.087646764912076,20.919017113130884,30.526087613227748,50.02386477249089,42.13482607957264,39.03160490854707
1396400,28.933983960973023,20.47409378434844,20.159779569499705,29.774640885720693,50.271352327721075,42.271627796363234,39.20484709778179
1396800,23.028785388084604,23.048976730020268,17.900830956770186,28.737828089696592,50.474620616734775,42.53594721897951,39.2763253323409
1397200,20.157515646997084,22.506408085978396,18.57768709464684,27.739280102158165,49.21660931695546,42.48136883595322,39.38042114854034
1397600,5.511042192483804,19.08912298878477,17.17088360221023,24.702128959634813,49.081336706027166,42.503531605553874,38.75750604878701
1398000,3.204927199673784,16.167250877642367,16.127448821277305,24.259746859046064,48.544987715351674,41.91622577135227,38.10058961128715
1398400,18.990442715287195,14.178542628505204,17.3263182064269,23.38498279956956,48.14707019447944,41.458375726936254,38.02620943196965
1398800,4.004581407110515,10.373701832310385,16.711339281165404,20.733712742754683,47.58443530187082,41.41802569001361,37.22695389090751
1399200,17.97152486521131,9.93650367595323,16.22145588096589,18.902712715308656,47.46335911931009,41.75312432032087,37.270024916389026
1399600,201.2891656682497,49.092128371106405,34.09062567994566,27.946892440233974,31.967375574987617,46.51833176752713,40.9273921177825
1400000,102.0455474569549,68.86025242256264,42.51375165010258,31.716384381616763,34.521975625519346,48.146336491893805,42.21061119367863
1400400,27.055627635552927,70.47328940661578,42.32591601756057,31.242847793530167,33.95839926300064,48.28499325018096,42.2824854406027
1400800,14.995118152126494,72.67139675561899,41.52254929396476,29.7116901253675,32.99940182445264,48.236602786042276,42.333267633976554
1401200,21.81078534757279,73.43924885209127,41.68787626402233,30.13278167933462,32.388812156112884,47.33442605372218,42.322670321567045
1401600,29.011895738964757,38.983794866234284,44.03796161867042,30.604422610440356,31.147406512646675,47.82049293418798,42.81041760817718
1402000,5.865989409221145,19.747883256687533,44.30406783962516,30.215758330451262,30.941187185905754,47.48475774642005,42.39379418500685
1402400,5.127034268941496,15.362164583365246,42.91772699499059,30.12202260070877,29.895897531376566,46.839734394607234,41.75024598054713
1402800,42.938226326367065,20.95078621821336,46.81109148691625,31.761215384040856,29.426172324141863,47.39109934813217,42.49663884939414
1403200,4.59740481507867,17.508110111714537,45.473679481902984,30.847567681434462,27.759701637506755,46.96593920995832,42.4972353526373
1403600,20.95175555873492,15.896082075668568,27.439938470951507,30.765282075448614,27.777907783806477,30.835516298978597,42.702653108212004
1404000,28.12790775931951,20.34846574568824,20.048174501187965,31.280963075645303,27.82698108814049,30.90352534443651,42.52670409375264
1404400,22.13857992408277,23.7507748767165,19.556469730040952,30.941192873800787,27.34738843903375,30.357916879760722,42.53928854615296
1404800,19.52427622815426,19.067984857073935,20.009385537643727,30.765967415804273,26.477588596126235,29.751897752750416,42.59115933636257
1405200,29.68986015094609,24.086475924247416,20.79729301798106,31.242584641001724,27.02095212555009,29.49093237157993,42.02699944657397
1405600,18.50815704816996,23.597756222134425,19.746919148901576,31.892440383786028,26.98525478992742,28.297284671710408,42.2057781771307
1406000,8.040672416714601,19.580309153613445,19.96438744965092,32.134227644638074,26.798634703517806,28.196987251842053,41.98068368706623
1406400,17.715666914555182,18.695726551707928,21.22325071421229,32.070488854601464,27.155765305209936,27.727735827085503,41.71643765852825
1406800,10.740169145695734,16.938905135216224,18.003444996145156,32.40726824153073,27.17529192140895,26.57049049214269,41.51356847773477
1407200,9.853221308999483,12.971577366826901,18.52902664553724,32.00135306372014,26.741387336135382,25.452032889514378,41.2785566970741
1407600,19.30716100807625,13.131378158808158,18.36456719047137,22.90225283071147,26.63171044712286,25.424572635472703,28.341326477277153
1408000,11.184841413310169,13.760211958127272,16.67026055587044,18.359217528529232,26.410728902387007,25.037800955072978,28.056872386723295
1408400,20.3630985774488,14.289698290705996,16.492712421207038,18.024591075624024,26.1250327229362,24.633719434577078,27.58487598804999
1408800,20.45203492034983,16.232071445636816,16.5854882904266,18.297436914035192,26.039141040678373,24.00456351970133,27.11861586028565
1409200,28.66788856970527,19.99500489777797,16.483291132302515,18.640292075141815,26.32282013810198,24.3865368772382,26.889404123724447
1409600,20.75135259392904,20.283843214948533,16.707610686878425,18.22726491789003,26.830830484816822,24.415843764165178,25.979349874744006
1410000,8.064835499832949,19.65984203225309,16.710026995190262,18.33720722242062,26.99282742815546,24.276482776435923,25.899595200511694
1410400,6.0399542964203485,16.795213176047397,15.542455733376778,18.382853223794562,26.561144480859898,24.25243791225165,25.290679808343754
1410800,30.086413523344007,18.722088896646234,17.4770801711416,17.740262583643407,27.43053888473435,24.75073898384212,24.751808427942475
1411200,26.098057963766173,18.208122775458413,19.101563836618272,18.815295241077784,27.70142332135284,24.83143146125611,24.181939078935166
1411600,18.677060362067408,17.793264329086085,19.038553772017387,18.70156048124441,21.614353144480102,24.733421278346494,24.147368862781647
1412000,21.679612353921776,20.51621969990385,20.088030866078547,18.37914571097452,18.935488641045662,24.830054393309897,24.047846937274095
1412400,8.7222038836195,21.052669617343682,18.923941396695618,17.708326908951356,18.324374515981216,24.324759891376058,23.491763827000785
1412800,24.875130095300523,20.010412931734983,19.36625091419069,17.97586960230867,18.65370824742035,24.370918509056455,23.076900998599204
1413200,264.0273799276704,67.59627732451582,42.9022000499872,29.692745591144888,26.727594733423597,30.467665116073288,28.089669511788003
1413600,14.076371501218697,66.67613955234609,42.234701940716164,29.471156313797326,26.229743925498735,30.681798348791652,27.979615399475374
1414000,18.843257045473663,66.10886849065646,43.31254409528024,30.011285545235275,26.662319513373813,31.072756594936656,28.083695040204788
1414400,98.0451075112964,83.97344921619182,52.51305941676784,34.027757575072336,29.759588621452316,33.04912321483688,29.90456221315489
1414800,21.14442088757292,83.22730737464632,51.61886015319074,34.547970162166195,29.033128440159178,33.47761920184844,30.12436321771184
1415200,31.42846594551564,36.70752457821537,52.151900951365675,35.62673239399201,29.927497144507075,33.81404272885605,30.295525359278027
1415600,23.31737997572778,38.55572627311719,52.615932912731715,35.82724334237459,30.00635129174017,29.364748086543006,30.309923605223545
1416000,20.20712339895098,38.82849954381265,52.46868401723464,36.27835744165662,29.74232514639455,27.318787485092905,30.357780318094843
1416400,21.042571770814742,23.427992395716323,53.700720805954155,36.312331101324915,29.70579154128562,27.16846108847445,30.199952074291676
1416800,6.436702533048163,20.48644872481137,51.85687804972893,35.61156448195983,29.269539084782078,26.954500697997492,29.86811041719095
1417200,16.491269290457392,17.499009393799717,27.103266986007622,35.00273351799744,28.829586056099124,26.821512796569614,29.794785490060157
1417600,14.047325435851754,15.644998485824516,27.100362379470926,34.66753216009357,28.68089166902185,26.447398538991784,29.965511154927512
1418000,19.469728513002565,15.497519508634833,27.163009526223824,35.23777681075205,29.06186020556478,26.78749201658632,30.29080718119409
1418400,14.5008236363521,14.189169881742302,18.80858113872939,35.66082027774864,28.954698762958014,27.021836750771588,30.20101479961539
1418800,15.72307303710663,16.046443982553996,18.266446353682763,34.942653253436774,29.120795559338376,26.341457918540073,30.43538463221531
1419200,20.02548853156069,16.753287830774656,17.12614861228727,34.63902478182651,29.45987113342375,26.727160011452128,30.4764639055423
1419600,7.756354957783351,15.495093735160978,15.570046110492825,34.092989511612295,29.074844265080653,26.397274996428337,26.60580769133297
1420000,17.875649516119605,15.176277935784384,15.336898722209687,33.90279136972219,29.29787120184097,26.140968540348343,24.922409732516268
1420400,23.314486368138105,16.939010482141587,15.564090181942026,34.63240549394812,29.396250794863946,26.170366201449724,24.84758690716797
1420800,19.870079600307545,17.76841179478177,16.90742788866796,34.382152969198465,29.376852284195866,26.179011285753553,24.94508613613159
1421200,36.996761007421256,21.162666289953883,18.95797706036435,23.030622023186016,29.654481365453066,26.361683807165434,25.24880564932856
1421600,11.157930423411344,21.84298138307948,18.669037559120305,22.884699969295646,29.334700626435808,26.177928141546467,24.891726343017496
1422000,5.982612858740995,19.46437405160376,17.32032599369415,22.241667759959014,29.26529320506608,26.126476652597127,24.894058812007888
1422400,12.25947378663901,17.253371535303938,17.096191008722844,17.952386073726142,29.4726105214067,25.990071824399223,25.03670760236184
1422800,11.713636675101393,15.622082950262708,16.695247372522317,17.48084686310257,28.86018462646528,26.01440851263437,24.412215809336526
1423200,27.106939633598174,13.644118675498092,17.403392482726066,17.264770547506693,28.893814015459682,26.445751470749332,24.862406505706918
1423600,13.846449788329172,14.181822548481657,18.012401965780647,16.791224038136768,28.73279366300174,26.309233690255656,24.720300390298803
1424000,36.243811538023856,20.23406228433823,19.849218167971074,17.593058445090406,29.218266969138476,26.935707943373494,24.882618465872888
1424400,32.329535017626945,24.248074530535813,20.750723032919957,18.15740660743102,30.00517800693872,27.234868854377954,25.08643756774377
1424800,14.352912133707836,24.775929622257106,20.199006286259987,18.553217087464002,29.654437408218964,27.0823907847119,24.983010285854842
1425200,34.27801639751722,26.21014497504092,19.927131825269583,19.442554442816995,21.996125290547194,27.222643980407202,25.074773410786264
1425600,6.891468804190523,24.819148778213187,19.500485663347497,19.084761611233937,21.75662853397959,26.876146885663736,24.84243964590668
1426000,9.26981089735199,19.424348650078812,19.829205467208602,18.574765730451404,21.437513662375537,26.906271270601714,24.867022415519422
1426400,5.605806803610038,14.079603007275429,19.163838768905702,18.1300148888143,18.35620363878599,26.895417583281453,24.624825213300525
1426800,18.266200713842625,14.862260723302388,19.81909517277983,18.2571712726511,18.260262966328312,26.599912263043922,24.775345844663462
1427200,26.380853012896765,13.282828046378295,19.746486510709683,18.574939496717906,18.092009201907683,26.606982139272183,25.105898478741405
1427600,21.7323229383427,16.250998873208733,20.53507382571104,19.273737895745874,18.03917396732818,26.68336370367907,25.154401717346733
1428000,14.812694290668606,17.35957555187206,18.391962100975512,19.120590134473325,17.85935966371877,26.511690752097742,25.2269587748939
1428400,20.43113870752693,20.324641932655435,17.202122469965513,18.97642275144276,17.838978561609174,26.804414122695427,25.228319577495462
1428800,19.845327707596898,20.64046733140629,17.75136402735442,18.975185156807232,18.285932734094136,26.678669063002836,25.21618543324041
1429200,19.80955103629057,19.32620693608505,16.304517491231753,18.115824658250695,18.396542125621906,20.57322334071834,25.039018682572113
1429600,21.823268698259,19.34439608806831,17.7976974806386,18.64909157199308,18.655740234368814,20.766895770644346,25.060457004658716
1430000,15.198688965197968,19.42159502297418,18.3905852874232,19.10989537731593,18.513372249441996,20.675781568637454,25.203134073966012
1430400,14.795782972257562,18.29452387592031,19.309582904287954,19.236710836596856,18.52320422730551,18.594548455161483,25.37825064748276
1430800,10.765979447677289,16.47865422393639,18.559560777671415,19.18932797522565,18.357967774324536,18.335087419164093,24.99184196596942
1431200,20.108148104261637,16.5383736375306,17.932290286807905,18.839388398758825,18.360723093414563,18.052079473132743,24.87204376877933
1431600,6.5504862677293065,13.483817151424663,16.414106619746565,18.47459022272883,18.32052747041276,17.632907130432777,24.629512286892567
1432000,9.335740907083617,12.311227539801791,15.866411281388068,17.129186691181822,18.03586385011156,17.361122568136096,24.382634857955804
1432400,4.979998134254479,10.348070572201175,14.32129722406082,15.761709847013194,17.42471424231544,16.95955822722209,24.30779074296851
1432800,28.6201296245728,13.918900607580278,15.19877741575841,16.475070721556442,17.716382576457615,17.514143904510206,24.38269073355395
1433200,23.459247385706515,14.589120463869254,15.563747050700005,15.93413227096591,17.26513212240046,17.688343356891433,19.571328082714675
1433600,19.632181070791173,17.205459424481624,15.344638287953222,16.57116788429594,17.547607143979786,17.82796474776492,19.682444274106125
1434000,16.60893461296112,18.660098165657125,15.485662852729538,16.938124070076395,17.90181786912046,17.756444900263883,19.637757825455875
1434400,20.028992014697216,21.669896941745673,16.008983756973503,17.659283330630753,18.16080181005573,17.89464910972251,18.077435515523888
1434800,9.44089502090331,17.834050021011777,15.876475314296107,17.21801804598379,18.085043754915795,17.73759465931743,17.8433649981905
1435200,8.212522280176584,14.78470499990579,14.686912731887599,16.30960150934778,17.455229843135076,17.442270503032827,17.379046124883715
1435600,19.846089472004888,14.827486680148533,16.01647305231516,16.21528983603089,17.65521783259093,17.744513865888365,17.30962031480926
1436000,51.229559562749365,21.75161167010618,20.205854917881734,18.036133099634927,18.15474276674845,18.578361617054107,17.93006903808523
1436400,21.210667628537127,21.987946792874162,21.828921867309997,18.07510954568544,17.784113853778788,18.52576614856408,17.933430955239672
1436800,21.18580834334176,24.336929457361855,21.085489739186894,18.14213357747268,18.011877060766587,18.558659367139942,18.228413071445548
1437200,4.927294360116271,23.67988387334979,19.23229443662787,17.398020743663967,17.033519659519886,17.756922700957315,17.997133572838724
1437600,7.660972804108151,21.24286053977044,18.035173609959568,16.689905948956422,17.059169792850476,17.669498760474735,17.869406520203853
1438000,6.895180184902905,12.375984664201152,17.063798167153745,16.27473050994167,16.980015435768838,17.69231294362878,17.617915553641858
1438400,278.8326993065707,63.90039099980786,42.94416889634109,29.47657632665733,26.08757851920086,24.356643581627075,22.90455306704623
1438800,7.219555179304645,61.10714036700043,42.72203491218122,29.299255113238694,25.719357001382928,24.24429154423216,22.73448270989019
1439200,18.56003873323616,63.83368924162441,43.75678655748718,29.22184964468742,25.458663192060907,24.030619021723105,22.7051737139237
1439600,21.29957790493436,66.56141026178966,43.90213540078013,29.959304226547676,25.444238357613965,24.216947224638236,22.97603817286672
1440000,6.093945913783723,66.40116340756582,39.388574035883565,29.79721447688268,25.153613411717803,23.46320058403223,22.74040410082
1440400,25.852011952897733,15.805025936831223,39.852708468319626,30.84081516781484,25.33430918656349,23.301262507414002,22.791154612515196
1440800,40.25485764797929,22.412086430566152,41.75961339878338,31.422551568985163,26.014626851242905,23.94881114527079,23.198850173468628
1441200,22.118474960101587,23.123773675939237,43.478731458781915,31.35551294770492,26.091590982036607,23.6448226093354,22.901284452522237
1441600,20.900164899794,23.043891074911166,44.802650668350495,31.418912139155065,26.06082085542111,23.995040011725486,23.09612914204989
1442000,22.718966718212307,26.368895235796884,46.385029321681436,31.72441374441762,26.311496780521587,24.33126890724699,23.430856219239317
1442400,12.66756121097592,23.73200508741252,19.768515512121958,31.356342204231556,26.240556055145532,24.50781276743114,23.439017967726056
1442800,44.98967048978968,24.678967655774596,23.54552704317046,33.13378097767587,27.381345756549276,25.17589951182982,24.10453864401982
1443200,19.897170446600715,24.23470675307442,23.679240214506915,33.71801338599708,27.37431316796058,25.013807447672413,23.96034326027987
1443600,17.40554759968088,23.5357832930518,23.289837183981568,33.595986292380886,27.7361485456923,24.90563806420587,24.031525216506903
1444000,40.22047517431009,27.036084984271355,26.702490110034205,33.04553207295892,28.76563968793318,25.540832586296908,24.111058489232633
1444400,20.912787338546064,28.68513020978538,26.208567648599036,33.03063805845936,29.296732661409568,25.552873802072384,23.88272353565101
1444800,22.39421678275073,24.16603946837759,24.42250356207618,33.091058480429815,29.089202233348832,25.616596028951232,24.043549628631872
1445200,9.644429175787169,22.115491214214885,23.175098983644737,33.326915221213355,28.62870829301819,25.362467982438645,23.55087788419727
1445600,22.461255840873932,23.126632862453494,23.33120807775273,34.06692937305165,28.723010785354283,25.37841766100402,23.862273624930936
1446000,7.952483906863803,16.673034608964237,21.85455979661788,34.119794559149696,28.43446242848437,25.197262534545665,23.835927085121174
1446400,5.834668546511473,13.657410850557318,21.171270530171434,20.469893021146728,27.961318312878177,24.97323467390201,23.8405043199792
1446800,38.8844689084245,16.955461275692073,20.560750372034917,22.053138707602724,28.942770775795548,25.676196910420693,24.252869683870834
1447200,11.572421198673307,17.341059680269304,19.728275447242176,21.70375783087458,29.054767406412108,25.462803737780984,23.95670104758637
1447600,14.260594246100093,15.700927361314532,19.4137801118841,21.351808647932863,28.86858423221528,25.655556437240257,23.80726647374152
1448000,21.42060368547565,18.394551317036903,17.533792963000653,22.118141536517463,27.874952369639495,25.957678006700057,23.939424661637663
1448400,36.44806767932552,24.517231143599712,19.0873209970786,22.64794432283885,28.38286570466577,26.74437974532683,24.25976324107363
1448800,4.599594255114374,17.660256212937686,17.307858744314963,20.865181153195604,27.829991901724856,26.143866361090367,23.95484857202398
1449200,9.046024209306646,17.15497681506435,17.248018247666913,20.211558615655857,27.96728289669787,25.78353578168037,23.7395780354843
1449600,80.27078554434799,30.357015074713935,23.02897121801432,23.180089647883555,30.387609988039195,27.29950089351929,24.90852837240608
1450000,6.233905216568969,27.31967538093259,22.857113348984832,22.35583657280139,30.365567489094737,27.04012515860949,24.729232697433503
1450400,58.96846576987004,31.8237549990415,28.170493071320692,24.6708818007461,23.036759704538046,28.01361200248881,25.61268635338575
1450800,7.007864273564166,32.30540900273146,24.98283260783466,22.771791489934824,23.029703341013363,27.95278623380533,25.537524049903492
1451200,10.61528088723606,32.61926033831734,24.88711857669093,22.30769701196659,22.764878079480024,28.01285519898182,25.347666705562975
1451600,18.85185993160289,20.335475215768323,25.346245145241213,22.38001262856269,22.683287480368975,27.98799946047177,25.59369417884045
1452000,13.611525856311651,21.81099934371686,24.565337362324815,21.04956516266277,22.93387347845324,27.047548617810826,25.67920987782501
1452400,18.626166973158178,13.742539584374487,22.78314729170808,20.935234144393373,22.693011979128592,26.982936101426354,25.952133254603083
1452800,17.971624813886805,15.935291692439014,24.120350347585322,20.71410454595018,21.950237551325507,26.90258151318998,25.739163158389363
1453200,23.93318365038066,18.598872245067934,25.609066291692727,21.428542269679856,22.010727841001476,27.377728745446586,25.74864188368285
1453600,36.08036936117311,22.044574130981978,21.190024673375238,22.109497945694812,22.516734656380777,28.088213659373206,26.077605649490486
1454000,20.09062740822228,23.340394441364104,22.57569689254057,22.716405120762737,22.429123346047778,28.4180998399562,26.147239505395707
1454400,6.559985582479011,20.92715816322827,17.334848873801466,22.752670972561113,22.22553749176455,21.611281996853904,25.877859376751346
1454800,8.48979363108464,19.03079192666784,17.483041809553512,21.232937208694118,21.00887492980771,21.643037958148405,25.858837348954967
1455200,10.776131588884445,16.399381514368592,17.49912687971835,21.193122728204678,20.70484030121717,21.448440279539614,25.910109535129127
1455600,11.961274013217231,11.575562444777418,16.810068287879783,21.078156716560535,20.523364515001717,21.214982682246685,25.752413225953372
1456000,17.343559982374494,11.026148959607863,17.183271700486067,20.87430453140548,19.760800675270527,21.496223033961453,25.074693234345876
1456400,8.624744009787092,11.439100645069477,16.18312940414896,19.483138347928552,19.351199230978565,21.065541335383685,24.822974761970876
1456800,24.64619700386092,14.670381319624733,16.85058662314637,20.48546848536588,19.4262652383489,20.675324819280725,24.89218253518126
1457200,5.158983344087691,13.546951670665383,14.973166592517074,20.291116442104933,19.276750377292256,20.251337528880377,24.89681631486069
1457600,31.62873507767458,17.480443883556852,14.52800316416722,17.85901391877126,19.58233301851894,20.519551783327394,25.37617156033202
1458000,28.04095725240897,19.619923337563748,15.32303614858589,18.949366520563263,20.251948796703783,20.652601546682313,25.79908710168214
1458400,20.06057988696536,21.907090512999403,16.673095579034523,17.00397222641803,20.726145841385577,20.837427013582047,20.623644713290034
1458800,9.548775113132232,18.887606134853662,16.778993727239286,17.13101776839643,19.748289381542506,19.95140462916561,20.67022911196658
1459200,13.294607124862765,20.51473089100868,17.030841280837116,17.264984080277767,19.80569557908215,19.78634054612216,20.564920479799117
1459600,36.547299001120486,21.49844367569786,19.489443779627443,18.149756033753647,20.54858573758283,20.26488433115815,20.869874901722838
1460000,14.44536499052136,18.779325223320335,19.19962428044213,18.19144799046413,20.316077781084353,19.620506576563432,21.036903283257594
1460400,12.676651528293108,17.302539551585888,19.60481503229273,17.893972218220878,19.523697242716604,19.41460318130711,20.773396074765497
1460800,13.673407601565406,18.12746604927252,18.50753609206318,17.67906135760481,19.826157687598307,19.19658295177748,20.24176707383722
1461200,30.3883734581935,21.546219315938668,21.03047510347376,18.00182084799545,20.53756932922787,19.715181558837635,20.407165043799058
1461600,10.18008972013337,16.272777459741246,18.885610567719638,16.706806865943463,18.20121280175405,19.40815240581912,20.192763540205846
1462000,17.68522735411075,16.920749932459124,17.850037577889815,16.58653686323789,18.582923539672105,19.651470992000295,20.092088752923818
1462400,10.547218793668172,16.49486338553414,16.8987014685601,16.785898523797346,16.968881973798712,19.76928474817921,20.04968190457766
1462800,3.5931987187324936,14.478821608967555,16.303143829120124,16.54106877817974,16.855059788637657,18.887002993436912,19.221752469156517
1463200,3.95722247425693,9.19259141218024,15.36940536405954,16.200123322448363,16.633124508205018,18.696623025326502,18.90295350970964
1463600,11.923705895873434,9.541314647328255,12.907046053534836,16.198244916581174,16.40218604034737,18.638200816570837,18.79331667563349
1464000,31.89568108288224,12.383405393082551,14.652077662770925,16.925850971606557,17.011657881233056,18.900077751506,18.626820793804935
1464400,4.036518720738901,11.081265378496699,13.788064382015506,16.696439707154152,16.525336272819082,18.089789027541336,18.28929542144879
1464800,31.89425864534785,16.74147736381977,15.610149486393748,17.0588427892285,16.989424067201117,18.77215563729717,18.479296258700735
1465200,3.513202332476136,16.65267333546361,12.922632373822008,16.97655373864792,16.308758023270965,18.633835090376408,18.356671721834513
1465600,35.30748378438571,21.329428913166065,15.435371780247243,17.160491173983473,16.282995170711384,17.50975254637735,18.613596280704748
1466000,3.907389233918484,15.731770543373312,14.05758796822802,15.953812773058953,15.743553898234593,17.45158964681109,18.532694387245844
1466400,19.48707329909753,18.821881459045038,14.951573418770954,15.925137443665559,16.174456822121876,16.464554835041778,18.805742482297564
1466800,20.576307066740394,16.55829114332355,16.64988425357174,16.47651404134597,16.5773406033104,16.80376590487118,18.439579245463882
1467200,9.590836071774484,17.773817891183217,17.2132456133235,16.29132548869155,16.53783075274007,16.778154784484645,18.399947542925908
1467600,22.72173010450838,15.256667155207754,18.29304803418699,15.600047043860949,16.896512622449773,16.87490153880728,18.56917026009407
1468000,43.22136835920725,23.119462980265507,19.425616761819494,17.038847212295245,17.759106235010865,17.61514760137967,19.005185553568705
1468400,11.42576941835945,21.50720220411789,20.164541831581552,16.97630310679856,17.852473748629947,17.435137662509703,18.50473958834938
1468800,5.660934335852766,18.52412765794036,17.541209400632038,16.57567944351293,17.21963165969634,17.127370400558853,18.52596638996415
1469200,17.393291936917596,20.084618830968985,18.929218361076188,15.925925367449134,17.627441946124005,16.963873107722275,18.69291174451637
1469600,21.17529921657905,19.775332653383117,17.515999904295523,16.475685842271417,17.278994084087483,16.591246354107422,17.51100201796099
1470000,15.810521654195188,14.293163312380708,18.70631314632319,16.38195055727564,16.87131289748036,16.484243710256745,17.702534346713513
1470400,20.415650946850946,16.091139618079005,18.799170911098535,16.875372164934777,16.883148599476545,16.830635344366048,16.931478050253133
1470800,31.847387544438053,21.328430259796065,19.926278958868302,18.288081606220054,17.62643568052007,17.41457519219988,17.42826851567061
1471200,11.863907900702923,20.22255345255313,20.153586141761142,18.683415877542355,17.57874570638141,17.44176959999534,17.453241055939944
1471600,81.30399792798545,32.24829319483441,26.011812924108845,22.152430479147956,19.07063567061024,19.175337697864546,18.7022838158676
1472000,23.191099685924183,33.72440880118021,24.008786056780544,21.717201409300053,19.362160160457,19.32152619045329,18.89387529245985
1472400,22.598098773461206,34.16089836650226,25.126018992290717,22.645280411936167,19.692875068629277,19.67086005954514,18.97331392846591
1472800,18.321659966153195,31.45575285084529,26.392091555320764,21.966650477976437,19.847816814115536,19.51274663360245,18.980314631511238
1473200,20.725042201679805,33.22797971104067,26.72526658179698,22.82724247143662,19.525705772231742,19.901898105042253,18.916151802537218
1473600,19.340067657380125,20.8351936569196,26.541743425877087,22.028871665086342,19.831038370139968,19.59468141953489,18.58134576846136
1474000,6.232117313046266,17.443397182344018,25.583902991762194,22.145108069042728,19.449268035437818,19.049460421050824,18.30417556655784
1474400,23.85843177563141,17.695463782778056,25.928181074640243,22.363675992869425,19.892975134836593,19.144406718267476,18.65014449042089
1474800,20.29832498354036,18.090796786255492,24.773274818550473,22.34977688870942,20.449812676996853,19.41314546502768,18.886315117470005
1475200,7.09511599432316,15.36481154478416,24.2963956279125,22.224990884836856,20.55440912766573,19.258158186764188,18.812694805578776
1475600,4.735611444875686,12.443920302283274,16.639556979601522,21.325684951855223,20.31480597929914,18.462865997858067,18.668181554211944
1476000,22.71247553304672,15.739991946283364,16.591694564313777,20.300240310547196,20.008699127637957,18.669543761421203,18.77555986522539
1476400,29.780539765916835,16.92441354434045,17.309938663559343,21.217978827925062,20.86683316247722,19.097140967361792,19.198675780347983
1476800,33.308205430424785,19.526389633717336,18.808593209986498,22.600342382653665,20.913964721979784,19.58801091308328,19.371915948879263
1477200,11.177524017381074,20.342871238328918,17.853841391556625,22.28955398667684,21.169442111476616,19.107739677062966,19.49228676234513
1477600,7.882464447233982,20.972241838800578,16.70808107054201,21.624912248209586,20.255274800238222,19.050299045240486,19.01736134973632
1478000,57.63304088378177,27.95635490894758,21.848173427615563,23.71603820968891,22.04612985523367,20.04899438348226,19.609203022363776
1478400,18.533386770511324,25.70692430986648,21.31566892710355,23.621925000871933,22.014340304280793,20.24864858290334,19.578659160034693
1478800,19.566373536979707,22.958557931177467,21.242473782447487,23.00787430049902,21.98067585328877,20.64797795335952,19.77901112851164
1479200,19.05911347578175,24.534875822857604,22.438873530593344,23.367634579252957,22.296285100089012,21.02552522839764,19.894301255530024
1479600,19.380374745256194,26.834457882462043,23.903349860631398,20.271453420116494,22.18490658811394,21.21194194963221,19.550962770412738
1480000,28.789477840091028,21.0657452737239,24.511050091335825,20.551372327824836,21.70384357081007,21.134286868562427,19.83784502740413
1480400,8.87457086529155,19.133982092679943,22.420453201273297,19.865195932416352,21.618803619041138,21.255238172176245,19.761803414144097
1480800,20.348472340259317,19.29040185333587,21.12447989225675,19.966536551121656,22.108388219188026,20.96659351454903,19.895304708917976
1481200,19.199054653593915,19.318390088898298,21.926632955878038,19.890237173717363,22.1685803097439,21.358739822576975,19.671518332825986
1481600,8.105196638171373,17.063354467481336,21.948906174971775,19.328493622756927,21.732910223796974,20.67868264392162,19.630020471186747
1482000,13.17434033670513,13.940326966804156,17.503036120264113,19.67560477393987,21.64503751321398,20.910356421491283,19.539802730838634
1482400,12.959443467438112,14.757301487233466,16.94564178995679,19.130655358530205,21.396497263900212,20.747165675699797,19.588047224314032
1482800,15.30439585316291,13.748486189814184,16.51944402157511,18.880958902011333,20.845064207524374,20.61536789536036,19.82227116700264
1483200,9.442017783335505,11.797078815762504,15.557734452330484,18.99830399146195,20.764334536945462,20.611647438149383,19.93196707318421
1483600,30.63750409680733,16.303540307489694,16.6834473874856,20.293398624058533,19.075451409239523,20.80954178795686,20.30624303720289
1484000,4.556238513114757,14.579919942771621,14.260123454787973,19.385586773061934,18.45428937014588,19.842913541804545,19.75945418580754
1484400,26.63536743103893,17.315104735491783,16.03620311136271,19.22832815631804,18.58886499206513,20.223153492121533,20.211431160013543
1484800,14.31117229801667,17.116460024462533,15.432473107138446,18.278476499697632,18.455182069793917,20.439409441175634,19.859769433066916
1485200,14.62766628510349,18.153589724816133,14.975334270289403,18.450983613083753,18.25193620590804,20.37026879988028,20.082058712119466
1485600,21.30575972655732,16.287240850766132,16.295390579128,19.12214837704992,18.317459274880612,20.373530312629736,19.802024230962896
1486000,32.673295898878564,21.91065232791889,18.245286135345342,17.87416112780476,19.198831894408354,20.795099668746822,20.3773423642621
1486400,65.69999950954207,29.72357874361952,23.519341739555735,20.232491764756297,20.593550818872043,21.927208382814097,21.30160088847099
1486800,14.095791932986277,29.680502670613443,23.398481347538073,19.958962684556624,20.38679971718691,21.483418492527804,21.171990585795907
1487200,11.141645461555722,28.983298505903882,23.568444115360098,19.563089283845326,20.521684032761325,21.465361931549126,21.203006773591532
1487600,48.48818692904708,34.419783946401836,25.35351239858407,21.01847989303487,21.98010321556704,20.644966656575665,21.718335910082306
1488000,4.331660258078554,28.751456818241838,25.33105457308045,19.795589013934244,21.3674093730681,20.173480670879524,20.940541748059733
1488400,59.71366978519978,27.55419087337338,28.638884808496538,22.337543959929658,22.365180373710867,21.101369946172987,21.90629975539654
1488800,15.759826262762497,27.886997739328628,28.78375020497112,22.108111656054817,21.780234401455456,21.037324103588222,22.10827759393473
1489200,36.81051210522849,33.020771068063176,31.00203478698362,22.988684528636547,22.634667337717033,21.43946085117694,22.49662199730095
1489600,19.85851740529332,27.294837163312422,30.857310554857218,23.57635056699264,23.033869102985683,21.45242209487477,22.47028636107523
1490000,17.390296829639304,29.906564477624574,29.32901064793329,23.787148391639352,21.69244430118093,21.731376582789593,22.501881864584117
1490400,69.44157623478185,31.852145767540993,29.70316832045727,26.61125503000654,23.389383949989952,22.870955194268355,23.482400370342734
1490800,25.23515117091909,33.74721074917231,30.81710424425055,27.107792795894348,23.578343204454594,22.99437584895282,23.350155642872355
1491200,17.87633789567988,29.960375907262584,31.49057348766297,27.529508801511565,23.538917351784537,23.26390639648674,23.470404242771895
1491600,19.15740157913342,29.820152742030604,28.5574949526716,26.95550367562787,23.531484912913776,23.624451149843186,22.227472315794856
1492000,16.322655609550672,29.606624498012877,29.756594487818813,27.543824530449662,23.11592417189576,23.464705651755786,22.090103434267384
1492400,12.951061929282677,18.308521636913046,25.0803337022271,26.859609255361857,23.251807207362138,23.04396870583993,21.897162697383816
1492800,40.741084640030905,21.40970833073541,27.578459539953947,28.181104872462566,23.931560950687853,23.22979068608008,22.34555119086137
1493200,17.294162648820926,21.293273281363618,25.626824594313188,28.31442969064844,23.868064550528754,23.38270665186608,22.27693359980419
1493600,24.522033569980128,22.366199679532958,26.093176210781866,28.475243382819578,24.41529244825571,23.798695879934733,22.380572918056192
1494000,17.12444862197814,22.526558282018453,26.066591390015752,27.69780101897456,24.546962724431477,22.785981073389642,22.59841954423483
1494400,20.070001190769265,23.950346134315772,21.129433885614496,25.416301103035916,24.783981315209182,22.82439643389609,22.522650932537587
1494800,49.04630130921864,25.611389468153316,23.51054889944445,27.163826571847533,25.90871149707771,23.561394628202063,23.097610459051154
1495200,6.303534978369082,23.413263934062947,22.353268607713368,26.921921047688198,25.804095403578824,23.242505165766744,23.08177883873207
1495600,19.786260313944855,22.466109282855893,22.416154481194514,25.486824716933093,25.442387277483412,23.25265230498396,23.382791816113453
1496000,44.63064927455392,27.96734941337105,25.246953847694833,27.50177416775686,26.778200969531383,23.648681590845534,23.821155290943597
1496400,3.3327049352334823,24.619890162263893,24.285118148289918,24.682725925258545,26.001445553004537,23.510134942594085,23.29219859432993
1496800,16.779764070417304,18.166582714503626,21.888986091328555,24.733722815641283,26.083731945417888,23.420917235848034,22.96162976712978
1497200,17.99924527298726,20.50572477342726,21.959494353745193,23.79315947402922,26.196117911680684,23.390922001332864,23.098064192241903
1497600,15.493943671114364,19.647261444861165,21.056685363858612,23.574930787320277,26.002390709832586,23.57564067715644,23.250293776719513
1498000,16.153370181418644,13.951805626234108,20.959577519802664,23.51308445490924,25.451726519250588,23.650116423274277,22.42070036267225
1498400,11.779783356229714,15.641221310433355,20.130555736348708,20.629994810981636,23.654385980806843,23.620624920494073,22.28562829438662
1498800,17.06803537936942,15.698875572223779,16.93272914336379,20.22163902140415,23.753460762352947,23.66471590864923,22.23566153123441
1499200,4.88438789892961,13.075904097412248,16.79081443541984,19.57204152156664,23.544885510265413,23.550775161539086,21.952167019697367
1499600,19.67735252026653,13.912585867242683,16.779923656052006,19.598039068623294,22.584524363306056,23.276771372125566,21.958106575197576
