Step,Reward,Smoothed5Reward,Smoothed10Reward,Smoothed20Reward,Smoothed30Reward,Smoothed40Reward,Smoothed50Reward
400,18.148526729698315,18.148526729698315,18.148526729698315,18.148526729698315,18.148526729698315,18.148526729698315,18.148526729698315
800,13.74319514282898,15.945860936263648,15.945860936263648,15.945860936263648,15.945860936263648,15.945860936263648,15.945860936263648
1200,20.06213411591823,17.31795199614851,17.31795199614851,17.31795199614851,17.31795199614851,17.31795199614851,17.31795199614851
1600,35.62769268744164,21.89538716897179,21.89538716897179,21.89538716897179,21.89538716897179,21.89538716897179,21.89538716897179
2000,10.552382637261427,19.626786262629718,19.626786262629718,19.626786262629718,19.626786262629718,19.626786262629718,19.626786262629718
2400,7.274584100913726,17.4519977368728,17.56808590234372,17.56808590234372,17.56808590234372,17.56808590234372,17.56808590234372
2800,38.52541383475504,22.408441475258012,20.561989892688192,20.561989892688192,20.561989892688192,20.561989892688192,20.561989892688192
3200,27.763254255780016,23.94866550323037,21.462147938074672,21.462147938074672,21.462147938074672,21.462147938074672,21.462147938074672
3600,29.520556114344718,22.727238188610986,22.357526624326898,22.357526624326898,22.357526624326898,22.357526624326898,22.357526624326898
4000,20.968270123046256,24.81041568576795,22.218600974198836,22.218600974198836,22.218600974198836,22.218600974198836,22.218600974198836
4400,28.960276827850716,29.147554231155347,23.299775984014076,22.831480597258096,22.831480597258096,22.831480597258096,22.831480597258096
4800,47.06517092060939,30.855505648326222,26.63197356179212,24.850954790870702,24.850954790870702,24.850954790870702,24.850954790870702
5200,15.522945852769304,28.407443967724078,26.178054735477225,24.13341564178598,24.13341564178598,24.13341564178598,24.13341564178598
5600,18.52908599172773,26.20914994320068,24.46819406590583,23.733106381067532,23.733106381067532,23.733106381067532,23.733106381067532
6000,9.196971973730346,23.8548903133375,24.332652999552725,22.76403075391172,22.76403075391172,22.76403075391172,22.76403075391172
6400,25.497043523620302,23.162243652491416,26.154898941823383,22.93484405201851,22.93484405201851,22.93484405201851,22.93484405201851
6800,29.196337659641745,19.588477000297885,25.22199132431205,23.303167205408112,23.303167205408112,23.303167205408112,23.303167205408112
7200,298.2809904887892,76.14008592750187,52.273764947612975,38.57971294337373,38.57971294337373,38.57971294337373,38.57971294337373
7600,11.188654946861012,74.67199971852851,50.4405748308646,37.138078311978326,37.138078311978326,37.138078311978326,37.138078311978326
8000,11.522767939182131,75.13715891161887,49.49602461247818,35.857312793338515,35.857312793338515,35.857312793338515,35.857312793338515
8400,28.65630257754508,75.76901072240383,49.46562718744762,36.38270158573085,35.5144075449674,35.5144075449674,35.5144075449674
8800,29.72086599167235,75.87391638880996,47.731196694553915,37.18158512817301,35.251064747090346,35.251064747090346,35.251064747090346
9200,22.914064738817743,20.800531238815662,48.47030858315876,37.32418165931799,34.71467344238284,34.71467344238284,34.71467344238284
9600,11.11349051380748,20.785498352204957,47.72874903536673,36.09847155063629,33.73129082035887,33.73129082035887,33.73129082035887
10000,14.122482169667688,21.30544119830207,48.221300054960466,36.2769765272566,32.946938474331226,32.946938474331226,32.946938474331226
10400,17.981426688766955,19.170466020546446,47.46973837147514,36.81231865664926,32.37134186719414,32.37134186719414,32.37134186719414
10800,23.165776397975478,17.859448101807068,46.8666822453085,36.044336784810284,32.03039499796382,32.03039499796382,32.03039499796382
11200,17.13093056466771,16.70282126697706,18.751676252896356,35.51272060025467,31.49827126820324,31.49827126820324,31.49827126820324
11600,11.954399170605486,16.87100299833666,18.8282506752708,34.63441275306771,30.824344644148145,30.824344644148145,30.824344644148145
12000,7.84009840110037,15.614526244623201,18.459983721462628,33.978004166970415,30.058203102713218,30.058203102713218,30.058203102713218
12400,24.760518695094543,16.97034464588872,18.070405333217575,33.7680162603326,30.278602834893093,29.887310057306166,29.887310057306166
12800,10.579718442881012,14.453133054869824,16.156290578338442,31.943743636446186,30.173153611561492,29.28394781935538,29.28394781935538
13200,8.589599089361784,12.74486675980864,14.723844013392844,31.597076298275805,29.790735777342945,28.656846342688905,28.656846342688905
13600,18.85123959080472,14.124234843848484,15.497618921092567,31.61318397822966,29.231520674121718,28.368446144104077,28.368446144104077
14000,34.4551404665202,19.44724325693245,17.530884750777822,32.876092402869155,30.028279268430346,28.54235169617311,28.54235169617311
14400,13.930014971287722,17.28114251217109,17.125743579029894,32.29774097525252,30.250126964109477,28.136453453815182,28.136453453815182
14800,30.17561325320245,21.200321474235373,17.826727264552595,32.346704754930556,29.971800278057724,28.19156588082565,28.19156588082565
15200,40.670923311348,27.61658631863262,20.180726539220622,19.466201396058494,30.402055913243323,28.51997002373413,28.51997002373413
15600,9.837058395787055,25.813750079629084,19.968992461738782,19.3986215685048,29.745939322624732,28.040921007632924,28.040921007632924
16000,24.257216967376586,23.774165379800365,21.610704318366402,20.035344019914522,29.855570884102413,27.946328406626513,27.946328406626513
16400,14.163616588799336,23.820885703302686,20.551014107736883,19.310709720477234,29.362348876134032,27.846705653104046,27.610164703752684
16800,15.11016218641468,20.807795489945132,21.004058482090247,18.580174530214347,28.297181918327542,27.880879829193685,27.31254559619702
17200,20.584372471146693,16.79048532190487,22.203535820268737,18.463689916830795,28.46589613894012,27.893935788074394,27.156076453753986
17600,12.45070740398834,17.313215123545127,21.5634826015871,18.530550761339843,28.263283519348807,27.31451115598806,26.821863520804765
18000,14.608768052966145,15.383525340663038,19.578845360231693,18.554865055504763,28.443676721990002,27.41592079138068,26.550461399297244
18400,14.60896461972666,15.472594946848503,19.64674032507559,18.38624195205275,28.08074075852688,27.599280304351005,26.29086364321962
18800,21.96872884757518,16.8443082790806,18.82605188451286,18.326389574532733,27.839820464791327,27.18536317967151,26.198903328418673
19200,13.815913189701998,15.490616422791664,16.140550872348264,18.160638705784447,18.357651221488418,26.83667965301956,25.94092436719541
19600,12.067699048339204,15.414014751661838,16.363614937603476,18.166303699671133,18.386952691537694,26.400358226369423,25.657797319871815
20000,22.5506772637092,17.00239659381045,16.192960967236736,18.901832642801576,18.754549669021927,26.439918404885994,25.59565491874856
20400,9.669525381108087,16.014508746086733,15.743551846467614,18.147282977102254,18.12165709580736,25.957649618717426,25.426074891776757
20800,72.40958417335104,26.102679811241906,21.47349404516125,21.238776263625756,19.544614368529988,26.59125995003597,26.599402672387196
21200,6.74853347422312,24.68920386814613,20.08991014546889,21.14672298286882,19.005763326376833,26.371899640572316,26.333130659553298
21600,26.081257571651804,27.491915572808647,21.452965162235238,21.508223881911174,19.504688894971643,26.56070393007041,26.1422019572375
22000,25.343463269614396,28.05047277398969,22.526434683900064,21.052640022065887,19.878721598303198,26.964366212467514,26.438023569884557
22400,37.70558018983067,33.6576837357342,24.836096240910464,22.24141828299303,20.536193381671985,27.269579629122774,27.0466434916629
22800,10.651426797850092,21.306052260634015,23.704366035937955,21.265208960225415,20.11904839500114,26.805956857577986,26.4891637509248
23200,14.535667259352849,22.863479017659962,23.776341442903043,19.958446157625655,20.032539618157315,19.712323776842076,26.224612010996253
23600,18.049162034098103,21.25705991014922,24.37448774147893,20.36905133954121,20.235698380273735,19.883836454023005,25.995184129391323
24000,11.412350446029343,18.47083734543221,23.260655059710945,19.72680801347385,20.354773448438035,19.881076016694184,25.804065735850987
24400,19.96374347102073,14.922470001670224,24.290076868702208,20.016814357584916,20.194880940968908,19.663762039031077,25.624135068714384
24800,15.052088098128475,15.8026022617259,18.554327261179953,20.01391065317061,20.343959929477155,19.29704259169248,24.983873412264767
25200,17.738213360945416,16.44311148204441,19.653295249852185,19.871602697660542,20.64891373852994,19.16764630724567,25.028178762428286
25600,24.431068912565237,17.71949285773784,19.488276383943525,20.470620773089387,20.834908049255294,19.500585767214613,25.146218420845038
26000,11.258035397520723,17.68862984803612,18.079733596734158,20.303084140317118,20.061671213621977,19.42897459791094,25.18743968932085
26400,13.263732882196758,16.348627730271325,15.635548865970767,20.23582255344062,20.039461810652277,19.311032252746685,24.942773476492377
26800,20.727301448377183,17.483670400321063,16.643136331023477,20.17375118348072,19.72451808382477,19.250070379006726,24.773392752267085
27200,17.035418970787884,17.343111522289554,16.893111502166978,20.334726472535017,18.936667939139433,19.24768258915973,19.148481321907056
27600,8.071898049811816,14.071277349738873,15.895385103738352,20.134936422608646,18.877829260940256,19.15062006113989,19.086146183966072
28000,27.45981643854363,17.311633557943455,17.50013170298978,20.380393381350366,18.984582576645824,19.64111301207597,19.404887153953304
28400,8.951882445123761,16.449263470528855,16.398945600400083,20.344511234551153,18.810858105189975,19.245897105826703,19.01079875130488
28800,17.433595523702518,15.790522285593923,16.637096342957488,17.595711802068724,18.88830588309957,19.41724403284724,18.76505334194548
29200,23.87120088768433,17.15767866897321,17.25039509563138,18.451845172741784,18.99786683031749,19.799284077805304,18.784196064922813
29600,9.636741673422296,17.47064739369531,15.770962371717085,17.62961937783031,18.904067972631957,19.568921629870744,18.75466108811511
30000,25.145899112415524,17.007863928469686,17.159748743206563,17.619741169970364,19.255305674613602,19.336190596018124,18.975129426970067
30400,45.30723332958104,24.27893410536114,20.364098787944993,17.999823826957886,20.278581298275416,20.12062105497546,19.521645559786347
30800,8.970634033980094,22.586341807416655,19.188432046505284,17.915784188764384,19.84531147115558,19.5904965744949,19.23774271250644
31200,20.05963071310569,21.824027772500926,19.490853220737065,18.191982361452027,20.05343538860237,19.075214259538843,19.2963167154752
31600,41.19890990645116,28.136461419106702,22.803554406401,19.34946975506968,21.02447575053943,19.859260547305446,19.881206930192114
32000,12.295170005192874,25.56631559766217,21.287089763065925,19.393610733027856,20.682625508588888,19.56020937325085,19.970308362273965
32400,40.21185921453961,24.547240774653886,24.41308744000751,20.4060165202038,21.700703303036605,20.211415438894356,20.279335172662865
32800,12.08499737641258,25.170113443140384,23.878227625278512,20.25766198411801,19.689883743138655,20.135786318644307,20.309440751333497
33200,10.459672970605917,23.25012189464043,22.53707483357067,19.89373496460103,19.813588393018083,19.882668831130786,20.34684222895838
33600,9.473709186301855,16.905081750610567,22.52077158485863,19.145866978287863,19.26000344683975,19.808243875688625,20.15929162086832
34000,18.09201241952505,18.064450233477004,21.815382915569582,19.48756582938808,19.01828841850344,19.8953249848526,19.832029059928416
34400,13.979041078847231,12.817886606338527,18.6825636904962,19.523331239220603,18.22740378147066,19.87957689633061,19.833009582079608
34800,13.895162734155605,13.179919677887131,19.17501656051375,19.181724303509522,18.335528312680843,19.677737743495122,19.50740057169867
35200,13.797180153737823,13.847421114513514,18.548771504576965,19.01981236265702,18.31091207582701,19.67726941759602,18.96992570854647
35600,25.97178013476493,17.147035304206128,17.026058527408342,19.914806466904675,18.574999345849236,20.024871444756663,19.292620143326026
36000,14.17381594998972,16.363396010299063,17.213923121888026,19.25050644247698,18.66704819598125,19.815449911913674,19.090952122978287
36400,17.591726816362126,17.08593315780204,14.951909882070279,19.6824986610389,18.587980974159294,20.013504947795024,19.159514327529543
36800,19.28235949383748,18.163372509738416,15.671646093812768,19.774936859545647,18.72899002068293,18.685324330807184,19.242958273678
37200,14.007740496924688,18.20548457837579,16.02645284644465,19.281763840007663,18.604640925215573,18.866804506374727,19.111425634193562
37600,21.431887320113937,17.297506015445588,17.222270659825853,19.871521122342248,18.504668205467194,18.750570250086277,19.291049232516073
38000,28.550411676928444,20.172825160833334,18.26811058556619,20.041746750567892,19.08108074811412,18.830743960269128,19.56988210499532
38400,11.628982709697937,18.9802763395005,18.03310474865126,18.35783421957374,19.02658907569749,18.178829023265813,19.510282466794745
38800,20.93035274443092,19.309874989619182,18.736623749678795,18.95582015509628,19.033357452232615,18.43580217193033,19.489514944731855
39200,6.718317475325453,17.851990385299338,18.02873748183756,18.288754493207268,18.689454069050537,18.24036842732965,19.347563030444327
39600,11.302736877713938,15.826160296819339,16.561833156132458,16.793945841770405,18.797148696647273,18.071707798420043,19.33226378703182
40000,25.55196120976145,15.22647020338594,17.69964768210963,17.456785401998836,18.733553522354537,18.425198067513346,19.392289465952867
40400,18.775651747574617,16.655804010961276,17.81804017523088,16.384975028650583,19.061012499102894,18.395495774427193,19.574411993282197
40800,19.98064922256726,16.465863306588545,17.88786914810386,16.779757620958318,19.145914289065054,18.51870980253816,18.525833294266523
41200,15.218138285395105,18.165827468602476,18.0089089269509,17.01768088669778,18.857478868988743,18.455707925649406,18.695225390489963
41600,9.125376769323235,17.730355446924335,16.77825787187183,17.00026426584885,18.84043337218544,18.073065622068356,18.35610777444339
42000,14.389894996934908,15.497942204359026,15.362206203872478,16.81515839471934,18.481899901669422,18.15136211205371,18.1370364089898
42400,10.590775101541828,13.860966875152467,15.258385443056866,16.64574509585407,17.32468462740145,18.084538167537335,17.594740307224026
42800,8.895872215774657,11.644011473793947,14.054937390191238,16.395780569935024,17.3221925667946,17.788752436722273,17.559629215582515
43200,6.0049958424819145,9.801382985211308,13.983605226906885,16.006171354372228,16.853704737773807,17.512991858514624,17.389015787245096
43600,10.952918675436957,10.166891366434053,13.94862340667919,15.255228281405829,15.845505030073333,17.585017374155253,17.247090920071873
44000,13.924290142831229,10.073770395613318,12.785856299986166,15.242751991047905,15.89980903466128,17.246629216762443,17.297329714007912
44400,18.48512723080702,11.652640821466354,12.756803848309406,15.28742201177015,15.175584635203528,17.484960336404523,17.267757389203638
44800,26.90149707852092,15.253765794015607,13.448888633904772,15.66837889100432,15.669467958607138,17.721657875274985,17.504745568811487
45200,12.223099088022256,16.497386443123673,13.149384714167486,15.579146820559199,15.728248829187683,17.43045533028343,17.394443283353024
45600,16.057952286195697,17.518393165275423,13.842642265854732,15.310450068863286,15.947723599184144,17.590985595602767,17.22698095082563
46000,14.731193194809071,17.67977377567099,13.876772085642148,14.619489144757319,15.835696291693612,17.330617947662606,17.2964441067714
46400,24.649045159517016,18.91255736141299,15.28259909143967,15.270492267248272,16.191363094382602,16.814163243411006,17.524150352317804
46800,16.035467291395662,16.73935140398794,15.99655859900177,15.02574799459651,16.26270657962394,16.990784074846395,17.430313669178176
47200,18.26427986552107,17.947587559487705,17.222487001305684,15.603046114106291,16.411609903350048,16.945900303656778,17.45489088707284
47600,8.717535685629656,16.479504239374496,16.998948702324952,15.473786054502076,15.836468421712206,16.13386594813624,17.467803639789196
48000,5.195449032364328,14.572355406885546,16.126064591278265,14.45596044563222,15.537189524458027,15.956372923815527,17.02251629166561
48400,10.065195200649866,11.655585415112117,15.28407138826255,14.020437618285982,15.286305137267616,15.202706323468286,17.04478254677613
48800,9.25532265033262,10.299556486899508,13.519453945443718,13.48417128967425,14.952070575817455,15.131964455316284,16.88121708930873
49200,11.30489941539212,8.907680396873719,13.427633978180705,13.2885093461741,14.861975873099704,15.15309511643594,16.629891059862885
49600,8.738815968713066,8.9119364534904,12.695720346432442,13.269181306143594,14.438873494719674,15.134722785996221,16.611932545768703
50000,9.077987551412956,9.688444157300125,12.13039978209283,13.003585933867495,13.789792690535824,14.909372164293416,16.29057431454865
50400,8.910188270389874,9.457442771248127,10.556514093180116,12.919556592309897,13.699166209225556,14.782650844081981,15.562633413364827
50800,14.132194594266036,10.43281716003481,10.366186823467153,13.181372711234468,13.472560937553393,14.788576640584745,15.665864624570547
51200,8.665045079533524,9.904846292863091,9.4062633448684,13.314375173087049,13.537451857693663,14.660273263729636,15.437972911899102
51600,11.015971948318802,10.360277488784238,9.636106971137313,13.31752783673114,13.527893026713823,14.286378059068483,14.834314152736455
52000,12.337164557030496,11.012112889907746,10.35027852360393,13.238171557441103,13.087399804956126,14.240461774244503,14.835154043773208
52400,12.51901138849307,11.733877513528386,10.595660142388251,12.939865765325404,12.878845126320074,14.113643888547776,14.281297087252279
52800,14.669518146248294,11.841342223924837,11.137079691979817,12.328266818711773,12.701807423776108,13.99832285485805,14.332987502648994
53200,15.366741276690274,13.181681463356188,11.543263878109634,12.485448928145175,12.70676085681928,14.032297874352187,14.431128868770681
53600,15.064234821385773,13.99133403796958,12.175805763376903,12.43576305490468,12.904722791888032,13.873106561883983,14.542939381472358
54000,5.583762107161507,12.640653547995782,11.826383218951758,11.978391500522301,12.611185028895585,13.298940322639812,14.292774375225088
54400,18.32607229318483,13.802065728934135,12.767971621231256,11.662242857205692,12.869028268617019,13.466367562226981,14.379714999511839
54800,13.38695985258266,13.545554070201007,12.693448147062918,11.529817485265042,13.018731189843951,13.277782739930776,14.36955094188038
55200,7.677304582170917,12.007666731297139,12.594674097326656,11.000468721097533,13.074474814500253,13.30175741760191,14.24715343044904
55600,16.99732450220361,12.394284667460706,13.192809352715136,11.41445816192623,13.27595500872581,13.444122108214154,14.067664317797814
56000,9.977304736453194,13.272993193319044,12.956823370657407,11.653550947130674,13.144388828513206,13.054755696381445,13.983734093527085
56400,19.71960849707301,13.551700434096677,13.676883081515403,12.13627161195183,13.185538204055405,13.078354615118908,14.026291727141304
56800,18.72447269795959,14.619203003172066,14.08237853668653,12.609729114333181,12.912970724703362,13.046950202003718,14.015133991223745
57200,8.157185190284727,14.715179124794826,13.361422928045977,12.45234340307781,12.777440261445443,12.870426374625955,13.898122885090945
57600,16.589038534289145,14.633521931211934,13.513903299336315,12.844854531356614,12.795143136381892,13.057017918750102,13.801265909374449
58000,19.692451917719957,16.57655136746529,14.924772280392158,13.375577749671965,12.960518427145589,13.189581841769728,13.62410671419028
58400,18.993791686225585,16.4313880052958,14.991544219696234,13.87975792046375,12.772009978035873,13.399657256386826,13.771402893720833
58800,13.70178745191236,15.426850956086355,15.023026979629202,13.858237563346066,12.694220650053097,13.519805137290266,13.626831587870463
59200,9.3348856702588,15.66239105208117,15.188785088437992,13.891729592882331,12.396574176877689,13.60305238298469,13.679162951769129
59600,4.827000410235688,13.309983427270478,13.9717526792412,13.582281015978177,12.266889667697889,13.449904426354655,13.549648222419565
60000,19.75174019661972,13.32184108305043,14.949196225257854,13.953009797957638,12.75209937317307,13.595590677699368,13.433643802156729
60400,19.581609098355045,13.439404565476323,14.935396285386057,14.306139683450734,13.069313169763243,13.62300272438807,13.449762949172339
60800,15.881778305813944,13.87540273625664,14.65112684617149,14.366752691429017,13.290195024945952,13.347509755070394,13.36778553083727
61200,4.101741759171704,12.828773954039221,14.245582503060188,13.803502715553089,13.050089769738605,13.144475821849133,13.145457600312804
61600,13.498103068864305,14.562994485764943,13.936488956517703,13.725196127927017,13.20873267307698,13.080479591415846,13.232912126303624
62000,3.8393026788716735,11.380506982215334,12.351174032632876,13.637973156512524,13.03410984399227,12.808182328517413,13.021900279942361
62400,5.407154787312842,8.545616120006894,10.992510342741603,12.992027281218924,12.917342061223035,12.327135069212307,12.91822787365778
62800,3.200098186873619,6.009280096218829,9.942341416237728,12.482684197933471,12.552938847643288,12.006250841599257,12.804312393079758
63200,2.9599284697777724,5.780917438340042,9.304845696189625,12.246815392313815,12.362768293984765,11.623642056705673,12.743411045625678
63600,2.8511697323728806,3.6515307710417573,9.107262628403344,11.539507653822278,12.0906082201199,11.476982907874255,12.581376066764394
64000,3.1343654196345883,3.5105433191943405,7.445525150704832,11.197360687981348,11.783848248873369,11.42545581755601,12.365577572300463
64400,3.3768132904319588,3.104475019818164,5.825045569912524,10.380220927649296,11.479108312271332,11.258246269800564,12.063411293492962
64800,3.880899268630308,3.2406352361695014,4.62495766619416,9.638042256182832,11.1194876830174,11.123885685258006,11.602999337295149
65200,3.478756746372963,3.34440089148854,4.562659164914285,9.404120833987243,10.723221532006823,10.928232118532527,11.428112490462162
65600,4.624256301575449,3.699018205329054,3.6752744881854,8.805881722351558,10.375222248013147,10.825368126854086,11.19943857076976
66000,4.816688773266656,4.035482876055466,3.773013097624898,8.062093565128894,10.349653136883317,10.71883565740043,11.00114848233891
66400,7.826595758299351,4.925439369628945,4.014957194723548,7.503733768732582,9.999670585720468,10.691745844598165,10.664699494314556
66800,8.768690030480263,5.902997521998937,4.571816379084213,7.257078897660977,9.845728258317054,10.557658230503522,10.519363949096249
67200,4.044250652684927,6.01609630326133,4.680248597374929,6.992547146782283,9.72462646066752,10.442138369832307,10.234963364839526
67600,4.863094160665367,6.063863875079313,4.8814410402041775,6.9943518343037665,9.320152115949579,10.288316425140971,10.15787453434024
68000,9.783806300669,7.057287380559782,5.546385128307619,6.495955139506231,9.313702168090108,10.224482468731933,10.249641679706333
68400,9.07194405702789,7.30635704030549,6.115898204967212,5.970471887439873,8.958780020088602,10.138305785445302,10.229776656833895
68800,4.099861739341577,6.372591382077752,6.137794452038339,5.3813760591162545,8.47129298813467,9.874064375272635,10.126667438614072
69200,4.235326878097065,6.41080662716018,6.213451465210748,5.388055315062522,8.340564377728414,9.595779015307807,9.985275987868173
69600,4.514548209759317,6.34109743697897,6.202480656029136,4.938877572107273,7.938081366910752,9.332036850017145,9.900790632689098
70000,3.67240764656483,5.1188177061581355,6.088052543358953,4.930532820491932,7.404079891205582,9.284252988502228,9.792679034592135
70400,4.612470075641818,4.226922909880921,5.7666399750932,4.89079858490838,6.924702504186123,8.941412933063651,9.706724670697174
70800,3.693785778195184,4.145707717651644,5.259149549864691,4.915482964474458,6.591102448395549,8.699083581203965,9.497956494375757
71200,3.2835135059666847,3.9553450432255675,5.183075835192868,4.931662216283904,6.389390042919146,8.58923880429886,9.39032586290442
71600,3.5553265260693045,3.7635007064875636,5.052299071733261,4.966870055968725,6.347000913446934,8.253188854895502,9.24111295445943
72000,5.058683795771984,4.040755936328995,4.57978682124356,5.0630859747755945,5.85723236675201,8.13022333137847,9.09554333923426
72400,8.979853972796732,4.914232715759978,4.570577812820444,5.343238008893833,5.503840529233399,7.861729468271565,9.024760190920333
72800,3.69708813909346,4.914893187939633,4.530300452795632,5.334047452416991,5.097684190342716,7.4860448542999105,8.805311590777237
73200,3.5646068172782392,4.971111850201945,4.4632284467137495,5.338339955962255,5.079779692279601,7.3712303949747495,8.569268901588996
73600,3.5157139188773323,4.96318932876355,4.363345017625551,5.282912836827349,4.747033387280035,7.044397279589454,8.338298483538829
74000,7.319522857819804,5.415357141173113,4.728056538751049,5.408054541055007,4.863040726578305,6.7350740530919495,8.373013698551993
74400,3.724695819260836,4.3643255104659335,4.63927911311295,5.202959544103081,4.806958760976572,6.353346656417831,8.080986169073512
74800,3.735287371401338,4.371965356927509,4.643429272433567,4.951289411149135,4.824798400460829,6.104184154405055,7.887952719449886
75200,10.035036123964542,5.66605121826477,5.318581534233351,5.250828684713115,5.060635322267055,6.121687915747699,7.935107350285759
75600,9.679128401484936,6.898734114786291,5.930961721774915,5.491630396754094,5.28823394457079,6.24299111552893,7.788743428271385
76000,3.8978558107652295,6.214400705375376,5.8148789232742395,5.197332872258905,5.313683624275145,5.846644005882569,7.667154449757626
76400,4.060595369474687,6.281580615418146,5.322953062942035,4.946765437881245,5.3364763602432355,5.458618662660559,7.35397418720566
76800,4.205365945187574,6.3755963301753935,5.373780843551446,4.952040648173545,5.347291916128479,5.1667083536449,7.063592052150219
77200,10.803391551117969,6.52926741560608,6.0976593169354185,5.28044388182459,5.591446409619978,5.334249598443557,7.116516179366885
77600,13.229899935731847,7.239421722455461,7.069077918620872,5.716211468123217,5.878301197425191,5.327544520115245,7.049333407395738
78000,5.081656475237275,7.47618185534987,6.845291280362618,5.786673909556839,5.887133454157546,5.3586033650243845,6.7571174985460845
78400,5.050840995765842,7.674230980608103,6.977905798013117,5.80859245556304,5.794608295406429,5.34969552023571,6.47825848473689
78800,5.524820039973914,7.93812179956537,7.1568590648703765,5.900144168651977,5.686479295722884,5.407813566563218,6.314719136498121
79200,5.399966182657515,6.85743672587328,6.693352070739674,6.005966802486518,5.731669813388637,5.468814509385211,6.236020746746095
79600,8.373403090027592,5.886137356732428,6.562779539593938,6.246870630684432,5.848680111034044,5.6068703433265785,6.3069488003419325
80000,6.995043634872698,6.268814788659513,6.872498322004685,6.343688622639468,5.755721355507501,5.703387298707531,6.051814869106992
80400,5.8924421301610765,6.43713501553856,7.055682998073325,6.189318030507685,5.649737957945273,5.766278019700759,5.778031529743113
80800,5.255227868007191,6.383216581145215,7.160669190355286,6.267225016953372,5.688250162234127,5.800636234685181,5.565500520986978
81200,6.612371700418865,6.625697684697485,6.741567205285375,6.4196132611104035,5.767484989644854,5.878976608536329,5.615713119811922
81600,5.59095469448969,6.069208005589904,5.9776726811611605,6.52337529989102,5.803365205802534,5.903144068359185,5.457570152324429
82000,6.866494029773606,6.043498084570086,6.156156436614793,6.50072385848871,5.909834751909492,5.9543891997718585,5.518113979342468
82400,15.007486407638224,7.866506940065515,7.151820977802032,7.064863387907581,6.256335296309373,6.1339114660053315,5.710120611748976
82800,5.417548756051997,7.898971117674478,7.141093849409839,7.1489764571401135,6.313794062237933,6.0501329341446235,5.754469623132543
83200,6.0209593671921615,7.780688651029135,7.203193167863304,6.948272619301494,6.4050422576121155,6.099550652007305,5.815690241080831
83600,11.263683062435158,8.915234324618229,7.492221165104061,7.027500352349006,6.661987475490977,6.25956537455155,5.9839405076820755
84000,12.848716870456144,10.111678892754737,8.077588488662405,7.475043405333551,6.921655244647115,6.336188138796229,6.1782275366985075
84400,11.599067154628166,9.429995042152726,8.648250991109114,7.851966994591225,7.008962350708163,6.399366216236235,6.342672613982431
84800,9.474074887891826,10.24130026852069,9.070135693097578,8.115402441726438,7.2015285756681084,6.533721544949991,6.454536126367662
85200,12.908765984800253,11.618861592042311,9.699775121535717,8.220671163410552,7.513000547918842,6.750557522617571,6.643136311136208
85600,6.760103461164074,10.718145671788092,9.816689998203156,7.897181339682163,7.621146865995068,6.80669640390269,6.685853254327981
86000,5.387009770289578,9.225804251754779,9.668741572254751,7.912449004434779,7.556729763077394,6.849561456995808,6.697259674268439
86400,17.813258521890454,10.468642525207237,9.949318783679974,8.55056988074101,8.026348519831714,7.1795811681520245,6.896992929540261
86800,16.408892259359902,11.855605999500852,11.048453134010767,9.09477349171031,8.448802016097,7.4974588301811425,7.049796974117853
87200,13.839160044955117,12.041684811531825,11.830273201787062,9.516733184825188,8.575606146796686,7.761349993655854,7.2456951619632575
87600,17.82350516696911,14.254365152692833,12.486255412240457,9.989238288672265,8.847085372312824,8.118054459678348,7.504903382089333
88000,18.680413779397504,16.913045954514416,13.069425103134591,10.573506795898506,9.339837304600566,8.458597709268986,7.682835531663902
88400,9.403038354506023,15.231001921037535,12.849822223122379,10.749036607115752,9.517918737434945,8.46917731881172,7.689457417613466
88800,11.159538852637004,14.18113123969295,13.018368619596895,11.044252156347243,9.749724501016592,8.655738586650306,7.8306509598793745
89200,10.048051315153634,13.422909493732655,12.732297152632235,11.21603613708398,9.724546493151115,8.817824699097192,7.9469054486205035
89600,6.110533354879033,11.08031513131464,12.667340142003729,11.242015070103449,9.487234273789353,8.882695184997235,7.978825151522899
90000,16.640123678585695,10.672257111152279,13.792651532833343,11.730696552544053,9.872516513900969,9.115710205516383,8.238179472163317
90400,15.647794637700716,11.921208367791218,13.576105144414367,11.762711964047178,10.225748301965465,9.413787675977378,8.458885963404494
90800,10.402748431443026,11.76985028355242,12.97549076162268,12.011971947816729,10.388345915014435,9.58047420247842,8.593065216469451
91200,7.149912890009429,11.190222598523581,12.306566046128111,12.068419623957592,10.446677471926165,9.508346121629543,8.670393204150306
91600,9.667801394582074,11.901676206464188,11.490995668889408,11.98862554056494,10.489824082077982,9.508062946456972,8.792642701520561
92000,5.692593524019572,9.712170175550963,10.192213643351616,11.63081937324311,10.446409078382878,9.55293138928833,8.805320896085513
92400,10.809662899661976,8.744543827943215,10.33287609786721,11.591349160494799,10.610316437366238,9.721658077543012,8.841917074622819
92800,11.859850290611917,9.035964199776993,10.402907241664703,11.710637930630805,10.83047051811973,9.91302018617862,9.005172317653187
93200,4.794695897618748,8.564920801298857,9.877571699911211,11.30493442627173,10.769881324693062,9.762802794841141,9.029774099259997
93600,7.597570952038622,8.150874712790166,10.026275459627172,11.346807800815457,10.836768533278025,9.62199457024881,9.111411239923223
94000,18.84334156780995,10.781024321548243,10.246597248549598,12.019624390691476,11.235996784545904,9.966036697563128,9.341887614123028
94400,12.263972328734557,11.071886207362757,9.908215017652982,11.742160081033681,11.144546315249114,10.146364980887345,9.512673144312501
94800,10.297821308979117,10.759480411036199,9.89772230540659,11.436606533514642,11.30722206701335,10.265690012612476,9.643923823064057
95200,6.632041188526259,11.126949469217701,9.845935135258275,11.076250590693197,11.327591461057823,10.296491887759194,9.57586392435529
95600,14.272188485466357,12.461872975903248,10.306373844346703,10.89868475661806,11.427874975158861,10.443961522645163,9.667725126034918
96000,6.070724298813563,9.90734952210397,10.3441869218261,10.268200282588863,11.201941889437443,10.420853539243684,9.711182495795885
96400,7.061120596222467,8.866779175601554,9.96933269148215,10.151104394674686,11.05067700415725,10.450070500895219,9.771193000330841
96800,6.5861154795667485,8.124438009719078,9.441959210377632,9.922433226021173,10.954411690546417,10.483342691184209,9.818807991018424
97200,6.860438867421072,8.17011754549804,9.648533507357866,9.763052603634545,10.752800786633777,10.489544370359264,9.739948937344487
97600,36.31245446751704,12.578170741908178,12.520021858905707,11.273148659266445,11.737879153512209,11.257581864684948,10.20160002798019
98000,7.055043862216401,12.775034654588746,11.341192088346352,10.793894668447981,11.79348028990977,11.262295610496016,10.241067775719774
98400,11.142067260406025,13.591223987425456,11.229001581513499,10.568608299583246,11.571107247860288,11.165660131815212,10.362892301012577
98800,7.952069838853172,13.864414859282741,10.994426434500905,10.446074369953752,11.289213167176731,11.22902315888524,10.411437296990163
99200,5.666322312945983,13.625591548387723,10.897854546942877,10.37189484110058,11.016785242776425,11.220157232529086,10.416764419595932
99600,8.244962764254595,8.012093207735235,10.2951319748217,10.300752909584208,10.697500496019275,11.144689225074572,10.414195613080471
100000,33.17981761707756,13.237047958707468,13.0060413066481,11.675114114237108,11.18081395727528,11.652966743740109,10.93789109272457
100400,8.59118957840364,12.726872422306991,13.159048204866219,11.564190448174191,11.153752331405197,11.577769804334494,10.991866041689418
100800,19.10163138841833,14.95678473222002,14.410599795751375,11.92627950306451,11.418488749264577,11.818458716847658,11.268794112097641
101200,9.41456830499916,15.706433930630658,14.666012739509185,12.15727312343353,11.397372648926092,11.731103774852631,11.324838044189248
101600,9.583350780495287,15.974111533878794,11.993102370807009,12.256562114856365,11.513133229779971,11.801684957835912,11.404685965909362
102000,14.888969080563248,12.315941826575934,12.776494892641693,12.05884349049403,11.454761409845888,12.039233940592753,11.565135466925152
102400,42.6344327133672,19.124590453568647,15.92573143793781,13.57736650972566,12.354316012368104,12.65976329537967,12.117674393039733
102800,1253.2534395729954,265.954952090484,140.45586841135201,75.72514742292648,53.78267238375318,43.58087697822056,37.0743922093786
103200,14.679549697872307,267.0079483690587,141.35719114984465,76.12752284839378,54.03366027734861,43.60188671954349,37.247564015992204
103600,14.779809466352257,268.04724010623005,142.01067582005442,76.15290389743807,54.20406054640761,43.525794327028066,37.31788654407055
104000,20.155510393529696,269.10054836882335,140.70824509769963,76.85714320217389,54.68615777539129,43.56267174238137,37.46402241453202
104400,20.8591474554854,264.745491317247,141.93504088540783,77.54704454513703,55.02114059391874,43.84907446990586,37.64922402054916
104800,17.047185738871843,17.504240550422303,141.72959632045317,78.07009805810227,55.194051775527406,43.99626564206172,37.80068623756877
105200,15.319645765221424,17.632259763892126,142.32010406647538,78.4930584029923,55.544883437780825,44.12805550331342,37.84890383317719
105600,21.04504446119996,18.885306762861667,143.46627343454585,77.72968790267645,55.99313255475286,44.50141828097144,38.1346026531779
106000,15.946073366286956,18.043419357413118,143.57198386311822,78.17423937787997,55.89655694803544,44.48406702316397,38.345783925097855
106400,22.774993653199324,18.426588596955902,141.58603995710143,78.75588569751963,56.2469243255176,44.66224699855144,38.44501862772403
106800,23.00028313824628,19.61720807683079,18.560724313626523,79.50829636248929,56.6703397198265,44.97718536622152,38.576846445301754
107200,18.366830059251605,20.226644935636823,18.929452349764453,80.14332174980458,57.06149934885068,45.25760829545258,38.66739984558769
107600,18.36580193962964,19.690796431322763,19.28805159709219,80.64936370857333,57.197953130656124,45.47505830907876,38.6782457810409
108000,19.181222959781397,20.33782635002165,19.19062285371736,79.94943397570852,57.63496975268838,45.81227404497281,38.688261964648575
108400,4.123800317587197,16.607587682899226,17.51708813992754,79.7260645126677,57.53705907673387,45.64512748042094,38.5826772039102
108800,14.673680977430912,14.942267250736148,17.279737663783447,79.50466699211833,57.806644593329345,45.71547324759142,38.65296004640608
109200,10.265203007641889,13.321941840414208,16.774293388025495,79.54719872725046,57.920136731336704,45.85223592534199,38.65730308025584
109600,3.806204379134381,10.410022328315154,15.050409379818936,79.25834140718243,56.83659506172395,45.75745176101939,38.61121650074095
110000,4.240781820344031,7.4219341004276815,13.879880225224642,78.72593204417146,56.74278632699487,45.392387767332735,38.363229663576114
110400,17.046182508321312,10.006410538574505,13.306999110736843,77.44651953391916,56.93959016859205,45.511943021822404,38.391197420988526
110800,21.020996023749955,11.275873547838312,13.109070399287209,15.834897356456889,57.37522104142194,45.78002238969167,38.603562372834666
111200,14.674843917255394,12.157801729761015,12.739871785087589,15.834662067426043,57.67550509489892,45.98109245790991,38.75406099337958
111600,5.044447356621201,12.405450325258379,11.407736326786743,15.34789396193949,57.5688212479778,45.750398929688785,38.66159391262037
112000,4.491865362387849,12.455667033667144,9.93880056704739,14.564711710382397,56.61255617282148,45.710927456278135,38.637579349387735
112400,15.96515349479839,12.239461230962558,11.12293588476851,14.320012012348045,56.85835497003464,45.933528278742536,38.74068916129047
112800,13.94622738803696,10.824507503819959,11.050190525829114,14.164964094806303,56.68650817002193,46.11753107645429,38.782416703238965
113200,9.339163394669056,9.757371399302691,10.95758656453183,13.865939976278685,56.68399467301092,46.179499189635486,38.87330605317997
113600,8.312594099697343,10.41100074791792,11.408225536588127,13.229317458203557,56.64163611698432,45.47950268044,38.88760651613315
114000,12.827457643584818,12.078119204157314,12.266893118912204,13.073386672068446,56.572919069085046,45.62381302497421,38.767288837648636
114400,16.835914304842408,12.252271366166116,12.245866298564314,12.7764327046506,55.71296845546755,45.76615920108512,38.8587276771708
114800,9.305639416180115,11.324153771794746,11.07433063780733,12.091700518547293,14.24804178357371,45.79999844051829,38.83888403931482
115200,14.330677914188769,12.32245667569869,11.039914037500669,11.889892911294151,14.236412724117594,46.016607330549355,38.992856773828066
115600,12.160411511138491,13.09202015798692,11.751510452952397,11.579623389869594,14.1490994589438,46.11449354922146,38.95062123434151
116000,9.259015112439478,12.37833165175785,12.228225427957561,11.083512997502497,13.785882949574125,45.516473486605506,39.014387050614026
116400,8.778938168721279,10.766936424533627,11.509603895349848,11.316269890059202,13.383209306681987,45.52116720136345,39.048743402064005
116800,12.99797428931785,11.505403399161173,11.414778585477936,11.23248455565355,13.248235591696856,45.36857577388594,39.176980578259034
117200,7.858146075818483,10.210897031487118,11.26667685359288,11.112131709062378,12.999518935383426,45.32966521815642,39.196934722426974
117600,10.634058113256732,9.905626351910765,11.498823254948821,11.453524395768495,12.652486057118649,45.355932901475455,38.68336679534177
118000,13.44878649523152,10.743580628469172,11.56095614011349,11.91392462951287,12.569243161416804,45.31992833684216,38.811241648002074
118400,19.485457851087837,12.884884564942485,11.825910494738032,12.035888396651197,12.459591968013084,44.74120396528518,38.97810945981571
118800,5.177758466821506,11.320841400443214,11.413122399802173,11.243726518804774,11.865507812298926,13.539311937630831,38.922623232375074
119200,5.242946254088295,10.797801436097178,10.504349233792125,10.772131635646419,11.428045018793483,13.303396851536231,38.91415571119792
119600,31.584727177123234,14.98793524887048,12.446780800390599,12.09914562667152,11.86867586004327,13.723519794305506,39.380950999455294
120000,15.581124131645984,15.414402776153372,13.078991702311248,12.653608565134427,11.74867256577209,13.609160137758414,39.028977129746664
120400,11.203239540654634,13.75795911406673,13.321421839504586,12.415512867427239,11.98465387320767,13.367762439887645,39.08121812899168
120800,10.650509707763424,14.852509362255114,13.086675381349142,12.250726983413562,11.850548164218754,13.20784553910993,38.912195695378585
121200,11.15839351302192,16.03559881404184,13.416700125069486,12.341688489331206,11.880321181064755,13.103814232804945,38.947072199539036
121600,6.169076421290845,10.952468662875361,12.970201955872898,12.234512605410881,11.959083582469969,12.731915031807217,38.87878671235495
122000,16.27218910199,11.090681656944165,13.252542216548743,12.406749178331141,12.36013049185817,12.740067925199794,38.906451112783486
122400,11.88379490169256,11.22679272915175,12.492375921609218,12.15914320817365,12.188050904970543,12.467787956412124,38.291438356549996
122800,7.714005541211148,10.639491895841296,12.746000629048181,12.079561514425198,11.744484555552583,12.085631016486246,13.38064967591431
123200,14.659365550711916,11.339686303379295,13.687642558710545,12.095995896251356,11.743968610001135,11.992944403772754,13.380245992971105
123600,9.510386251629583,12.007948269447041,11.480208466161178,11.96349463327591,11.892833239834747,11.771559011572752,13.274857528676648
124000,9.424500298212312,10.638410508691504,10.864546082817814,11.971768892564553,12.05725440436223,11.527640945033525,13.060237326770302
124400,15.625459446799692,11.38674341771293,11.306768073432318,12.314094956468473,12.04593126942894,11.815182423263838,12.955563566596588
124800,6.819416887685684,11.207825687007837,10.923658791424543,12.005167086386866,11.80837091941723,11.618825821020206,12.751008189572863
125200,8.325407341909255,9.941034045247306,10.640360174313276,12.028530149691404,11.774579050991905,11.57033092937689,12.611123421106619
125600,12.256603609382454,10.49027751679788,11.249112893122438,12.109657424497689,11.906046034648075,11.781590910133094,12.435354604070271
126000,10.101140936373977,10.625605644430212,10.632008076560837,11.942275146554813,11.815168811074379,11.928099888033842,12.318455955472011
126400,10.670573617113671,9.634628478493008,10.510685948102946,11.501530934856104,11.609657454816755,11.76870966575365,12.076367554750298
126800,13.25555767468193,10.921856635892258,11.064841161450024,11.905420895249126,11.741321396766816,11.57457370702695,11.88147304547901
127200,20.09687078515725,13.276149324541857,11.60859168489456,12.648117121802574,11.933527825799098,11.710124378724498,11.916073859997125
127600,12.62030048020374,13.348888698706114,11.919583107751974,11.6998957869566,11.948857458101271,11.899520706814059,11.801163830808605
128000,74.35406826573929,26.199474164579176,18.412539904504673,14.638542993661265,14.118692563211267,13.646075779397844,12.904620736927763
128400,19.27690617724976,27.920740676606396,18.777684577549678,15.04222632549102,14.468624830162216,13.728869596459129,13.207682854121014
128800,36.27478838887801,32.52458681944561,21.723221727668907,16.32344025954675,15.244518633480888,14.287083621480155,13.639705002349956
129200,34.34189348916835,35.37359136024783,24.32487034239482,17.48261525835407,16.127310213925885,14.912151873842637,14.121238811980486
129600,9.392217415326048,34.727974747272285,24.03843172298918,17.64377230805583,16.085915523994863,14.939142456733356,14.232959072704318
130000,18.408889435836397,23.538938981291714,24.869206572935422,17.750607324748152,16.25125228868169,15.078678251539646,14.516321225014165
130400,20.02453053576625,23.688463852995014,25.80460226480068,18.157644106451833,16.269221378170972,15.15839365731274,14.575888185563064
130800,26.73111515719153,21.779729206657716,27.15215801305164,19.108499587250854,16.987666601183307,15.594030550838024,14.690090568231897
131200,18.256311936238298,18.562612896071705,26.968102128159746,19.288346906527174,17.42144545725497,15.692171401389265,14.761719928611553
131600,443.5756399391488,105.39929740083626,70.06363607405424,40.99160959090314,31.154475882655824,26.477552112089523,23.53234378026211
132000,35.03107499049611,108.7237345117682,66.13133674652993,42.271938325517326,31.802807577950826,27.121853609040937,24.143127972824267
132400,58.53219088896576,116.42526658240809,70.05686521770153,44.417274897625624,33.380439289561195,28.36568492704705,24.99446872070762
132800,27.49516638815653,116.5780768286011,69.17890301762938,45.45106237264917,33.941927845574305,28.72811472951802,25.265447500710007
133200,4.574427966219609,113.84170003459735,66.20215646533451,45.263513403864685,33.72246232734756,28.646021776778042,25.17015279214102
133600,11.104366692047904,27.347445385177185,66.37337139300669,45.20590155799796,33.88697200303946,28.657779491247823,25.22598824398803
134000,17.62269668932425,23.865769724942812,66.29475211835549,45.58197934564548,33.931988922617265,28.762127246100146,25.32189302490282
134400,10.755755271949672,14.310482601539594,65.36787459197382,45.58623842838727,33.89438760162584,28.543884681621687,25.200289844244967
134800,19.664086452091315,12.74426661432655,64.6611717214638,45.906664867257746,34.292723631988515,28.906042881253434,25.407458784963193
135200,18.695959274277275,15.568572875938083,64.7051364552677,45.836619291713745,34.427276756107354,29.242368206758158,25.494764412164958
135600,27.034521565589767,18.754603850646454,23.051024617911796,46.55733034598305,35.01141459990603,29.128613066469825,25.792246613253983
136000,16.085167933951986,18.447098099572003,21.156433912257384,43.64388532939368,35.233436854430686,29.141214161527472,25.92876966968424
136400,22.202680025291848,20.736483050240437,17.523482825889992,43.79017402179578,35.45267754038043,29.416200173643396,26.197244506815647
136800,4.904006015839261,17.784466962990027,15.264366788658265,42.22163490314385,35.38883051131888,29.272537581345297,26.035365141346073
137200,9.41948982618322,15.929173073371217,15.748872974654626,40.97551471999459,35.42529992746134,29.229064989174333,26.06659201635337
137600,17.08294016223089,13.938856792699443,16.346730321672926,41.36005085733983,35.58617781255629,29.50191158269783,26.195569657332854
138000,16.118543594533016,13.945531924815645,16.1963150121938,41.24553356527467,35.786757901161586,29.49807044501141,26.248964799318884
138400,16.98929981658341,12.90285588307396,16.819669466657174,41.093772029315524,35.99738210781058,29.625708067883675,26.199041638628795
138800,12.91704647897284,14.505463975700675,16.14496546934533,40.403068595404584,35.986098401286945,29.755784091327723,26.35382739887182
139200,9.66846062853629,14.55525813617129,15.242215604771228,39.97367603001949,35.638484729399586,29.63101146827333,26.442337686360784
139600,6.945019086647666,12.527673921054644,13.233265356877022,18.14214498739443,35.44930868294771,29.566877289148785,25.949543524551267
140000,4.342068918490847,10.172378985846212,12.058955455330906,16.60769468379417,33.11557537137276,29.43981650465575,25.724762420288165
140400,7.53359094421661,8.28123721137285,10.592046547223383,14.057764686556709,32.724131530271656,29.237519792091167,25.65136944835941
140800,10.987733854246226,7.895374686427528,11.20041933106408,13.232393059861195,31.881229712450597,29.341727716255185,25.658113931289062
141200,17.140297454099912,9.389742051540253,11.972500093855748,13.860686534255212,31.307843177948318,29.56209996905995,25.777752010110625
141600,22.537421821098675,12.508222598430454,12.517948259742527,14.432339290707748,31.74601665814074,29.819120424352853,26.105118918106783
142000,9.928541480428674,13.62551711081802,11.898948048332091,14.04763153026297,31.463338392960484,29.81480543795422,25.97824596567555
142400,7.433438697900351,13.605486661554767,10.943361936463786,13.881515701560502,31.043635331698283,29.73387706497389,25.889238841599713
142800,9.88196471412969,13.38433283353146,10.63985375997947,13.392409614662423,30.481996983596222,29.649537240960086,25.932598025058077
143200,4.706640311345304,10.897601404980538,10.143671728260374,12.692943666515824,30.030341262766456,29.26478147911478,25.733543520270747
143600,3.9381177872229656,7.177740598205396,9.842981598317902,11.538123477597484,15.375757191035596,29.047726911790267,25.622098150982616
144000,33.73111845825022,11.938255993769706,12.781886552293841,12.420421003812397,15.332425306627398,28.032153166603035,26.108230514183376
144400,9.977070361607572,12.44698232651115,13.026234494032938,11.809140520628182,13.713921289048793,27.79965727121198,25.99526273247953
144800,4.614620422268764,11.393513468138966,12.38892315083519,11.794671240949658,12.9512364235192,27.008153072046753,25.951166803171194
145200,3.961126179006674,11.244410641671239,11.071006023325866,11.52175305859083,12.930793030612103,26.248633889292712,25.863881179913143
145600,6.36016287000897,11.72881965822844,9.453280128216896,10.985614193979734,12.772652903210805,26.172832525659782,25.74595236512567
146000,9.433666111344392,6.869329188847274,9.403792591308468,10.651370319820304,12.499685217278143,25.948451942547486,25.73260286862508
146400,15.148073727474989,7.903529862020757,10.175256094265931,10.559309015364882,12.64609583246232,25.826540522340203,25.822152870832312
146800,9.747019390706154,8.930009655708236,10.161761561923578,10.400807660951546,12.31552693041615,25.401938128178067,25.75198210515279
147200,7.700903495564045,9.67796511901971,10.461187880345452,10.302429804302935,11.949025071125707,25.13805291716121,25.504062759360927
147600,13.224538595560777,11.050840264130072,11.389829961179233,10.61640577974859,11.488692305458073,14.37927538357151,25.516147521668067
148000,5.052750742341803,10.174657190329553,8.521993189588391,10.651939870941138,11.120945065737734,13.629817277367655,24.13012117120012
148400,4.712995406038703,8.087641526042296,7.995585694031504,10.510910094032242,10.537955578429296,12.284337390294477,23.838842955775895
148800,5.437873515534236,7.225812351007913,8.07791100335805,10.233417077096643,10.555751161752463,11.73290506847892,23.222104658309018
149200,12.452777821170224,8.176187216129149,8.927076167574407,9.999041095450158,10.656860761585364,11.929863814852684,22.784322344949054
149600,11.130036182342598,7.757286733485513,9.40406349880777,9.428671813512356,10.45843062892242,11.930505552110052,22.81907872028939
150000,14.624339270761872,9.671604439169528,9.923130814749518,9.663461703029014,10.408623818130048,11.855546616645992,22.7433877169879
150400,7.6153792109714065,10.252081200156068,9.169861363099159,9.672558728682567,10.096159797942981,11.777037215121535,22.495204690492006
150800,11.53410096660416,11.471326690370052,9.34856952068896,9.755165541306292,10.050061614197359,11.573787577984358,22.19126440668025
151200,11.142807963775772,11.209332718891162,9.692759967510131,10.076973923927815,10.09920652537201,11.38495879522182,22.048994327231004
151600,18.062878119737693,12.595901106370182,10.176593919927825,10.783211940553551,10.46980182647501,11.160667709075517,13.538739090842782
152000,10.035104734885037,11.678054199194815,10.674829319182148,9.598411254385292,10.659569687021483,11.009416129098843,13.038819685730562
152400,8.015995047882184,11.75817736657697,11.005129283366497,9.500357488699024,10.675649823810335,10.654749004663602,12.02849576890889
152800,18.25132774837604,13.101622722931348,12.286474706650676,10.182192855004388,10.917769620281328,10.988432047977023,11.84361899611328
153200,11.423001634156986,13.157661457007588,12.183497087949352,10.555286627761902,10.727193092949898,11.038519843176365,11.980590469472029
153600,14.871468994562298,12.519379631972509,12.557640369171322,10.980851933989568,10.471661332065354,10.983233063984652,12.055932515522315
154000,11.084405059913948,12.72923969697829,12.20364694808653,11.063388881418046,10.510190118048195,10.857379600619174,11.92516668293411
154400,19.64553586518726,15.055147860439309,13.406662613508114,11.28826198830366,10.917260023624426,10.92378550183427,12.102962294798862
154800,11.73037152750683,13.750956616265464,13.42628966959838,11.387429595143693,10.97887358407033,10.894118628047622,11.944287996307171
155200,26.777851733541688,16.821926636142404,14.989794046574975,12.341277007042576,11.714580631476874,11.321853405672755,12.10592584549246
155600,9.833499247743225,15.81433268677859,14.166856159375527,12.1717250396517,11.91109334682755,11.394065409700143,11.761905399135529
156000,19.8884986691586,17.575151408627523,15.152195552802883,12.913512435992539,11.449672687191164,11.782726153466838,11.83797201383966
156400,14.824252578164067,16.61089475122288,15.833021305831071,13.419075294598807,11.611245427743047,11.964992694315525,11.690403464897106
156800,12.103260434072054,16.68547253253593,15.21821457440067,13.752344640525697,11.860866761469824,11.992880858811171,11.83438855326176
157200,4.72925802319531,12.27575379046665,14.548840213304505,13.366168650626951,11.886471156276112,11.682604873038555,11.740583917202002
157600,11.260189497988693,12.561091840515745,14.187712263647146,13.372676316409258,12.049805377208768,11.400674064960807,11.624128903917159
158000,16.974438741855465,11.978279855055117,14.776715631841295,13.490181289963937,12.301164464892471,11.576821496496475,11.641246806863608
158400,14.492994432365814,11.912028225895467,14.261461488559153,13.834062051033658,12.279328488388833,11.753310389858113,11.591320699179255
158800,4.959995955654634,10.483375330211983,13.584423931373934,13.50535680048618,12.119761040553781,11.630261170896237,11.432179688712893
159200,5.494192131066328,10.636362151786185,11.456057971126395,13.222926008850706,12.046203995070524,11.649949966389261,11.348694318763494
159600,12.2513676972973,10.834597791647909,11.697844816081803,12.932350487728689,12.01376496512841,11.85778121414112,11.454821290976486
160000,15.573001031825283,10.55431024964187,11.266295052348472,13.2092453025757,12.364439974777858,11.403828278480496,11.679439933243172
160400,5.489496008821731,8.753610564933055,10.332819395414237,13.082920350622677,12.390323328203957,11.29163891966085,11.638558034535276
160800,15.395756551050534,10.840762684012237,10.662069007112086,12.940141790756403,12.722252762721167,11.561167322880396,11.726718488471363
161200,11.61762549551133,12.065449356901237,11.350905754343689,12.949872983824118,12.694414351865872,11.752579805793012,11.61626504929959
161600,4.894083683551359,10.593992554152047,10.714295172899956,12.451003718273572,12.486549268572832,11.715927826131571,11.263398286548643
162000,19.28842143721433,11.337076635229858,10.945693442435841,12.86120453713859,12.642018674121244,11.962296709278318,11.450595885684358
162400,13.986559603900208,13.036489354245552,10.895049959589281,12.57825572407424,12.85439135388554,11.93325885618895,11.581658303804357
162800,20.30742411786158,14.018822867607758,12.429792775809975,13.007108353591978,13.146835458927452,12.197268974367834,11.790167491878993
163200,21.24300327876996,15.943898424259487,14.004673890580339,12.73036593085339,13.483508636093925,12.535821468947983,12.120894751227485
163600,16.599878770296915,18.285057441608597,14.439524997880302,13.068684906981073,13.434741991112565,12.620204973316387,12.374129970888966
164000,4.678360887353552,15.363045331636442,13.350060983433128,12.308178017890821,13.256183862861516,12.61084522694168,11.79307481947103
164400,44.15639577342485,21.39701256554137,17.21675095989344,13.77478517765386,14.460863887046271,13.596930236126335,12.476661327707378
164800,33.98581947868432,24.132691637705918,19.07575725265682,14.868913129884472,14.985346944723213,14.310628885205087,13.064085308835688
165200,19.65274616906798,23.81464021576552,19.879269320012483,15.615087537178107,15.259671762553582,14.49062809390253,13.377917708636915
165600,9.033900196959673,22.301444501098075,20.293250971353313,15.503773072126657,15.065086135966826,14.438224694267955,13.431392455175928
166000,25.254731702803223,26.41671866418801,20.889881997912205,15.917787720174044,15.537430357396468,14.703984505068991,13.747813767005105
166400,4.84049237910739,18.553537985324517,19.97527527543292,15.435162617511121,15.043928907860474,14.63461233427239,13.541662140037754
166800,24.636929129761132,16.68375991553988,20.408225776622878,16.41900927621645,15.474147494602283,14.962183038351316,13.839460334818854
167200,8.98646620053437,14.550503921833158,19.18257206879932,16.59362297968985,14.881101310168708,14.908274494270279,13.865171588918258
167600,9.368394842274686,14.61740285089616,18.459423675997094,16.449474336938717,14.865597829986422,14.690912412333702,13.788048713852538
168000,12.344727781541742,12.035402066643865,19.22606036541591,16.288060674424543,14.614138800399193,14.748652988500123,13.933888254636535
168400,5.121516156978303,12.091606822218047,15.322572403771261,16.26966168183237,14.290714253026334,14.676291016227523,13.942058669655328
168800,9.878927762422,9.14000654875022,12.911883232145026,15.993820242400943,14.216569830637999,14.466981016578675,14.030879754593084
169200,9.906501465085157,9.324013601660377,11.937258761746744,15.908264040879635,14.389144612034327,14.42906851235188,13.979954227471383
169600,9.77960168129304,9.406254969464047,12.011828910180082,16.152539940766722,14.33979168481114,14.301771829520145,13.952945537450391
170000,8.582830123431346,8.65387543784197,10.344638752242894,15.617260375077572,14.060071397530335,14.23923245610808,13.832115354503781
170400,7.264288701242642,9.082429946694837,10.587018384456417,15.281146829944694,13.819114539826229,13.929701277009466,13.825093544309205
170800,15.218382276181254,10.150320849446688,9.64516369909843,15.026694737860677,14.16106075051045,14.016901545726327,13.898779170500747
171200,22.180277657969164,12.60507608802349,10.96454484484191,15.073558456820635,14.717263601407211,13.901962193837013,14.119528564384614
171600,10.668042480312524,12.782764247827386,11.094509608645696,14.776966642321417,14.664486094174384,13.922825774651244,13.971631851596111
172000,15.037795884334162,14.073757400007949,11.363816418924937,15.294938392170447,14.646645922591349,13.801558205030634,14.071685674585094
172400,10.840409958903162,14.788981651540052,11.935705799117423,13.629139101444363,14.825009720927397,13.701962139549114,14.128173972805515
172800,23.788951856252083,16.50309556755422,13.326708208500431,13.119295720322754,15.104782897767448,13.994104425103611,14.238926454963034
173200,15.566035842306784,15.180247204421743,13.892661646222592,12.914960203984691,15.236396575993961,14.265023870581402,14.321787139126029
173600,8.472396498952401,14.741118008149718,13.76194112798853,12.886885019084328,15.355673669840664,14.195329045605494,14.193805689213832
174000,46.65580736840257,21.0647203049634,17.569238852485654,13.956938802364295,16.26791986754694,14.937363261269173,14.905233735383604
174400,22.17083783978564,23.330805881139895,19.05989376633995,14.823456075398209,16.540729142076454,15.129309346454665,14.955739774875571
174800,18.24948676694221,22.22291286327792,19.363004215416048,14.504083957257262,16.47213123037914,15.461546616736857,15.086122079664278
175200,55.89719122667796,30.289143940152154,22.734695572286928,16.84962020856444,17.62727082864274,16.721621594127146,15.668508869527006
175600,5.507158885564713,29.69609641747462,22.218607212812145,16.65655841072894,17.25751349915167,16.553016373833835,15.581982062283435
176000,17.838136732736483,23.9325622903414,22.498641297652377,16.931228858288684,17.696172693997763,16.60964476635661,15.540974823554993
176400,15.676956713996349,22.633786065183543,22.982295973161694,17.459000886139584,16.746858058683483,16.864331283985976,15.558028906271637
176800,42.59318127580981,27.502524966957065,24.86271891511747,19.094713561808973,17.033770118587665,17.544266902104958,16.167827323106394
177200,26.317207438491923,21.58652820931986,25.93783607473598,19.915248860479313,17.25591882756846,17.911756450679473,16.599586311412324
177600,9.22272386073418,22.329641204353756,26.01286881091416,19.887404969451367,17.26221294969428,18.019972455109045,16.558836998667235
178000,32.76751284637352,25.31551642708116,24.624039358711254,21.096639105598477,17.512638987813293,18.356949740338024,16.874698480757598
178400,13.07375264643326,24.794875613568543,23.714330839376018,21.387112302858007,17.787080996724153,18.33412956640135,16.846313645038947
178800,14.332947047006794,19.14282876780794,23.322676867382476,21.342840541399287,17.443614927299006,18.184767639629978,17.03377266686599
179200,15.239633983235706,16.927314076756694,19.25692114303825,20.995808357662614,17.652053853389056,18.034683407241623,17.228681503909375
179600,33.80452375218722,21.843674055047302,22.086657629700504,22.15263242125635,18.46659148371947,18.46479953178888,17.659744625007175
180000,18.594521115714134,19.009075708915425,22.162296067998266,22.330468682825348,18.67491792819188,18.812703537497896,17.720175026684952
180400,10.009923325938232,18.39630984481642,21.595592729192454,22.288944351177097,18.83786483382388,17.95904172631073,17.81058357302728
180800,10.586965945027096,17.647113624420477,18.394971196114184,21.628845055615848,18.861466106577385,17.3740703879693,17.714407760906813
181200,23.60016554666345,19.319219937106027,18.123267006931336,22.030551540833684,19.31792157596333,17.472755872409188,17.954058561929855
181600,34.08053647948397,19.37442248256538,20.609048268806315,23.31095853986026,20.127952735903026,18.098921779472295,18.537787617848508
182000,14.846921920966206,18.624902643615794,18.816989176265587,21.720514267488443,20.336755795820856,17.83872653492637,18.448957627523544
182400,13.810867917270995,19.385091561882348,18.89070070334936,21.30251577136271,20.5549751030218,18.06298592338046,18.44544379379096
182800,15.401654055535433,20.348029183984014,18.997571404202223,21.160124135792373,20.561084162333604,17.832104046524815,18.34732839254444
183200,13.612760092822484,18.35054809321582,18.8348840151609,19.045902579099597,20.275500243495383,17.94776139383202,18.194723528825488
183600,12.524707019330036,14.039382201185035,16.706902341875182,19.396779985787866,20.337389061462634,18.026669198258404,18.113220093806152
184000,13.74942525461151,13.819882867914094,16.22239275576492,19.192344411881614,20.294443373805212,18.06178663508515,18.29464138115131
184400,18.54156278339455,14.766021841138805,17.07555670151055,19.335574715351527,20.551148467954924,18.397287800745552,17.782344721350704
184800,25.54102397132956,16.793895824297632,18.570962504140795,18.482966850127514,20.609550871790837,18.788840205968242,17.61344881120361
185200,32.94599788615578,20.660543382964292,19.505545738090028,18.814406372510707,21.18888293991914,19.36482761649501,17.879313845545365
185600,30.490850821203093,24.253772143338903,19.146577172261942,19.877812720534152,21.922831417327494,19.88260884499276,18.308452858030236
186000,54.16495708099176,32.33687850861495,23.078380688264495,20.947684932265066,22.173136407747133,21.022162018931773,18.886657365594004
186400,78.63712078556811,44.355990109049664,29.561005975094208,24.225853339221807,24.05534583927322,22.806482821039907,20.362589933723218
186800,41.08806114962191,47.46539754470814,32.12964668450286,25.56360904435256,24.81663165202921,23.453224792875922,20.69161257412043
187200,39.32383223017368,48.74096441351171,34.70075389823798,26.76781895669946,24.26418635214573,23.881813657181034,21.298359894713222
187600,18.41568073001114,46.325930395273325,35.289851269306084,25.99837680559066,24.69447041362728,24.0755046134235,21.479305612467947
188000,20.397123505386283,39.57236368015223,35.95462109438356,26.088506925074263,24.779769972715606,24.209487803949806,21.640353526944843
188400,20.20467294412701,27.885874111864005,36.12093211045681,26.598244405983706,24.9306938470533,24.443594378580404,21.942016662687816
188800,26.352791952037684,24.938820272347165,36.20210890852762,27.38653570633423,24.38934753626089,24.507690380975042,22.271493946480128
189200,10.22636688888088,19.119327204088602,33.930145808800134,26.7178457734451,23.852986184607186,24.37419865713939,22.277891254956042
189600,41.33601267939871,23.70339359396612,35.01466199461969,27.080619583440843,24.923429145229342,25.19578906165055,22.909019474918153
190000,9.6722048598538,21.55840986485962,30.565386772505896,26.821883730385217,24.153585545678684,24.271198998936832,22.930806969646607
190400,7.425938962649016,19.002663068564022,23.44426859021399,26.50263728265412,23.965325089552543,23.902576527008417,22.934039974874732
190800,20.87442949678652,17.90699057751379,21.422905424930452,26.776276054716682,24.183374504545203,23.968200095254524,23.04716091928684
191200,12.56306261112912,18.374329721963438,18.746828463025995,26.72379118063201,24.094155458808313,22.884846879865805,22.854816618350036
191600,23.48702476269298,14.804532138622289,19.25396286629418,27.271907067800157,23.750238825825175,23.334343526794008,23.111196263997645
192000,18.88178759137552,16.646448684926632,19.1024292748931,27.528525184638358,23.759814375013885,23.360434798259988,23.18807609813847
192400,29.11220997882752,20.983702888162334,19.99318297836315,28.057057544410004,24.396557263443526,23.696316129880763,23.553512098536956
192800,9.29599604851916,18.66801619850886,18.2875033880113,27.244806148269486,24.353524933559928,22.863886499198497,23.263652982382304
193200,6.774050640098634,17.510213804302765,17.942271763133075,25.936208785966624,23.792654436674432,22.375307579238665,23.087813278338135
193600,15.209967401812396,15.85480233212665,15.329667235374444,25.172164614997094,23.163635467418715,22.52498866776562,23.222564696395338
194000,25.027104134228438,17.083865640697233,16.865157162811904,23.715271967658925,23.502974874527457,22.331478449961995,22.78999063171186
194400,9.755470051221923,13.21251765517611,17.098110271669196,20.271189430941618,23.367794945659153,22.24852138508171,22.54168327594058
194800,19.660915535979317,15.285501552668142,16.976758875588477,19.19983215025949,23.50977032834062,22.381720597306025,22.569911851321322
195200,16.11637779754407,17.15396698415723,17.332090394229972,18.039459428628007,23.593224251831334,22.403639192663732,21.774295582738645
195600,20.01097939269028,18.11416938233281,16.984485857229703,18.119224361761965,23.842766664276677,22.05880058367631,22.064371992881156
196000,10.853344988694126,15.279417553225946,16.181641596961562,17.642035435927355,23.746230655412766,21.86527118050081,21.92467615800031
196400,27.064193357787875,18.741162214539138,15.9768399348576,17.9850114566104,24.03031834122588,22.29162793129705,22.152420890876144
196800,25.87033115524997,19.98304533839327,17.63427344553068,17.960888416771013,24.041295247356558,22.67371206155262,21.81796388846494
197200,4.044384560160951,17.568646690916644,17.36130683753691,17.651789300335018,23.077908136490063,22.18481753689006,21.372507430898327
197600,17.422187047097275,17.05088822179804,17.5825288020654,16.456098018719945,22.642286010686536,21.768358801080392,21.536496694625583
198000,11.866423432393749,17.253503910537965,16.26646073188193,16.565808947346945,21.2323348890666,21.69384633886608,21.11847490634599
198400,18.6207282882871,15.564810896637812,17.15298655558845,17.125548413628845,19.231788472490567,21.81409284814148,21.22941441918307
198800,27.94381972829188,15.979508611246194,17.981276974819707,17.479017925204115,18.79364709177957,22.127646989960397,21.501631872808773
199200,36.19378040692492,22.409387780598987,19.989017235757792,18.660553814993904,18.689312031004608,22.692172497812955,21.920714801282557
199600,14.709475634746967,21.866845498128928,19.458866859963457,18.221676358596604,18.56577186116247,22.74679171319838,21.538813838933752
200000,15.463609507783078,22.586282713206792,19.919893311872354,18.05076745441698,18.401321394575696,22.78964631952767,21.47619560677513
200400,70.65897122874115,32.9939313012976,24.27937109896768,20.12810551691266,20.083131337396164,24.092581530661334,22.689176564831186
200800,21.09729650713499,31.624626657066223,23.802067634156185,20.718170539843456,19.907948155899412,23.98148834405647,22.899383176073343
201200,73.35223966897014,39.05631850947527,30.732853145037105,24.04707999128703,22.01214391523572,24.991644388626828,23.89442465851948
201600,37.56057083725519,43.62653754997691,32.74669152405289,25.16461016305917,21.886295853830934,25.168387389028133,23.964025345674905
202000,35.53084266312549,47.63998418104539,35.11313344712607,25.68979708950402,22.74825044727333,24.702534528581474,24.377703760518088
202400,16.24533834645484,36.75725760458813,34.87559445294284,26.014290504265666,23.042230426733518,23.142739967603642,24.426393169101765
202800,45.9688332414959,41.731564951460314,36.67809580426324,27.329686389541497,23.878710551557162,23.26475926990049,25.037736752820976
203200,12.139448336700765,29.489006685006444,34.272662597240824,27.130839916499333,23.864590075742885,22.585149672563666,25.008270517698538
203600,17.813974055711682,25.53968732869774,34.5831124393373,27.020989649650403,23.675488385510175,22.570107005706184,25.114055858426173
204000,215.59159637223868,61.551838070520375,54.595911125782855,37.25790221882763,30.232482011538945,27.449968827377496,29.150899280778713
204400,20.512914038164155,62.405353208862245,49.581305406725164,36.93033825284645,29.94583881351684,27.457674854728424,29.19032630587411
204800,17.82807566041977,56.77720169264702,49.25438332205364,36.528225478104936,30.230241467246856,27.244556947437975,29.036067339655915
205200,43.12913629188081,62.97513928368303,46.232072984344704,38.482463064690926,31.442077655639597,28.067126182512972,29.23973010777041
205600,81.54733170868147,75.72181081427698,50.63074907148733,41.68872029777013,33.653323132535235,29.072409158245044,30.260859725519982
206000,18.43436518745323,36.29036457731989,48.921101323920105,42.017117385523115,33.433565167642726,29.291463166435022,29.546247887649212
206400,22.230092808366887,36.63380033136044,49.519576770111314,42.1975856115271,33.849385926214225,29.661567012577972,28.418107328105183
206800,23.50510023730801,37.76920524673809,47.27320346969252,41.975649636977906,33.97752541625851,29.727333781091012,28.06644810985891
207200,19.91762909261716,33.12690380688535,48.051021545284165,41.16184207126251,34.10423379276095,29.91119794312821,27.678324047107775
207600,18.99049905673633,20.61553727649633,48.168674045386624,41.37589324236198,34.070217781562484,29.798784800479297,27.689820413642284
208000,15.184578828651398,19.965580004735962,28.127972291027902,41.3619417084054,34.21459224289439,29.706354581411194,27.585569520107583
208400,20.903987646932737,19.700358972449134,28.16707965190476,38.87419252931498,34.00925205253256,29.501149023113822,27.5995558141637
208800,20.103776989357137,19.02009432285896,28.394649784798492,38.82451655342609,33.81703358033613,29.771343546634775,27.47457551491009
209200,24.78009529639201,19.992587563613927,26.559745685249613,36.39590933479719,34.50822393821049,30.2214946630421,27.765650083060308
209600,30.512144661870717,22.296916684640806,21.456226980568537,36.04348802602796,34.94455585870295,30.604049094543562,27.54917272270975
210000,37.29032118162362,26.71806515523525,23.34182257998558,36.13146195195286,35.792019117010604,30.910629520728445,28.101535049145145
210400,57.566722187917634,34.05061206343223,26.87548551794065,38.197531144026,37.09021891366496,32.10591082414584,29.10435071365052
210800,23.775343457078616,34.78492535697653,26.902509839917712,37.087856654805144,36.95126970462452,32.20877152217332,29.162368992856358
211200,21.143805790888827,34.05766745587589,27.02512750974488,37.538074527514546,36.44960388408999,32.33445722200694,29.333983856451553
211600,18.756717414327237,31.706582006367192,27.00174934550397,37.585211695445324,36.58451194340932,32.30310067254786,29.239377709484238
212000,19.24481940451728,28.097481650945923,27.407773403090562,27.767872847059255,36.71055227330046,32.512887532943445,29.246638345747073
212400,68.34673237770492,30.253483688903383,32.15204787616778,30.15956376403629,36.63347764493258,33.544951008441366,30.031328793724626
212800,19.919110186391517,29.482237034765962,32.133581195871216,30.26411549033488,36.594204767574475,33.39617048421991,30.243791076482072
213200,17.958314051656647,28.84513868691953,31.45140307139768,29.005574378323672,34.74774058033069,33.744018721507295,30.467476344713234
213600,15.594446305629967,28.212684465180075,29.959633235773605,25.707930108171098,34.015536429276516,33.69832520297062,30.475165922789582
214000,55.88325205414018,35.54037099510465,31.81892632302526,27.580374451505442,34.69395007564367,34.79874591851427,31.092288881187816
214400,17.804395198311486,25.431903559225965,27.842693624064644,27.359089571002677,34.74591863737223,34.778337591264886,31.253267384129607
214800,32.52286219557275,27.952653961062207,28.71744549791406,27.809977668915906,34.297719602508124,34.89281365294691,31.51050631732148
215200,11.189089751508051,26.598809101032494,27.721973893975978,27.373550701860456,34.2660409830017,34.26769638656149,31.411960556400754
215600,32.252847823856186,29.930489404677736,29.071586934928877,28.03666814021644,34.74733677527318,34.706280691289216,31.656797925024076
216000,11.425753845181656,21.038989762886033,28.289680378995314,27.848726891042958,27.941808691037945,34.605334299724184,31.66824610215382
216400,25.45195219701499,22.568501162626735,24.000202360926316,28.076125118547072,28.106443296332976,33.475158823931025,31.636001278938366
216800,36.70671746800608,23.4052722171134,25.67896308908778,28.90627214247952,28.735731356585852,33.8653943479528,31.85272900519349
217200,13.088722421992497,23.785198751210288,25.192003926121362,28.32170349875954,27.734384227589576,32.358806416778364,32.03361576243012
217600,13.679193389926274,20.070467864424305,25.000478634550994,27.480055935162323,25.472112950297735,31.761771980595142,31.9587558892867
218000,4.977383013188131,18.780793698025597,19.90989173045579,25.86440902674055,25.02354687782223,30.99793548934671,31.82097508090259
218400,16.052823444266682,16.900967947475937,19.734734555051308,23.788714089558,24.81763789901889,30.993122616792004,31.76961698402218
218800,101.19896855280682,29.799418164436087,26.602345190774713,27.65989534434441,27.40743350953552,32.37387599957477,33.23471996051248
219200,20.577113471164907,31.297096374270573,27.5411475627404,27.631560728358217,27.429416322153777,32.584817627936374,32.92238662179728
219600,6.62461137218367,29.886179970722047,24.978323917573146,27.024955426251033,27.01722006600202,32.305083560848175,32.76068933654601
220000,29.00472874762655,34.691649117609735,26.736221407817634,27.512950893406497,27.47789172996786,27.640411870232874,33.03151172134288
220400,9.449945111509304,33.37107345105826,25.13602069926707,24.568111530096715,27.09609031212041,27.363837647066504,31.807331198998245
220800,24.43031133760037,18.017342008016964,23.908380086226497,24.793671587657162,27.240308123728518,27.528893538996023,31.87399149560755
221200,60.910117630023606,26.083942839788705,28.690519607029607,26.941261766575508,28.444642201516235,27.973418072449583,31.625149054828622
221600,22.222027425535824,29.203426050459136,29.544803010590563,27.2726408225708,28.168304960305075,26.490285465370942,31.31837818659423
222000,20.49355731669321,27.50119176427247,31.096420440941074,25.503156085698453,27.608412831474066,26.54176526860195,31.01763247966559
222400,19.66264508214453,29.543731758399513,31.457402604728856,25.596068579890105,26.34494359461496,26.477579075446393,31.085978614379382
222800,22.03293448652127,29.06425638818369,23.540799198100302,25.07157219443753,26.28686329559638,26.44077493167672,30.60726063927989
223200,19.624069957182837,20.80704685361554,23.445494846702093,25.49332120472127,26.236205434472847,26.433435953290864,30.75695307168953
223600,17.840328227937928,19.93070701409596,24.56706653227752,24.772695224925354,26.20565912825987,26.404681682570903,30.757480155134058
224000,46.79274934000489,25.190545418758298,26.34586859151535,26.541044999666518,27.12392345944279,27.19488594535474,27.381503214489374
224400,5.957380164253459,22.449492435180083,25.996612096789768,25.56631639802844,25.044278385661073,26.821220758287758,27.090392537011162
224800,8.107599220241323,19.66442538192409,24.364340885053867,24.136360485640203,24.650561353456066,26.521316314059863,26.895983008207594
225200,6.007706287681365,16.9411526480238,18.87409975081964,23.782309678924648,24.252207761323557,26.052006588842097,26.15355440812361
225600,18.177014235310605,17.008489849498336,18.469598431797117,24.00720072119386,24.338293358979577,25.74362832817809,24.88614805865619
226000,21.083849015029006,11.866709784503158,18.528627601630696,24.812524021285906,23.178313257675875,25.338466524013228,24.939137735207705
226400,5.453676568365185,11.765969065325503,17.107730750252763,24.282566677490834,22.766622636677663,24.035640383524417,24.60360941040767
226800,4.736115608935867,11.091672343064412,15.378048862494222,19.459424030297285,21.840397750456436,23.55965968732085,24.228229717840232
227200,38.63048157997924,17.616227401523986,17.278690024773862,20.362092435738,22.755110811405476,23.996826582048108,24.60248676758747
227600,4.301881699026627,14.841200894267192,15.924845371882734,20.24595595208015,21.823411940577824,23.635455689165592,24.308714420433276
228000,6.010097895668718,11.826450670395133,11.846580227449117,19.096224409482257,21.64289007559406,23.30458765144438,24.125224801773626
228400,18.819283617441425,14.499572080210381,13.132770572767914,19.564691334778864,21.421801122941602,22.06640143243779,24.08353072118379
228800,17.59785871529606,17.07192070148242,14.081796522273388,19.22306870366365,20.78483916451794,22.0083701456604,24.03341235570257
229200,4.013117934357763,10.148447972358124,13.882337686941025,16.378218718880355,20.482319014930113,21.659740242727928,23.61807280846189
229600,8.159036830588573,10.919878998670514,12.880539946468824,15.675069189132993,20.298313796285527,21.473855005851895,23.17101065183625
230000,5.55778643788182,10.829416707113134,11.327933688754104,14.928280645192425,20.317660577108647,20.215718365445436,22.536359956961416
230400,7.574645174074483,8.580489018439744,11.540030549325035,14.323880649788924,20.03505463476891,19.959974614839513,21.536518416684547
230800,5.442913319654916,6.149499939311516,11.61071032039694,13.494379591445604,16.84318612699718,19.282975892941568,21.169869813936074
231200,5.339660312313297,6.414808414902623,8.281628193630345,12.780159109202128,16.335271021702123,19.1367401569617,20.853786904364565
231600,3.6875050787270696,5.520502064530323,8.220190531600391,12.072517951741585,16.237367478586904,18.422606588333473,20.55240265765256
232000,3.814422739421451,5.171829324838249,8.000623015975663,9.923601621712413,15.397690611646734,18.232323310689466,20.243794724350643
232400,5.117918902278746,4.6804840704791015,6.630486544459394,9.881628558613677,15.253289738005716,17.72397247832106,18.979218454842123
232800,4.320576327046824,4.456016671957483,5.302758305634471,9.692277413953951,14.58296523765393,16.914318949797078,18.667247777655227
233200,5.087370557229374,4.405558720940698,5.410183567921632,9.646260627431353,12.722207001894123,16.714285153178,18.40982890776668
233600,3.970662585623961,4.462190222320077,4.991346143425171,8.93594304494702,12.11382817389706,16.471571883070443,18.17735323336656
234000,8.249503133323616,5.34920630110051,5.2605178129693515,8.294225750861752,11.705693034451407,16.55337488607383,17.22467825495023
234400,4.159680399688902,5.157558600582541,4.919021335530792,8.229525942427937,11.18892754503622,16.256046309959384,16.951783958977778
234800,5.725102294080143,5.438463793989205,4.947240232973316,8.27897527668515,10.645333138621515,13.869199653491217,16.415828760947928
235200,4.899291558932659,5.400847994329862,4.903203357635252,6.592415775632821,10.154507192013176,13.477254105685413,16.290032797096416
235600,4.339615759686921,5.474638629142453,4.968414425731237,6.594302478665836,9.704483443071474,13.420129215372995,15.731768155813034
236000,4.468983220247526,4.718534646527236,5.0338704738138444,6.517246744894775,8.293691239079564,12.806735577188515,15.59263274331435
236400,5.357915379209307,4.958181642431317,5.0578701215069,5.84417833298317,8.273709079578092,12.704434833881018,15.190752006958236
236800,5.709423822723805,4.95504594816005,5.196754871074598,5.249756588354558,8.193769899660841,12.236412646009104,14.57080613405259
237200,14.095484797268654,6.794284595827248,6.0975662950785265,5.753874931500102,8.463362516647086,11.066046825190229,14.590941381558116
237600,5.261733653571891,6.978708174604241,6.226673401873319,5.6090097726492685,8.03285316392246,10.642039480891132,14.422592186831025
238000,6.939439309318372,7.472799392418412,6.095667019472795,5.678092416221096,7.561372840398773,10.303186530706759,14.461833312753631
238400,6.707212261777732,7.742658768932097,6.350420205681678,5.6347207706062585,7.603157363512525,9.97930071019759,14.274921089103852
238800,5.040193454544506,7.608812695296237,6.281929321728114,5.614584777350737,7.613293291699479,9.554482184398172,12.351745587138605
239200,4.316098475129501,5.652935430868406,6.223610013347798,5.5634066854915485,6.469480521537822,9.171782897346837,12.026525287217899
239600,4.04188345711094,5.408965391576215,6.193836783090201,5.581125604410741,6.460813913473966,8.826821778076162,11.974870728916445
240000,18.687637916106063,7.758605112933753,7.615702252676054,6.324786363244972,6.883398580821876,8.124193992478693,11.768528912286033
240400,4.421530889294124,7.301468838437032,7.522063803684536,6.289966962595741,6.403473489883633,8.08579776060471,11.66796062784173
240800,6.696859137037998,7.632801974935731,7.6208073351159555,6.408781103095299,6.040106837275031,8.050529258524627,11.313291583830482
241200,6.35782559620456,8.041147399150741,6.847041415009547,6.472303855044059,6.118263759336591,8.059282241237705,10.222245743154101
241600,19.11233636217088,11.05523798016273,8.232101685869445,7.229387543871406,6.483373743722668,8.082665294409212,10.160051921886803
242000,4.797706477547099,8.277251692450937,8.017928402692316,7.056797711082578,6.458037745044844,7.675511730972166,9.846134905103881
242400,5.106252411593417,8.414195996910795,7.857832417673886,7.104126311677804,6.375757986295475,7.66682612705287,9.55500705169286
242800,5.930408686455531,8.260905906794303,7.9468539408649885,7.1143916312965745,6.392007831855496,7.696683453990862,9.232956535691542
243200,6.1829434858269074,8.225929484718772,8.133538441934729,7.178574227641287,6.420117270972616,6.885495001637054,8.964134006264425
243600,6.209525317202853,5.6453672757251665,8.350302627943922,7.272069705517083,6.504184612255142,6.933186092091459,8.731517948049722
244000,6.637042444120084,6.013234469039764,7.145243080745322,7.380472666710711,6.598271935745095,6.948859705802744,7.928403810132027
244400,4.470381315447747,5.8860602498106305,7.150128123360685,7.336095963522633,6.576687349517396,6.590137148252902,7.898663833155913
244800,5.228165802207542,5.745611672961032,7.003258789877639,7.312033062496819,6.606940332022754,6.280894825425689,7.841075164795239
245200,36.272168058432605,11.763456587482171,9.994693036100443,8.420867225555018,7.646433582062861,7.087371078527559,8.446364400210262
245600,5.122469071475372,11.546045338336675,8.595706307030891,8.413903996450191,7.684827131591242,7.01145688454973,8.185273496933558
246000,8.474697201125766,11.913576289737811,8.96340537938876,8.490666891040561,7.69233360051798,7.084379653630829,7.933090460655493
246400,11.822152676106036,13.383930561869471,9.634995405840021,8.746413911756976,7.947749343065218,7.190567341181617,8.06045998281031
246800,13.737070353654888,15.08571147215894,10.415661572559957,9.181257756712496,8.214814945051042,7.397921267031616,8.24047907770469
247200,5.896187405405228,9.010515341553463,10.38698596451779,9.260262203226281,8.248044806600129,7.411834444358915,7.585793194213211
247600,5.685415331566445,9.123104593571679,10.334574965954149,9.342438796949057,8.292904792329447,7.461782200679901,7.613463866864007
248000,6.801954104707812,8.788555974288087,10.351066132012921,8.748154606379146,8.370670488478122,7.5364704848120585,7.629300991044788
248400,9.594788945559706,8.343083228178822,10.863506895024118,9.006817509192425,8.511899607356469,7.648392235894083,7.444811097607154
248800,10.74578860133666,7.744826877715175,11.415269174937029,9.209263982407355,8.67977843331023,7.809022542751327,7.307769695327965
249200,11.149429753552404,8.795475347344611,8.902995344449009,9.44884419027475,8.581576598519689,7.9605740226594035,7.450495931711859
249600,12.235705589879831,10.105533399007289,9.614318996289454,9.105012651660196,8.814042329729954,8.1672000977658,7.532029306897685
250000,13.938972032270264,11.532936984519779,10.160746479403905,9.562075929396354,9.047360087161682,8.309436820239467,7.699653018785454
250400,14.339780242479277,12.481935243903694,10.41250923604123,10.023752320940648,9.301779019851734,8.563939316309227,7.834955720153548
250800,15.174762860019934,13.367730095640349,10.556278486677733,10.485970029618867,9.63959800003425,8.800180830457721,8.029592710960848
251200,56.159894130234825,22.369822970976834,15.582649159160695,12.984817561839264,11.367724521871093,10.081695894740275,9.045997387319279
251600,15.341334058126453,22.990948664626153,16.548241031816694,13.441407998885444,11.744372875238277,10.356738852201264,9.279073966907267
252000,6.402959813645008,21.483746220901104,16.508341602710413,13.42970386736169,11.334883605156243,10.4050882670362,9.330844708391739
252400,16.09328961878387,21.834448096162024,17.158191670032828,14.010849282528497,11.723942229472565,10.673472623025564,9.550352122721842
252800,16.39930854055608,22.079357232269253,17.723543663954775,14.569406419445922,12.047357209589837,10.940719740971371,9.791926766992026
253200,19.06661012418137,14.660700431058563,18.51526170101767,13.709128522733362,12.470983360522398,11.06499787414419,10.071511558331066
253600,23.746761869472724,16.341785993327818,19.666367328976957,14.64034316263323,12.625464210765792,11.52712357954171,10.467033544008041
254000,6.6710676876407815,16.39540756812697,18.939576894514012,14.550161686958978,12.68790958443558,11.52041428899977,10.435464835094383
254400,15.836260355750182,16.344001715520232,19.0892249058411,14.750867070941187,13.045576515907474,11.748640491349082,10.66899643421561
254800,16.77624828505066,16.41938966441915,19.249373448344173,14.902825967510974,13.40710450252731,12.042041862111736,10.89001935403502
255200,42.17810755007976,21.041689149598827,17.851194790328666,16.7169219747447,14.606943304669072,12.988592088985493,11.635595673857964
255600,19.327281920501555,20.157793159804594,18.249789576566176,17.399015304191458,15.04420185811236,13.370727050570258,11.935348997074257
256000,7.151407222674028,20.253861066811243,18.32463431746908,17.416487960089768,15.061347350730825,13.082321283234455,11.988997477122785
256400,17.5172698378167,20.590062963224547,18.46703233937236,17.812612004702622,15.496243634809792,13.409714756947523,12.232184566294935
256800,31.20623224398182,23.476059755010777,19.947724709714933,18.835634186834874,16.362179182868935,14.022449084621115,12.742120734720093
257200,20.209049134447664,19.082248071884358,20.061968610741566,19.28861515587964,15.826741885402772,14.368729673077194,12.864392021463672
257600,27.851831391030743,20.787157965990197,20.472475562897365,20.069421445937184,16.584387296054615,14.587217048798689,13.316193976212851
258000,30.317699652436453,25.42041645194268,22.837138759376934,20.888357826945494,17.31248737776497,15.225216878170922,13.78375918307521
258400,16.045384771697176,25.126039438718777,22.858051200971634,20.973638053406386,17.45326178095134,15.498695187173519,13.9705226332736
258800,34.036457788787175,25.692084547679848,24.584072151345286,21.916722799844752,18.129908028789085,16.20134641473181,14.550447919958456
259200,5.392000185526506,22.728674757895615,20.90546141488996,19.378328102609334,18.11310178812646,16.181572832224298,14.571965954166394
259600,24.568744106620464,22.072057301013558,21.42960763350185,19.839698605034037,18.74254608062826,16.64055330195974,14.982503167156585
260000,8.35457070270089,17.679431511066447,21.549923981504534,19.93727914948683,18.79429996722803,16.68349150842426,14.77584182288848
260400,20.5781627824107,18.58598711320915,21.85601327596394,20.16152280766817,19.1604124284564,17.086186045098334,15.098974460750812
260800,24.415603714706624,16.661816298393042,21.176950423036416,20.5623375663757,19.616072932235397,17.56587199291081,15.453349352304185
261200,21.499651470388542,19.883346555365453,21.306010656630505,20.683989633686057,19.9610803227966,17.19655907820971,15.756185869787867
261600,21.460173794135443,19.261632492868447,20.666844896940976,20.56966022991919,20.26856259627179,17.60500169627621,15.803142618427154
262000,17.27988501819747,21.046695355967763,19.363063433517077,21.100101096447027,20.379926362469362,17.825131391703003,16.052786189240166
262400,18.35115268007838,20.601293335501296,19.593640224355195,21.225845712663435,20.513638777056,17.988356391802313,16.317684194609864
262800,20.12104193457244,19.742380979474458,18.202098638933723,21.39308539513953,20.67851474620775,18.14795568132525,16.6014968595722
263200,6.474205968493744,16.7372918790955,18.310319217230447,19.607890316060228,19.02232514081638,18.162406145402464,16.60732210922554
263600,6.127909543441124,13.670839028956635,16.46623576091251,18.947921697207207,18.715210990326867,18.173468500699332,16.605689793750305
264000,12.990989080575025,12.813059841432146,16.929877598699925,19.239900790102254,18.934811965891203,18.32819437509601,16.732768726479403
264400,8.482223017517383,10.839273908919948,15.720283622210593,18.788148449087288,18.681109745848985,18.300380226894955,16.813005560520796
264800,25.366559961378467,11.888377514281153,15.815379246877779,18.49616483495712,18.980018126543065,18.665899510895997,17.215773443704215
265200,14.466113704036289,13.486759061389662,15.112025470242553,18.209018063436552,18.826668245871563,18.748816609658096,16.77965235661629
265600,17.51747790573091,15.764672733847622,14.717755881402098,17.69230038917156,18.61902544708017,18.880860917554372,17.0275525333014
266000,6.765553437394766,14.519585605211565,13.66632272332183,16.514693078419477,18.622174972071967,18.701525452682485,16.99336965802678
266400,18.350754194928324,16.493291840693757,13.666282874806825,16.629961549581033,18.705991433377903,18.80179980149371,17.123941688403225
266800,12.587078114714895,13.937395471361043,12.91288649282107,15.557492565877416,18.566352427700046,18.737107682861083,17.100941843624422
267200,20.060063006942823,15.05618533194235,14.271472196665977,16.290895706948238,17.82908427626215,17.834611904778786,17.384219355655176
267600,8.325598754980513,13.217809501792269,14.491241117819916,15.478738439366236,17.462361504078117,17.65921852220014,17.43702302412346
268000,20.152055860754512,15.895109986464217,15.207347795837865,16.068612697268918,17.8957164586808,18.002945923377872,17.70402505924439
268400,19.83224929985661,16.191409007449877,16.34235042407179,16.031317023141217,17.972882440748794,18.096419915404695,17.90877426633033
268800,1630.445850477663,339.7631634800395,176.85027947570023,96.33282936128903,71.28086971520483,58.44758346383237,50.30277550385686
269200,18.64746071157548,339.48064302096606,177.26841417645414,96.19021982334837,71.22881676777577,58.43710472851723,50.452736123017324
269600,13.206958914672816,340.4569150529045,176.83736227734835,95.77755907937525,70.74065435189716,58.17360965464722,50.47216118951317
270000,18.527930016316848,340.13208988401703,178.01359993524056,95.83996132928121,70.34766203069317,58.47003121286413,50.563940349194105
270400,10.418462492881993,338.249332522622,177.22037076503594,95.4433268199214,70.16009795473268,58.33458626629243,50.485513994202165
270800,13.044162311960791,14.768994889481586,177.2660791847605,95.08948283879081,69.46035477217178,58.241284116965176,50.44290198324098
271200,14.415464814186205,13.92259571000373,176.70161936548487,95.48654578107545,69.76113692646045,57.547218048567835,49.60801339692001
271600,21.07245836257231,15.49569559958363,177.97630532624402,96.233773222032,69.6445940683255,57.5908474596196,49.72263588300893
272000,14.597167755225028,14.709543147365263,177.4208165156911,96.3140821557645,69.85268063674297,57.77699147293339,49.886520041840534
272400,12.990145159746705,15.223879680738207,176.7366061016801,96.53947826287597,69.59974671598752,57.66381335598163,49.82445715265978
272800,15.143227067054752,15.643692631757,15.206343760619271,96.02831161815979,69.29066749439912,57.26223822655845,49.799335523189754
273200,24.68353498645148,17.697306666210054,15.809951188106869,96.53918268228054,69.39679694493455,57.37410037285855,49.91167402043516
273600,6.36526068637384,14.755867130970362,15.125781365276973,95.98157182131268,68.89363317467583,56.836936105242124,49.56404399677318
274000,8.505289550030335,13.537491489931421,14.123517318648322,96.06855862694445,68.60114665907027,56.291625852681975,49.600728434020965
274400,5.921752358585699,12.123812929699222,13.673846305218692,95.44710853512734,68.18683331502051,56.03853504235419,49.40243827407769
274800,19.95037081812324,13.085241679912917,14.364467155834935,95.81527317029774,68.18114427780553,55.68638286808759,49.465920724739135
275200,20.258957913163805,12.200326265255384,14.948816465732696,95.8252179156088,68.64063600929452,56.05805681127852,49.02753773200081
275600,20.526716133007863,15.03261735458219,14.894242242776253,96.43527378451016,69.12059622894677,55.95700611193821,49.05152641625094
276000,16.613252741167887,16.6542099928097,15.095850741370537,96.25833362853083,69.24133835096652,56.16347316289988,49.240763326620815
276400,19.90707525442169,19.4512745719769,15.787543750838037,96.26207492625909,69.62216675886333,56.14669597470015,49.288559434952916
276800,18.12076940083675,19.085354288519596,16.085297984216236,15.645820872417776,69.38064040684526,55.9893251168534,49.02685017809001
277200,44.65738080176926,23.96503886624069,18.082682565748016,16.94631687692746,70.38701597676969,56.56826835013792,49.515816811436444
277600,17.29341309089294,23.318378257817706,19.17549780619992,17.15063958573847,70.37954714960844,56.46409933255686,49.304648445433685
278000,32.46449957734124,26.48862762505238,21.571418808931014,17.84746806378969,71.23617868760667,56.84371469653546,49.347584443931794
278400,19.601013936036548,26.427415361375346,22.9393449666761,18.30659563594742,71.27785401231026,56.874961227934406,49.41869702721858
278800,20.210670419470716,26.845395565102145,22.965374926810846,18.664921041322916,71.53197375580211,56.877201940056864,49.14218127983225
279200,20.308020041082948,21.97552341296488,22.97028113960276,18.95954880266775,71.54023899027348,57.2230472918716,49.44050167694338
279600,21.97018697952084,22.91087819069046,23.11462822425406,19.004435233515178,71.99505859775815,57.6191042277736,49.38853053440139
280000,20.170544088549462,20.452087092932103,23.470357358992217,19.2831040501814,71.99567487201797,57.79859310297296,49.62485000211836
280400,21.282951595590298,20.788474624842852,23.60794499310908,19.697744371973577,72.0440316152091,58.118611317424765,49.63894577838194
280800,19.57568175932984,20.661476892814676,23.753436228958385,19.919367106587337,18.348359324597986,57.97383936237357,49.54214733927441
281200,21.07474438866568,20.814821762331224,21.395172587648027,19.738927576698043,18.429268780500994,58.13905512948931,49.53364919763995
281600,16.134092847521362,19.647602935931324,21.27924056331087,20.22736918475542,18.526839911595946,58.10447050303405,49.42712757870767
282000,19.587850153038108,19.531064148829056,19.991575620880557,20.78149721490581,18.562170582819988,58.42502792092514,49.47328688140448
282400,16.695075922439525,18.613489014198905,19.700981819520855,21.3201633930985,18.771391030471907,58.38363596411292,49.4401653462517
282800,30.038020210774462,20.70595670448783,20.68371679865123,21.82454586273106,19.33785296043236,58.819909516514414,49.63850491177575
283200,68.06408703053158,30.103825232861006,25.459323497596092,24.21480231859945,21.126140367643874,60.02001011710413,50.8703025330165
283600,20.91876583673618,31.060759830703965,25.354181383317627,24.234404803785864,21.121017283449337,60.334839294148026,51.16611965888241
284000,11.33445990881683,29.41008178185972,24.470572965344367,23.970465162168313,21.01226035523573,60.11439939534959,51.13298907544725
284400,18.405655710081657,29.75219773938814,24.1828433767935,23.89539418495131,21.192777373580224,60.07873455560521,51.33145772929853
284800,20.788828608143536,27.90235941886196,24.304158061674872,24.028797145316652,21.380964091616523,19.83730900886722,51.23990310223383
285200,13.3744500098104,16.96443201471772,23.534128623789343,22.46465060571871,21.003994592395152,19.705483741323093,51.218069828349314
285600,17.261170827677486,16.23291301290598,23.646836421804956,22.463038492557935,21.367191597105272,19.80683903914821,51.212943686788236
286000,14.90367696455829,16.94675642405427,23.178419102956973,21.584997361918788,21.580471177589537,19.716232712854243,51.375706157331514
286400,13.16810977027312,15.899247236092563,22.825722487740332,21.263352153630613,21.822016424645785,19.784973894789026,51.272053268838405
286800,50.11952567028529,21.765386648520916,24.833873033691415,22.758794916171343,22.827654919717855,20.711857978747137,52.022702219949814
287200,21.46654277607286,23.383805201773406,20.174118608245543,22.816721052920844,22.867907748481493,20.888134927794304,52.050831815332415
287600,13.822998466023728,22.696170729442656,19.464541871174298,22.409361627245985,22.64445049291535,20.706898430380587,52.160779809553276
288000,17.508680804102948,23.217171497351586,20.081963960702907,22.27626846302366,22.674298095013185,20.779686256602535,52.107912308420254
288400,13.960668860972753,23.375683315491514,19.637465275792017,21.910154326292783,22.476084548564888,20.803949349133184,51.99048069964257
288800,22.34919177698246,17.82161653683095,19.79350159267591,22.048829827175414,22.617031961103077,20.98409846688138,19.828547525628963
289200,12.948183063115357,16.117944594239447,19.75087489800641,21.642501760897897,21.56005870314795,20.690714668797977,19.71456197265976
289600,8.773423824823775,15.108029665999457,18.902100197721037,21.274468309763016,21.276059060945638,20.750918747259224,19.625891270862777
290000,8.273623211080011,13.261018147394868,18.239094822373207,20.708756962665113,20.469696515403605,20.745127088785466,19.420805134758044
290400,6.926426525225935,11.854169680245505,17.61492649786849,20.220324492804433,20.047210268376585,20.770243942951474,19.35096441540492
290800,19.364768939649547,11.257285112778922,14.539450824804913,19.68666192924819,20.019013552382543,20.75560389598963,19.477376547958695
291200,20.682904785871948,12.80422945733024,14.461087025784824,17.317602817015207,20.031509710542178,20.766202567807333,19.60272534739241
291600,6.581788040239699,12.365902300413424,13.73696598320642,16.600753927190382,19.518563079232806,20.41757936548813,19.31291194094576
292000,21.831493719943875,15.077476402186198,14.169247274790512,17.125605617746736,19.573928066945953,20.54803538995753,19.457598460240135
292400,24.43276416468193,18.578743930077398,15.216456805161432,17.426961040476748,19.678921819249005,20.661177612714035,19.68645084033884
292800,22.870251191385535,19.279840380424595,15.26856274660174,17.53103216963885,19.788740800317534,20.779914657477754,19.840991322825456
293200,21.26958273559648,19.397175970369503,16.10070271384985,17.925788805928153,19.795235411881887,20.195219705823433,19.772712277808356
293600,19.04177387055698,21.88917313643296,17.12753771842317,18.014818958072127,19.892158112649742,20.238928725315034,20.026242541492017
294000,16.917124045012876,20.906299201446757,17.991887801816457,18.115491312094857,19.8031339090489,19.850244337006828,20.194479231391668
294400,20.35476876208903,20.09070012092818,19.334722025502767,18.47482426168565,19.925123670370553,19.86908820765814,20.483139559461733
294800,21.15894763783597,19.748439410218264,19.51413989532141,17.026795360063183,19.629154584605935,19.892795138117272,20.50731109585599
295200,20.9744655776311,19.689415978625185,19.543295974497326,17.002191500141095,18.059500536175918,19.909456276530975,20.521621249145337
295600,22.159629209623496,20.31298704643849,21.101080091435705,17.419023037321086,18.100862648605496,19.91419233228354,20.554279510677652
296000,1666.533408636286,350.2362439646931,185.57127158306992,99.87025942893024,73.27416093952114,61.073263945976954,53.552682628580015
296400,21.13066674584526,350.39142356144436,185.24106184118625,100.22875932317386,73.36499464071326,61.06945682473332,53.57715445840849
296800,6.430490359150508,347.44573210570724,183.59708575796273,99.43282425228227,72.88638336574682,60.74082703972884,53.34334887757476
297200,11.642629080954498,345.5793648063719,182.63439039249857,99.36754655317422,72.82865600145163,60.50502415703606,52.68305384315847
297600,15.104980260675037,344.16843501658224,182.24071103151033,99.68412437496679,72.75678298255154,60.4792963423649,52.639285186554105
298000,10.31414934400409,12.924583158125879,181.58041356140947,99.786150681613,72.60379872853308,60.247453822139065,52.196278181887365
298400,20.789601917136523,12.85637019238413,181.62389687691422,100.47930945120852,72.85784846676185,60.34981697200648,52.22004994150936
298800,19.83321837602655,15.536915795759338,181.4913239507333,100.50273192302737,71.84830489028656,60.094696926137786,52.21250090064048
299200,21.56545331521051,17.521480642610545,181.55042272449123,100.5468593494943,71.85160190825782,58.93223108325476,52.23764956612304
299600,20.950361127334087,18.69055681594235,181.42949591626228,101.26528800384901,72.08918066363482,58.9330209655197,52.2172530490793
300000,15.240670046445093,19.67586095643055,16.300222057278194,100.93574682017407,72.01358030504623,59.03067621896041,52.11865556823721
300400,18.79199981960728,19.276340536924703,16.066355364654395,100.65370860292035,72.17462467033404,59.04033482169855,52.06883653271755
300800,12.407009125622375,17.79109868684387,16.664007241301583,100.13054649963219,71.84321858195537,58.83078933463552,51.92546308004339
301200,18.651928070675744,17.208393637936915,17.364937140273707,99.99966376638615,72.03334341554073,58.96272628615716,51.87700675368361
301600,20.26050350831591,17.070422114133283,17.880489465037794,100.06060024827408,72.41624607165713,59.03770960317312,51.95953496689949
302000,20.05258489394681,18.032805083633622,18.854333020032065,100.2173732907208,72.80887812775269,59.16643230140782,51.96882966171766
302400,20.0063107844662,18.27566727660541,18.776003906765034,100.19995039183966,73.24487426972738,59.33738732676265,52.035054358958206
302800,21.095714953979712,20.013408442276877,18.90225356456035,100.19678875764684,73.30257247020502,58.61179205885501,51.8562082538223
303200,20.9202759969248,20.467078027526686,18.837735832731777,100.19407927861153,73.31048484390679,58.59813538937631,50.91333203315016
303600,20.24052329453848,20.4630819847712,18.76675204945222,100.09812398285729,73.76577601905008,58.758573510089185,50.89976718230621
304000,15.037781876272284,19.4601213812363,18.746463232434937,17.523342644856598,73.53931895759438,58.69680103689342,50.97383362165533
304400,20.84106753606135,19.627072731555323,18.951370004080346,17.508862684367404,73.41959573664035,58.86881100377063,51.02254185817492
304800,20.697979746408947,19.547525690041173,19.780467066159,18.222237153730326,73.34718668847447,58.8275307030063,51.02072488094022
305200,18.319166172067312,19.027303725069675,19.747190876298156,18.556064008285965,73.24883946969015,58.96180528073008,51.11961920418536
305600,20.85005704007116,19.149210474176208,19.806146229473683,18.84331784725577,73.30911557534064,59.26372111111128,51.19139692843324
306000,12.64508448778707,18.670670996479167,19.06539618885771,18.95986460444492,73.16671425676644,59.37300764302895,51.146225078897814
306400,20.870119627977815,18.67648141486246,19.15177707320887,18.963890489986987,73.18389261896274,59.72159997059775,51.30026527605192
306800,3.822203721176925,15.301326209816057,17.424425949928594,18.163339757244508,72.6060011550741,59.333035840135935,50.374318837069744
307200,33.561635260933585,18.34982002758931,18.68856187632947,18.76314885453066,73.02557347785086,59.65500410201247,50.61622068676696
307600,18.321321394228928,17.844072898420865,18.496641686298513,18.631696867875398,72.89762988400436,59.94849243586221,50.70618714533106
308000,41.31373169695325,23.5778023402541,21.12423666836661,19.93534995040081,18.72364065269327,60.43554838528744,51.18228816318807
308400,42.88819171037891,27.98141675673432,23.328949085798364,21.14015954493939,19.448891484844392,60.89693407392987,51.760838620176195
308800,20.57289799239344,31.33155561097762,23.316440910396814,21.54845398827794,19.920305072619154,60.83950024395507,51.725312744484405
309200,31.6489102906887,30.949010616928643,24.649415322258953,22.19830309927859,20.58718111294363,61.09898343283237,52.09932728903587
309600,3.801182864884865,28.044982911059833,22.944527904740326,21.37533706710704,20.21038786641729,60.71796865769056,51.9998824698371
310000,20.309692643267955,23.844175100322776,23.710988720288412,21.388192454573094,20.54357264305942,60.80278287264694,52.24060385848085
310400,7.196916708696666,16.705920099986322,22.3436684283603,20.747722750784618,20.090483136111423,60.473836571312134,52.24601366215027
310800,20.341456673559534,16.659631836219543,23.995593723598557,20.71000983676361,20.107424412695856,60.45339929720522,52.26554741682847
311200,20.52936573238866,14.435722924559537,22.692366770744066,20.6904643235368,20.07288815993513,60.44227180107416,52.2624766357588
311600,22.91459452888577,18.25840525735972,23.15169408420975,20.82416788525417,20.13836260665352,60.46114593405571,52.58913276553172
312000,5.824548245331791,15.361376377772483,19.60277573904761,20.363506203707143,19.824491879949743,18.943424424281865,52.268993856039486
312400,17.623146396359118,17.44662231530497,17.076271207645625,20.20261014672203,19.785530099174803,18.855736415544712,52.13280150067303
312800,20.168470808110836,17.412025142215235,17.035828489217366,20.176134699807125,20.044245488591084,19.19918592676872,52.07876589300753
313200,19.998951611765182,17.305942318090537,15.870832621325016,20.26012397179202,20.08914627329407,19.408093990038985,52.053353270530906
313600,5.785718296082889,13.880167071529963,16.069286164444815,19.506907034592604,19.606653432886297,19.175112440924185,51.78823215904143
314000,5.8744699618843725,13.89015141484048,14.625763896306461,19.16837630829747,19.134049601817548,19.064120456371192,51.56737907737885
314400,20.863657514405244,14.538253638449703,15.992437976877317,19.168053202618843,19.162627826148853,19.065971846302908,51.57755685242519
314800,26.62612212883408,15.829783902594354,16.62090452240477,20.308249123001698,19.34697473197733,19.235794440123094,51.686900342245146
315200,4.4221418134171255,12.714421942924742,15.01018213050762,18.85127445062588,18.79703692586041,18.807211652578264,51.355853866960864
315600,17.15057573378186,14.98739343046454,14.433780250997227,18.792737167603526,18.694038673835184,18.712217017739455,51.25567279744403
316000,4.637991212808786,14.740097680649422,14.31512454774493,16.9589501433963,18.347378985053073,18.44715004689855,18.01776444897449
316400,5.414460346867115,11.650258247141794,13.094255942795726,15.085263575220711,17.83315874541326,18.112711560080044,17.703440320994922
316800,5.444417830034073,7.413917387381792,11.621850644988049,14.328839567102744,17.324706681534103,17.938646777690337,17.683718870412594
317200,16.74591709372705,9.878672443443778,11.296547193184237,13.58368990725466,17.272265045589428,17.89099650326662,17.785784630668044
317600,18.44224813012928,10.137006922713262,12.562200176588876,14.315743170516882,17.192004748591362,17.845540118811954,17.85252998805713
318000,18.58399099285743,12.92620687872299,13.83315227968618,14.229458087996354,17.389968298760376,17.808825271284718,18.017926821034198
318400,11.62585481183007,14.16848577171558,12.909372009428665,14.450904993153026,17.08182613822212,17.599313871968814,17.834651878928067
318800,20.94444731984493,17.26849166967775,12.34120452852975,14.481054525467295,17.65256759151105,17.595532181115445,17.856876457804436
319200,20.6779136871928,18.054890988370904,13.966781715907317,14.488481923207502,17.223110205719692,17.589473123372148,17.839125665244083
319600,5.550782396272595,15.476597841599567,12.806802382156391,13.620291316576843,16.79742557245448,17.222229600915497,17.531134090622853
320000,16.55306344081153,15.070412331190386,13.998309604956665,14.15671707635083,15.972069963916422,17.26011164002898,17.55738195851018
320400,18.946335698804177,16.53450850858521,15.351497140150371,14.222876541473084,15.17400809686393,17.212743344097554,17.560468676094118
320800,20.465274134892606,16.438673871594744,16.853582770636226,14.237716707812172,15.170420634947238,17.206925703809645,17.721633976279524
321200,10.304096464108788,14.363910426977942,16.209400707674398,13.752973950429354,14.458926840727907,17.006548961110678,17.554677344148185
321600,20.98453299008393,17.45066054574021,16.463629193669863,14.512914685129406,15.031705178234542,17.009910859861,17.569157933783544
322000,17.075116685973107,17.55507119477252,16.31274176298143,15.07294702133384,14.923885979658046,17.12066166481565,17.50960856962407
322400,16.892630641723123,17.144330183356313,16.839419345970736,14.874395677699734,15.247076444092261,17.02122444015928,17.44733496676921
322800,20.879225910929843,17.22712053856376,16.832897205079227,14.587050866804523,15.265002085337938,17.44764999490311,17.443005185908213
323200,6.274122518988611,16.421125749539723,15.392518088258807,14.679649902083096,14.789827311557938,16.765462176354482,17.150082116349488
323600,17.058915486088605,15.636002248740658,16.54333139724041,14.675066889698433,14.594638010131366,16.733902028650974,17.086449960180488
324000,20.817920018877928,16.384562915321624,16.96981705504705,15.484063330001892,15.09441706924957,16.22150673669909,17.202052723032605
324400,20.14406788019104,17.03485036301521,17.089590273185735,16.22054370666809,15.178447785377301,15.652903640944393,17.188112729915197
324800,20.583261415635764,16.97565746395639,17.101389001260053,16.977485885948173,15.192274138961466,15.653162726525451,17.185818363299735
325200,19.797804178928217,19.680393795944312,18.050759772741994,17.13008024020823,15.185569224533566,15.356885073731439,17.21539112343695
325600,5.346265369618738,17.33786377265034,16.486933010695473,16.475281102182702,15.170920793651428,15.395512136349788,16.905315290027904
326000,20.676352733308427,17.309550315536438,16.847056615429004,16.579899189205253,15.66431688603223,15.404678638600796,17.06594065493833
326400,8.31321085543752,14.943378910585736,15.989114636800446,16.414266991385624,15.24596866406664,15.432585992269319,16.814802479487522
326800,14.145800490303674,13.655886725519315,15.315772094737829,16.074334649908565,14.829957942782293,15.277694587687924,17.02127441487006
327200,4.196416924136848,10.535609274561043,15.108001535252654,15.250259811755765,14.822433779806282,14.86937086748163,16.433970048134128
327600,4.609680046694984,10.388292209976292,13.86307799131329,15.203204694276883,14.404403923570051,14.411748005426858,16.15973722118345
328000,20.44828972537821,10.342679608390247,13.826114961963322,15.397966008505218,14.931413873989035,14.777341542428019,15.742428381751948
328400,15.315323319086923,11.74310210112013,13.343240505852908,15.216415389519355,15.261442639729694,14.719645965496213,15.190971013926106
328800,19.697893464448114,12.853520695949015,13.254703710734143,15.17804635599713,15.736558494210161,14.707881531904643,15.1734709233672
329200,17.328499356179762,15.479937182357599,13.007773228459296,15.52926650060068,15.755977902958588,14.64112022551501,14.887062704677021
329600,28.68358396864125,20.294717966746855,15.341505088361549,15.914219049528546,16.09735576424232,15.213566867328968,15.384710726752148
330000,20.44317525749116,20.29369507316944,15.318187340779824,16.08262197810445,16.15932857306344,15.57778449971914,15.387380379036612
330400,11.463755139508349,19.523381437253725,15.633241769186906,15.81117820299371,16.15392525065272,15.342786940346716,15.472717147652846
330800,16.008815717406097,18.785565887845326,15.819543291897148,15.567657693317523,15.989404197238091,15.07735428006102,15.386064328529779
331200,16.017172869491347,18.52330059050764,17.001618886432595,16.054810210842657,15.834046169981375,15.367230056462873,15.295820471271831
331600,20.52970392647893,16.89252458207518,18.593621274410992,16.228349632862173,16.333343554321587,15.451708261280299,15.248122659223693
332000,18.22956654503352,16.44980283958365,18.37174895637652,16.098931959169956,16.389226991128986,15.791497644585917,15.496223025217727
332400,17.369042425134865,17.630860296708953,18.577120866981318,15.960180686417146,16.336650548673344,16.09036219654261,15.491140945793243
332800,26.413663510477893,19.711829855323312,19.248697871584294,16.25170079115925,16.534930194526186,16.614593338553707,15.616044799840584
333200,21.386746888634,20.78574465915184,19.65452262482972,16.331147926644544,16.904351875343693,16.73061408342638,15.64380070537796
333600,16.6589927739211,20.011602428640277,18.452063505357703,16.896784296859657,16.760167201471596,16.686032699521174,15.861266194934723
334000,37.274811296403215,23.820651378914214,20.13522710924891,17.7267072250144,17.433490355152603,17.153303207109822,16.489273021625102
334400,18.13663138535187,23.974169170957616,20.80251473383326,18.21787825151012,17.474957046606896,17.316072621447866,16.434732499044035
334800,16.257896348866115,21.94301573863526,20.82742279697926,18.323483044438237,17.320912727871434,17.198908847173396,16.227367983444676
335200,4.148669439666303,18.49540024884172,19.64057245399676,18.32109567021471,17.250064291894027,16.785677740985232,16.221898535969657
335600,10.305553736414264,17.22471244134035,18.61815743499029,18.605889354700675,17.024952233571547,16.904547024488775,16.084998096022307
336000,20.95959321923803,13.961668825907315,18.891160102410744,18.631454529393668,17.029674673583553,17.014710268949436,16.41143013615089
336400,18.049717686639347,13.944286086164812,18.95922762856119,18.768174247771288,16.95986300046516,16.992294818645316,16.664135282946337
336800,24.05903676895778,15.504514170183146,18.72376495440918,18.986231412996773,17.075722178909228,17.082138884496946,17.03642766172481
337200,16.58391371561822,17.99156302537353,18.2434816371076,18.949002130968694,16.968592496798898,17.239134315784682,17.033187594162634
337600,10.41135404906884,18.01272308790444,17.618717764622374,18.035390634990073,17.137428786113897,16.974804842259303,16.872569712541424
338000,11.011105269220376,16.02302549790091,14.992347161904092,17.563787135576536,16.815253870644298,16.823204556840487,16.721111998068682
338400,32.44826394364679,18.902734749302404,16.423510417733585,18.613012575783458,17.619755640251274,17.212095389388576,17.13756018070502
338800,45.73186150979302,23.23729969746945,19.370906933826276,20.099164865402805,18.672624340900917,17.833411279360156,17.63330846450398
339200,30.31727847994912,25.98397265033563,21.987767837854555,20.814170145925694,19.54331972609466,18.434490178384173,17.82609576035911
339600,34.14326743148182,30.73035532681822,24.371539207361316,21.494848321175837,20.52777263892089,18.861598977019003,18.39794546106329
340000,7.143039155603704,29.956742104094893,22.98988380099788,20.940521951704348,20.08426428659507,18.519726955437143,18.209744975359136
340400,13.107757355387204,26.088640786442973,22.495687767872663,20.72745769821696,20.01067875447175,18.34381919231705,18.092973408490796
340800,5.381405265250941,18.018549537534557,20.627924617501982,19.675844785955615,19.533462481165177,17.963772788557428,17.79129603109796
341200,44.67251886425715,20.889597614396163,23.436785132365873,20.84013338473677,20.44492979810109,18.58564065569065,18.47866447910093
341600,5.66861667504909,15.194667463109619,22.962511394963897,20.29061457979317,19.67776422164802,18.59369943832641,18.172346152800234
342000,15.47350238058428,16.860760108105733,23.40875110610029,19.200549134002223,19.512108459084452,18.46362817950831,18.140313866692455
342400,20.82487324734223,18.40418328649674,22.24641203646983,19.334961227101743,19.82414572934558,18.776419739305926,18.21895871880484
342800,14.106419551617485,20.14918614377005,19.08386784065228,19.22738738723931,19.760732523819293,18.77543521583877,18.08350259161859
343200,14.609544973105136,14.136591365539644,17.51309448996788,19.75043116391125,19.713811593939752,19.035763417062974,18.250211040700922
343600,15.129370034870067,16.02874203750384,15.611704750306705,19.991621978834043,19.53380046421946,19.298755666767356,18.211620131676554
344000,20.094839962579456,16.953009553902874,16.90688483100428,19.948384316001114,19.595976244804323,19.289919422697384,18.19715853055058
344400,36.77651758039261,20.14333842051295,19.27376085350482,20.884724310688778,20.242892083312917,19.826449279230026,18.529807524554613
344800,14.514794809087848,20.22501347200702,20.18709980788851,20.40751221269528,19.846263126599915,19.69687181284602,18.408438192423656
345200,22.14667765319394,21.73244000802478,17.93451568678219,20.685650409574066,19.871594152085247,19.817326270271373,18.45541566190897
345600,5.542250193323612,19.815016039715495,17.921879038609642,20.442195216786807,19.501036066065332,19.238792925888436,18.459335358383065
346000,3.720749882460429,16.540198023691687,16.74660378879726,20.077677447448806,18.382567352267237,18.820732291512662,18.120223301366106
346400,47.22316612744552,18.62952773310227,19.386433076807585,20.816422556638745,19.352118510337025,19.714717566211096,18.898422406806265
346800,377.14255687324345,91.1550801459334,55.69004680897018,37.38695732481126,31.381607194482935,28.743061095107027,26.15835753446506
347200,34.7584636281193,93.67743734091846,57.7049386744716,37.60901658221978,32.40193366743137,29.21159336407273,26.76959846854471
347600,31.35394866764481,98.8397770357827,59.32739653774909,37.469550644027926,33.10354683180572,29.482199482601875,27.30448384096371
348000,21.13652736418703,102.32293253212802,59.43156527790984,38.169225054457094,33.109444636637356,29.554873503080717,27.31824859373988
348400,46.0554483412125,102.08938897488142,60.359458353991826,39.816609603748354,34.04296899178979,30.272033650982657,27.933051094182392
348800,3.821980547795589,27.425273709791846,59.29017692786259,39.738638367875595,33.36840045108438,29.707241576915596,27.615532835849343
349200,5.233830356405343,21.520347055449054,57.59889219818374,37.766703942483,32.990064339110624,29.303418663609875,27.37363945585386
349600,5.285721258163704,16.306701573552836,57.573239304667744,37.747559171638734,32.81920991274712,29.01908687571595,26.905682201644304
350000,5.624006017476747,13.204197304210776,57.76356491816938,37.255084353483355,32.639639937689,28.227816743742785,26.60929881684402
350400,5.348972933095808,5.062902222587438,53.57614559873441,36.48128933777103,31.736330237337302,27.908125282436384,26.487003172715763
350800,24.76757566106897,9.252021245242114,18.338647477516965,37.014347143243604,31.037520709046497,28.120867265241458,26.662178371589025
351200,22.87456162656672,12.78016749927439,17.150257277361707,37.42759797591668,30.78943014726708,28.589014569913964,26.799326146730532
351600,3.5184872924787784,12.426720706137406,14.366711139845103,36.84705383879712,29.768604142633652,28.419337908815578,26.459101814050527
352000,3.763023531157844,12.054524208873625,12.629360756542182,36.03046301722604,29.65593695515212,27.989423666613572,26.169770953773014
352400,21.53973117016631,15.292675856287724,10.177789039437565,35.26862369671473,29.93700274897809,28.076674003701747,26.25318472867364
352800,38.46046899435234,18.031254522944398,13.641637884093239,36.46590740597795,31.039638206614804,28.436709809336612,26.494120838351133
353200,4.182954850522677,14.292933167735589,13.536550333504971,35.56772126584438,29.689986072823658,28.126685837709225,26.150044997588907
353600,11.085359239481653,15.806307557136162,14.116514131636768,35.84487671815229,29.870544158304742,28.14353596746954,26.038572326900116
354000,4.04578817062633,15.862860485029861,13.958692346951725,35.86112863256058,29.48962035130614,27.969403040004686,25.37399186438458
354400,26.607157662471405,16.876345783490883,16.084510819889285,34.83032820931188,29.68236316514378,27.823375382975307,25.543402389926968
354800,3.526676687372838,9.889587322094979,13.96042092251967,16.149534200018344,29.329705069668957,26.7682457624148,25.288777996697103
355200,60.84298246392953,21.22159284477635,17.757263006255954,17.45376014180886,30.870819652696436,27.531388362014315,26.42266425718237
355600,15.580320455454409,22.120585087970902,18.963446322553516,16.665078731199337,30.88585133338258,27.067314687613624,26.52815959156317
356000,44.51993835731505,30.215415125308642,23.039137805169236,17.834249280855737,31.700021279873773,28.001737167656408,26.999366494324715
356400,26.1394886289474,30.121881318603847,23.499113551047344,16.838451295242482,31.34545364815893,28.32753044949542,27.161161913170872
356800,51.81181180567641,39.77890834226456,24.834247832179752,19.237942858136524,32.588687548045215,29.48829061300605,27.716217413905248
357200,14.847311529644044,30.579774155407467,25.90068350009189,19.71861691679846,32.34537534392688,28.742660429640722,27.68148537018576
357600,10.821386541660438,29.62798737264867,25.87428623030977,19.9954001809733,32.52134655553811,28.871479676306006,27.689686020037595
358000,7.9798107418967135,22.319961849565,26.267688487436807,20.113190417194296,32.663315250852655,28.684137385338822,27.629060129491123
358400,18.68402633328141,20.828869390431805,25.475375354517805,20.779943087203574,31.712010591047186,28.630616212487297,27.353775377283814
358800,20.65501019353861,14.597509068004243,27.188208705134382,20.57431481382706,19.82909236839036,28.79433097853532,26.85223835095873
359200,6.347547486113056,12.897556259298046,21.73866520735274,19.747964106804375,18.882061830323483,28.587781041360522,26.372843731082003
359600,7.262138031653819,12.185706557296722,20.90684696497268,19.935146643763126,18.07900147579045,28.391100241280117,25.835221143085445
360000,5.094076489940622,11.608559706905504,16.964260778235236,20.001699291702266,17.544253113315566,28.01608115446415,25.794241889772184
360400,17.50858886144719,11.37347221253866,16.101170801485218,19.80014217626631,16.592691130656725,27.53438293649051,25.88225851989338
360800,3.645963803419399,7.971662934514818,11.284586001259514,18.059416916719663,16.586823905844184,27.2626621613488,25.847549690656752
361200,6.360720298856729,7.974297497063551,10.435926878180782,18.168305189136365,16.6243869039259,26.868013227490373,25.081313719348746
361600,3.790678074574776,7.280005505647743,9.732856031472217,17.803571130891022,16.5745521311396,26.824223924521647,25.043754947339256
362000,3.962673895753232,7.0537249868102645,9.331142346857868,17.799415417147365,16.519174393748816,26.83027202485397,24.813538377642637
362400,4.296066310957132,4.411220476712254,7.892346344625439,16.68386084957165,16.484077506344196,25.75709452944176,24.482962238914936
362800,4.143941166127859,4.510815949253946,6.241239441884365,16.714724073509405,15.79662302317949,16.43212913676387,24.28371267120514
363200,30.198663886243324,9.278404666731266,8.626351081897392,15.182508144625093,16.040759765168712,16.31813414321697,24.595495049467903
363600,5.388955608263316,9.598060173468971,8.43903283955834,14.672939902265536,16.103108709028195,15.669009316732431,24.40068676093577
364000,3.8663187772026815,9.578789149758864,8.316257068284546,12.640258923259921,16.10655188389636,15.237254102057822,24.076116337228232
364400,3.428744358393781,9.405324759246191,6.908272617979206,11.50472170973224,15.502852323503939,14.171586502487354,23.409160872788256
364800,10.697193323866308,10.71597519079388,7.613395570023895,9.448990785641735,14.577409801154404,14.343466821889123,23.332808843083832
365200,3.1840304062721434,5.313048494799647,7.295726580765438,8.865826729473138,14.544112319679387,14.292221823135794,22.953555898145392
365600,3.731823024733745,4.981621978093732,7.289841075781335,8.511348553626803,14.298994445854456,14.253374367300045,22.917347354773597
366000,3.3758334180950964,4.883524906272215,7.231157028015521,8.281149687436724,14.276662620770082,14.197170052315503,22.910449025486287
366400,58.01611967988103,15.800999970569666,12.603162364907911,10.247754354766704,15.323628021350402,15.513848720985132,23.126308096535
366800,24.176965280718814,18.496954361940166,14.606464776367009,10.423852109125715,16.011970974461935,15.49908346147638,16.066996264684505
367200,698.2829812548131,157.51674453164836,81.41489651322398,45.02062379756072,37.259970934158055,32.384293952182546,29.33748661721838
367600,4.444786141017393,157.65933715490507,81.32047956649939,44.87975620302889,36.888786457010156,32.407451423396004,28.79930336668583
368000,67.1810057036578,170.42037161201762,87.6519482591449,47.98410266371475,37.64415536855492,33.99290097770851,29.72019293347525
368400,3.899568407816052,159.59706135760464,87.69903066408713,47.3036516410332,36.9028246945172,33.551896908649745,28.87707533480732
368800,7.247725137726626,156.21121332900617,87.35408384547316,47.483739707748555,35.41735513891888,32.771578312234105,28.94559022660594
369200,14.008086704337169,19.356234418911008,88.43648947527967,47.86610802802258,35.389380978075316,33.017206608579464,29.121075353564574
369600,5.411583034216047,19.549593797550738,88.60446547622789,47.94715327600464,35.20905419449384,32.87536220344783,29.123592589085625
370000,3.910229279634108,6.895438512746,88.65790506238179,47.94453104519869,35.07340147908508,32.871973231173016,29.089317054328767
370400,27.554131260444272,11.626351083271643,85.61170622043811,49.10743429267304,35.36907164332385,32.895647571122346,29.53342022087574
370800,7.555462703703522,11.687898596467024,83.94955596273658,49.27801036955183,34.93242006032934,32.996367221530605,29.18917796172843
371200,5.398705458018734,9.966022347203337,14.66112838305715,48.0380124481406,34.9007919927262,31.61026029638284,28.83966083835747
371600,5.739382202730003,10.031582180906128,14.79058798922841,48.055533777863936,34.8500334650954,31.364236840064727,28.884078736562497
372000,4.982840138400242,10.246104352659355,8.570771432702655,48.111359845923815,34.84632558671072,30.37580938459186,28.908475068707343
372400,4.606988801224717,5.656675860815444,8.641513472043522,48.17027206806536,34.416272251369975,29.837496888898794,28.569820221328513
372800,16.404623146621837,7.426507949399107,9.557203272933041,48.45564355920313,34.84156089614339,28.952317172422433,28.128703304373904
373200,4.226600903618744,7.19208703851911,8.5790546928612,48.50777208407046,34.77042358296879,28.686799406771797,28.129576225435823
373600,14.999399061313902,9.044090410235889,9.537836295570987,49.07115088589948,35.144047615860096,28.79124971976313,28.207857021872464
374000,10.08231505848435,10.06398539425271,10.15504487345601,49.40647496791893,35.348035654617796,28.843812327677824,28.32858755962963
374400,7.014814893772893,10.545550612762344,8.101113236788871,46.85640972861353,35.438660607378324,28.552082041690106,27.93674070425566
374800,18.650451962841085,10.994716376006195,9.210612162702628,46.58008406271964,35.92221096726876,28.50196808592267,28.239216209765022
375200,5.070345284004285,11.163465252083302,9.177776145301184,11.919452264179201,35.08460034719413,28.470038030869954,27.12376346616652
375600,3.922021577329189,8.947989755286361,8.996040082761102,11.89331403599479,35.03570254616299,28.386535119511837,26.890597488604012
376000,17.731547814496267,10.477836306488744,10.270910850370703,9.420841141536712,35.49787684740611,28.702471902625728,26.354829677747638
376400,5.569449026002227,10.18876313293461,10.367156872848454,9.504335172446023,35.56923366965973,28.40399340673961,25.943428885688736
376800,12.67712526666148,8.994097793698689,9.99440708485242,9.775805178892766,35.63523140108623,28.629772443320654,25.160735154908433
377200,5.674785014605403,9.114985739818913,10.139225495951084,9.359140094406175,35.718256554697334,28.61262406121437,24.977284624607663
377600,3.831231032180636,9.096827630789203,9.022408693037757,9.280122494304406,35.72157015494556,28.613637885154514,24.837481514418062
378000,27.146420079966354,10.97980208388322,10.72881919518596,10.441932034321017,36.51392304367461,29.193231539759847,25.22081370117946
378400,3.739516298121928,10.613815538307161,10.401289335620863,9.251201286204902,34.70470293094931,29.179317789438965,24.921923500476268
378800,20.877165546919574,12.253823594358778,10.623960694028712,9.917286428365703,34.59470960648933,29.59764839895876,24.926366607543887
379200,4.859498454991056,12.09076628243591,10.602876011127389,9.890326078214319,11.48059351316193,28.964169263177457,24.89660562692145
379600,78.96014877296344,27.11654983059247,18.106688730690813,13.551364406725991,13.964438934226797,30.803449092294954,26.33056584174764
380000,5.024222962243803,22.692110407047956,16.835956245465567,13.553433547918171,11.892546176179666,30.832396696920984,26.329168771193704
380400,4.067047366016835,22.75761662062694,16.685716079467028,13.526436476157775,11.89812880811969,30.84835427211156,26.0603379412851
380800,20.835007311230072,22.74918497348904,17.501504283923886,13.747955684388188,12.351038213903138,31.101799621795653,26.40411881144131
381200,3.9564609365887367,22.568577469808577,17.32967187612222,13.734448686036686,12.01598402164486,31.121110385053566,26.35603362419595
381600,3.88138917724716,7.552825550665321,17.334687690628872,13.178548191833348,11.964977559745897,31.124849538866403,26.357847846249395
382000,17.08777585891083,9.965536129998727,16.32882326852332,13.528821231854673,12.404229112388453,31.467648099886798,26.62034988551255
382400,20.83455089942001,13.319036836679363,18.03832672865313,14.21980803213703,12.18024310035431,30.538108880375272,26.951119577281805
382800,9.900912775533188,11.132217929539985,16.940701451514492,13.782331072771635,12.258424769415301,30.181207567745634,27.066259009469917
383200,5.324888156574104,11.405903373537058,16.987240421672798,13.795058216400127,12.255964192700478,12.857255240289657,26.56878349487653
383600,4.295822422055972,11.488790022498822,9.520807786582049,13.813748258636465,12.207845533344678,12.853531147315621,26.546920831152384
384000,15.301176854977047,11.131470221712064,10.548503175855373,13.692229710660502,12.551790090563903,11.556535426098602,26.775617992707872
384400,4.989992792136845,7.962558600255432,10.640797718467374,13.663256898967237,12.564556890260976,11.583796035706623,26.806842961382735
384800,3.958824093126433,6.774140863774081,8.95317939665701,13.227341840290482,12.149696921811126,11.501573509591617,26.672075576767934
385200,4.144692381356631,6.538101708730586,8.972002541133799,13.150837208628044,12.146966637735725,11.254988651517106,26.691288816269626
385600,7.668968329157432,7.212730890150878,9.350760456324826,13.342724073476884,11.902618946663843,11.31142328389064,26.770031722358098
386000,12.031563140920404,6.558808147339549,8.845139184525783,12.586981226524587,11.967593882745042,11.514456630422796,26.943146316814605
386400,6.815140221641069,6.923837633240393,7.443198116747889,12.740762422700543,11.96093806034065,10.995981854452717,25.919126727649804
386800,20.40478605572589,10.213030025760286,8.49358544476716,12.71714344814086,12.01941586343681,11.317214938253276,25.843683143149946
387200,14.061651269928449,12.196421803474648,9.367261756102595,13.17725108888773,12.319126062967618,11.533788583551019,12.159256543452255
387600,4.658158255450493,11.594259788733261,9.403495339442046,9.462151563012082,12.343663952238327,11.506757984869031,12.163523985740914
388000,3.910064851125106,9.9699601307742,8.264384139056853,9.406443657456148,11.882947853459285,11.479938602687152,10.898105168690263
388400,2.6221518527785466,9.131362457001696,8.027600045121023,9.334198881794233,11.784704614351831,11.430317678976,10.872556837589512
388800,757.3264448176027,156.51569420937705,83.36436211756865,46.15877075711286,36.6063485993832,29.95336322075052,25.874131231187036
389200,33.60284459961206,160.42393287531377,86.31017733939419,47.641089940264024,37.537283918883425,30.68776931315035,26.26602638909253
389600,24.70925532108866,164.4341522884414,88.0142060385873,48.682483247456105,38.23321806184703,30.930515719644717,26.651979834829987
390000,2.476185541146986,164.1473764264458,87.05866827860999,47.95190373156792,37.41087691055304,30.740362481711287,26.62329896006024
390400,10.492825362517625,165.72151112839362,87.42643679269761,47.43481745472279,37.635987212699575,30.827312743429907,26.282072842101712
390800,61.10655113954613,26.47753239278229,91.49661330107965,49.99509937292344,38.97696673245379,31.88871522284753,27.353094610818562
391200,9.51435244413625,21.659833961687127,91.04188341850042,50.20457258730155,39.13212853209197,31.999815401850828,27.435407550540912
391600,4.552236588119121,17.62843021509322,91.03129125176729,50.21739329560471,36.65186479259715,32.01557077712058,27.411664638248695
392000,31.49437464193106,23.432068035250033,93.78972223084789,51.02705318495241,37.534203181920056,32.35964144780645,27.941895328319312
392400,98.99070488032092,41.13164393881069,103.42657753360213,55.72708878936161,40.698325099063524,34.69517284416442,29.82956964990123
392800,3.081678849687225,29.526669480838915,28.00210093681058,55.68323152718965,40.10654748367877,34.455286683740056,29.56311076396254
393200,24.306933085617093,32.48518560913509,27.072509785411086,56.69134356240268,40.78489655531305,34.92109038551535,29.964717407602507
393600,10.562228183905146,33.68718392829229,25.657807071692737,56.83600655514006,41.00759118886831,35.089365314308466,29.87597399005433
394000,30.97300223976842,33.58290944785976,28.507488741554873,57.78307851008246,41.47043206823023,35.185029868303516,30.293787733680016
394400,3.587425287533747,14.502253529302322,27.816948734056485,57.621692763377084,40.89552788116736,35.18122759303881,30.225239941555234
394800,5.154431949181363,14.916804149201152,22.221736815020012,56.85917505804987,40.737311853622295,34.78815925309536,29.955319541282037
395200,55.67721683394934,21.1908608988676,26.83802325400132,58.939953336250916,42.415722809534806,36.05860221256931,30.96745697228094
395600,742.3523292302682,167.54888110814022,100.61803251821622,95.8246618849918,67.01760636980855,52.643406724001935,45.73606312533971
396000,3.242347535531224,162.0027501672928,97.79282980757625,95.7912760192121,66.61564539249369,52.59885983833412,45.44627911976041
396400,255.9329850720341,212.47186212419282,113.48705782674756,108.4568176801749,74.98041180182359,58.895508280984544,50.453549840681056
396800,4.612320507472227,212.363439835851,113.64012199252606,70.82111146466835,75.00219501563512,58.4899411108906,50.29225374549728
397200,5.087311916108365,202.24545885228284,111.7181598755752,69.39533483049317,75.03361566679352,58.51821238537859,50.28050428352733
397600,16.99659364551925,57.174311735333035,112.36159642173659,69.0097017467147,75.34453651067224,58.846092497085394,50.543811535794106
398000,34.74268399718777,63.47437902766435,112.73856459747853,70.62302666951675,76.10157387254782,59.287465200542314,50.695736814138534
398400,16.802331096539074,15.648248232565336,114.06005517837907,70.9385019562178,76.43448023504442,59.1866597054703,50.95699311010688
398800,4.452952238067528,15.616374578684395,113.98990720726768,68.10582201114389,75.90275244112247,59.05046069203367,50.62850884392983
399200,3.8216118180081287,15.363234559064349,108.80434670567357,67.82118497983747,75.56141779272512,59.01287878356951,50.607751111190176
399600,4.344533857354549,12.832822601431412,35.0035671683822,67.81079984329925,75.55096364612194,59.01409656945198,49.11543881287799
400000,29.956216683200125,11.875529138633881,37.67495408314909,67.7338919453627,76.4191687071911,59.38047256515754,49.61407868729712
400400,33.27502478098059,15.170067875522184,15.409158054043738,64.44810794039569,77.44093113813116,60.087598364878644,50.1982382355964
400800,14.633192505495956,17.20611592900787,16.41124525384611,65.02568362318613,52.68448939439428,60.35445757518788,50.07420193948171
401200,3.6848845346493726,17.17877047233612,16.27100251570021,63.994581195637736,51.68722405889552,60.34296237902021,50.06877041144293
401600,17.736199160157053,19.85710353289662,16.34496306716399,64.35327974445033,51.45478885353113,60.594643149795196,50.345866611101115
402000,5.0117416804495125,14.868208532346497,13.371868835490167,63.05521671648438,51.53930739150788,60.41914761328341,50.104345927531895
402400,13.586197570814312,10.930443090313242,13.050255482917692,63.55515533064842,51.6424197984511,60.588424047012744,49.95937886095979
402800,13.981810353227347,10.800166659859519,14.003141294433672,63.99652425085071,50.07159510557381,60.42784965445028,50.04099681251367
403200,18.519327442012717,13.76705524133219,15.472912856834132,62.13862978125388,50.37176093883636,60.53929155875238,50.30488559822245
403600,5.058950296214581,11.231605468543695,15.544354500720132,25.2739608345512,50.388651395772875,60.549311359771494,50.32014815570561
404000,4.984801863112531,11.226217505076297,13.047213018711375,25.361083550930267,49.50499896981226,60.576179785071176,50.113820655868324
404400,13.81686933055507,11.27235185702445,11.101397473668822,13.255277763856313,46.6658711181534,60.85604772201559,50.29035818663669
404800,15.672473798103962,11.610484545999771,11.205325602929623,13.808285428387899,47.085564283100624,42.31469844652812,50.52463118073624
405200,29.71764980066685,13.850149017730597,13.808602129531371,15.039802322615827,47.26592150693561,42.21756857655449,51.03609032912244
405600,20.73109221902341,16.984577402292366,14.108091435418007,15.226527251291031,47.60488364143956,42.11811449900286,51.297332806919755
406000,5.719423277707561,17.13150168521137,14.17885959514381,13.77536421531702,46.76309767603753,42.19919544241687,51.1710900096555
406400,202.68366931902543,54.90486168290545,33.088606769964926,23.06943112644134,53.399639143753916,47.003966541329575,55.088460591603194
406800,25.880088765271797,56.94638467633901,34.278434611169374,24.140787952801553,54.09049437095693,46.12330498197271,55.197966645794104
407200,5.07911368059311,52.018677452324255,32.93441323502741,24.203663045930803,52.40389093251172,46.01242401288413,55.0183158940074
407600,4.984865431630289,48.869432094845635,32.927004748568976,24.23567962464459,27.824975472557128,46.02323973397191,55.024850037530996
408000,19.4696637610189,51.61948019150791,34.37549093835962,23.71135197853553,28.365886013406715,45.72262196194911,55.33604201572888
408400,25.635846390253327,16.209915605753487,35.55738864432944,23.329393058999166,20.68931472401402,43.88875049969742,55.79631590647838
408800,3.785746731519802,11.791047199003087,34.36871593767103,22.78702077030036,20.66176226481561,43.906352196743235,40.72550194475671
409200,23.513966004005752,15.478017663685614,33.74834755800491,23.778474843768176,21.275984067745522,43.88652801970295,40.52372437284458
409600,21.23692085579212,18.72842874851798,33.79893042168179,23.95351092854993,21.417328308087953,44.153395336500125,40.454277683538656
410000,54.01574172512398,25.637644341338994,38.62856226642343,26.403710930783653,22.059763565685827,44.72946382363401,41.4850688072182
410400,3.9484103268607424,21.30015712866048,18.755036367206962,25.921821568585976,21.631299540029882,44.738488449617186,41.35418050650506
410800,8.698172601004755,22.28264230255747,17.036844750780254,25.657639680974846,21.772806885461122,44.82708196591277,40.30601293573423
411200,6.060968554877562,18.79204281273183,17.1350302382087,25.03472173661809,21.847452110023436,43.58667575893598,40.23694525794905
411600,23.908569573248982,19.326372556223202,19.027400652370567,25.97720270046981,22.499586633886583,25.6255817675105,40.624071917651655
412000,27.73811738917387,14.070847689033181,19.854246015186067,27.114868476772877,22.425649990752376,26.23797601385156,40.54894677259651
412400,5.7102975928369695,14.423225142228427,17.86169113544443,26.70953988988697,21.506825751147588,19.982408826871637,38.68333862684683
412800,6.294350003642033,13.942460622755883,18.112551462656654,26.240633700163876,21.228864334419125,20.024459564275883,38.74759204992593
413200,17.044334434938264,16.13913379876802,17.465588305749904,25.606967931877442,21.674179331095424,20.32338512724663,38.60234007691235
413600,19.748303464811595,15.307080577080546,17.31672656665185,25.557828494166856,21.741249474583906,20.39217787272894,38.78606158253048
414000,55.712764544890014,20.902010008223776,17.486428848628456,28.057495557525975,23.431283570065254,20.916429886421493,39.28085682863291
414400,18.418441508514203,23.44363879135922,18.9334319667938,18.844234167000415,23.592358367988584,20.956832646720873,39.57747715305252
414800,39.21593479457054,30.027955749544923,21.98520818615038,19.511026468465353,24.43349584936669,21.82590721063345,40.258707209960306
415200,8.181966132659223,28.255482089089117,22.197307943928543,19.66616909106866,24.088917139054907,21.934916068499724,39.3088021959345
415600,23.927616162984783,29.091344628723753,22.19921260290213,20.613306627636383,24.717872667947248,22.424493126140483,24.94030793458883
416000,4.781221507930484,18.905036021331846,19.903523014777786,19.878884514981962,24.711086656107845,21.79511824675874,24.971085414036814
416400,23.901098748093027,20.00156746924761,21.722603130303394,19.792147132873946,25.047227636692444,21.56077009593655,20.330447687557996
416800,10.045834807094808,14.167547471752465,22.09775161064867,20.1051515366527,24.859673003658806,21.44608615347652,20.43911797355045
417200,7.760280282143518,14.083210301649325,21.169346195369194,19.317467250559584,24.127760686374696,21.547971047163877,20.492577340871154
417600,9.466968529040864,11.191080774860541,20.141212701792124,18.72896963422202,23.752289896708607,21.34124028138597,20.341984838541585
418000,16.233530045371506,13.481542482348743,16.193289251840277,16.8398590502344,24.102760122297408,21.62178499050902,19.97180175950526
418400,31.65416640329429,15.032156013388999,17.516861741318284,18.225146854056078,18.401776691773033,22.07348421132102,20.268838465640364
418800,19.68242841355712,16.959474734681457,15.563511103216943,18.774359644683692,18.195188013382552,22.215999662829265,20.573427989150154
419200,10.78326838047428,17.56407235434761,15.823641327998448,19.01047463596353,18.385326503378586,22.022598186290804,20.712661120399474
419600,19.080732288749047,19.48682510628925,15.33895294057487,18.769082771738532,18.855188731949212,22.373142736104164,21.007385089027366
420000,15.306177861428957,19.30135466950074,16.39144857592472,18.147485795351287,18.716405868629547,22.631177136062075,20.714384312591942
420400,34.7783817681256,19.926197742467004,17.479176877927976,19.60089000411572,19.021157047891958,23.155214947001337,20.744451452334847
420800,18.911008814099024,19.77191382257538,18.365694278628396,20.23172294463857,19.525332450644598,23.236178322401216,20.830007778506907
421200,23.433648724690716,22.301989891418668,19.93303112288312,20.55118865912619,19.52265520800076,23.079078295501812,21.224983062307732
421600,24.790420279032983,23.443927489475456,21.46537629788233,20.80329449983726,19.64110518877546,23.180561497002053,21.36606748468525
422000,11.74787636782948,22.73226719075556,21.016810930128127,18.605050090984236,18.23217634353231,23.3312728242551,21.500790178432855
422400,8.790816851588714,17.53475420744818,18.730475974957567,18.12366885813796,18.393589894356573,18.483951512569185,21.40488256404834
422800,18.17802648517166,17.388157741662713,18.580035782119023,17.071773442668015,18.709585023828808,18.291399955566682,21.488806886687225
423200,22.686419417589253,17.238711880242416,19.770350885830517,17.796996106914516,19.263766719252526,18.73158259899158,21.57214872619876
423600,12.685214540879372,14.817670732611694,19.13079911104355,17.234876025809246,18.889654884840205,18.92409132672281,21.724674011092052
424000,7.596261852234877,13.987347829492773,18.359807510124146,17.375628043024467,18.21825970027557,18.62725627900321,21.776903210874497
424400,23.062668323570097,16.841718123889052,17.18823616566859,17.33370652179832,18.796672057966678,18.562926827336128,21.9618191907348
424800,32.012406381837955,19.60859410322231,18.498375922442488,18.432035100535476,19.65394060390654,19.26859331859408,22.28861784240948
425200,16.115722908155846,18.29445480133563,17.766583340789,18.849807231836095,19.622986886347125,19.08363724119783,22.016579304559258
425600,25.71005938737632,20.899423770635018,17.85854725162333,19.661961774752864,19.82171208376595,19.19546570448744,22.11615864792632
426000,19.83698424902459,23.347568249992964,18.667458039742847,19.84213448493552,18.62585274057044,18.340996767584954,22.398509867352654
426400,5.943691281866142,19.92377284165217,18.382745482770588,18.55661072886411,18.210027733015504,18.39087879146009,18.463710306609475
426800,19.23942283866134,17.369176133016847,18.488885118119555,18.534460450119322,17.54414400115186,18.654410047401505,18.330896988077264
427200,6.600148755014319,15.466061302388542,16.880258051862064,18.325304468846326,17.491416755230365,18.667889552404922,18.361317689565684
427600,28.98026087368699,16.120101599650678,18.509762685142825,18.820280898093223,17.659838245587103,18.79468183491587,18.84122559840682
428000,15.175807778006735,15.187866305447107,19.267717277720013,18.81376239392211,18.00632445458965,18.480624094636692,18.755348478746576
428400,18.3254028160096,17.664208612275797,18.793990726963962,17.991113446316312,17.8204679235202,18.79600172521601,18.609139607261703
428800,5.217927082586904,14.859909461060912,16.114542797038855,17.306459359740707,17.659537666036606,18.76909115218963,18.637783214283044
429200,17.435151894552302,17.026910088968506,16.2464856956785,17.006534518233785,17.98203338645023,18.77886158867998,18.516206932093976
429600,12.632702145814482,13.757398343394005,14.938749971522318,16.39864861157286,18.087557840342686,18.600971555705055,18.344122557894426
430000,17.005176902118897,14.123272168216436,14.655569236831749,16.66151363828733,18.11327940223426,17.633281864635777,17.60391126143432
430400,58.06995820299191,22.072183245612898,19.868195928944324,19.125470705857488,18.993805795557517,18.62456978199772,18.686342218956945
430800,27.189373697259672,26.466472568547452,20.66319101480416,19.57603806646189,19.24403730501427,18.323905754564947,19.056166240882042
431200,12.038079915749217,25.387058172786837,21.20698413087765,19.04362109136989,19.2858643561901,18.420308599142196,19.175708468099476
431600,10.808321065107725,25.022181956645483,19.38979015001972,18.949776417581308,19.010117315402056,18.09232622169527,18.913703497936652
432000,30.1796126241328,27.65706910104827,20.890170634632327,20.078943956176204,19.50589847415885,18.72728599960033,18.962533402635827
432400,34.12289287901856,22.867656036253596,22.469919640933224,20.631955183948627,19.48404884452195,18.98283085287347,19.530785308359462
432800,27.606673561150973,22.951116009031857,24.708794288789633,20.411668542914278,19.77390433609035,19.42185182172487,19.957031779509638
433200,15.45658132920794,23.634816291723602,24.510937232255195,20.37871146396688,19.50800208957425,19.614259347901484,19.925276717395032
433600,11.740517901003892,23.821255658902835,24.421718807774134,19.68023438964826,19.073005343639956,19.671098082200558,19.76512100611888
434000,5.820551253953364,18.949443384866946,23.30325624295758,18.979412739894702,18.875427839844082,19.410773612415106,18.767276740300147
434400,31.91360919080773,18.50758664722478,20.687621341739167,20.27790863534178,19.646187584484718,19.41725968210294,19.037180093946017
434800,14.109341336577083,15.808120202310002,19.379618105670907,20.021404560237567,19.510564746198227,19.277932505178438,18.53504822478615
435200,20.80577423400836,16.87795878327009,20.25638753749682,20.731685834187267,19.4478765734122,19.52849515151679,18.787524386813132
435600,19.231093509792213,18.37607390502775,21.09866478196527,20.24422746599253,19.666072539042627,19.53225418204287,18.69359393374928
436000,26.774102940117498,22.566784242260578,20.75811381356374,20.82414222409807,20.305333908638715,19.818952309010083,19.13345156239302
436400,11.56529205818447,18.497120815735926,18.50235373148033,20.486136686206812,19.92208803312586,19.238625066261555,18.88673542859485
436800,15.370227965093594,18.749298141439226,17.27870917187459,20.993751730332143,19.36734875256771,19.150105545036418,18.993223291754827
437200,23.453442836734148,19.278831861984383,18.078395322627212,21.294666277441237,19.61193941685366,19.150600397837504,19.307086542846637
437600,27.402785662971148,20.913170292620173,19.644622098823938,22.03317045329907,19.668363626040154,19.21590953243596,19.665802885525242
438000,20.50419677737423,19.65918906007152,21.112986651166025,22.208121447061835,19.69060404365181,19.43481754267458,19.751216220165297
438400,12.698503792422631,19.885831406919152,19.191476111327514,19.939548726533374,19.91576446067036,19.532509716195428,19.372102967947864
438800,42.80146914866623,25.37207964363368,22.06068889253643,20.720153499103702,20.70116600433719,20.14809578278279,19.834483782650047
439200,20.407966442393136,24.762984364765476,22.020908113374908,21.1386478254359,21.16142659391648,20.091134458402887,20.026977743888423
439600,16.297545119153977,22.54193625600204,21.727553274311084,21.413109028138212,20.73866940209871,20.181442722859753,19.971314000496523
440000,16.331397891646574,21.70737647885651,20.683282769463993,20.720698291513898,20.777189072553373,20.399821123845047,19.991818401100875
440400,11.54106744011121,21.47588920839423,20.680860307656665,19.591607019568535,20.55104456002343,20.111781101758574,19.527072114540587
440800,6.130925713157298,14.141780521292441,19.756930082463036,18.517819627168848,20.58147784770911,19.464744085041556,19.27147045252175
441200,6.156926242527112,11.291572481319232,18.027278423042333,18.05283687283481,20.205536992641605,19.215774168400838,18.92593600287848
441600,6.590797739435843,9.350223005375607,15.9460796306888,17.795350864756404,20.00414017909565,18.737792627202328,18.561943552086536
442000,11.811896709920346,8.446322769030361,15.076849623943412,18.09491813755475,19.831030839355698,18.53716543872472,18.563223958928354
442400,22.75567574557206,10.689244430122532,16.082566819258354,17.637021465292968,18.653888090775034,18.957465050317367,18.84252113680802
442800,20.524121534838727,13.567883594458817,13.854832057875607,17.95776047520605,18.431713018694335,18.989582517721804,18.88944303780136
443200,6.907511475916381,13.718000641136673,12.504786561227931,17.26284733730145,18.26069407069991,18.997266585744356,18.573864878967907
443600,18.323592145302232,16.06455952230995,12.707391263842755,17.217472269076957,18.511203106706393,18.730849867534737,18.686632431056363
444000,14.42355377264832,16.586890934855543,12.51660685194293,16.599944810703494,17.986001144990247,18.712043517400776,18.82317826946463
444400,22.49906181639976,16.53556814902108,13.612406289571785,17.146633298614258,17.59854010956962,18.81638499241053,18.811906139321227
444800,11.73409780295811,14.777563402644962,14.172723498551866,16.964826790507484,17.069454250963187,18.97928926041981,18.40633996774363
445200,11.04354972401109,15.604771052263903,14.661385846700265,16.34433213487133,16.922353197456626,18.81949920615628,18.304896504060736
445600,27.976506109848174,17.53535384517309,16.799956683741495,16.37301815721518,17.463552804418104,19.20309430525712,18.350225438510172
446000,40.42586180701525,22.735815452046477,19.661353193450985,17.369101408697237,18.61706315618683,19.78861142787953,18.76200298966998
446400,18.44802524464008,21.925608137694542,19.23058814335779,17.65657748130811,18.168210357981245,18.798063103920732,19.012089668925462
446800,4.8895439436044965,20.55669736582382,17.667130384234365,15.760981221055022,17.86088377821549,18.240567360079357,18.725092091024326
447200,9.467974298934704,20.24158228080854,17.9231766665362,15.213981613882098,17.482957113713034,18.176314719658993,18.782448601902733
447600,17.164566334505405,18.079194325739984,17.807274085456516,15.25733267464967,17.41407287453681,18.335220851393935,18.5461347111191
448000,20.009774316772432,13.995976827691425,18.365896139868926,15.441251495905965,17.18859525375864,18.080974893709925,18.642814041894415
448400,9.232822797277684,12.152936338218945,17.03927223795672,15.325839263764285,17.110846278395076,17.458723141666404,18.460962441519776
448800,47.50984595350732,20.67699674019951,20.616847053011643,17.394785275781786,18.182166878008868,17.956302451475313,19.306800818938186
449200,5.74011001126195,19.93142388266496,20.08650308173673,17.37394446421853,17.591722450493133,17.713390668526664,19.07289998127238
449600,22.689344812982046,21.03637957836029,19.557786952050115,18.178871817895843,17.434607755493495,17.987111341326116,19.274032834615728
450000,5.701255428495475,18.174675800704897,16.085326314198138,17.8733397538246,16.941176377197536,17.98412894568967,19.047954405143262
450400,9.427548159826934,18.213620873214744,15.183278605716822,17.20693337453734,16.83214452277768,17.421977419915148,18.075106204279958
450800,26.25086426016926,13.961824534547134,17.319410637373302,17.493270510803864,16.280457693161114,17.725515493004956,18.056336015538154
451200,16.351864291239888,16.08417539054272,18.007799636603817,17.965488151570042,16.145254288122672,17.61416774443574,18.142611703047965
451600,16.433949844846964,14.833096396915703,17.93473798763797,17.87100603654728,16.149801112312435,17.54423915281211,18.255124278642754
452000,4.916003422308674,14.676045995678345,16.425360898191595,17.395628519030296,15.769287963334508,16.99778666486689,17.74985209460627
452400,51.36134017468948,23.062804398650854,20.638212635932778,18.83874243694478,17.096630387820447,17.992687867779516,18.094621040519687
452800,14.00289247137698,20.613210040892398,17.287517287719744,18.952182170365724,17.359029279761106,17.9585044804366,17.822545418724207
453200,15.440299554555825,20.430897093555586,18.25753624204913,19.172019661892964,17.66847505682873,17.75817589838214,17.822219783231166
453600,17.159965808481516,20.576100286282497,17.704598341599073,18.63119264682463,18.020780659130253,17.5021054020199,17.930608741380716
454000,4.966524871588312,20.58620457613842,17.63112528590836,16.858225800053283,17.792601597852517,17.11366360437525,17.913528213733414
454400,15.973409434795114,13.508618428159547,18.285711413405178,16.734495009561034,17.566526054159954,17.195536245434564,17.594724218613166
454800,6.0499408004237365,11.9180280939689,16.265619067430627,16.792514852401997,17.084053363012785,16.276748036728502,17.433536207890096
455200,5.086243436232393,9.847216870304214,15.139056981929878,16.57342830926688,17.023344428356655,15.893704961574485,17.11914559193458
455600,23.688560781946716,11.152935864997255,15.864518075639854,16.899628031638947,17.202176716244804,16.078480353144304,17.20829493737767
456000,6.2524810524994985,11.410127101179492,15.998165838658934,16.2117633684253,16.929807625573176,15.826507432165624,16.797862499625307
456400,12.253293951615351,10.666104004543538,12.087361216351521,16.362786926142185,16.58828203008036,15.844313094953227,16.811622537493925
456800,5.724942850354905,10.601104414529773,11.259566254249314,14.273541770984561,16.387976864993586,15.834163523383172,16.61871683519915
457200,18.43576769028653,13.271009265340599,11.559113067822384,14.908324654935791,16.6343841305361,16.141134559577157,16.5183633322702
457600,5.5400839911441055,9.641313907180077,10.397124886088644,14.050861613843892,15.886503393245967,16.114866715869862,16.08110929883366
458000,7.975899618365021,9.985997620353182,10.698062360766313,14.16459382333737,14.804837986957626,16.01896678858098,15.830543355653473
458400,6.57699020002615,8.850736870035341,9.758420437289418,14.02206592534733,14.409136818803828,15.614499649942331,15.708113083805545
458800,20.787570100238767,11.863262320012115,11.23218336727092,13.748901217350806,14.93907102402497,15.621085864077333,15.267835102836996
459200,5.869299915908376,9.349968765136484,11.310489015238518,13.224772998584234,14.819115211257428,15.595130575077132,14.977061772307302
459600,16.388136971413854,11.519579361190432,10.580446634185233,13.222482354912575,14.793234232487709,15.546744195729923,14.978873609352497
460000,4.049008548739399,10.734201147265308,10.360099383809223,13.179132611234113,14.261208706886608,15.2873805651322,14.733225822494353
460400,5.1221020958296135,10.443223526426003,9.646980198230649,10.86717070729112,14.124184683505005,14.852956572117943,14.604846515608722
460800,4.925514389977451,7.2708123843737384,9.567037352192903,10.413301803221142,12.704706964720677,14.682741986793427,14.580738289145126
461200,5.042020292042935,7.105356459600651,8.227662612368544,9.893387840095498,12.681437307413375,14.532703750994225,14.558440170135443
461600,3.603896361471029,4.548508337612086,8.034043849401238,9.215584367744974,12.045255692363009,13.923388507284795,14.498702142576146
462000,4.810277164955624,4.700762060855331,7.717481604060298,9.20777198241334,12.01555641691168,13.032998891233305,14.35866975167685
462400,18.80121810110889,7.436585261911186,8.93990439416857,9.34916241572903,12.328012081621077,13.041828712645025,14.279580598787588
462800,4.263703323775907,7.3042230486708775,7.287517716522285,9.259850541896636,11.595106717074634,13.02618269714931,13.95437223456633
463200,3.4853953213869437,6.99289805453968,7.049127257070142,9.179808136154364,11.166224418079535,12.876618222710619,13.885929911475744
463600,15.639203881821045,9.399959558609684,6.974233948110862,8.777340291148082,11.139732885978672,12.838484161393506,13.83224214620612
464000,52.76970735176855,18.99184559597227,11.846303828413777,11.103201606111535,12.734856350294,13.65748248726841,14.599165217788522
464400,3.658521277576752,15.963306231265838,11.69994574658849,10.673462972409602,11.144762387056911,13.518124949275887,14.222354407012064
464800,14.61492786489401,18.03355113948946,12.668887094080146,11.117962223136558,11.165163566840812,12.695751997060556,14.27997100825078
465200,29.435761136304404,23.22362430247295,15.108261178506293,11.667961895437454,11.631678952899097,13.288143275186616,14.647815236496648
465600,20.42405252902669,24.18059403191408,16.79027679526186,12.412160322331582,11.740481843583934,13.231510968087733,14.496766164880217
466000,4.17916355538756,14.462485272637883,16.727165434305054,12.222323519182709,11.714236466377242,13.193458671260036,13.771832199847665
466400,9.070885256148168,15.544958068352168,15.754132149808978,12.34701827198881,11.484152327089014,13.184542098668066,13.584289400077825
466800,19.72577174496464,16.567126844366292,17.300338991927852,12.293928354225104,11.940013358573708,13.02141478578795,13.881013956105027
467200,20.30927146289981,14.741828909685372,18.98272660607914,13.015926931574674,12.447447626129291,13.120349965079447,14.097839899384331
467600,19.95726601546413,14.648471606972862,19.414532819443448,13.194383383777188,12.323071133913203,13.208432869344879,14.153693893003506
468000,3.9442105540090178,14.601481006697153,14.531983139667494,13.18914348404067,12.24612878396352,13.184138047637386,13.832382617748237
468400,6.954716019066215,14.178247159280762,14.861602613816444,13.2807741802025,12.069509519545216,12.073972443746804,13.786820482184009
468800,6.947325005859585,11.622557811459751,14.094842327913,13.38186471099661,12.110255591395374,11.89758325710887,12.975570063231054
469200,34.3649271708637,14.43368895305253,14.587758931368928,14.848010054937646,12.64122757408128,12.370698947516566,13.548066406423088
469600,20.172524006990944,14.476740551357892,14.562606079165354,15.67644143721364,13.128975574609507,12.446012902479302,13.497729990303267
470000,19.17220359779418,17.522339160114925,16.061910083406016,16.39453775885557,13.502185707257146,12.801154870634448,13.767148953689238
470400,7.803255875181806,17.692047131338043,15.935147145309381,15.844639647559214,13.543061229762333,12.596901031644116,13.734663107996338
470800,4.322467945793438,17.167075719324814,14.39481676539226,15.84757787866009,12.994224491280821,12.553714210278358,13.29609518170882
471200,43.71470372224964,19.037031029602,16.735359991327243,17.859043298703227,14.255737951492199,13.519425717428788,13.843351970329016
471600,8.661828013711215,16.734891830946054,15.60581619115195,17.510174505297734,13.998194319568775,13.143757398222899,13.6879095337063
472000,6.2154918677313455,14.14354948493349,15.832944322524185,15.182463731095874,14.070410430201841,13.142832668603699,13.713899302614754
472400,8.468922596137789,14.276682829124685,15.984364980231343,15.422983797023926,14.181971113545448,13.04822338471676,12.856050951043722
472800,19.178435743709997,17.247876388707997,17.207476054016382,15.651159190964725,14.6570684920032,13.384560707050635,12.959561816490382
473200,25.16888672010084,13.538712988278238,16.287872008940095,15.437815470154547,15.32796403960513,13.552888682795992,13.15413355980128
473600,13.840803187058732,14.574508022947743,15.654699926946876,15.108653003056148,15.669194267124718,13.760406662693859,13.087750307372826
474000,4.171271778081976,14.165664005017868,14.154606744975656,15.108258414190871,15.647894087562264,13.665290966686783,13.0718452455027
474400,4.1299995500193125,13.297879395794173,13.787281112459407,14.861214128884427,15.158853469192612,13.604116200436613,12.834977047807183
474800,6.674501126277358,10.797092472307645,14.022484430507797,14.208650597950063,15.23921339594266,13.251289476087578,12.847468254324255
475200,6.258315294114867,7.014978187110449,10.276845587694321,13.506102789510814,15.331644061700256,13.261014860542739,12.870909691481904
475600,4.802311888644597,5.2072799274276225,9.890893975187659,12.748355083169837,14.970414328594376,12.971369233473506,12.493184713615861
476000,3.8955672773250014,5.152139027276227,9.658901516147024,12.745922919335639,13.341276326112924,12.96753320168815,12.446046438112374
476400,3.801106749821544,5.086360467236673,9.1921199315154,12.588242455873404,13.346029175187748,12.934508318037947,12.277002694076497
476800,23.36267819811767,8.423995881604736,9.610544176956168,13.409010115486307,13.637620852961872,13.39543741324145,12.62975740103175
477200,5.598109576483527,8.291954738078468,7.6534664625944355,11.9706692357673,12.84303246763451,13.409339645352466,12.37300423875569
477600,16.485084566569814,10.62850927366351,7.917894600545543,11.786297263746244,12.711733535552614,13.731369350479934,12.591904250264205
478000,4.288342243784065,10.707064266955323,7.929601647115753,11.042104196045738,12.715372825165833,13.718320977450649,12.518153102772585
478400,19.1330052968527,13.773443976361554,9.429902221799091,11.608591667129282,13.050776826522648,13.726615657344244,12.769273404709118
478800,9.232128431967933,10.947334023131607,9.68566495236815,11.854074691438006,12.700988716089427,13.850826285049044,12.5381645713437
479200,20.905268242311536,14.008765756297208,11.150360247187816,10.713602917441102,12.72085527540315,14.286323108072157,12.838883937871763
479600,24.099323694280624,15.531613581839371,13.08006142775142,11.485477701469573,12.858923864697033,14.497826103383648,12.9931076723291
480000,5.482669917811919,15.770479116644944,13.23877169180011,11.448836603973602,12.910205843490463,13.31565016753473,13.02178089971055
480400,3.9544462756608887,12.734767312406579,13.254105644384044,11.223112787949756,12.81019685204362,13.323048292486835,12.998427783307175
480800,6.584675732881289,12.20527677258925,11.576305397860406,10.59342478740832,12.79810854294434,13.122291989186518,13.031611010165252
481200,24.941838304589147,13.012590785044774,13.510678270670969,10.582072366632737,12.48400558073519,13.009943918393637,13.429607370416177
481600,4.537979129741827,9.100321872137012,12.315967726988172,10.11693116376689,11.962854084826885,12.612792083411515,13.448289025781591
482000,35.5651886751355,15.11682562360173,15.443652370123313,11.686627008619567,12.509286920738264,13.397442711405214,14.063387255985193
482400,4.419460248853458,15.209828418240244,13.97229786532339,11.701100043561274,12.396493733193985,13.281157086222844,13.775752098940082
482800,4.6924950609099465,14.831392283845975,13.51833452821759,11.601999740292904,12.408827970364536,12.905325169121477,13.784327933682764
483200,23.09994878433633,14.463014379795414,13.73780258242007,12.444081414803978,11.72166947243409,12.97509210215739,14.17661900294175
483600,25.16315137431633,18.588048828710313,13.84418535042364,13.462123389087566,12.271713584454261,13.105239236128696,14.367097952791655
484000,6.728430324414481,12.820697158566109,13.968761391083898,13.603766541442038,12.288811533010367,13.174844730388832,13.446272412244573
484400,9.916108747937804,13.920026858382977,14.564927638311588,13.90951664134785,12.3370510714037,13.24887954861062,13.571424161651795
484800,13.692449208344042,15.720017687869795,15.275704985857862,13.42600519185917,12.154184853558169,13.417507653672734,13.552974588520797
485200,727.0283088843693,156.50568970787637,85.48435204383587,49.49751515725346,35.549498925700455,30.734092196510375,27.50482554348209
485600,4.0047340748869535,152.27400624799049,85.43102753835038,48.87349763266932,35.221629955294716,30.32989744820777,27.1764391743993
486000,15.805296190536623,154.08937942121494,83.4550382898905,49.44934533000695,35.60943076904321,30.245724763026335,27.40896182710228
486400,52.63514839716221,162.6331873510598,88.27660710472136,51.12445248502242,37.226269063947974,31.366522076075842,28.280247089922558
486800,6.042374455985483,161.1031724005881,88.41159504422893,50.9649647862233,37.205198174938246,31.409519738830646,28.006579144142975
487200,18.38826221687565,19.375163067089385,87.94042638748286,50.8391144849515,37.609529739030265,30.776358701196294,27.968158959222496
487600,4.993181213181471,19.572852494748286,85.92342937136937,49.88380736089654,37.61589204984817,30.68464253118305,27.668877263176842
488000,4.985035455809292,17.40880034780282,85.74908988450886,49.85892563779642,37.65220765579764,30.653881120885,27.689693761212844
488400,4.527934322674005,7.7873575329051805,85.21027244198248,49.88760004014707,37.67643524155939,30.5553564140484,27.641158127285003
488800,5.051861640864321,7.589254969880949,84.3462136852345,49.810959335546215,37.06607468965095,30.202192061477263,27.603248859985097
489200,51.52920756749074,14.217444040003965,16.796303553546654,51.140327798691295,38.59711128935119,30.86120008266201,27.94653446791764
489600,30.487288471527417,19.316265491673157,19.4445589932107,52.43779326578058,39.063851419516446,31.277362214773728,28.15282975720837
490000,14.743182330970171,21.26789486670533,19.338347607254054,51.39669294857231,39.41234608908931,31.54165997859593,28.06424933187189
490400,24.476065420524744,25.257521086275478,16.522439309590304,52.39952320715588,39.59044809321171,32.05031162535857,28.397705522778747
490800,23.34147514904582,28.915443787911776,18.25234937889634,53.331972211562665,40.06075965044764,32.466985975927784,28.77808566684379
491200,13.259269488701316,21.261456172153892,17.739450106078905,52.839938246780925,39.8058930253273,32.64200983079244,28.168976982172826
491600,4.247945591454525,16.013587596139313,17.664926543906212,51.79417795763783,39.14418042189977,32.6281506733627,28.080699333727694
492000,8.788640991919051,14.822679328329091,18.045287097517186,51.89718849101305,39.25437945770334,32.75047751622754,28.13216231621145
492400,26.34177260258292,15.195820764740727,20.22667092550808,52.718471683745314,40.00062366860074,33.31399416254658,28.48961931634035
492800,17.5088394804788,14.029293631027324,21.472368709469528,52.90929119735206,40.364762460187315,33.167648194605604,28.45622739107573
493200,31.719943058013516,17.721428344889762,19.491442258521808,18.143872906034265,40.59069928530146,33.82069403164385,28.58724851783398
493600,77.77857663634889,32.42755455386864,24.220571075003953,21.83256503410736,43.03205253552171,35.35303133338833,29.866003986819784
494000,11.335232710570835,32.936872897598995,23.879776112964016,21.609061860109072,42.224387336702875,35.52920359505801,30.00928320546956
494400,16.9109284525626,31.05070406759493,23.1232624161678,19.822850862879086,42.64076961015985,35.47365167395075,30.264901783520422
494800,31.26509815272058,33.80195580204328,23.91562471653528,21.083987047715844,43.526523046553535,36.024475916969564,30.75671372404929
495200,24.68574758318486,32.39511670707755,25.058272525983636,21.398861316031304,43.57938300651516,36.1189879004914,31.12526236983069
495600,19.576385100629352,20.754678399933645,26.591116476901117,22.1280215104037,43.39315746405892,36.00591443565011,31.420743834070386
496000,3.807869582774472,19.249205774374374,26.093039335986656,22.06916321675196,43.29580543933759,35.964044427274175,31.418989880179375
496400,480.4268662822043,111.9523933403027,71.5015487039488,45.86410981472848,58.97949735714647,47.875854927437764,40.95150507082703
496800,25.987413158203356,110.89685634139926,72.34940607172125,46.91088739059542,59.38932948880845,48.36092336307081,41.00399977002874
497200,4.448765427824916,106.84945991032728,69.6222883087024,44.55686528361213,35.303344706923646,47.84859654115171,40.98101288705558
497600,17.89486556421936,106.51315600304527,63.63391720148944,43.92724413824673,35.76634908990139,48.182518702013645,41.00920850700856
498000,11.361849071565498,108.0239519008035,63.636578837588914,43.7581774752765,35.618234185935684,47.577435211924396,41.15067864356419
498400,3.798495070206468,12.69827765840392,62.32533549935329,42.72429895776058,33.99034574170382,47.561911082458224,40.84398843903127
498800,13.80842580176963,10.262480187117173,60.5796682642582,42.247646490396775,34.24921411989663,47.789809350979716,40.9355143864273
499200,3.7167616208877994,10.116079425729751,58.482769668028496,41.770521097006096,33.76016410003037,47.3052296718935,40.591744253998826
499600,11.024022733010684,8.741910859488016,57.62753343126663,42.1093249540839,33.96119215069134,46.95175145586086,40.330238234773425
500000,3.740625530691008,7.217666151313118,57.62080902605828,41.85692418102251,33.919711819854065,46.87705633601777,40.295397347031006
500400,3.909042320184232,7.23977560130867,9.969026629856272,40.735287666902565,33.89908208643774,46.72687967532393,40.29448926792148
500800,6.173188088195534,5.712728058593852,7.9876041228554895,40.16850509728841,33.936459634682116,46.538898147320225,40.28625951502776
501200,26.14759891786733,10.198895517989758,10.157487471859731,39.889887890281095,33.090406013028,29.016880398157678,40.31037472729332
501600,4.206807178119181,8.835452407011458,8.788681633249713,36.21129941736961,32.21438996991439,29.02193222573848,40.30375128826088
502000,5.838355578861815,9.254998416645618,8.236332283979346,35.93645556078416,31.917562411510783,28.772758710446613,39.709214626335395
502400,23.326440275945245,13.13847800779782,10.189126804553222,36.25723115195329,31.87924157335813,28.040041007416185,40.08735422687723
502800,23.153684383533783,16.534577266865472,11.123652662729638,35.85166046349396,31.872981881174393,28.467823755604893,40.45657801332971
503200,4.365595013246842,12.178176485941375,11.188536001965542,34.83565283499705,31.576526065325915,28.117257075514175,40.08189093790792
503600,2534.245985690642,518.1860121884459,263.5107322977287,160.5691328644977,115.90979406863217,91.34857718745069,90.26354762423443
504000,5.079841076038059,518.0343092878812,263.6446538522634,160.63273143916086,115.78616740476946,91.3509473279564,90.23057583926692
504400,1223.9117124032364,758.1513637133395,385.6449208605686,197.80697374521247,155.7051653981246,121.83554177997048,114.51048791237288
504800,11.709091854462296,755.8624452075252,386.19851123719525,197.09305768002542,155.51184047725738,122.00197253531041,114.47082076529524
505200,18.984537918427687,758.7862337885613,385.4822051372513,197.81984630455557,155.0873269726045,121.18835579408385,100.30994534597642
505600,13.408295853854758,254.61869582120386,386.4023540048249,197.59551781903733,152.94165094652135,120.76138097864202,100.49801658155576
506000,30.97154175662265,259.79703595732076,388.91567262260094,198.5760024532902,153.59619458138977,121.16708996428333,100.8013414928775
506400,110.4160644791868,37.09790637251084,397.6246350429251,203.9068809237392,156.7130324489439,123.3155899407499,101.95695981451797
506800,13.108296432709883,37.377747288160364,396.62009624784275,203.87187445528622,156.10780572494352,123.0597604728415,102.09827825405246
507200,40.167656526297634,41.61437100973435,400.2003023991478,205.6944192005567,156.62386935638062,123.7324701487814,102.5338661402409
507600,10.011266229408372,40.934965084845075,147.77683045302444,205.6437813753766,156.30503206067326,123.87655316473024,102.63422784056546
508000,669.6201908783834,168.6646949091972,214.230865433259,238.9377596427612,178.49877610386022,140.39734191189186,115.92693094901693
508400,12.977863741761457,149.17705476171213,93.1374805671115,239.39120071384005,162.91714268584548,140.06324419037134,116.09592953739867
508800,16.23601943924541,149.80259936301925,93.5901733255898,239.89434228139257,162.59209622854686,140.03142368934047,116.31961269336631
509200,16.346903934351825,145.0384488446301,93.32640992718223,239.40430753221682,162.9887008454311,139.64709771124893,115.61596662070353
509600,9.58663357604802,144.95352231395802,92.94424369940154,239.6732988521132,162.7117597791587,137.9422991347414,115.19795352279392
510000,16.037383287089263,14.236960795699195,91.45082785244821,240.18325023752465,162.8676109196762,138.05985289915438,115.22383754191632
510400,38.793474220982056,19.400082891543313,84.28856882662774,240.95660193477647,164.03411022470203,138.60691654336486,115.51018571792547
510800,10.769324133723469,18.306743830438926,84.0546715967291,240.33738392228597,163.93280683576717,138.09452219288994,115.25874269761901
511200,14.27097121287509,17.89155728614358,81.46500306538684,240.83265273226735,164.28461382216673,137.8341527836322,115.27897673210249
511600,3008.26839488685,617.6279095483039,381.290715931131,264.5337731920778,264.1927595606281,212.55145302828768,175.35938571801037
512000,12.739403323049244,616.968313555496,315.6026371755976,264.91675130442826,264.49271882037334,212.77474137179456,175.43840096463296
512400,36.93204341975523,616.5960273952506,317.998055143397,205.5677678552542,265.5934855236923,201.68737080023334,175.65020638097644
512800,20.72125917950292,618.5864144044065,318.4465791174227,206.01837622150623,266.07842122673594,201.55571695076583,175.71445477495695
513200,21.533966560948624,620.0390134740212,318.9652853800824,206.14584765363233,265.9246334815053,201.98284697909395,175.51073524501564
513600,24.39179474955425,23.26369344656205,320.445801497433,206.6950225984173,266.5974664005532,202.14527020872728,174.44299960727972
514000,8.694180881174761,22.454648958187157,319.7114812568416,205.58115455464485,266.69266057729686,202.07857850396752,174.39017857069183
514400,18.08644728375892,18.685529730987895,317.6407785631192,200.9646736948735,266.517994144224,202.43577730930633,174.4136889473157
514800,41.17573515566882,22.776424926221075,320.6814196653138,202.36804563102143,267.11872916996185,203.1199600431538,174.6119016873747
515200,19.49868773592375,22.369369161216103,321.20419131761867,201.33459719150275,267.6231655940511,203.5145081960297,174.50816049042947
515600,3364.2978844730405,690.3505871059134,356.8071402762377,369.0489281036844,295.291562220131,287.34635473953045,241.40259047787768
516000,16.16158305288814,691.844067540256,357.14935824922156,336.3759977124096,295.66095361935936,287.6568786775854,241.64966474728
516400,12.181977114885324,690.6631735064814,354.6743516187346,336.3362033810658,255.26996244308103,287.8637020474529,232.28476696393358
516800,16.40788400833455,685.7096032770145,354.2430141016178,336.34479660952024,255.42658884821006,288.1195694454564,232.0931763809362
517200,24.800549857625604,686.7699757013548,354.5696724312855,336.76747890568396,255.62045591285002,288.0858932189504,232.50021206953224
517600,12.444556756958454,16.399310158138412,353.3749486320259,336.91037506472946,255.5883312762868,288.29183695842136,232.39120589338702
518000,31.2719297870896,19.42137950497871,355.63272352261737,337.67210238972945,255.5983442106357,288.92767631362705,232.78940750769752
518400,15.7809415696645,20.141172395934543,355.40217295120794,336.52147575716356,252.44384011365165,288.73903884597,233.02905643768668
518800,7.504282823862228,18.36045215904008,352.03502771802727,336.3582236916705,252.2570396600234,288.3478038069783,232.90297357812852
519200,9.770580575270657,15.354458302569089,351.062217001962,336.13320415979035,251.24380379498913,288.48292844602884,233.02404995721616
519600,28.43851540804559,18.553250032786515,17.476280095462464,187.14171018585012,251.85804543427702,225.8377416889639,233.37233981071688
520000,21.9837186050156,16.695607796371714,18.05849365067521,187.6039259499484,230.2701630251648,226.26033862718836,233.73720167220338
520400,20.52605884230176,17.644631250899167,18.892901823416857,186.78362672107576,230.52176952851613,196.17569728816497,234.06954200264568
520800,544.7226668838036,125.08830806288745,71.72438011096376,212.9836971062908,248.13799111000142,209.5010366638985,244.8405315785579
521200,23.44207265607852,127.82260647904903,71.58853239080905,213.07910241104727,248.37449673405897,209.61247503233977,244.78642105332207
521600,19.509745798283618,126.03685255709664,72.29505129494157,212.83499996348377,248.70526714146683,209.76501128095052,245.09247982572538
522000,18.441130379720683,125.32833491203765,71.01197135420469,213.3223474384111,248.78539204455453,209.45175099652798,245.34453532174254
522400,12.47683976151469,123.71849109588022,70.6815611733897,213.04186706229885,247.9081708959056,207.00327037858614,245.12754331145396
522800,25.176518433468992,19.8092614058133,72.44878473435037,212.24190622618886,248.38841070589712,207.3049759286051,245.16799999245265
523200,17.00702972579617,18.52225281975683,73.17242964940293,212.1173233256825,248.47961265632784,206.7259602585926,245.4208286867036
523600,44.20745123989103,23.461793908078313,74.74932323258747,46.11280166402499,149.67758120142923,207.58086488385464,195.62005799768863
524000,26.354489471003884,25.044465726334955,75.18640031918629,46.62244698493078,150.13141740636104,191.49922234867017,196.04555096558795
524400,18.912771164036872,26.331652006839384,75.02507155135982,46.95898668738836,149.53077499783709,191.64759503422707,171.94557214080396
524800,12.092384033701856,23.714825126885962,21.76204326634963,46.74321168865672,149.2431458263104,191.54400414908847,171.95323798438872
525200,15.461603209062863,23.4057398235393,20.963996321648064,46.27626435622858,149.04073371458085,191.52187163095624,171.88277929020148
525600,41.3354913581499,22.831347847191076,23.146570877634694,47.72081108628816,149.60552360153403,192.31559307550881,172.44132320028737
526000,24.011892662106597,22.36282848541162,23.703647105873284,47.357809230039,150.1161139942318,192.5149558098842,172.302130218397
526400,10.783419771022892,20.736958206808822,23.534305106824107,47.10793314010692,149.87267974380723,191.81470444863527,170.30947732423374
526800,18.260377853609068,21.970556970790263,22.842691048838113,47.645737891594266,149.1088345004053,192.00198079163238,170.41251895265174
527200,13.771549722519415,21.632546273481573,22.519143048510436,47.84578634895671,148.91792989995844,191.9894952543735,169.88459681657616
527600,3.847141666791369,14.134876335209867,18.48311209120047,46.616217661894,36.90290513975014,116.87896392387204,169.7613143253238
528000,10.01881246646351,11.336260296081251,16.849544390746438,46.017972354966396,36.69814612020265,116.8109491524574,156.56928675708542
528400,4.9354766961417305,10.166671681105019,15.451814943956922,45.23844324765839,36.45659610624453,116.01103498436706,156.40843901617302
528800,17.442300151222078,10.00305614062762,15.986806555708943,18.87442491102931,36.49107664434078,115.92906100866006,156.43256463041257
529200,19.94793263977932,11.238332724079601,16.43543949878059,18.699717910214353,36.32932273707924,115.88941016063082,156.5045852045211
529600,13.00421759928177,13.06974791057768,13.602312122893775,18.374441500264258,36.34797809849002,115.60472073187398,156.57293688498578
530000,19.96344175264119,15.058673767813218,13.197467031947236,18.450557068910282,35.971028497341734,115.88645225366065,156.65145805429682
530400,30.81118385015152,20.233815198615176,15.200243439860097,19.367274273342126,36.47203657335797,116.20457066782046,156.49181224688022
530800,17.457348766979454,20.23682492176665,15.119940531197136,18.981315790017646,36.80380543812854,115.61161100810325,156.62557273954533
531200,8.649094696579999,17.977057333126787,14.607695028603194,18.563419038556837,36.76642257550552,115.34037118211964,156.51313520921943
531600,5.862013263240547,16.548616465918542,14.809182188248112,16.646147139724313,36.01387250401202,31.379474401874642,96.46500757674727
532000,19.401175345835867,16.43616318455748,15.747418476185349,16.298481433465916,35.92778772870602,31.460464209198335,96.598243017203
532400,18.115847902100278,13.897095994947227,17.0654555967812,16.258635270369084,35.84744736403265,31.60881097887871,96.2219191068499
532800,5.026431159136957,11.41091247337873,15.823868697572689,15.905337626640838,17.85757283987709,31.324274657648772,95.90802254644257
533200,19.838891754907262,13.648871885044182,15.812964609085487,16.124202053933057,17.737466809838047,31.200233205080814,95.87412105032173
533600,30.239686044246525,18.52440644124538,17.53651145358196,15.56941178823789,18.095131484703476,31.64511143726301,95.9910788762156
534000,15.69755732154076,17.783682836386355,17.109923010471917,15.153695021209597,18.003679049430808,31.25575212562429,96.13114640502292
534400,3085.1738029567773,631.1952738473217,322.5461849211345,168.8732141804973,120.42691115593956,107.9905736603021,157.4728935184833
534800,722.7717989932308,774.7443474141405,393.07762994375963,204.0987852374784,143.6800871745983,125.87226156453634,171.10481479523452
535200,12.076946376472028,773.1919583384536,393.42041511174887,204.01405507017606,143.51575106295417,125.92992070956636,170.95637996804547
535600,4.912672408234799,768.1265556112511,393.32548102624827,204.06733160724824,142.20592510189894,125.34177463457108,103.76867572674935
536000,4.318192914855024,765.8506827299141,391.8171827831502,203.7823006296678,141.47138188336064,124.90013649231707,103.5318079239887
536400,14.988166293596567,151.81355539727787,391.5044146222998,204.28493510954053,141.34056172101265,124.76168917859945,103.58793170756293
536800,16.38073157342517,10.535341913316717,392.63984466372864,204.23185668065068,141.48350663900342,111.55314079584,103.58738865886475
537200,35.56253176080063,15.232458990182437,394.2122086643179,205.01258663670177,142.153537590728,111.85615227345804,103.80262829692823
537600,19.77811903800714,18.205548316136905,393.16605196369403,205.351281708638,141.43495851338994,111.86286160445113,103.94929954254921
538000,15.851533795287938,20.51221649222349,393.18144961106873,205.14568631077037,141.16294655116263,111.79812168984031,103.64089162271318
538400,20.486312177774025,21.61184566905898,86.71270053316842,204.62944272715148,141.48637629805435,111.99835850024681,103.73499903487539
538800,22.524886296414493,22.840676613656846,16.688009263486784,204.88281960362323,141.6285265794812,111.93206769682044,104.03541110432643
539200,23.138142254783624,20.355798712453442,17.794128851317943,205.60727198153342,141.94074633055666,112.08534551004513,104.30276233791669
539600,20.232090851479057,20.446593075147828,19.326070695642365,206.32577586094536,142.48691130337957,111.48596150033481,104.13863384678534
540000,16.48574668083408,20.573435652257057,20.542826072240274,206.18000442769525,142.70247577719195,111.23924293058057,104.02867440830173
540400,20.02934521104257,20.482042258910766,21.046943963984873,206.27567929314236,143.20560472768864,111.26715728175573,104.01874013567654
540800,42.2402782519385,24.425120650015565,23.632898631836206,208.13637164778243,144.03220399771251,112.02085463721164,93.96909236303924
541200,275.3930604597346,74.87610429100576,47.615951501729604,220.91408008302378,152.54704159171104,118.51914106847843,99.00811211911235
541600,8.662930008325766,72.5622721223751,46.50443259876147,219.83524228122775,152.4023320053458,117.70232703473282,98.7911758033132
542000,32.95045496209076,75.85521377862645,48.21432471544175,220.6978871632553,152.8352324456608,117.92579109223243,99.0813622949606
542400,10.558705851691949,73.96108590675632,47.221564082833545,66.967132308001,152.16014984571217,117.92017324424917,99.04299961676413
542800,18.81427158146419,69.27588457266145,46.85050261133851,31.76925593741267,152.20538060619498,117.93402058744553,98.91575467972403
543200,23.87660371562997,18.972593223840526,46.92434875742315,32.35923880437056,152.7129642401633,118.18664693727331,99.05314615952074
543600,11.690637019691597,19.578134626113695,46.0702033742444,32.6981370349434,152.90725169871166,118.3827343210958,98.40280987511673
544000,10.39889496175234,15.06782262604601,45.46151820233622,33.00217213728827,152.60717568590886,118.39223638347801,98.08369798493169
544400,15.86130925440172,16.12834330658796,45.044714606672144,33.04582928532853,152.53202439765226,118.66538219743452,98.022668746739
544800,25.680084550140595,17.501505900323245,43.38869523649235,33.510796934164304,153.22047951068575,118.87132680740748,98.29442275706779
545200,16.543963347422302,16.03497782668171,17.50378552526112,32.55986851349538,153.11064856376956,118.78622757509854,98.31606995983495
545600,20.321741691365524,17.761198761016495,18.669666693565095,32.5870496461633,152.7800504186735,118.96916567740065,97.89579496649927
546000,8.329335233596458,17.34728681538532,16.207554720715667,32.210939718078734,152.53444301574206,118.67831301442455,97.58214381792908
546400,12.727028077282512,16.72043057996148,16.42438694327472,31.822975513054153,50.119550519758896,118.2262091201028,97.62101598405425
546800,27.473009431731302,17.07901555627962,17.290260728301433,32.070381669819994,26.94292420104224,118.4766006367216,97.80526861561671
547200,35.577926126490816,20.885808112093322,18.460392969387517,32.69237086340535,27.726290192709534,119.14982142246939,98.24139614369614
547600,33.61071242999776,23.54360225981977,20.652400510418133,33.36130194233129,28.682891526768298,119.84353890163831,98.83666755896027
548000,37.67270461485976,29.412276136072432,23.379781475728873,34.42064983903258,29.794708583435124,120.30032713336391,99.3897454019282
548400,20.88736603602402,31.044343727820728,23.882387153891106,34.463550880281645,29.991348574849372,120.369615086712,99.70878318872585
548800,28.657240135076027,31.28118986848968,24.180102712384645,33.78439897443852,30.4005655269044,120.96038531111049,99.93308198840292
549200,19.09933172917673,27.98547098902686,24.43563955056009,20.969712537910628,29.85179219251694,120.94189631046723,99.91610997019086
549600,40.155458284692806,29.29442015996587,26.41901120989282,22.54433895172898,30.531036834073124,121.18979061647838,100.4591347838991
550000,80.26652663799076,37.81318456459207,33.61273035033225,24.91014253552398,32.67820326216322,122.80401484938962,101.66519648160607
550400,12.68284277919642,36.17227991322655,33.60831182052364,25.016349381899204,32.41808761554397,45.9917408449501,101.30262966018698
550800,14.917471990284117,33.42432628426817,32.35275807637892,24.821509402340197,32.16450713867296,28.29538266987643,101.25183212465306
551200,9.699343067424111,31.544328551917648,29.764899770472255,24.11264636992991,31.716547165760968,28.235942587150237,101.27283709206995
551600,17.52461884194586,27.018160663368256,28.156290411667065,24.404345461042617,31.62629809877653,28.551241247993016,101.50608920364407
552000,17.918820419452125,14.548619419660525,26.180901992126298,24.78034173392761,31.67406722339713,28.89125693560794,101.47644210511639
552400,39.7957124297891,19.971193349779064,28.07173663150281,25.977061892696973,32.33294613068868,29.511445589012755,101.91003939567015
552800,19.614243192336968,20.910547590189633,27.1674369372289,25.673769824806794,31.578744962035294,29.592283379485547,102.20179563633417
553200,20.696520329161757,23.109983042537163,27.3271557972274,25.88139767389377,23.088860291016204,29.220633093694573,102.21894820781925
553600,19.868190959190816,23.578697465986153,25.2984290646772,25.858720137285037,23.462368989378373,29.22288489172417,102.01151830611815
554000,20.071294245116096,24.00919223111895,19.278905825389735,26.445818087861017,23.033063632145886,29.32837890296987,102.09899304458965
554400,13.831337914628444,18.816317328086818,19.39375533893294,26.50103357972831,23.142151367577103,29.162004546391234,40.67214374374666
554800,20.72049494193776,19.037567678006972,19.9740576340983,26.16340785523864,23.20569214625955,29.116894762529313,26.631117662720794
555200,18.74345339061711,18.646954290298044,20.878468666417604,25.32168421844495,23.03458713542579,29.00702754092515,26.7644478030037
555600,30.82323528403315,20.83796315526651,22.20833031062633,25.18231036114672,23.67234041090384,29.271806151739003,27.282659060519666
556000,18.568888965139852,20.537482099271266,22.273337165195105,24.227119578660723,23.944673544350092,29.323884708846645,27.567672981525366
556400,35.560820138724694,24.88337854409051,21.84984793608866,24.960792283795758,24.601323907160857,29.7121715820387,27.979126058427926
556800,23.91749006717025,25.522777569137013,22.280172623571993,24.723804780400467,24.542570757728512,29.254101877419497,28.12986122830283
557200,13.713380095484885,24.516762910110565,21.581858600204306,24.454507198715877,24.448217982663934,22.712109868313252,27.69287819499651
557600,21.018616019692686,22.555839057242473,21.696901106254494,23.497665085465872,24.471447126941502,23.02100201859742,27.717688134630226
558000,20.657944752668897,22.973650214748282,21.755566157009774,20.517235991199776,24.882400777577253,22.71368926336188,27.813816353777842
558400,19.912309087831748,19.843948004569693,22.3636632743301,20.878709306631542,25.12191014459556,22.947529344265373,27.802336291979
558800,12.45579484921439,17.55160896097852,21.53719326505777,20.75562544957806,24.62133632517833,22.788567425959126,27.600954463034995
559200,81.94300346805922,31.197533635493393,27.857148272801975,24.367808469609813,26.16683890323061,24.24022741976986,28.77705168730051
559600,3.4667564299725298,27.687161717549355,25.121500387395916,23.664915349011146,25.162040369896435,24.03463040502688,28.441744998870377
560000,28.12724593287924,29.181021953591426,26.077336084169854,24.1753366246825,24.84385841383042,24.477839179305057,28.67457498391128
560400,333.9894502013208,91.99645017628923,55.92019909042947,38.885023513259085,35.28059455267364,32.43104270297803,34.953777083716844
560800,22.098540045917066,93.92499921562975,55.73830408830414,39.00923835593809,35.06197121636834,32.341504090372446,34.550942319596416
561200,12.743198573351982,80.08503823668832,55.64128593609085,38.6115722681476,34.85010011117419,32.24648497102068,29.29794508186876
561600,8.85161946361213,81.16201084341624,54.4245862804828,38.06074369336867,33.806638817138165,31.959731915326852,29.30171887097449
562000,31.71394770877809,81.87935119859601,55.530186576093705,38.64287636655177,32.188219519497736,32.54434722720639,29.276988725908236
562400,47.05073591142751,24.491608340617354,58.244029258453295,40.30384626639172,33.33381595723878,33.402439923060015,30.00682932710295
562800,8.806674457567285,21.8332352229474,57.87911721928858,39.7081552421732,33.130122706148214,32.93578154870592,29.806677384625008
563200,5.657287796494038,20.41605306757581,50.25054565213206,39.05384696246705,32.99538753045055,32.187765590455996,29.44229106624229
563600,4.707147196390684,19.58715861413152,50.37458472877388,37.74804255808492,32.56813847559871,31.465176459615822,29.302621269776274
564000,6.757538762557653,14.595876824887435,48.23761401174172,37.157475047955806,32.19609575370223,30.692297313308266,29.22979414579238
564400,52.19467949620383,15.624665541842699,20.058136941230025,37.98916801582977,32.609394655916056,31.47498014981276,29.956461550628422
564800,24.185758493413605,18.700482349011963,20.26685878597968,38.002581437141934,32.76177849928527,31.363193108771203,29.926575029493883
565200,6.087643449363805,18.786553479585912,19.60130327358086,37.62129460483588,32.274815936625345,31.037900901775878,29.71744863153271
565600,22.299276542837,22.30497934887518,20.946068981503352,37.68532763099309,32.35585212274688,30.591496358229485,29.75699932856214
566000,17.69686502841283,24.492844602046212,19.544360713466823,37.53727364478029,32.276704482190105,29.027254817990034,29.94434992445847
566400,27.70709542397205,19.59532778759986,17.609996664721276,37.92701296158731,32.739229732501556,29.40286113410943,30.243951271392262
566800,34.04640485078607,21.56745705907435,20.133969704043157,39.00654346166589,33.183426729463164,29.881084455621977,30.375419179773356
567200,26.503623136300888,25.65065299646177,22.218603238023842,36.234574445077975,33.44209905431929,30.301191457343897,30.193933119969557
567600,58.2722327567821,32.84524423925079,27.575111794062984,38.97484826141845,34.35706563674426,31.3198818052148,30.687163526505245
568000,18.267335577149243,32.959338348998074,28.726091475522146,38.481852743631954,34.347013857144574,31.32859468415723,30.299056145751035
568400,6.103327458492098,28.638584755902077,24.116956271750972,22.08754660649052,33.36509743447015,30.486285059874803,30.00337537420039
568800,6.136724848897571,23.05664875552438,22.312052907299368,21.289455846639548,32.772405260527734,30.14934710128882,29.55296506847683
569200,5.189885670526128,18.793901262369427,22.2222771294156,20.911790201498253,32.48828877969577,29.76168123482293,29.274776147303815
569600,3.830794626590299,7.9056136363310685,20.375428937790925,20.66074895964716,31.915361399925693,29.360746326507915,28.548282874141766
570000,3.269837947834792,4.906114110468177,18.932726229733124,19.238543471599996,31.335757839764554,28.94070991907588,27.00834910033864
570400,11.9368530882948,6.0728192364287175,17.3557019961654,17.48284933044336,31.069909306446657,28.89334779841754,26.99342930652061
570800,4.314377852472034,5.7083498371436106,14.382499296333995,17.2582345001886,30.798528739888578,28.4831948711809,26.78136742376437
571200,3.153930524251246,5.301158807888633,12.04753003512903,17.13306663657646,28.172226308428314,28.093456799521753,26.650459172900913
571600,26.233210922886496,9.781642067147875,8.84362785173947,18.209369822901248,28.931108124858778,27.978706190493085,26.824631014519724
572000,14.72936385772081,12.073547249125076,8.489830679796627,18.607961077659407,28.484512055686828,27.882718062807605,26.760841883285096
572400,6.768869154538305,11.039950462373778,8.556384849401248,16.33667056057613,17.577159354127414,27.16291928820295,26.100305017780084
572800,3.268327805411756,10.830740452961722,8.269545145052666,15.290799026176037,16.949485612777238,26.646690231658987,25.77338671004158
573200,3.303729636007357,10.860700275312945,8.08092954160079,15.151603335508216,16.634836648199084,26.38644897017205,25.425530896178493
573600,19.36342104167733,9.486742299071112,9.634192183109493,15.004810560450233,16.98523003413459,26.345069095721662,25.41543549782822
574000,12.690303172847196,9.07893016209639,10.576238705610733,14.754482467671952,16.35110854960356,26.14587805622612,25.267815676382842
574400,5.053064292772906,8.73576918974331,9.887859826058543,13.621780911111994,14.951186162315073,25.77439693634965,25.09225020394573
574800,3.316705989633264,8.745444826587612,9.788092639774666,12.085295968054353,14.768187213383937,25.545919714860126,24.744174424899644
575200,20.26260017159101,12.137218933704343,11.498959604508643,11.77324481981886,15.255030959220505,24.00390963244842,24.774557360519125
575600,13.58826919819184,10.982188565007243,10.234465432039176,9.539046641889346,15.551068359280544,24.2569474516539,24.429858038802294
576000,7.54818959103409,9.953765848644622,9.516348005370507,9.00308934258359,15.577423386896424,23.74247104310777,24.20944405132018
576400,7.837871387443901,10.51072726757882,9.623248228661065,9.08981653903118,14.098863116604427,15.588681572760848,23.654985076294565
576800,13.905275016861506,12.62844107302447,10.68694294980604,9.478244047429376,13.75618033405269,15.38384994703446,23.454740775288386
577200,18.49772654348506,12.27546634740328,12.20634264055381,10.143636091077322,14.169849770523399,15.52771314628779,23.550427704248392
577600,5.509598301083105,10.659732167981533,10.820960366494388,10.227576274801963,13.610193829131605,15.444162617224563,23.2402473498762
578000,5.660794552188993,10.282253160212512,10.118009504428567,10.347124105019674,13.208991479924142,14.792833788309832,22.940304345866604
578400,5.904803196143121,9.895639521952358,10.20318339476559,10.04552161041209,12.482248405663176,13.764185470427725,22.66015422803283
578800,9.6153914658544,9.037662811750938,10.833051942387703,10.310572291081208,11.667881292832122,13.784403395634905,22.603346160365632
579200,12.321967192310444,7.802510941516013,10.038988644459646,10.768974124484167,11.19515942803244,13.951020380530313,21.210925434850655
579600,11.271321026382092,8.954855486575811,9.807293827278672,10.020879629658946,9.628462370352441,14.115124726280097,21.367016726778846
580000,38.49428958469706,15.521554493077423,12.901903826644968,11.20912591600776,10.302694170604033,14.908543496833582,21.5743575998152
580400,4.199467607815041,15.180487375411806,12.538063448682083,11.080655838671596,10.239232175581465,13.708663199623865,14.978557947945086
580800,23.83808767322759,18.025026616886443,13.531344714318692,12.109143832062388,10.829277603059133,13.699971429119213,15.013348900491296
581200,6.952560373906726,16.951145253205702,12.376828097360857,12.291585368957357,10.888033426505153,13.721594352232785,14.897536136502392
581600,6.3460894351501365,15.96609893495931,12.46047721076756,11.640718788630997,10.97187658679048,13.322764674540613,14.847425535933153
582000,19.693487460890022,12.205938510197903,13.863746501637664,11.990878003033137,11.519331570558988,13.372680235352544,14.607016330975393
582400,18.679261449412987,15.101897278517493,15.141192326964651,12.672187860865142,11.744078515929594,13.146984385988569,14.039586841735101
582800,11.761862455149432,12.68665223490186,15.355839425894152,13.09444568414095,11.992328002685507,12.589870826097654,14.098690601686744
583200,15.844933233445412,14.465126806809598,15.708136030007651,12.87356233723367,12.415361426325314,12.323403578526264,14.302443510425771
583600,27.37303601280432,18.670516122340437,17.318307528649875,13.562800677964294,12.453355595989242,11.55092365992682,14.755761286754044
584000,7.328769897331671,16.197572609628764,14.201755559913334,13.551829693279174,12.206669130642934,11.27745951793138,14.767185909449525
584400,14.732201355687623,15.408160590883691,15.25502893470059,13.89654619169136,12.472113537347912,11.49318136536127,14.017936346639202
584800,14.050540465601523,15.86589619297411,14.276274213937985,13.903809464128361,12.831520626020906,11.691026755778868,13.815231986082958
585200,32.175134969074755,19.13193654009998,16.798531673454786,14.587679885407846,13.79390080378982,12.365657988242585,14.336981816477177
585600,25.568341890595345,18.770997715658183,18.720756918999307,15.590617064883457,14.000731498753753,12.909096669842711,14.402363123432345
586000,10.323629734917082,19.369969683175263,17.783771146402014,15.823758824019862,13.921842384156083,13.085441464519766,14.254898417562428
586400,26.468871788314377,21.717303769700617,18.56273218029215,16.851962253628425,14.635702634007464,13.448741932020258,14.230133944849277
586800,6.519427355729764,20.211081147726265,18.038488670350187,16.697164048122193,14.742460012877347,13.503868169601699,13.67959439494815
587200,44.01863325955298,22.57978080582191,20.85585867296094,18.28199735148432,15.53432778247608,14.525485737984244,14.029894597413193
587600,64.7265738548115,30.411427198665137,24.591212457161664,20.95475999290579,17.238937937696736,15.487819811282368,14.15898141937378
588000,76.59996023486138,43.666693298654,31.518331490914637,22.860043525414007,19.540663625824312,17.034584720710885,15.325633912528021
588400,14.837681419594649,41.34045522491006,31.528879497305336,23.391954216002986,19.773990626896005,17.23630502733729,15.500320991750073
588800,24.463287631167603,44.92922727999762,32.57015421386194,23.42321421389999,20.125924380706206,17.766179022981184,15.866852247395475
589200,19.553601716484074,40.03622097138384,31.308000888602873,24.053266281028854,20.161120219806172,18.172425824993105,16.154126568314634
589600,32.72925060048673,33.63675632051889,32.02409175959202,25.372424339295684,21.06844196311963,18.50657156396334,16.73209568779256
590000,19.016998897049785,22.120164052956568,32.89342867580528,25.33859991110367,21.51364877461499,18.664738957068405,17.047038906776862
590400,49.3651169411901,29.02565115727566,35.18305319109286,26.872892685692527,22.962325899449887,19.772540273278832,17.79560418383477
590800,20.63288183957384,28.25956999895691,36.59439863947726,27.316443654913748,23.32957557857387,20.20544466952735,18.121974263576806
591200,22.89097490846357,28.927044637352804,34.481632804368324,27.668745738664654,23.68187583577897,20.271154037949163,18.51671515126105
591600,23.64642423172453,27.110479363600366,30.373617842059627,27.482415149610667,24.094379275957056,20.52260791378748,18.464979417437814
592000,11.13258421064576,25.53359642631956,23.826880239638065,27.672605865276374,23.182322430155345,20.61221777927777,18.39304382449631
592400,15.74291210509114,18.809155459099767,23.917403308187712,27.723141402746545,23.56710391339788,20.809843797218953,18.572524683507368
592800,16.631031734371348,18.00878543805927,23.134177718508088,27.852165966185037,23.32686871543601,20.8779877151567,18.83977876208656
593200,23.333718614613183,18.09733417928919,23.512189408321,27.41009514846196,23.872907323459554,20.998887516934904,19.240378541658675
593600,41.95292371903548,21.758634076751385,24.434556720175873,28.229324239883972,25.059801799589067,21.909970652383713,19.69216859520584
594000,20.841756146691665,23.700468463960565,24.61703244514006,28.755230560472693,25.09807742244912,22.28949469224628,19.855197654682726
594400,22.11593374900004,24.975072792742345,21.892114125921058,28.537583658506982,25.21263316576869,22.694772956067702,20.19645504380727
594800,16.478192185223964,24.944504882912867,21.47664516048607,29.035521899981696,25.369844156771176,22.86634297405194,20.459684767719082
595200,18.644631145479707,24.00668738908617,21.052010784187683,27.76682179427803,25.463167420505652,23.024409572881172,20.42732538719686
595600,14.330310736565254,18.482164792592126,20.120399434671754,25.247008638365713,25.028409911297683,23.10088431563575,20.442166217964328
596000,105.51530689813944,35.41687494288168,29.558671703421123,26.69277597152962,28.301294477991274,24.77640974847181,22.401508564106436
596400,20.72508781963233,35.13870575700814,30.056889274875243,26.987146291531502,28.501057360122765,25.189550253767244,22.6592528927502
596800,20.602404004335447,35.96354812083044,30.454026501871652,26.79410211018989,28.719452811413895,25.10865816204494,22.793195472499683
597200,21.33729684756344,36.502081261247184,30.254384325166676,26.883286866743862,28.358191540696854,25.468276573886357,22.849986878581248
597600,23.3044883013221,38.29691677419855,28.38954078339534,26.41204875178563,28.28272975438774,25.89223654554066,23.20588467858603
598000,13.746235845681728,19.943102563707008,27.679988753294346,26.14851059921723,28.396816624746563,25.743555255160448,23.367593504455883
598400,12.661954614385246,18.33047592265759,26.73459083983287,24.313352482876986,27.936586052282262,25.593122584284753,23.502736532820723
598800,13.363250930500037,16.88264530789051,26.423096714360476,23.94987093742329,28.164713504774603,25.63315729616852,23.577693722113636
599200,35.40989845383684,19.69716562914519,28.099623445196187,24.575817114691958,27.877755677917396,26.122281426678306,24.039452347344163
599600,2256.4410641361133,466.3244807961034,252.310698785151,136.2155491099114,100.9349053539608,81.84898212976103,68.94284720953878
600000,22.31310005622489,468.03785363821197,243.99047810095954,136.77457490219035,99.12534334800623,82.22359038373335,68.61922341896934
600400,12.10770816602004,467.92700434853896,243.12874013559832,136.59281470523678,99.03434423955375,82.15797805399167,68.77738823013345
600800,23.22596862935908,469.89954788831085,243.3910965981007,136.9225615499862,98.9931002728268,82.38736375808561,68.76514584925607
601200,20.853895259723988,466.9883472494883,243.34275643931673,136.79857038224173,99.0364433909348,82.10433276535186,69.04317254697241
601600,81.71099273293667,32.04233296885293,249.1834068824782,138.7864738329368,100.66916812868313,83.50789903641038,70.55047061292815
602000,13.702925429932533,30.32029804359446,249.17907584090327,138.42953229709883,100.49203234644588,83.59238142878576,70.430659372309
602400,21.476734031310027,32.194103216652465,250.06055378259575,138.39757231121433,99.5624195827832,83.46757798486065,70.48660882394694
602800,9.992503329863515,29.547410156753347,249.7234790225321,138.0732878684463,99.20774029912621,83.554404884214,70.45122164144122
603200,18.600105096609266,29.0966521241304,248.04249968680932,138.07106156600278,99.06471130539772,82.9189416801404,70.5063250787045
603600,8.533963115711337,14.461246200685334,23.251789584769135,137.7812441849601,98.56096260153062,81.5141264116629,70.12954362076265
604000,18.11191797595138,15.343044709889103,22.831671376741784,133.4110747388507,98.79360706037413,80.05192535519015,70.34520658233504
604400,21.33777410975965,15.315252725579029,23.754677971115743,133.44170905335704,98.98010246052975,80.21442767244427,70.47731803741647
604800,16.522406559650214,16.62123337153637,23.084321764144857,133.2377091811228,98.97648162137239,80.01590564565633,70.52675535929745
605200,19.448563557231275,16.790925063660772,22.943788593895587,133.14327251660617,98.84697645279299,80.01327969167502,70.27222393106058
605600,11.17068124009614,17.318268688537735,15.889757444611533,132.5365821635449,97.82090170349503,79.47431545766526,69.9842707180506
606000,12.571132114822344,16.210111516311922,15.776578113100516,132.47782697700194,97.54521423576604,79.31316878810958,70.0292207656487
606400,14.803643434461586,14.903285381252312,15.10926905341567,132.58491141800573,97.30147122528142,78.44913195044136,69.79591619857165
606800,7.750511268948748,13.14890632311202,14.885069847324194,132.30427443492815,97.01054852807223,78.12707268617572,69.82053787683603
607200,13.19018362714531,11.897230337094825,14.344077700377799,131.1932886935936,96.82873361079443,77.88455290414278,69.20396888418787
607600,21.751319340012994,14.013357957078195,15.665813322807967,19.458801453788574,97.0761005642427,77.83717528185,68.3444637938919
608000,31.930321458088848,17.885195825731497,17.04765367102171,19.939662523881772,94.62326771624099,78.35711871303606,67.45107101835646
608400,21.026967435896605,19.129860626018502,17.016573003635408,20.3856254873756,94.63333037011647,78.48922009630618,67.57485673868248
608800,25.533106185210663,22.686379609270883,17.91764296619145,20.500982365168177,94.79768710947899,78.71177195757717,67.59625310976335
609200,20.471650003716874,24.142672884585195,18.019951610840014,20.48187010236782,94.76883221468411,78.64022024230478,67.614614075508
609600,26.069382727735352,25.00628556212967,19.50982175960393,17.699789602107753,94.86099536223122,78.24313171752227,67.48141671805298
610000,20.13673337954221,22.64756794642034,20.26638188607592,18.021479999588237,95.07401194669322,78.22550614834354,67.50381140770283
610400,17.831207433375074,22.008415945916035,20.569138285967266,17.839203669691493,95.24632037399289,78.11838799045292,66.87313321754652
610800,4.836201283510408,17.869034965575985,20.277707287423432,17.58138856737384,94.96208538575989,77.82733821791007,66.55719960642526
611200,22.20591583866071,18.21588813256475,21.179280508574973,17.761679104476407,94.5219526319207,77.91637033523959,66.5434984250292
611600,22.61583043580885,17.525177674179453,21.265731618154557,18.465772470481284,20.06111150857722,78.12350832772069,66.5228865491109
612000,28.329458601443708,19.16372271855975,20.905645332490046,18.9766495017559,20.261656793417846,76.1938621203033,66.86682403692684
612400,9.611944897491384,17.51987021138301,19.764143078649525,18.390358041142484,20.178464684466896,75.91603354724977,66.74420469277484
612800,20.049691848151333,20.562568324311197,19.21580164494359,18.566722305567545,20.072588791759966,75.90221574334518,66.81257789505045
613200,57.0081998378073,27.523025124140513,22.869456628352633,20.444704119596345,21.277732277696078,76.79398831810127,67.48606751951434
613600,19.12635488288089,26.825130013554922,22.175153843867186,20.84248780173558,19.19157768269422,76.68953498264023,67.02953614279124
614000,4.208508102704396,22.00093991380706,20.582331316183406,20.42435660112968,18.87509710511995,76.4510917890658,66.69687118191149
614400,26.394638156180232,25.35747856554483,21.43867438846392,21.003906337215618,19.03902724261562,76.79440887761068,66.7824452700551
614800,22.473479238862797,25.84223604368712,23.20240218399916,21.74005473571132,19.455059772915597,77.02216458531974,66.90235101112788
615200,21.56949295563822,18.754494667253304,23.13875989569691,22.159020202135967,19.55403936821656,76.67615444786477,66.96084824733106
615600,4.573963604674209,15.844016411611971,21.334573212583447,21.300152415369023,19.422039384515323,20.379476934578797,66.76572130469323
616000,12.74793943910404,17.5519026788919,19.77642129634948,20.341033314419786,19.243240099953745,20.140347919150777,64.91037395551253
616400,22.760864619213866,16.825147971498627,21.091313268521727,20.42772817358565,19.290676450268887,20.406676830480624,64.95108949150415
616800,4.834237229713935,13.297299569668855,19.569767806677987,19.392784725810813,18.901070805937675,19.94688354548949,64.63572615601171
617200,7.325494367553283,10.448499852051867,14.601497259652586,18.735476944002635,18.49696849961508,19.608673523185228,64.35549010641152
617600,18.22209964843646,13.178127060804314,14.511071736208143,18.343112790037686,18.732015779893086,18.021451196072725,64.2538423333538
618000,27.088901868475816,16.04631954667867,16.799111112785287,18.69072121448437,19.215941438348203,18.356100607036304,64.52069565380968
618400,14.259150613443314,14.345976745524561,15.585562358511591,18.51211837348778,19.197791677647597,18.175661021589637,64.55263957379084
618800,21.412293910228065,17.66158808162739,15.479443825648122,19.34092300482366,19.653184432356905,18.46115578609875,64.7136204333854
619200,18.91261132053105,19.97901147222294,15.213755662137405,19.17625777891718,19.84393202213643,18.468968441696795,64.38367469071929
619600,20.09630952107737,20.353853446751124,16.76599025377772,19.050281733180604,19.78876502817191,18.758027101830947,19.656779598418574
620000,14.925928386416771,17.921258750339312,16.983789148508993,18.380105222429258,19.221951925782836,18.67837736209258,19.50903616502241
620400,20.569058693341564,19.183240366318962,16.76460855592176,18.92796091222177,19.206688301031004,18.659159476682127,19.678263175568844
620800,21.013008773572228,19.103383338987793,18.382485710307595,18.976126758492814,19.056018387309724,18.771424532030178,19.634003978453105
621200,18.53731276391537,19.028323627664662,19.503667549943803,17.05258240479822,18.99154047931634,18.74864326219728,19.587672328536932
621600,22.86544663349533,19.58215105014825,19.968002248449686,17.23953699232894,18.88474260950834,19.041012397032258,18.410761406548104
622000,17.581404221696353,20.11324621720417,19.017252483771742,17.908181798278537,18.79956497091348,19.16626919970411,18.488330982383385
622400,19.6899922031034,19.93743291915654,19.560336642737752,17.572949500624695,18.861524463237753,19.288427918920156,18.452596145819246
622800,20.71955963485844,19.878743091413778,19.49106321520079,17.48525352042448,19.390969741616022,19.612654128067895,18.66713727191915
623200,40.83012118016499,24.3373047746637,21.682814201164184,18.448284931650814,20.011776586332832,20.30365256689339,19.111737593590263
623600,16.386119424876966,23.04143933294003,21.311795191544142,19.038892722660954,19.8041195526351,20.16952256901499,19.268780719773577
624000,15.330059296191711,22.5911703478391,21.352208282521637,19.167998715515335,19.370806242460038,19.75451601496756,19.213143546178383
624400,16.51143713618539,21.955459334455497,20.946446126806016,18.855527341363914,19.60078931708317,19.64162775747478,19.116616806706897
624800,17.058257502317765,21.223198907947364,20.550970999680573,19.466728354994103,19.50107483888872,19.429756540402458,19.12733382556025
625200,14.903587316665693,16.037892135247507,20.1875984549556,19.845633002449723,18.097587754850665,19.29055497322618,19.036434300748937
625600,41.06059261215152,20.972786772702413,22.00711305282122,20.987557650635477,18.828729012493017,19.665335220336583,19.634232528190044
626000,16.59431519692758,21.22563795284959,21.908404150344346,20.462828317058065,19.241589248967124,19.576774765771216,19.714696189832146
626400,18.61235805891655,21.64582213739582,21.80064073592566,20.680488689331728,18.982179912391665,19.596303531409752,19.790870482321246
626800,33.5345710267992,24.94108484229211,23.08214187511974,21.286602545160285,19.35088297198955,20.313762774991975,20.306551677478254
627200,25.128110688855656,26.985989516730104,21.511940825988802,21.597377513576514,19.469503563096797,20.386817646246847,20.545310218712462
627600,15.602921313655012,21.8944552570308,21.43362101486661,21.372708103205397,19.83713548672949,20.211494918193,20.422342258185303
628000,18.146516488449883,22.20489551533526,21.715266734092424,21.533737508307052,20.017088055041018,19.956921365368153,20.146666158792524
628400,19.48451960814978,22.379327825181903,22.012574981288864,21.47951055404746,19.907876554672217,20.203735733134614,20.115817202237587
628800,26.31913687958449,20.936240995738963,22.938662919015535,21.74481695934808,20.624039876334567,20.360471858920445,20.131537816125064
629200,15.695688861768735,19.04975663032158,23.01787307352584,21.602735764240744,20.90304635947508,19.327659084519482,20.0360185932861
629600,21.28168149483925,20.185508666558427,21.039981961794613,21.523547507307942,21.005032421021838,19.381542249818438,19.94026456862818
630000,3.9169289041771904,17.339591149703885,19.772243332519572,20.840323741431984,20.232633322211885,19.374252769855257,19.61586847912088
630400,87.8261732930337,31.007921886680673,26.69362485593129,24.247132795928497,22.684867411531567,20.910041148276598,21.01576779631405
630800,12.9713989945187,28.33837430966752,24.63730765270324,23.859724763911508,22.403504247674586,20.672489142167997,21.178471750534218
631200,5.572350993141087,26.313706735941985,22.681731683131783,22.096836254560316,21.958828903428255,20.272560593105567,20.845800453623827
631600,25.725979532122736,27.202566343398683,23.694037504978557,22.563829259922606,22.146484570463098,20.80136099129178,20.908003435550103
632000,13.272374025415422,29.07365536764633,23.20662325867511,22.46094499638379,22.09136609176306,20.814471855949567,20.606861744029537
632400,25.11088101175405,16.530596911390397,23.769259399035537,22.890917190162224,22.242760169043475,20.87322226576307,20.916840466314788
632800,12.160475931051105,16.36841229869688,22.353393304182198,22.646028111598888,21.947675740959436,21.0563782332965,20.75905614797279
633200,16.71097183407514,18.59613646688369,22.454921601412842,22.736397337469363,21.88679770996476,21.291015169959543,19.953111587898142
633600,14.784160789215129,16.407772718302166,21.805169530850428,21.422575746322543,21.61742151515542,21.20506669847901,19.86626770602483
634000,24.3102453088618,18.615346974991443,23.84450117131889,21.808372251919256,21.841716218060935,21.13560028448866,20.268302450147974
634400,9.842424864351797,15.561655745510993,16.046126328450697,21.369875592191015,21.513463973435883,21.02518214076137,19.937258184311407
634800,24.531918943031627,18.035944347907098,17.20217832330199,20.91974298800264,21.640542617041657,21.10317276658146,19.978426978394783
635200,28.727440957719743,20.43923817263602,19.51768731975985,21.099709501445844,21.237119942960145,21.348543507511177,20.121585938436414
635600,30.48808803217827,23.580023621228644,19.99389816976541,21.843967837372006,21.70718556320352,21.608337970288698,20.639868426986496
636000,68.10364526957444,32.33870361337118,25.47702529418131,24.341824276428234,23.466305095649613,22.937780892367645,21.746982543595905
636400,55.96436250547427,41.56309114159567,28.562373443553334,26.16581642129446,24.781402607959244,23.822663487670958,22.411052501321116
636800,19.94170107023046,40.64504756703544,29.34049595747127,25.846944630826755,24.87751739355633,23.795880795087417,22.71320177813144
637200,8.253405908264316,36.550240557144356,28.494739364890187,25.474830483151532,24.655844679942955,23.538783123696142,22.731760008945667
637600,16.449323822071474,33.742487715123,28.66125566817582,25.233212599513145,23.835469053606953,23.378380053410545,22.696304492418363
638000,22.250930379840277,24.57194473717616,28.45532417527367,26.149912673296303,24.024022893037376,23.49511820736414,22.599545062645657
638400,24.772472339156344,18.333566703912574,29.948328922754122,22.997227625602434,24.229360035712038,23.622180210765467,22.809811497159913
638800,28.111576863842995,19.96754186263508,30.306294714835264,23.754236519068648,24.048593563613498,23.806980641490078,22.94379715623221
639200,12.980628535673596,20.912986388116938,28.73161347263065,24.12465039619527,23.643677491840762,23.110743325377793,22.82515750053506
639600,23.7448099942559,22.372083622553824,28.05728566883841,24.025591919301927,23.915073781194124,23.29471058961227,22.898127509998634
640000,5.98638074377074,19.119173695339917,21.845559216258035,23.6612922552197,23.509735923038154,23.061118625801743,22.719336557145713
640400,23.452484725884904,18.855176172685624,18.5943714382991,23.578372440926238,23.642001426962658,23.234644815544232,22.77700507779658
640800,24.815725561403223,18.196005912197673,19.081773887416375,24.211134922443847,23.591887716356613,23.428581517021364,22.8530594135532
641200,22.67151680816537,20.134183566696027,20.523584977406482,24.509162171148354,23.824415314569833,23.62277975430886,22.9357434944382
641600,24.34504657167377,20.254230882179602,21.31315725236671,24.987206460271288,23.926527483797656,23.204891103296916,22.965335493201763
642000,20.28005886398777,23.112966506223007,21.116070100781464,24.785697138027587,24.471965149124674,23.297034694973423,23.019308586047597
642400,7.989337875547389,20.020337136155504,19.437756654420568,24.69304278858737,21.810737301875125,23.031459190389192,22.785295499496478
642800,17.563719500609498,18.56993592399676,18.382970918097218,24.34463281646626,21.963814652078153,22.63218790223445,22.722178696811497
643200,20.224706933555787,18.080573949074843,19.107378757885435,23.919496115258063,22.452226516758643,22.50960280835195,22.31007041187931
643600,9.379551022673704,15.087474839274828,17.670852860727216,22.864069264782835,21.907345566443677,22.35401855107742,22.169939043835253
644000,23.894475066578845,15.810358079793044,19.461662293008025,20.653610754633053,22.26141560114912,22.497717515530645,22.34122735924299
644400,14.615334363923202,17.135557377468206,18.577947256811857,18.5861593475555,21.91156404622143,22.37598788442498,22.303305303797746
644800,15.19371334399931,16.66155614614617,17.615746035071464,18.348759961243946,22.01267195998637,22.09785229603535,22.26601442063138
645200,14.885592983568758,15.593733356148764,16.8371536526118,18.680369315009166,21.951825998302823,22.077599899080347,22.265654533969435
645600,8.066304825303718,15.331084116674768,15.209279477974798,18.261218365170777,21.727897466172443,21.747215482341964,21.605768778232488
646000,1306.8522214945117,271.92263340226134,143.8664957410272,82.49128292090435,64.47929667236077,54.32059779710032,47.41092690418416
646400,8.232540707552197,270.6460746709871,143.8908160242277,81.66428633932415,64.42563386713411,52.330756982463285,47.203330557156875
646800,55.17783925935614,278.6428998540585,147.65222800010233,83.01759945909978,65.44716454434493,53.38591798908423,47.636195921808024
647200,56.01161943185002,286.86810514371473,151.23091924993176,85.16914900390861,66.35663716014928,54.64689970005195,48.253866096667906
647600,5.930144397252077,286.44087305810444,150.88597858738962,84.27841572405843,65.53803903898508,54.15200382168018,48.060410558339846
648000,97.93119455254904,44.656667669711894,158.2896505359866,88.87565641449734,66.5322906817509,56.268474334858524,49.65610411962183
648400,17.47349953423744,46.50485943504894,158.57546705301803,88.57670715491497,65.24926191604298,56.07753979792061,49.615883718143586
648800,14.150557472855605,38.29940307774884,158.4711514659037,88.0434487504876,65.0562237961305,56.127291836465716,49.372512130009
649200,16.310807390510362,30.359240669480908,158.61367290659783,87.72541327960484,65.3248038455387,56.117287725376606,49.38481450058384
649600,27.253431234755244,34.623898036981544,160.532385547543,87.87083251275891,65.68494075929483,56.42901948651511,49.504249495382155
650000,20.576315113969205,19.15292214926557,31.904794909488732,87.88564532525798,65.62912025043245,56.33567123164279,49.83743721957799
650400,23.16994886087987,20.292212014594053,33.39853572482151,88.64467587452461,65.57570280115658,56.66885933155599,48.54431273093493
650800,27.774507423173493,23.017002004657634,30.658202541203234,89.1552152706528,65.56446715313426,56.749924043559545,48.840374899508014
651200,55.2825201457372,30.811344555703,30.58529261259195,90.90810593126187,66.97453020680305,57.41380102325998,49.83457828255994
651600,4.960154951540664,26.352689299060085,30.488293668020816,90.68713612770523,66.34837503871253,56.77560269624403,49.4192617909483
652000,15.382864350388193,25.313999146343885,22.233460647804726,90.2615555918957,66.66159115893312,55.45758317326438,49.461471597447755
652400,12.686254125566023,23.217260199281117,21.754736106937585,90.16510157997784,66.30271680558916,54.375630463766676,49.21297905972399
652800,18.1931594392938,21.300990602505173,22.158996303581404,90.31507388474256,66.08196460151883,54.33191692299325,49.33363272988884
653200,15.495446826593575,13.343575938676452,22.077460247189727,90.34556657689379,65.84276226879977,54.51296794595148,49.309322229739216
653600,26.04277434903813,17.560099818175946,21.956394558618012,91.24439005308052,65.89935319471194,54.75280420912566,49.53449450093568
654000,12.036443870497926,16.890815722197893,21.102407434270887,26.50360117187983,65.62456602826227,54.49744204639209,49.2890184721684
654400,11.887783269823789,16.731121551049444,19.97419087516528,26.68636329999341,65.75451420807148,54.17532481965878,49.32992564027784
654800,6.07924522356624,14.308338707903934,17.804664655204554,24.231433598203918,65.3716983988367,53.62451652865185,48.96087216588853
655200,21.87853415959724,15.584956174504665,14.464266056590557,22.52477933459128,65.42682597303809,53.84696416924995,48.82389402992609
655600,47.7648514578312,19.92937159626328,18.74473570721961,24.616514687620235,66.70633598754334,54.44746520583933,49.169429298439134
656000,18.44573579804551,21.211229981772796,19.051022851985344,20.642241749895057,66.5247113452589,54.7589490821962,48.17627110900856
656400,19.967370618673176,22.82714745154267,19.77913450129606,20.766935304116846,66.70311255375056,54.67182122951591,47.45633127127254
656800,87.97439598139022,39.20617760310747,26.757258155505703,24.458127229543575,69.12913530833025,56.25078799001559,48.81698516949574
657200,9.294727643397923,36.6894162998676,26.137186237186135,24.107323242187952,68.94277313032454,55.9163682608964,48.83781160419841
657600,64.37556939835619,40.0115598879726,29.970465742117938,25.963430150368005,70.81974861609297,56.91713133156346,49.79633651572411
658000,33.05192819535287,42.932798367434074,32.07201417460344,26.587210804437184,28.359738839454344,57.23642806484759,50.012356472034355
658400,8.020942527442077,40.543512749187855,31.685330100365263,25.82976048776529,28.35268556678401,57.237218181144954,49.67732587580007
658800,26.78903249888805,28.306440052687424,33.75630882789744,25.780486741551023,27.40639200810174,57.467851006101924,49.650874988500966
659200,19.648017040598056,30.377097932127448,33.53325711599753,23.998761586294066,26.194271928393338,57.453433758777976,49.784222758599455
659600,17.277594745173076,20.957503001490828,30.484531444731715,24.614633575975684,26.572520273324038,57.650884851840466,49.654878453617805
660000,23.823391301136787,19.111795622647612,31.02229699504084,25.036659923513117,24.10226016494363,57.64910775770441,50.01161866476513
660400,12.771607914286784,20.06192870001655,30.3027207246022,25.040927612949154,23.94553044427861,57.603014596463495,49.79800112853316
660800,25.108383860297707,19.725798972298485,24.016119512492953,25.38668883399935,24.310791323860013,57.850881359370966,49.803854294511055
661200,19.824818880007083,19.76115934018029,25.06912863615387,25.603157436670024,24.427925040176568,57.9743620067819,49.74692033594788
661600,14.686993972876396,19.243039185720953,20.10027109360589,25.03536841786194,24.009043798113943,58.139879235471234,49.55375928397194
662000,8.381938527770048,16.154748631047603,17.633272126847608,24.852643150725545,23.602564578573965,25.67812216130269,49.31579687724758
662400,2938.8968341658606,601.3797938813624,310.7208612906894,171.20309569552737,120.79346075540666,98.94472949776039,107.93394680305384
662800,7.8659269482555345,597.931302498954,308.8285507356262,171.29242978176185,120.12984140624273,97.76193168998289,107.73999095200678
663200,5.853841786501995,595.1371070802529,307.4491332102166,170.49119516310708,118.48221879426822,96.50798724884918,107.45257364906568
663600,16.543427974231403,595.508393880524,307.3757165331224,168.9301239889271,118.86832789502456,96.77331933827365,107.59585118809684
664000,26.68114278569755,599.1682347321095,307.66149168157847,169.34189433830971,119.24493717620156,94.99206804410238,107.65158454247921
664400,3.28162558226699,12.045193015390694,306.7124934483765,168.50760708648937,118.93144955809159,94.63727119530311,107.4249103668461
664800,12.224878175853874,12.916983260910362,305.4241428799321,164.72013119621258,118.73250684931025,94.58912921287808,107.36553366348318
665200,15.756587658049222,14.897532435219807,305.01731975773635,165.04322419694515,118.74121154369212,94.57527371956654,107.3829535569728
665600,22.723640480281453,16.133574936429817,305.8209844084769,162.96062775104141,118.6305737480669,94.4620289507047,107.67610027007235
666000,23.12953683775238,15.423253746840782,307.2957442394751,162.4645081831614,119.00034351364204,94.52585949379929,82.00164657693716
666400,8.884727386047311,16.543874107596846,14.29453356149377,162.50769742609165,118.9002416508495,94.16872895692846,82.01469031050706
666800,5.751218912091099,15.249142254844292,14.083062757877329,161.4558067467518,118.88930744046698,93.6181467441514,81.02615790356175
667200,20.905754960711693,16.278975715376788,15.588254075298298,161.51869364275748,118.8568814671708,92.75872761452577,80.324040614139
667600,7.786532612843505,13.291554141889197,14.712564539159507,161.04414053614101,117.52427083900453,92.82938705605834,80.36116837845083
668000,10.165668367949271,10.698780447928575,13.061017097384678,160.36125438948164,117.24826859133466,92.69895715649736,78.60585785475884
668400,3.926939917343241,9.707222954187761,13.125548530892306,159.91902098963445,116.71358756795699,92.47997430129179,78.33492666242094
668800,20.83910701732614,12.72480057523477,13.98697141503953,159.70555714748588,114.4757446024882,92.5461229907426,78.46869765331036
669200,19.80175710351929,12.50400100379629,14.391488359586537,159.70440405866148,114.82597891782558,92.65378074766575,78.53851664757053
669600,18.479242037164443,14.642542888660477,13.967048515274836,159.89401646187588,113.29610133911919,92.46469243986891,78.36303286361871
670000,6.465021349027826,13.902413484876188,12.300596966402383,159.7981706029388,112.40987111090836,92.32540687683215,78.08080698831989
670400,3.9903637516134687,13.915098251730234,11.811160602958998,13.05284708222643,112.2755184850474,92.12797138887689,77.69721528613456
670800,39.79692754499263,17.706662357263532,15.21573146624915,14.649397112063284,112.70911498658423,92.97091344691256,77.93766368857095
671200,20.432583742234996,17.832827685006674,15.16841434440148,15.378334209849935,112.73526720997212,92.9347646864785,77.2406649605009
671600,21.599475049605687,18.456874287494923,16.5497085880777,15.63113656361865,112.87932988678654,92.28063027627286,77.57345136246221
672000,4.377824601309869,18.03943493795133,15.97092421141376,14.515970654399265,112.23114433012564,91.92893249635446,77.35335056748063
672400,15.461495163483342,20.333661220325304,17.12437973602777,15.124964133460082,112.3208072384322,91.81628560997473,77.40885538823898
672800,37.69676519931255,19.913628751189286,18.81014555422641,16.398558484633018,112.74041994973268,90.55934484042277,77.79892750343936
673200,5.364305010115778,16.899973004765446,17.36640034488606,15.878944352236346,112.25840282073631,90.46108427459072,77.59630466710979
673600,11.071679523163295,14.794413899476968,16.625644093485942,15.296346304380439,112.1378923390792,89.1284870277109,77.2968827705923
674000,21.55668675869352,18.230186330953696,18.134810634452514,15.217703800427495,112.57705061344332,88.84110599179442,77.48728762835621
674400,12.335971322416263,17.60508156274028,18.969371391532793,15.390265997245939,15.025021851995172,88.94898171166878,77.49625138940806
674800,22.430216432608983,14.551771809399568,17.23270028029443,16.224215873271834,15.510498168140286,88.8400113100118,77.82327081358892
675200,43.644934614612495,22.20789773029891,19.553935367532176,17.361174855966873,16.770201262410637,89.43993424936215,78.25859882268922
675600,21.025139059039173,24.19858963747409,19.49650176847553,18.02310517827666,16.91959163190423,89.53362285720883,77.72380457471338
676000,13.784291775433152,22.644110640822014,20.437148485887857,18.204036348650853,16.48969659822875,89.28264536906622,77.63057569426114
676400,69.07020997647746,33.99095837163425,25.798019967187265,21.461199851607564,18.6826494113691,90.69011042062098,78.61263248141722
676800,86.10684232586762,46.726283550285984,30.639027679842776,24.72458661703464,21.145381549702893,92.21507188226023,78.57528140830676
677200,21.476878401249014,42.29267230761328,32.2502850189561,24.808342681921125,21.33605790780955,92.25637337029129,78.81892442346378
677600,66.64825851224317,51.417296198254085,37.80794291786408,27.21679350567506,22.800211842208274,93.55540498377546,78.86437820574153
678000,40.70947227604218,56.80233229837588,39.723221469598954,28.929016052025776,23.386209690151265,94.36359332748226,79.01752908735531
678400,16.374501123240698,46.26319052772853,40.12707444968139,29.548222920607135,23.635868814724383,21.300535001416762,79.18460025927128
678800,27.45958374138469,34.533738810831956,40.63001118055897,28.93135573042674,24.35948097570083,21.790376421244993,79.19801128412122
679200,24.72590103466296,35.18354333751474,38.738107822564004,29.146021595048143,24.486819178165874,22.262177902449015,79.29956896400252
679600,18.28820805142584,25.511533245351274,38.464414721802676,28.980458245139147,24.83687502611862,22.305797404378875,79.31978123012757
680000,42.24850553695744,25.819339897534327,41.310836097955104,30.873992291921525,25.906302931752226,22.694981473160375,79.68828351484399
680400,29.488802644429235,28.44220020177203,37.35269536475029,31.575357665968816,26.75836502265509,23.35016089971443,80.02262740944684
680800,20.035742118154936,26.957431877126076,30.745585343979013,30.692306511910942,26.731586192682716,23.545432498271957,79.92117457460398
681200,27.75022435638258,27.562296541470005,31.372919939492373,31.81160247922428,26.996535101111494,23.84527341573029,80.0796826841315
681600,23.241926135978165,28.55304015838047,27.03228670186587,32.42011480986502,27.155291237738616,23.858230557122706,80.25078132739353
682000,27.185048505908725,25.54034875217073,25.67984432485253,32.70153289722579,27.84595880963465,23.959618348826616,80.62684352695629
682400,21.92838163987288,24.02826455125946,26.235232376515746,33.18115341309861,28.443892739243292,24.285709705172255,22.28747447643655
682800,20.077637988617365,24.036643725351944,25.497037801239014,33.063524490899034,27.78658308736412,24.643870182085415,22.531708697243786
683200,683.8494801420104,155.2564948824775,91.40939571197376,65.07375176726893,49.900479634023306,41.217463311617884,36.091621464353956
683600,20.439860507242265,154.69608175673034,91.6245609575554,65.04448783967908,49.86182581594452,41.53379650897785,36.169550115014175
684000,24.252006819112815,154.10947341937114,89.82491108577094,65.56787359186306,50.52429855653795,41.88595497025694,36.12096739568247
684400,5.936057324410638,150.9110085562787,87.46963655376908,62.41116595925972,50.20678396190219,41.936182905433625,36.17405603052535
684800,19.057884398797167,150.70705783831465,87.37185078183329,59.0587180629062,49.585487935218346,41.8916523399704,36.31071615498421
685200,42.74922300586958,22.48700641108649,88.87175064678199,60.122335293137226,50.83165186841015,42.46533898752916,36.85056886194062
685600,6.425729212061286,19.6841801520503,87.19013095439031,57.111208828128134,50.676786858040074,42.16400116690158,36.52461063657622
686000,25.32637267019213,19.899053322266163,87.00426337081865,56.34205384783564,50.80244305509003,42.63553494993069,36.568547353225014
686400,691.1297346469275,156.93778878676954,153.9243986715241,90.07981552401998,73.42890183257374,59.814019222313526,50.21344749844262
686800,14.15980906951331,155.95817372091278,153.33261577961372,89.4148267904264,73.15322158713721,59.173091260426546,50.381619301591066
687200,20.19813958532441,151.44795703680373,86.96748172394511,89.18843871795949,72.3716617528276,59.167230156503784,50.36746699408332
687600,21.57639957638673,154.4780911096688,87.08113563085956,89.35284829420752,72.39003710340586,59.16665326967332,50.64326433335418
688000,18.357535299454028,153.0843236355212,86.49168847889368,88.15829978233236,72.54247855420655,59.516146037126916,50.807101671984285
688400,14.069793535149852,17.672335413165666,87.3050620999676,87.38734932686837,70.70913133949564,59.48135349641858,51.00995874434041
688800,5.486627863178319,15.937699171898666,85.94793644640572,86.65989361411957,68.02179085740599,58.676100063015234,50.70290916125745
689200,11.89093906752792,14.276259068339371,82.86210805257156,85.86692934967682,67.70225954628195,58.83926591445053,50.54469280053763
689600,23.689000397777505,14.698779232617525,84.58843517114317,85.8892830627668,66.27028427579977,59.15469893631589,50.648887967749886
690000,19.120111470696845,14.851294466866088,83.96780905119365,85.48603621100618,65.55063891562159,59.09378455411596,50.90198977018326
690400,19.79175705618348,15.995687171072813,16.83401129211924,85.37920498182173,65.6645474467197,59.28017919746014,51.21801763627467
690800,16.652074579548106,18.228776514346773,17.08323784312272,85.20792681136825,65.30429714132514,59.135725651133626,50.75512057696577
691200,35.870657769277585,23.024720254696707,18.650489661518037,52.80898569273162,65.67578903247896,58.94136873000025,51.06388205750663
691600,82.02555120126736,34.692030415394676,24.6954048240061,55.88827022743288,67.80036713747367,60.46637903355596,52.27240358053986
692000,29.30066077802637,36.72814027686058,25.789717371863333,56.14070292537855,67.36877231217598,60.854288258620784,52.77086030407418
692400,6.810095838296566,34.1318080332832,25.063747602178005,56.18440485107285,66.61281541863822,59.297785405166266,52.59783231757046
692800,19.545055354141404,34.710404188201856,26.469590351274313,56.20876339884006,66.5964591931711,57.633740730873114,52.23479812066704
693200,21.925212623126964,31.92131515897173,27.47301770683422,55.16756287970293,66.40229213539591,57.644949086420056,52.56601627292726
693600,20.410159617918225,19.598236842301908,27.14513362884829,55.86678439999578,66.30789991812725,56.48899661406193,52.75278587482235
694000,21.10373852295625,17.958852391287884,27.343496334074235,55.65565269263398,66.10518958536217,55.99885327023478,52.74372691010762
694400,28.41615090185668,22.280063403999904,28.205935718641552,22.51997350538044,66.32144856076162,56.29989451470019,53.06533050169642
694800,15.152969656256383,21.4016462644229,28.056025226312375,22.569631534717594,66.15729294968293,55.99222916257198,52.91978556616937
695200,21.56852614098796,21.330308967995098,26.62581206348342,22.638150862500773,44.081261149648846,55.91329479023011,52.478257396696876
695600,11.645675790833304,19.577412202578113,19.58782452244001,22.1416146732231,43.788121659101876,55.74723148371529,52.29066813133276
696000,5.392629296002562,16.435190357187377,17.19702137423763,21.493369373050527,43.15947574166487,54.825834577691424,52.12283488174415
696400,28.028510921381056,16.357662361092252,19.318862882546078,22.191305242362088,43.89589086156388,54.78932728461522,51.30200090064221
696800,28.178368813465728,18.96274219253412,20.18219422847851,23.325892289876457,44.1999070087195,54.99289295199799,50.14343143039419
697200,16.78446049506908,18.005929063350344,19.668119015672723,23.570568361253514,43.33441492502615,54.71874885546515,50.04958307227058
697600,32.52687716438914,22.182169338061513,20.87979077031981,24.0124621995841,44.20445319010375,54.95087263117542,49.3671554453135
698000,28.10790808641265,26.725225096143532,21.580207726665456,24.461852030369887,44.297171037311095,54.97394412068802,49.11512416152092
698400,18.05971552921484,24.73146601771029,20.544564189401267,24.375249954021456,21.861503733387337,54.87722746792157,49.1488284496404
698800,14.318524441078967,21.959497143232934,20.46111966788353,24.258572447098,21.86679424577286,54.733249629233114,48.886007263634276
699200,16.96239527126834,21.99508409847279,20.00050658091157,23.313159322197535,21.758936101970992,38.06107250746455,48.73073714836639
699600,24.492163016477864,20.388141268890532,21.285155303476024,20.436489912958063,21.856128216640695,38.16238007019545,48.85481624766743
700000,10.33626745507024,16.833813142622052,21.77951911938279,19.488270246810256,21.588752621827904,37.81448658609438,48.216571486029686
700400,38.23332219162877,20.868534475104838,22.80000024640756,21.059431564476863,22.394203577043868,38.62191820777484,48.39146187697368
700800,23.289085497188143,22.662646686326674,22.311071914779806,21.2466330716292,22.98761883151086,38.72769823523461,48.45652874455433
701200,18.80885135925752,23.031937903924508,22.513511001198648,21.090815008435733,23.218215907901847,38.129188944069305,48.27770128461183
701600,17.963027739117518,21.72611084845244,21.057126058671482,20.968458414495693,23.02735015261318,38.41762140724571,48.172123316674636
702000,19.3212678277068,23.523110922979747,20.1784620328009,20.879334879733225,23.034055364513513,38.26749378618358,48.01484770311058
702400,17.851160499098786,19.446678584473755,20.157606529789298,20.351085359595327,22.969368812610693,21.43552943248786,47.93330328029511
702800,90.1120388774804,32.81126926053221,27.73695797342944,24.099038820656528,25.418034289208432,23.334335177687038,49.33399129807236
703200,22.533736724568552,33.556246333594416,28.29409211875946,24.147299349835556,24.9734702543848,23.392725106168143,36.107676429723526
703600,25.21633083236497,35.00690695224391,28.366508900348173,24.82583210191214,23.07982957542139,23.4837233875676,36.203205836225976
704000,27.00076221417385,36.542805829537315,30.032958376258534,25.90623874782071,23.003166289959633,23.699804060435596,36.258180944127204
704400,18.22517853259746,36.617609436237046,28.0321440103554,25.41607212838153,23.38366904643633,23.803688685371785,36.50396336829094
704800,52.04451324451491,29.004104309643946,30.907686785088078,26.609379349933988,24.466984309448783,24.9676358199052,37.1636959452053
705200,1581.1942257914357,340.73620212301734,187.1462242283059,104.82986761475232,76.44261808172574,64.20021798800289,67.93259600091662
705600,10.04416851062203,337.70176965866875,186.35433830545634,103.70573218206395,76.09708504481587,63.859097190824016,68.00496478688783
706000,25.258817986701192,337.3533808131742,186.94809332135577,103.56327767707839,76.23558769360737,64.01256485372411,68.00361369321801
706400,70.40382710670177,347.7891105279951,192.20335998211607,106.18048325595274,77.63517690043552,65.27786660498707,55.589095542413496
706800,16.84757341285371,340.74972256166285,184.87691343565342,106.30693570454147,77.69166369232212,65.28275407581971,55.642850829280306
707200,21.186364618515192,28.748150327078736,184.7421762250481,106.51813417190381,77.67892497490635,64.91564674705066,55.66261532994412
707600,24.220864375049132,31.583489499964156,184.64262957931652,106.50456923983238,78.09809792771355,63.4705295763952,55.715504625917376
708000,50.20730988093277,36.57318787881047,186.9632843459924,108.4981213611255,79.59192061387789,63.99319580396785,56.352500117546946
708400,21.668499035320032,26.82612226453412,187.30761639626465,107.66988020331007,79.37992021767586,64.36465588389345,56.504474227550354
708800,84.83033511537394,40.42267460503817,190.58619858335055,110.74694268421933,81.26831909440611,65.99678787792426,58.091348372594254
709200,19.814768209830547,40.14835532330123,34.44825282519003,110.79723852674799,81.36932935156484,65.94402676759185,58.24982495544031
709600,24.673032611406544,40.23878897057272,35.91113923526848,111.13273877036245,81.1075345331321,66.05059859242905,58.26950559971289
710000,32.535541067078825,36.70443520780193,36.63881154330625,111.79345243233107,81.2551222991543,66.33639365603213,58.537814191640535
710400,128.65079321690595,58.100894044119116,42.46350815432667,117.33343406822141,84.94149155541066,68.84225971390836,60.71499491485498
710800,20.550617853035423,45.24495059165141,42.833812598344835,113.85536301699915,85.14922800247588,68.97720091882783,60.79296578032473
711200,86.69236326323004,58.62046960233131,49.384412462816314,117.06329434393224,87.47356026887459,70.60529684688387,61.80939989020378
711600,90.80393843203656,71.84665076645732,56.042719868515064,120.34267472391582,89.68395278272655,72.58425341291397,61.98496763481916
712000,32.20492866105952,71.78052828525344,54.24248174652773,120.6028830462601,90.41290815625953,73.25456089704039,62.04305299247982
712400,22.635755722575944,50.577520786387446,54.33920741525333,120.82341190575903,89.89298927395777,73.11974201707027,62.35956619016542
712800,41.612437159375794,54.789884647655526,50.017417619653514,120.30180810150208,90.50376766269737,73.455593725718,62.8009138262701
713200,20.797823743348907,41.610976743679295,50.11572317300535,42.28198799909774,90.57006674216707,73.555927806925,62.778366048674535
713600,11.356352585072308,25.72145957428645,48.78405517037193,42.347597202820246,90.34984423703223,73.02666469244208,62.59728990801763
714000,14.22256827350167,22.12498749677488,46.95275789101421,41.795784717160274,90.17988758522542,72.6795311971193,62.45966650302853
714400,47.16219869125611,27.030276090510917,38.803898438449224,40.63370329638799,91.15692219163064,73.40709327617034,62.834587458816515
714800,33.80477767821809,25.468744194279374,40.12931442096749,41.481563509656205,89.28001348498857,73.89424960709883,63.207623619255756
715200,20.5760048676548,25.42438041914055,33.517678581409974,41.45104552211319,89.21475575642476,73.98458984700848,63.18777319378909
715600,899.5737585512793,203.06786161238193,114.39466059333424,85.2186902309247,118.36000334705525,95.86162973537851,80.946334848998
716000,16.885035789279442,203.6003551155375,112.86267130615624,83.55257652634204,118.02281246622543,96.02534894373375,81.17618297886355
716400,5.812146501508597,195.33034467758802,111.18031038404949,82.75975889965146,117.60904473185582,95.21481955148074,80.7318556904661
716800,20.991404125680447,192.76766996708048,109.11820708067997,79.56781235016679,116.57394109456133,95.15737751719305,80.58811639671039
717200,4.569553449175413,189.56637968338458,107.49538005126263,78.80555161213402,64.01978534981932,94.80139506944099,80.34381825579253
717600,26.609751020775263,14.973578177283787,109.02071989483292,78.90238753260246,64.57197143349109,95.01756315148245,80.22547573292024
718000,507.03578299776194,113.00372761898029,158.30204136725894,102.62739962913663,80.63120360052645,107.21042603073381,89.80403323114723
718400,11.31717079375817,114.1047324774302,154.71753857750917,96.76071850797923,78.661648390095,107.04707628810029,89.6691823364381
718800,50.45702062572718,119.99785577743955,156.38276287226006,98.25603864661382,79.78196329719079,106.05570083180649,90.39195226013106
719200,11.562693522929896,121.39648379219042,155.48143173778755,94.49955515959881,79.46117426067127,105.78142475176551,90.28395822516428
719600,9.5639574944738,117.98732508693016,66.48045163210702,90.43755611272067,78.97261069798543,105.39011541831823,89.98539411472422
720000,30.27274691803173,22.634717870984097,67.81922274498224,90.34094702556929,78.30812526588873,105.47191503591469,90.38412370398345
720400,9.14695531695158,22.20067477562278,68.15270362652653,89.66650700528807,77.89074047527644,105.24495945552353,89.80239636648989
720800,22.87401112041937,16.684072874561217,68.34096432600043,88.72958570334023,75.82552967544461,104.51569690242113,89.79409487895451
721200,21.37100587990346,18.645735345955934,70.02110956907323,88.75824481016798,75.87740426444705,65.52011640463284,89.84533796936743
721600,4.938728810020983,17.720689609065367,67.85400734799782,88.4373636214154,75.21959413773419,65.3924804121178,89.5848519907855
722000,21.88166281969821,16.042472789398666,19.33859533019144,88.82031834872524,74.8644648628215,65.30805153294273,89.63605989062533
722400,21.225391658877584,18.458160057783864,20.32941741670338,87.52347799710631,71.28361814422057,64.07859064674713,89.7035445138209
722800,13.669537642306851,16.61726536216136,16.650669118361346,86.51671599531075,71.05424880386295,63.99913975248346,88.17469448911743
723200,22.59972096914894,16.863008380010456,17.75437186298325,86.61790180038545,68.91782739406024,64.0344736612493,88.17601417400903
723600,3.0341767248479794,16.482097962975853,17.10139378602067,41.790922709063885,65.99216867048729,63.50480646999428,87.7323710918587
724000,15.11765302914463,15.12929600486514,15.585884397131958,41.70255357105715,65.42259281609013,62.627565048699566,87.49470890815812
724400,7.669516444564379,12.418120962002499,15.43814050989324,41.79542206820993,64.92371817348975,62.27759048393068,87.28359566639747
724800,3.7801729570763065,10.440248024956391,13.528756693558929,40.934860509779725,63.662642700079765,60.25133642997324,86.31830886064868
725200,6.0663900390566,7.133581838937923,11.998295109474245,41.00970233927379,63.17159490993668,59.9076269757039,54.8157521456011
725600,3.853062842110964,7.297359062390518,11.889728512683245,39.87186793034057,62.92148525183798,59.3871277314715,54.691930032230886
726000,16.6218008771951,7.598188632000614,11.363742318432934,15.35116882431223,63.001459671961086,58.98928422672442,54.519189690040754
726400,4.813622030293825,7.027009749146503,9.722565355574556,15.025991386139015,61.589840449929014,55.89335494705911,53.20738558851261
726800,21.55902302965979,10.5827797636632,10.511513894309852,13.581091506335644,61.1816486283104,55.918565076474714,53.30161458084873
727200,19.637829409485967,13.297067637749072,10.215324738343554,13.98484830066345,61.1503761130381,54.242201730131114,53.27064387666814
727600,4.021125668754044,13.330680203077687,10.31401963273416,13.707706709377462,31.2986216836206,52.07263141104905,52.86664910254223
728000,25.192151966655075,15.044750420969683,11.321469526485206,13.453676961808629,31.57552555619979,51.897311993688945,52.36634594425668
728400,25.52119164744644,19.186264344400207,13.106637046773411,14.27238877833337,32.23249372773105,51.9694478918107,52.44339979649921
728800,21.1161175415226,19.097683246772768,14.84023150521804,14.184494099388534,32.23665084159246,51.457039901364375,51.169115445022186
729200,3.84131617485087,15.938380599845747,14.617724118797469,13.308009614135903,32.212376265781636,51.03312721215192,50.84964640432259
729600,21.55348506438914,19.44485247897277,16.387766341025287,14.138747426854309,32.04383406723544,51.28805552413483,50.787255453382244
730000,5.401756095914211,15.486773304824595,15.265761862897197,13.31475209066511,15.322699837173841,51.06753521969515,50.24457975395895
730400,8.65841362738168,12.114217700811642,15.650241022605979,12.686403189090315,15.234074598294624,50.10494059309829,47.84473216216847
730800,5.589909979034664,9.008976188314055,14.053329717543468,12.282421805926706,13.738504243404872,49.3995689006187,47.545518004688454
731200,21.51523012567184,12.54375897847825,14.241069789162058,12.22819726375285,14.070255463496272,49.42304953206913,46.241975341937284
731600,3.7551294894588456,8.98408786349219,14.214470171232538,12.264244901983394,13.876627863329107,27.027583805523626,44.50099916308574
732000,6.748733272574541,9.253483298824257,12.370128301824483,11.84579891415489,13.092494075147203,26.774176242606,43.99187525531604
732400,10.563102212051204,9.634421015758162,10.87431935828496,11.990478202529232,13.139698971650521,26.892950135369567,43.750422185105535
732800,6.282720051606933,9.772983030272616,9.390979609293392,12.115605557255764,12.58665593602344,26.52523303351773,43.04382784295016
733200,21.511424607950588,9.772221926728367,11.157990452603364,12.887857285700463,12.591336560291676,26.948779812487107,43.0580998602422
733600,22.84527330539658,13.590250689915914,11.287169276704109,13.83746780886474,13.188221376804197,26.854667869602643,43.287878274648676
734000,5.489914499271176,13.338486935255242,11.295985117039805,13.280873489968547,12.641829766123298,14.316021157140373,43.11322519916407
734400,21.21141006164865,15.46814850517473,12.551284760466501,14.100762891536288,12.641363712882333,14.563377138837634,42.59420942657192
734800,11.703545551578756,16.552313605169093,13.162648317720912,13.607989017632235,12.575830643191397,13.594540261983923,42.152184784039136
735200,5.86441037356306,13.422910758291588,11.597566342510031,12.919318065836089,12.017986956671866,13.452083183249751,41.8579528941573
735600,23.30766427571179,13.51538895235463,13.552819821135326,13.883644996183978,12.693769875033995,13.7956758527807,24.332631008645947
736000,20.48292276713426,16.513990605927244,14.9262387705913,13.648183536207938,12.872612199633647,13.550930249008266,24.404588748203047
736400,10.308806454212,14.333469884439916,14.900809194807376,12.887564276546215,12.960588533288568,13.579976527439777,24.494521947257116
736800,390.6145770779828,90.11567618972073,53.33399489744496,31.362487253369228,25.85506867065212,22.773490676378863,31.886985406303165
737200,23.42949209553226,93.62869253411458,53.525801646203135,32.341896049403296,26.433838739201306,22.824952831769583,32.2641841792303
737600,43.11368844915915,97.58989736880403,55.552643160579386,33.4199062186418,27.742526259436247,23.779326822748036,32.59426292779798
738000,12.334060993212551,95.9601250140197,56.237057809973535,33.76652146350671,27.599601596636827,23.540636777085897,22.70022848770699
738400,35.100423176087325,100.91844835839477,57.625959121417395,35.08862194094199,28.609161634829945,23.887512565016138,23.175893535353577
738800,11.95269169897982,25.186071282594163,57.65087373615751,35.40676102693925,28.28895059047395,23.844591416432962,22.40580695681863
739200,8.026843108649121,22.105541485217536,57.86711700966612,34.73234167608812,27.901917713779387,23.480269469920465,22.33508994853301
739600,17.487082545157847,16.980220304417276,57.28505883661072,35.418939328873066,28.350782942992847,23.841592115428213,22.49355244954669
740000,24.2372320077422,19.360854507323207,57.66048976067151,36.293364265631446,28.318952277695747,24.069581589893154,22.3728421513409
740400,21.01030631678084,16.54283113546191,58.7306397469284,36.81572447086793,28.16858943334023,24.403101336698562,22.610109171337484
740800,21.677190665974663,18.487730928860877,21.836901105727577,37.58544800158632,28.187291870821966,24.850526779421024,22.586172762248587
741200,4.115509210367559,17.705464149204566,19.905502817211108,36.71565223170716,28.196431638672518,24.801754758703797,22.241062828857874
741600,29.37364166998137,20.082775974169273,18.53149813929333,37.042070649936406,28.457103525525596,25.43976922940056,22.729761086057078
742000,4.292049500526883,16.093739472726206,17.72729699002476,36.982177399999195,28.42011330567935,25.131525444983854,22.37796881967365
742400,59.46850328707904,23.785378866785845,20.164105001123936,38.89503206127071,30.1137829610026,26.497897476403484,23.142831052237685
742800,21.412279525711405,23.732396638733196,21.110063783797095,39.38046875997734,30.641195279225155,26.494228888804777,23.297685889905775
743200,21.013418331076863,27.111978462875054,22.40872130603987,40.137919157853034,30.624468219405323,26.528618611844546,23.265959837144333
743600,19.873577537138058,25.21196563630639,22.64737080523789,39.96621482092435,31.161749820994626,26.924929908554144,23.602747853390134
744000,9.730105883501505,26.29957691290132,21.19665819281382,39.42857397674271,31.261128908025526,26.538378756475304,23.49499691047727
744400,16.60096421537623,17.726069098560753,20.755723982673356,39.74318186480092,31.462390974803032,26.31537307067355,23.67362586589351
744800,21.275525225452466,17.698718238508967,20.71555743862114,21.276229272174405,31.962151147264546,26.319358262771793,24.023532911261032
745200,21.388667685551574,17.77376810940391,22.442873286139537,21.174188051675365,31.958059249851246,26.758042050539313,24.32997846419093
745600,7.722899853848251,15.34363257274595,20.277799104526228,19.404648621909825,31.453980134799632,26.412277420275792,24.407375204425676
746000,20.558831529601253,17.509377701965896,21.904477307433666,19.81588714872926,31.95627736914397,26.79120430611797,24.486115817473802
746400,19.801397632576517,18.149464385405956,17.937766741983413,19.05093587155372,31.909276954841566,27.06977890624784,24.785871329519455
746800,21.896027298916984,18.27356480009886,17.98614151930397,19.54810265155058,32.249026346419505,27.4774318392449,24.7926114149046
747200,16.31110673758823,17.25805261050619,17.515910359955107,19.962315832997533,32.59724955855368,27.347328754542808,24.726076961466646
747600,19.22500643923168,19.558473927582874,17.45105325016447,20.049212027701223,32.46116096400434,27.734075678287134,25.0301545768762
748000,35.278446869596024,22.50239699558183,20.00588734877392,20.601272770793916,32.954345100753066,28.447318518212665,25.231880474935014
748400,32.24546883406957,24.99121123588044,21.570337810643256,21.163030896658352,33.685567180081655,28.989377683763127,25.36636601866748
748800,15.953217971897049,23.802649370476452,21.038107085287713,20.87683226195447,21.196855209878795,29.231140131770378,25.263108027274967
749200,19.450698015758583,24.430567626110523,20.844310118308414,21.643591702224022,21.064228740553006,29.179621966965577,25.575295664093122
749600,113.9637235585965,43.37831104998348,31.46839248878324,25.87309579665478,23.425896577534253,31.457583223295575,27.42350043397727
750000,6.151574553974409,37.55293658685916,30.027666791220554,25.966072049327153,23.21981369622631,31.47412472466316,27.438496803138474
750400,7.063323303078895,32.516507480661026,28.753859358270795,23.34581305012715,22.285243700459365,31.120422555698912,27.40659499665242
750800,5.153159139914095,30.35649571426444,27.0795725423705,22.53285703083728,22.058592615157174,30.956662895407298,27.39785997987001
751200,39.73840843513808,34.41403779814034,29.422302712125486,23.469106536040343,23.115644792706803,31.80351284694667,27.762323546059328
751600,37.98724255340882,19.2187415971028,31.298526323543207,24.37478978685388,23.798983459648504,32.170502303889094,28.44696580733833
752000,16.89756514141453,21.367939714590825,29.460438150725047,24.733162749749532,23.554327897437584,32.080868363246104,28.64994244471513
752400,18.56771869220197,23.66881879241544,28.092663136538295,24.83150047359082,23.47290830995162,32.287341169195855,28.810034774318147
752800,31.295552978584656,28.897297560149553,29.626896637207057,25.33250186124743,23.79352038703862,23.304365566710896,29.3102914328577
753200,19.765326894653143,24.902681252052567,29.65835952509651,25.251334821702507,24.315180976514803,23.212761436688922,29.275369478591745
753600,16.118981162881507,20.5290289739471,19.873885285525013,25.67113888715417,23.87335895961148,22.53789375453198,29.140843635741447
754000,2228.525642398586,462.8546444253814,242.11129206998618,136.0694794306034,98.01447872288011,77.94268328966632,73.60155819372775
754400,41.56811999844332,467.4547246866297,245.5617717395226,137.15781554889674,97.4177992799256,78.10437571022523,74.00869239246364
754800,7.237024405923292,462.6430189720974,245.77015826612356,136.42486540424707,96.94529077593265,77.98648402789881,73.91936196955054
755200,24.072430972152013,463.5044397875971,244.2035605198249,136.81293161597526,97.0472578639685,78.38762372448637,74.2835223815223
755600,29.31877415901976,466.14439838682483,243.33671368038603,137.31762000196466,97.36209775136454,78.68341601483293,74.40374457918848
756000,8.251732737124605,22.089616454532507,242.47213043995703,135.9662842953411,97.31281864648533,78.28377853306749,74.15912077858829
756400,23.687584948215147,18.513509444486875,242.98411706555834,135.53839010104838,97.54903933757994,78.35071049885335,74.42669634846834
756800,24.388736867536373,21.943851936809487,242.2934354544535,135.96016604583033,97.65281305898274,78.41849915389238,67.10217954425941
757200,9.122931178820636,18.953951978143216,241.22919588287027,135.44377770398344,97.24395517542504,78.54368470310371,66.81604832592518
757600,22.99022943639565,17.68824303361839,241.91632071022167,130.89510299787338,97.75286616150996,78.38409939726407,66.41357914566991
758000,27.279756717979623,21.493847829789395,21.791732142161045,131.95151210607364,97.97689700112257,78.9587920777004,66.71249306016526
758400,21.417316389875776,21.03979411812152,19.776651781304288,132.66921176041348,98.03076095969921,78.00751240527032,66.43883092444102
758800,14.535270197272292,19.069100784068702,20.506476360439187,133.13831731328142,97.78540238964439,77.83558717205933,66.49048249440688
759200,5.069000220019458,18.25831459230847,18.606133285225933,131.40484690252546,97.41066550572545,77.4369767192829,66.43132563663427
759600,611.4517385847681,135.95061642198294,76.81942972780078,160.07807170409345,117.15155657724331,92.22643074547365,78.31061875742648
760000,13.917164606086134,133.27809799960426,77.38597291469691,159.929051677327,116.43951383512632,92.33110721353827,78.10421740939337
760400,19.80496185012177,132.95562709165344,76.99771060488757,159.990913835223,116.02483026899473,92.41120715440691,78.08011052006017
760800,44.77427549307248,139.0034281508135,79.0362644674412,160.66484996094738,116.98553218636724,92.99867591109741,78.54205221660213
761200,27.825089891868338,143.55464608518326,80.90648033874596,161.06783811080817,117.26467858223756,93.15958646625532,79.01624383023216
761600,10.545178118734189,23.37333399197649,79.6619752069798,160.7891479586008,113.81739373424216,93.23014342287748,78.63967455920721
762000,9.803275325067837,22.55055613577283,77.91432706768863,49.853029604924885,113.9391170932786,92.96125451776413,78.74989907569802
762400,39.41725244820368,26.473014255389216,79.71432067352143,49.745486227412904,115.01758139811609,93.45165088815482,78.34887405892052
762800,34.618378057649046,24.441834768304528,81.7226314595591,51.11455390999919,115.99975536204059,93.76970965712312,78.61299602955927
763200,13.652685852888196,21.607353960508497,82.58100002284598,50.593566654035996,115.13023127596558,93.70324913500562,78.46578137999549
763600,11.234698760252131,21.745258088812086,22.55929604039438,49.68936288409762,114.2384798161937,93.50349144303112,78.29300380445778
764000,14.178667299028222,22.620336483604166,22.585446309688585,49.9857096121928,114.14784988811418,92.97599695376694,78.38197503276831
764400,7.943143685356053,16.325514731034637,21.39926449321202,49.19848754904984,113.79369738788597,92.3684388250491,78.20881862216791
764800,6.368204915198593,10.675480102544547,17.558657435424628,48.29746095143296,112.96278578577311,92.12881349863163,77.91067221596283
765200,29.637079751709503,13.872358882308811,17.739856421408746,49.323168380077405,113.29184421434164,92.3834730420304,78.07564045728599
765600,16.733580136648097,14.972135157588003,18.35869662320014,49.01033591509002,113.31233084680053,89.9527194564817,78.25585406294199
766000,9.666396350247702,14.0696809678319,18.345008725718124,48.129667896703424,39.35035597852258,90.04059000138852,78.03800535935493
766400,22.55629273274822,16.99231077731033,16.658912754172576,48.186616713847044,38.71662840299941,90.42791423713025,78.09310326135835
766800,8.447247675629395,17.40811932939649,14.041799715970612,47.882215587764904,38.756969178656284,90.51026645052315,77.8241276688926
767200,660.1039798632735,143.5014993517093,78.68692911700914,80.6339645699276,59.95802080836033,106.01940573622653,90.69998513140631
767600,24.88369152848393,145.13152163007646,80.05182839383232,51.30556221711339,59.81018472067581,105.6918169606034,90.81315883319134
768000,13.888435409867066,145.97592944200034,80.0228052049162,51.30412575730245,59.998074809767225,105.61658871731473,90.38535860399678
768400,17.084026480082443,144.8814761914672,80.93689348438885,51.168078988800474,59.7779561941628,105.57949641201171,90.08212975691704
768800,6.035971381144777,144.39922093257024,80.90367013098346,49.23116378320409,59.166197344616414,104.94800687207574,89.883784825102
769200,7.524255177053571,13.883275995326267,78.69238767351786,48.21612204746335,59.11290814455751,104.64198007913573,89.64525596832789
769600,17.23667721998533,12.353873133626546,78.7426973818516,48.550697002525915,58.92112307067716,104.66992248056333,87.71071504155564
770000,21.014546574552487,13.779095366563633,79.87751240428207,49.111260565000144,58.712282732562926,49.482145084962504,88.00797448196721
770400,15.297018142627104,13.421693699072563,79.15158494526995,47.90524884972131,58.50827279098798,48.8253675385671,88.17264837875818
770800,14.531581885767352,15.120815799997079,79.76001836628376,46.900909041127235,58.50814984727114,49.007731475563205,88.36021683367524
771200,17.766095134421818,17.169183791470726,15.526229893398588,47.10657950520391,58.93138634441788,48.85007307961994,87.92077056766092
771600,20.04088296222848,17.730024939919357,15.041949036773042,47.54688871530273,39.2176911569999,48.61812579970017,87.56184337583733
772000,20.63656619342628,17.654428863694115,15.716762115128963,47.86978366002263,39.441671209911235,48.9277466361077,87.63662339687755
772400,4.003598648789515,15.395744964926598,14.408719331999672,47.672806408194305,38.91495910320017,48.43564697862207,87.34534099600931
772800,7.039040012589197,13.897236590290968,14.509026195144111,47.70634816306383,37.657117920517386,48.00190455724838,86.86021073668938
773200,18.72277532153052,14.088572627712708,15.628878209591807,47.16063294155488,37.35370743483945,48.24190066081613,86.83935970522694
773600,25.705155262221226,15.221427087711257,16.475726013815397,47.609211697833544,37.85904000628902,48.30977380646176,87.03108318721374
774000,5.8600751282736665,12.266128874680735,14.960278869187515,47.41889563673484,37.72759999972922,47.77428176671911,42.57777184180749
774400,5.232013441519357,12.511811833226702,13.95377839907674,46.55268167217339,36.58809203283975,47.36964919301021,41.851049710669
774800,14.375458669902862,13.979095564689436,13.93816607749029,46.84909222188707,35.9133280532482,47.365653904825976,41.993818395948594
775200,3.803100765022913,10.995160653387915,12.541866640550401,14.03404826697454,35.58500855031936,47.33400641845106,41.588431791806016
775600,14.60436615119267,8.775002831182203,11.998214959446821,13.520081998109978,35.69733079668404,32.412822107611674,41.294143631649476
776000,17.44023385213249,11.091034575953968,11.678581725317443,13.697671920223247,35.80604968178752,32.500898838762836,41.47791365394963
776400,18.19943884505043,13.684519656660182,13.098165744943532,13.75344253847165,36.14792618711067,32.46076076363605,41.36815073188634
776800,6.536486484737675,12.116725219627146,13.04791039215838,13.778468293651292,36.15353557276197,31.50481603842768,41.01110572423036
777200,13.25824250384853,14.007753567392268,12.50145711039018,14.065167659991042,35.6075743311666,31.140644853727185,41.093811950730924
777600,21.893489813256767,15.465578299805088,12.120290565493736,14.298008289654613,35.7795713203869,31.42435264609025,41.071877158268144
778000,9.27494370067471,13.832520269513532,12.46177742273384,13.711028145960722,35.766522898734465,31.411144355480424,40.71178089792205
778400,4.666190143227271,11.1258705291489,12.405195092904632,13.179486745990733,35.170186145750435,30.542367797856013,40.37675837298908
778800,22.203713718676408,14.259315975936648,13.188020597781986,13.563093337636184,35.62873501385199,30.23200118938169,40.530127243417155
779200,21.192329469268444,15.84613336902063,14.92694346820654,13.734405054378517,14.331680000718496,30.420492279791198,40.852593828402135
779600,8.075504506163172,13.08253630760191,14.27405730370359,13.13613613157525,13.77140709997447,30.341512423438974,28.785069146830036
780000,21.358188605182555,15.49918528850348,14.665852779008597,13.172217252163065,14.020398873151652,30.52100045609284,28.93388962681197
780400,19.72950217614549,18.511847695087123,14.818859112118105,13.958512428530863,14.108581396353753,30.81565941836257,28.93238043333244
780800,19.668883955254834,18.00488174240281,16.13209885916982,14.590004625664145,14.563011815490757,31.148176394363976,28.43027260257609
781200,8.91766755151353,15.549949358851824,15.698041363936317,14.099749237163294,14.609458894639422,30.63019108935908,28.052124155768993
781600,20.872436566991773,18.109335771017545,15.595936039309816,13.858113302401822,14.730650872872967,30.733662500117667,28.258669324734143
782000,22.89560385168666,18.416818820318365,16.958002054411015,14.709889738572471,14.793352782110777,31.064392687653644,28.52051589526652
782400,16.650576177449253,17.80103362057912,18.156440657833212,15.280817875368967,14.838471383271514,30.91674977377117,28.06518236985143
782800,38.45010334131025,21.557277497790203,19.781079620096598,16.484550108939338,15.63575543178961,31.666821165413193,28.141816875524654
783200,5.045903780348447,20.782924743557185,18.166437051204596,16.546690259705613,15.211749053320496,15.290369263340065,27.96968123407386
783600,24.195051710546224,21.447447772268074,19.7783917716429,17.02622453767329,15.35022134493109,15.27315326789162,28.228888293079745
784000,14.038540659430886,19.676035133816917,19.046426977067732,16.856139878038213,15.130287160464574,15.27690589913072,28.2260857602878
784400,20.04134018391796,20.354187935110666,19.07761077784498,16.948234944981586,15.66487854496886,15.350838741726605,28.468049690259036
784800,4.054762602065723,13.475119787261757,17.51619864252607,16.82414875084799,15.56540263128474,15.30130852224963,28.421780843996377
785200,14.068486096784946,15.279636250549057,18.03128049705321,16.86466093049481,15.410259657126556,15.464914295242915,28.110408970897883
785600,3.858249193813698,11.21227574720255,16.3298617597354,15.962898899522656,14.682029454846305,15.130453594588621,27.852902352041202
786000,21.75705807046215,12.755979229408805,16.216007181612955,16.58700461801203,15.211928886252588,15.149016381986366,28.094715586445492
786400,3.007439015850631,9.349198995795339,14.85169346545309,16.504067061643195,15.137776405396965,14.841776903816953,27.703738512107538
786800,22.23139888656583,12.98452625269536,13.22982301997865,16.50545132003767,15.39964107928573,15.034272328836915,27.979421536326264
787200,21.96846555306376,14.56452214395112,14.922079197250179,16.544258124227433,16.00515323888709,15.139331589302964,15.21671125012207
787600,4.393811253966064,14.671634555981598,12.941955151592165,16.36017346161758,15.664801408979537,14.748154796596404,14.806913644631713
788000,14.708276701241916,13.26187828213755,13.008928755773269,16.027677866420547,15.573736170616517,14.599947559291795,14.82331047045921
788400,23.690856818254623,17.398561842618346,13.373880419206936,16.225745598526,15.75678343638999,15.092129013528421,14.955447077222653
788800,21.30079269420052,17.212440604145286,15.098483428420414,16.30734103547329,16.24892697670542,15.448672830568706,15.260743503483768
789200,21.782564598320143,17.17526041319656,15.869891278573931,16.95058588781362,16.533071046521137,15.525167562488445,15.5459096919091
789600,17.809994683994926,19.858497099202335,17.265065827592057,16.797463793663773,16.396954542212413,15.327788548032789,15.557376041189292
790000,11.38514970969857,19.193871700893663,16.227874991515698,16.22194108656437,16.467294742513207,15.46591541256841,15.364788103892213
790400,28.609980706425304,20.1776964785278,18.788129160573163,16.819911313013172,17.265421094619807,16.05036459419106,15.631047355168178
790800,3.270865675442792,16.571711074776253,16.892075839460862,15.060949429719802,16.634326159845354,15.772749769329556,15.405833030961684
791200,2.9889813878400733,12.812994432680242,14.994127422938494,14.958103310094382,16.027547890464408,15.752396784899986,15.110290756030052
791600,2.900363601410265,9.83106821616331,14.844782657682913,13.893368904637587,15.855043193639311,15.459796721155428,14.767480368813688
792000,3.7288219772871054,8.299802669681016,13.74683718528743,13.377882970530397,15.26739763937613,15.117011424284295,14.429325484490905
792400,3.07989598519904,3.193785725435764,11.685741101981872,12.529810760594449,14.712410766344583,14.739022852788006,14.410851431219093
792800,3.547574148343047,3.249127420015815,9.910419247396128,12.504451337908316,14.175033772780855,14.664300044378141,14.341022113934171
793200,3.5476524187047502,3.3608616261887505,8.086928029434587,11.978409654004306,13.996033268353896,14.421535292249548,14.037519655877654
793600,128.85416428493937,28.55162176289457,19.191344989529032,18.22820540856059,17.59542419228548,17.095552154041613,16.10049983633202
794000,23.439230881953712,32.49370354382789,20.396753106754545,18.312314049135168,17.613545093294384,17.449659333573585,16.452082951405618
794400,32.30238404633358,38.3382011560548,20.76599344074537,19.777061300659316,18.135272022257194,18.140564181151245,16.993490363501902
794800,7.430135553622129,39.11471343711061,21.181920428563306,19.03699813401213,17.101273096000924,17.771224727024887,16.854583901176287
795200,22.26085077097105,42.857353107563874,23.109107366876405,19.051617394907495,17.67510466235501,17.797937759567453,17.22373890129525
795600,13.65944447419384,19.81840914541477,24.18501545415476,19.51489905591888,17.3239177544766,17.93753625876822,17.204840467755275
796000,19.33522651338393,18.997608271700813,25.745655907764444,19.746246546525985,17.500473949608367,17.886962206473253,17.242740320980307
796400,25.054872991048867,17.54810606064387,27.943153608349427,19.814447355165697,17.667591709846064,18.020096476845836,17.379849003900272
796800,4.598672431312286,16.981813436181906,28.04826343664635,18.979341342021286,17.685722037487615,17.64334118874728,17.341092722831764
797200,32.33622704808478,18.996888691604646,30.927120899584356,19.507024464509517,18.294646735864276,18.228805176161558,17.722652413716492
797600,23.29960587959895,20.924920972685673,20.37166505905031,19.78150502428972,18.942691958723785,18.289484408976733,17.750774735043333
798000,3.869260917757916,17.83172785356047,18.41466806263073,19.405710584692688,18.346432053633645,17.813825835628517,17.642661079384997
798400,22.30391589031158,17.281536433413013,17.41482124702853,19.090407343886998,18.989647949449008,17.955159328450076,17.995415594326683
798800,16.807024403501384,19.723206827850827,18.35251013201646,19.767215280289925,18.808835466680193,17.414082355004854,17.887481808023182
799200,342.8206932451024,81.82010006725436,50.4084943794296,36.75880087315304,29.503909723081485,25.8584520916237,24.32004908353986
799600,83.90551057403408,93.94128100614137,57.43310098941362,40.809058221784234,32.154299700417084,27.351213563210898,25.836649204897284
800000,471.53999173212793,187.4754271690154,102.65357751128802,64.19961670952628,47.38202353477995,38.78874984002832,34.84028526743619
800400,11.44711310321623,185.3040666115963,101.29280152250476,64.61797756542714,46.97389874427867,38.573894163010785,34.674637485977605
800800,17.696354235705844,185.4819325780372,102.60256970294411,65.32541656979528,46.85375079566219,38.914933953851786,34.63518689158663
801200,20.79359992447384,121.07651391391148,101.448306990583,66.18771394508373,46.82078530653396,39.08306179954401,34.872705539045825
801600,5.211771427928492,105.33776608469039,99.63952354541597,60.00559430223319,46.400844531331764,39.11689985539688,34.55949223626457
802000,18.464533631085505,14.722674464481878,101.09905081674873,59.75685943968978,46.63682399537799,39.034586744412465,34.470870831852544
802400,6.659211103647598,13.765094064568151,99.53458033808234,58.474700792555474,45.905131675285396,39.12588104660738,34.27104353037651
802800,68.49756604512775,23.925336426452535,104.70363450224497,61.528072317130764,48.07935502094156,40.282535225571436,34.87199278445286
803200,13.78906034686971,22.52442851093171,71.80047121242171,61.1044827959257,48.439357652909216,40.07805009541658,35.04685591578328
803600,140.5074930803519,49.58357284141639,77.46066946305349,67.4468852262336,53.02626196887393,43.480892141076225,37.3731047431794
804000,23.269621555399308,50.54459042627916,32.63363244538062,67.64360497833437,53.67762195481101,43.69492576243017,37.557726361098766
804400,5.447623885366237,50.30227298262288,32.03368352359562,66.66324252305023,53.756546218149914,43.238844939107956,37.26585203512773
804800,20.47829457042501,40.69841868768234,32.31187755706754,67.45722363000587,54.32090356555265,43.218282486013564,37.59432267449492
805200,6.840605625338156,39.308727743376025,30.91657812715396,66.18244255886854,54.43066867244043,42.844733511689014,37.44976506506598
805600,103.82830685063308,31.972890497432264,40.77823166942443,70.20887760742025,53.59647342463022,44.99519131585497,39.449166218202365
806000,14.17400208413242,30.153766603178884,40.34917851472912,70.72411466573897,53.28763246470284,45.06491262521582,39.297505098475774
806400,11.244495993072832,31.313141024720203,40.80770700367164,70.17114367087703,52.585702862927484,44.630775507382005,39.462246238020214
806800,6.125385775848741,28.44255926580495,34.57048897674374,69.6370617394944,52.54221120366837,44.70213850989215,39.14012597580588
807200,8.898159419465843,28.854070024630488,34.08139888400335,52.94093504821258,52.0967881586182,44.8498679606828,38.87871985313392
807600,49.96647220528573,18.081703095561018,25.027296796496735,51.24398312977515,53.30702241632127,46.02652067577968,39.790173072160314
808000,11.03045914586066,17.452994507906663,23.80338055554287,28.218506500461793,53.030196837403814,46.20906160499403,39.71661672105268
808400,62.89961606533628,27.784018522359354,29.548579773539878,30.791131648567795,54.2916882732134,47.704554606997455,40.50079190599432
808800,14.125356707970443,29.384012708783693,28.913285987294422,30.612581772181024,54.60924441576867,47.96899917098814,40.35728318626972
809200,104.20502202409662,48.445385229709856,38.649727627170265,34.783152877162166,57.00487091496906,50.48543341112294,42.00573233478525
809600,568.7389686599842,152.19988452064953,85.14079380810537,62.95951273876494,75.18618300764858,61.48255352049906,53.02431181430504
810000,14.85362554760012,152.96451780099744,85.20875615445213,62.778967334590675,75.55232849530998,61.26791338714022,53.09368133106306
810400,26.502214544836843,145.68503749689756,86.73452800962853,63.77111750665015,75.69227178379417,61.1229091496028,53.0515260078313
810800,11.45738582669605,145.15144332064267,87.26772801471327,60.919108495728565,75.51395049790064,61.22359040642965,53.215256410856355
811200,32.1868879736696,130.74781651055724,89.59660087013364,61.83899987706856,65.15949032218622,61.47174133649711,53.799214542572955
811600,20.50359911534158,21.100742601628745,86.65031356113924,55.83880517881804,63.04609327356313,61.642845202525805,54.15127925285157
812000,13.906676828671976,20.91135285784312,86.93793532942036,55.37065794248166,47.79164944344794,61.507131460408004,54.35483634987928
812400,16.97719970383276,19.0063498896423,82.34569369327001,55.94713673340499,47.975985663468485,61.305189628227595,54.63278242425196
812800,21.223513347255818,20.959575393754257,83.05550935719855,55.984397672246544,48.093557633853486,61.72081065112619,54.98630120823021
813200,18.03168224250825,18.128534247521987,74.4381753790397,56.54395150310504,48.0014937111213,61.36319703098678,55.27598180470627
813600,8.363274682790559,15.70046936101178,18.400605981320346,51.77069989471291,48.106543819616704,60.98978875106657,52.866164012663305
814000,18.25144716047733,16.569423427372854,18.740388142608065,51.97457214853016,48.0994409372631,61.349343407134555,52.76240833823377
814400,13.46629679874285,15.86724284635487,17.436796367998667,52.08566218881366,48.32634379376627,61.128402929845336,52.38568659328195
814800,10.21138085551836,13.664816348007378,17.3121958708809,52.28996194279714,46.38347095411263,60.96351184114576,52.44131149931987
815200,12.317736342992768,12.522027168104282,15.325280707813215,52.460940788973495,46.33442682065006,52.70093791859301,52.24244921076031
815600,22.43044227199438,15.335460685945048,15.517965023478496,51.08413929230892,42.39852512703815,51.164061211042025,52.41786916671633
816000,19.51226057096535,15.587623368042651,16.078523397707833,51.50822936356415,42.27327976089035,39.863367932012956,52.421409847867956
816400,38.352099214556,20.56478385120528,18.216013348780155,50.280853521025136,43.37009560519667,40.53599258479645,52.68735437233809
816800,22.59058483704084,23.040624647509777,18.35272049775866,50.70411492747866,43.440505280750536,40.65834834982983,53.04719262045266
817200,20.37421381847421,24.651920142606066,18.586973655355255,46.512574517197535,43.891625553855064,40.64786369717984,52.80795235586045
817600,36.55730796773231,27.477293281753646,21.406376983849427,19.903491482584943,41.64925892442504,41.431502110674934,53.07310639762312
818000,22.732076135568047,28.121256394674184,21.854439881358495,20.29741401198334,41.934528059472896,41.538190673287,53.45036270197933
818400,5.3213285077193655,21.51510225330686,21.039943052256152,19.238369710127465,41.737089143294455,41.50474360838879,53.11071095432748
818800,17.403516457447022,20.4776885773881,21.759156612449015,19.535676241665016,42.11302683268106,40.227392368696776,53.1226407954064
819200,18.322532791923283,20.067352372077913,22.359636257342068,18.842458482577698,42.42717261176297,40.340729179823114,46.632677586342815
819600,19.29400655796446,16.614692090124343,22.045992685939076,18.781978854708843,41.4047570901856,37.31039201676343,45.34044750602142
820000,19.2536813421712,15.919013131444974,22.020134763059662,19.049329080383803,41.67886449672928,37.20999351143272,36.294721298222285
820400,42.86495008404388,23.42773744670988,22.47141985000845,20.34371659939436,41.011042297352866,38.145426666399665,36.923078037838835
820800,17.443226273870017,23.435679409994478,21.956683993691364,20.15470224572507,41.121637949549516,38.06954995898579,36.91801547860212
821200,21.5674330510636,24.084659461822543,22.076005916950304,20.331489786152837,38.36705165044842,38.437720644628925,36.93349214113392
821600,15.749089122625763,23.375675974754802,19.995184032439653,20.700780508144597,19.934055665869803,36.23574020142875,37.14423849502786
822000,20.904922135225107,23.70592413336558,19.81246863240536,20.833454256881986,20.13576555212397,36.40401320270606,37.19304626511065
822400,20.797775786775237,19.29248927391185,21.360113360310944,21.200028206283605,19.945617593521913,36.642845197548624,37.47581755877321
822800,9.831632884739962,17.77017059608584,20.60292500304024,21.181040807744687,19.891425828790045,36.73550137527091,36.30249889556545
823200,20.938195524744778,17.644323090822077,20.86449127632239,21.612063766832286,19.516469413825885,37.036502277902876,36.44548159912295
823600,30.774986383239582,20.64950254294484,22.012589258849903,22.029290972394545,19.858848989422484,36.55671513235173,34.2508314651807
824000,16.560777063842753,19.78067352866837,21.743298831017057,21.881716797038415,19.94731899726151,36.69497308030127,34.11665457534958
824400,39.48840219438317,23.518798810189956,21.405644042050987,21.938531946029777,20.697692413613193,36.109692733527446,34.797470141529914
824800,16.02666213205645,24.757804659653257,21.263987627869632,21.610335810780555,20.524464039773214,36.15722536912959,34.70843749276254
825200,13.409186180942504,23.2520027908928,20.44816294085752,21.262084428903968,20.370380837721022,33.88732947305074,34.83980910387463
825600,184.8047542723961,54.057956368724106,37.353729455834554,28.67445674413716,26.251763490707877,24.288974113361043,36.45933805230989
826000,21.97780428765372,55.1413618134863,37.461017671077414,28.636743151741445,26.375975394947087,24.467078581862378,36.61541409638032
826400,15.763089603136624,50.396299295236986,36.95754905271355,29.158831206512303,26.452535155093546,24.198600458319873,36.70578596858159
826800,61.29096085219802,59.4491590392653,42.10348184945936,31.353203426249856,28.155187821649534,25.444439833957425,37.809097470108576
827200,17.31138555494325,60.229598914065456,41.74080085247921,31.302646064400857,28.321642795381216,25.072552273489265,37.977361992818125
827600,14.51816023073479,26.172280105733183,40.11511823722873,31.06385374803937,28.057900060672566,24.922916301374094,37.268395753327106
828000,19.632336579334435,25.703186564069323,40.4222741887779,31.082786509897534,28.061902594284867,25.066057795140658,37.440433301996585
828400,16.346997249703414,25.81996809338268,38.10813369430992,29.75688886818051,27.328399195456445,25.050302733787422,36.50938092568392
828800,14.663116471631591,16.494399217269397,37.971779128267436,29.61788337806859,27.064150249942806,24.886292811896816,36.52013612095715
829200,15.621415959841308,16.15640529824901,38.193002106157316,29.320582523507472,26.905723654655045,24.826036154830142,34.74846399967204
829600,9.13441892338566,15.079657036779185,20.62596857125627,28.989849013545474,25.99162735317682,24.84531476084502,23.55637300494007
830000,15.513872152523897,14.255964151417079,19.979575357743286,28.720296514410403,25.751020553742016,24.776875385646186,23.569577937038545
830400,16.38181753477554,14.2629282084315,20.04144815090718,28.499498601810423,26.11970352131056,24.849763404047003,23.36716999683732
830800,19.49410295640568,15.229125505386321,15.861762361327948,28.982622105393705,26.189389737942513,25.081831456569184,23.52790433943151
831200,18.654734533203232,15.835789220058706,15.996097259153945,28.868449055816633,26.200463129318507,25.240256411324445,23.257261270622184
831600,16.995902194733173,17.408085874328208,16.24387145555378,28.17949484639131,26.123859650544134,25.10439290939292,23.187107332210015
832000,21.281392385810214,18.561589920985472,16.40877703620136,28.415525612489688,26.19145001866543,25.148621204764037,23.33460164335278
832400,16.763598808130077,18.637946175656378,16.450437192044028,27.27928544317703,25.321404976134975,24.608908694603393,23.33032962543873
832800,15.734555588746725,17.88603670212459,16.55758110375554,27.264680116011544,25.26444928663086,24.437507963396037,23.220550470268545
833200,36.50323541788145,21.455736879060233,18.645763049559555,28.41938257785849,25.76230936552479,24.84073350338122,23.58998153377601
833600,25.57416263670085,23.17138896745377,20.289737420891072,20.45785299607373,26.08981181599396,24.566154870105432,23.934199292854213
834000,6.178263440596661,20.150763178411054,19.35617654969835,19.667875953720873,25.598923192839678,24.152309552731147,23.692735618456606
834400,212.3858041571461,59.275204248214266,38.95657521193541,29.499011681421347,31.985190805185375,29.328921443966816,27.67112576562467
834800,11.57592917117855,58.443478964700624,38.16475783341269,27.013260097370374,32.04333401473333,29.183231761810106,27.69841673193787
835200,22.94119903937108,55.731071688998554,38.59340428402948,27.294750771591772,32.11010079855421,29.2986984179963,27.910885985865438
835600,10.589037112034028,52.73404658406518,37.95271777575957,27.098294615656734,31.437235822847356,29.081074181848038,27.67405788266623
836000,16.139498343006665,54.72629356454719,37.438528371479215,26.92365270384034,31.423193198819483,29.00321960686893,27.606602638107056
836400,14.104803997492729,15.070093532616507,37.17264889041547,26.81154304122981,30.577073258923136,28.284215954705143,27.121656733765793
836800,10.986536330788748,14.952214964538546,36.69784696461967,26.627714034187665,30.409069065547545,28.122798706128115,26.88957576364075
837200,28.30785707921664,16.025546572507658,35.878309130753195,27.262036090156432,30.90569142882335,28.29130930683194,27.0482486288556
837600,18.404733834827567,17.588685917066368,35.16136625056587,27.725551835728528,25.359024080904398,28.357700424636988,26.685197146197503
838000,21.098125222229484,18.58041129291093,36.65335242872915,28.004764489213805,25.32970144539026,28.362530501812092,26.652518127930733
838400,14.751551994001725,18.70976089221273,16.88992721241471,27.923251212175114,25.295983525085763,28.211374906992756,26.841122597656376
838800,19.27220665903205,20.366894957861394,17.659554961200058,27.912156397306433,23.89535838531356,28.447389251350057,26.878496401688082
839200,22.354742284130868,19.176271998844236,17.60090928567604,28.09715678485282,24.063470276286484,28.482802920334713,26.959140591532233
839600,71.79706331668393,29.85473789521551,23.72171190614103,30.83721484095035,25.97276704581812,29.508354843670823,28.00920172670662
840000,1925.5570498204927,410.7465228148682,214.66346705388963,126.05099771268446,89.5035908205234,77.23326166258707,66.13526909627305
840400,10.376616607694173,409.8715357376067,214.2906483149098,125.73164860266267,89.30457813245643,76.50546702291986,65.48550242674607
840800,41.91915978975763,414.40092636375175,217.38391066080663,127.0408788127132,90.21311290972727,77.15277946436238,65.9750210970638
841200,226.50505908812244,455.2309897245501,237.20363086169726,136.5409699962253,97.24256768066998,82.48017628704187,70.07377361780499
841600,10.318896710818455,442.93535640337694,236.39504714929632,135.77820669993113,97.28205027358442,78.11802984800244,69.96516976956883
842000,29.731119492087444,63.77017033769594,237.25834657628212,136.9558495025057,97.75595851823654,78.31186272811327,70.14169371670607
842400,25.11567919538024,66.71798285523315,238.29475929641998,127.59234325441741,98.04708724025669,78.54567746791938,70.22805178487818
842800,677.6028320969334,193.8547173166683,304.12782184021006,160.89368840070514,119.98404487827429,93.95347424903775,83.58347576912205
843200,16.726137471596555,151.89893299336313,303.5649613589567,160.58293532231642,119.91975830955406,93.93884304695409,83.49923460805908
843600,11.44083043639906,152.12331973847924,297.5293380709282,160.62552498853466,119.73458925094293,93.8619098020957,83.11255148912228
844000,14.500826751808278,149.07726119042343,106.42371576405974,160.54359140897475,119.5085703964762,93.73362205640754,83.0713524828816
844400,16.591882913237683,147.3725019339949,107.04524239461409,160.667945354762,119.5028465333131,93.7397441979959,82.61342209725868
844800,22.812208821244354,16.414377278857096,105.13454729776277,161.25922897928479,119.7387683077297,93.94347150673622,82.74913303104243
845200,51.1615905934003,23.301467903217844,87.60020044829056,162.40191565499396,120.22738014691366,94.83197587257519,83.50418111929159
845600,28.00540349729333,26.6143825153967,89.36885112693804,162.88194913811725,120.3084215089334,95.3037504869229,80.36819410378955
846000,85.54513296004716,40.82324375704447,94.95025247373403,166.10429952500814,122.95398382624843,97.05453200711096,81.6395406772374
846400,99.6888718679741,57.442641547991755,102.4075717409934,170.35116551870675,119.19741941660935,99.13720836544093,83.31805632253416
846800,12.743712069236883,55.42894219759027,35.921659738223745,170.024740789217,119.2363455132113,98.9684485932617,82.34711134687494
847200,19.23898772200564,49.04442162331133,36.17294476326466,169.86895306111074,119.11293846929912,98.98305492298176,82.38566339021618
847600,21.992128406326376,47.84176660511794,37.22807456025738,167.37870631559286,119.4930415124422,99.1079605782716,82.53514275372801
848000,7.514414711730016,32.23562295545451,36.529433356249555,71.47657456015472,119.20553872473299,98.7637861364196,82.29278431637593
848400,75.64799418204123,27.427447418267935,42.435044483129914,74.74014343887208,121.25697839755126,100.23589602076737,83.4788042550227
848800,27.68167894726527,30.41504079387362,42.92199149573201,74.02826939674745,121.8134831514338,100.53457410473034,83.73917550453535
849200,16.488689884025735,29.86498122627763,39.45470142479455,63.52745093654262,121.41951091159413,100.03421046638394,83.75652098301906
849600,30.876566465558263,31.641868838124008,39.74181772162105,64.55533442427961,121.83523866595179,100.16677056210537,84.19136393386249
850000,33.83227478745388,36.905440853268786,34.570531904361715,64.76039218904793,122.25971031812595,100.85812084577681,84.55773198656111
850400,22.940973913221978,26.364036799504937,26.895742108886502,64.65165692494003,122.53269104876662,96.12200008967869,84.68891511413001
850800,31.479565726005085,27.1236141552529,28.769327474563323,32.3454936063936,122.93960301766573,96.61959100354936,84.92862436952203
851200,20.44287409770804,27.91445099798936,28.889716112133563,32.53133043769918,122.8758740781183,96.5571328800078,84.9643871608121
851600,76.55283579661413,37.049704864200535,34.345786851162345,35.786930705709935,123.0343998274493,98.20622784712229,86.15552583284972
852000,25.57244926988164,35.397739760686086,36.1515903069775,36.3405118316136,59.701579809095605,98.44205162029417,86.24134697053115
852400,19.75358982925845,34.76026294389338,30.562149871699226,36.49859717741464,60.014145583147744,98.5832712660883,86.30114679095374
852800,26.661446306951497,33.79663906008266,30.46012660766785,36.691059051699995,59.505555133720875,98.97514401549238,86.51968460531782
853200,54.4303860509498,40.594141450731016,34.25429622436025,36.85449882457747,53.769732699148456,99.62820723978571,86.87822761797919
853600,5.458298605120871,26.37523401243236,31.712469438316514,35.72714357996885,53.60771276229186,99.30454635904303,86.47591033734757
854000,10.094476478203594,23.27963945409675,29.33868960739149,31.954610755876665,52.95315799516241,99.0294551404424,86.55423459809973
854400,18.00966615313796,22.930854718872656,28.845558831383084,27.870650470134866,52.71629089375433,99.1109079944208,82.66671183801957
854800,45.955155531152975,26.78959656371295,30.29311781189788,29.531222643230667,31.661368341561648,99.77798171622382,83.35429636521906
855200,8.214512968821472,17.546421947287282,29.070281699009218,28.979998905571456,31.377647524802477,99.42447598334108,83.05976264380806
855600,47.76257711269339,26.00727764880179,26.191255830617145,30.268521340889805,32.58837241401229,98.82361382824133,83.80323344382124
856000,50.58244717766138,34.104871788693345,28.692255621395116,32.42192296418638,33.79109309487406,51.94924876217054,84.49209242051434
856400,34.13889138967167,37.330716836000086,30.130785777436436,30.346467824567902,34.375993377421864,52.543305631719974,84.89277416835792
856800,35.32960467268401,35.205606664306295,30.997601614009692,30.72886411083884,34.79323990580318,52.37856675379313,85.37963553519583
857200,19.08388026048984,37.37948012263997,27.46295103496369,30.85862362966204,33.72398289470617,47.19303728310232,85.1951559988213
857600,19.998116687553956,31.826588037612083,28.916932843207,30.314701140761827,33.45707333438152,47.43501778252071,85.2270236558758
858000,862.3757787198649,194.18525434605277,114.14506306737312,71.74187633738238,59.35142819304211,68.25113426321515,102.05257672582853
858400,39.22294777354892,195.20206562282823,116.26639122941424,72.55597503039873,57.335897389894605,68.60381597766936,102.54200464141947
858800,29.16067455915364,193.96827960012214,114.58694313221432,72.44003047205615,57.88312947289183,52.39276203922488,102.7397739994219
859200,29.22800142712905,195.99710383345,116.68829197804504,72.8792868385272,58.21609659639594,52.70530863811318,102.87723918228187
859600,67.23890108408393,205.445260712756,118.63592437518409,72.41359010290068,59.724322352321195,54.1002604043053,102.78607593762986
860000,26.378084513393105,38.24572187146164,116.21548810875728,72.45387186507625,60.35311134570996,54.39719184834492,64.80249663148787
860400,17.240238981191304,33.84918011299011,114.52562286790923,72.3282043226729,58.4061861723483,54.41340075004376,64.93976907895781
860800,21.25812164880981,32.26866953092134,113.11847456552182,72.05803808976582,58.192067595733114,54.3745485707329,64.52654831613886
861200,9.01979641352574,28.227028528200684,112.11206618082542,69.78750860789462,57.94310448004978,53.321003716236035,60.176843062646924
861600,4.752308526282546,15.72971001664041,110.58748536469827,69.75220910395271,57.07229588207393,52.73967634196076,60.06551129895621
862000,666.0200065764993,143.65809442926167,90.95190815036172,102.54848560886748,78.14522027504212,67.25154818237208,72.79128904064446
862400,67.67299755407748,153.7446461438389,93.79691312841457,105.03165217891447,79.63628772973728,66.45115132452466,73.6424354078184
862800,42.409850607310666,157.97499193553907,95.12183073323027,104.85438693272235,80.00063055911414,67.1928047879765,60.938575778025935
863200,5.914698116110226,157.35397227605597,92.7905004021284,104.7393961900868,79.51635802639423,66.85969754782911,60.7223469909162
863600,29.0397578962002,162.2114621500395,88.97058608334001,103.80325522926213,77.9325887630471,67.03588828507596,61.074325540112234
864000,12.505597856952908,31.508580406130203,87.583337417696,101.8994127632267,77.4970270492828,67.16066786370654,61.03442096221513
864400,32.77770679677927,24.529522254670564,89.1370841992548,101.83135353358207,77.9311642815335,66.08891067907498,61.35813743988595
864800,20.68995767743151,20.185543668694734,89.08026780211696,101.09937118381946,77.7321146605495,65.91411764732914,61.31569241700969
865200,26.377492147460845,24.278102474964857,90.81603737551049,101.46405177816801,76.79701819709985,66.16133770391501,60.820010448090905
865600,16.212253934448462,21.71260168261451,91.96203191632706,101.27475864051273,77.15548337474412,65.79472989063727,60.58414745683401
866000,13.38631489867028,21.888745090957983,26.69866274854416,58.825285449453006,77.265211322093,65.28358089341768,59.140971095606474
866400,21.167517175375284,19.566707166677183,22.048114710673943,57.92251391954433,77.37047302283425,65.23924447497151,57.5705440017545
866800,109.62979697790036,37.35467502677095,28.77010934773291,61.945970040481654,79.49296107105917,67.1930002562689,59.50826569992777
867200,9.139877214600844,33.90715204019896,29.092627257581974,60.94156382985525,79.52380654591848,66.91042533419122,59.30628348977967
867600,14.260846894771776,33.51687063226362,27.614736157439133,58.29266112038965,78.40708220532109,65.35312561164515,59.15165785954858
868000,7.663784823753599,32.37236461728028,27.130554854119204,57.35694613590766,76.97646012685749,64.90540900049196,59.15464526178905
868400,8.177163206694003,29.77429382354402,24.670500495110673,56.9037923471828,76.11106918742489,64.61599833492785,57.80522864228211
868800,15.530888367182992,10.954512101400551,24.154593564085822,56.61743068310146,75.45111197724152,64.33773438643362,57.56221283068046
869200,5.506286169097254,10.227793892299832,22.06747296624946,56.441755170880036,74.99852550752846,63.11463188938732,57.34256475638189
869600,20.25348505166853,11.426321523679185,22.47159607797147,57.216813997149345,75.00703778633228,63.484511550551005,57.13010312810409
870000,33.52530386986043,16.59862533290055,24.485494975090482,25.59207886181739,47.37868862466545,64.07028223534243,57.123963709752225
870400,9.00038212042682,16.763269115647113,23.268781469595638,22.658448090134858,46.37126976956139,63.84505013452465,56.84515187389633
870800,20.393214910379537,17.735734424286424,14.345123262843554,21.557616305288303,46.07902111460225,63.20600161900531,56.623424857583814
871200,98.53307876787488,36.341092944041954,23.28444341817096,26.188535337876534,48.38919035929378,65.46396576398165,58.185228950987145
871600,13.466199943502955,34.98363592240884,23.20497872304408,25.409857440241673,46.59676698794108,64.60655633475189,56.92349623392492
872000,224.9918342006289,73.27694198856253,44.93778366073161,36.03416925742547,53.21722531084893,68.96679101032608,60.91188393253988
872400,16.334229335627974,74.74371143160275,45.753490273625005,35.21199538436791,53.18702498933015,68.52167445897497,60.84349672266726
872800,11.318650585446266,72.92879856661611,45.33226649545133,34.743430029768646,52.85570928721804,67.92140060679404,60.53664080823715
873200,41.93774735117328,61.60973228327579,48.97541261365894,35.521442789954264,53.952974318472954,68.49274728406112,60.286788034241624
873600,5.582845941441866,60.03306148286357,47.50834870263627,34.98997239030394,53.98065889897827,68.13236551540832,60.28927898096805
874000,21.93529501254223,19.42175364524623,46.34934781690445,35.41742139599753,32.51116851351303,47.121353422725264,60.52609535165481
874400,20.049568108979997,20.164821399916633,47.45426641575976,35.36152394267777,30.923720865343114,46.64201893111103,60.566893390771654
874800,41.87983681334215,26.27705864549581,49.602928606056025,31.974025934449863,30.9060537388775,46.95999798746574,60.485387016415444
875200,18.314107919228757,21.55233075910691,41.58103152119141,32.43273746968125,31.31936739898145,46.68715064976824,60.68737891542359
875600,30.66639163591936,26.56903989800241,43.30105069043306,33.25301470673863,31.373588523638755,45.772837913564125,60.3454552058881
876000,23.62943831525456,26.907868558544873,23.16481110189562,34.05129738131368,31.744383205582142,45.70412175861067,59.80639502863997
876400,3.265409493901594,23.551036835529192,21.857929117722982,33.80570969567406,30.760639962152887,45.35475102142842,59.18892539072456
876800,20.781676857861974,19.33140484443316,22.804231744964554,34.06824912020801,30.763697268167235,45.34283990165473,58.89796683442813
877200,10.187223335581834,17.706027927703776,19.62917934340541,34.30229597853224,30.224021641104603,45.37202557470612,58.72003369592997
877600,21.58986804553966,15.890723209627833,21.229881553815186,34.3691151282258,30.403275444807644,45.79296456268756,58.751868723089686
878000,15.628682658745817,14.290572078326084,20.59922031843555,33.47428406767007,30.47802103681016,29.533181464743716,41.816926801867304
878400,10.347717579479776,15.707033695441723,19.629035265485527,33.541650840622715,30.11736105028031,28.100049465378778,41.239422197985924
878800,17.4860397845939,15.047906280788107,17.1896555626107,33.39629208433343,27.045902477170095,27.476954194810855,41.00592950249473
879200,18.723953527878933,16.755252319247525,17.230640123475716,29.405835822333636,27.365371687612697,27.797185580105072,40.795848544509724
879600,3.590604232104356,13.155399556560464,14.52306138309422,28.912056036763705,27.009696932190447,27.160956738502676,39.52288260747013
880000,6.037877655260048,11.23723855586331,12.763905317094766,17.964358209495263,26.955500026573997,26.99926373346035,39.11607847030747
880400,4.22755718675224,10.013206477317805,12.860120086379832,17.359024602051473,26.823846492575942,26.285509993209683,38.85582483441869
880800,16.515662509920574,9.81913102238314,12.43351865158569,17.61887519827519,26.856672297333855,26.181152614021904,38.760975651640905
881200,6.460387946992571,7.366417906205866,12.060835112726764,15.845007228066157,26.88847568993037,25.683225009010197,38.70978748231024
881600,34.2402194346967,13.496340946724336,13.325870251642467,17.277875902728898,27.354700169364644,26.133924146516403,39.299545700478525
882000,8.039105094379472,13.89658643454822,12.566912495205832,16.583066406820755,26.505160210181945,26.000243901409135,26.139927670836123
882400,98.08161599725346,32.66739819664846,21.3403023369832,20.48466880123443,29.474534672742834,27.923096371956092,26.748100039699644
882800,9.2745337489232,31.219172444448994,20.51915173341613,18.854403648013484,29.10391196736095,25.41421479123166,26.085393702531896
883200,5.442063475487435,31.015507550147966,19.190962728176984,18.210801425826418,26.000878124281375,25.321769447753827,26.07594100971944
883600,38.02287553918469,31.772038771045562,22.634189858885016,18.578625620989683,26.819433977470762,25.91582016386415,26.25560336257913
884000,14.681751225800872,33.10056799732984,23.498577215939097,18.131241266517,19.809097878309828,26.091269323915334,26.299126429956086
884400,34.721600074932354,20.42856481286562,26.54798150475711,19.704050795568538,20.422010236286642,26.75488024562129,26.338004295519156
884800,22.05244282756065,22.98414662859311,27.10165953652112,19.767589094053474,20.779803311023787,26.91791910713073,26.365253998521734
885200,20.842597351173698,26.064253403730362,28.53988047693923,20.300357794833065,20.076631644357132,27.30132688668264,26.254556102595995
885600,12.812403420432211,21.022158979979867,26.39709887551278,19.861484563577694,20.317616893656812,27.115299845901735,26.186559092315665
886000,12.722568991223328,20.63032253306436,26.865445265197167,19.71617888020157,20.010526026279518,26.595231473935808,26.173284174166728
886400,12.409947085861608,16.167991935250207,18.29827837405798,19.81929035552066,19.75587199217557,26.68047059807168,25.99813277237645
886800,19.02708468682119,15.562920307102313,19.273533467847777,19.896342600632025,18.994113587958207,26.646317342482718,24.18607852655487
887200,19.3335249899395,15.261105834855476,20.662679619292987,19.926821173735053,19.0280941569819,24.666328498034336,24.389951482061647
887600,6.874648614058149,14.073554873580665,17.547856926780334,20.091023392832746,18.23503605625319,24.501539714798213,24.242227516447368
888000,4.05476063933751,12.339993203203502,16.485157868133996,19.991867542036616,17.58254680038929,18.978112875765927,24.170047032759047
888400,57.80893292787084,21.419790371605348,18.793891153427843,22.670936329092548,19.400664248188264,20.014980465572002,25.162682427182588
888800,5.946072480700972,18.803587930381305,17.18325411874188,22.142456827631566,18.906144102282894,19.880666012953366,24.970986109452948
889200,8.591485456434816,16.655180023680366,15.95814292926799,22.24901170310368,18.85295283964466,19.047009465584903,25.032690095199698
889600,20.36278465060972,19.35280723099068,16.71318105228574,21.55513996389933,18.812050059813664,19.4165079333141,25.034876087178517
890000,6.661433696443964,19.874141842411973,16.107067522807803,21.486256394002556,18.51314176107027,19.034661400411647,24.49759868371019
890400,49.106076966586194,18.133570650155043,19.77668051088026,19.03747944246919,19.805087073973816,19.7610741218518,25.299712580633376
890800,13.416583391043435,19.62767283222353,19.215630381302486,19.244581924575204,19.669438527522132,19.04949278629433,25.16017995024666
891200,7.955514990091095,19.50047873895479,18.077829381317645,19.370254500305386,19.31049057626254,18.79052796306589,23.348628674690982
891600,5.867753173632411,16.60147244355933,17.97713983727507,17.762498382027772,19.386395540980143,18.17056200150872,23.196659739293572
892000,83.8923157181136,32.04764884789326,25.960895345152675,21.22302660664341,21.981543476408593,19.677133936580194,20.374669369643264
892400,9.958030186630785,24.21803949190217,21.175805071028673,19.98484811222833,22.17255924307121,19.844449453898424,20.24714538666332
892800,91.57375459597029,39.849473732887546,29.738573282555603,23.46091370064881,24.674495645939537,21.614251397351133,21.852247466873802
893200,4.234844417886529,39.10533961844663,29.302909178700776,22.63052605398445,24.600310861636,21.465441924408747,21.098189408208064
893600,9.914864890017553,39.91476196172366,28.258117202641564,22.48564912746372,23.789465710146693,21.173566845520693,21.184829787179584
894000,22.27672076391443,27.59164297088382,29.819645909388605,22.96335671609827,24.26405289913119,21.33976779814991,21.191658302207024
894400,20.384767110856128,29.67699035572889,26.9475149238156,23.362097717348,21.67415793625128,21.59069403643432,21.19836228224455
894800,49.37228444719709,21.236696325974254,30.543085029430962,24.879357705366797,23.010749626193746,22.3878501529994,21.348211234921646
895200,4.485177748019978,21.28676299200094,30.196051305223857,24.13694034327082,22.97885343527816,22.031880758502925,21.07163263149747
895600,11.85113757749104,21.674017529495643,30.794389745609713,24.385764791442462,22.106462169888378,22.238394092137593,20.6953275503289
896000,23.549900038272263,21.92865338436721,24.760148177625585,25.3605217613892,22.402067130304086,22.676194651712898,20.69373678478926
896400,18.80661955120781,21.613023872437545,25.645007114083285,23.41040609255605,21.87156777951327,23.040671210824286,21.00456098593538
896800,20.80946551927678,15.900460086853482,18.568578206413935,24.15357574448484,21.830135202570474,23.14801628605819,21.005116759163673
897200,20.448796094645108,19.093183756178508,20.189973374089796,24.746441276395352,21.817008494019525,23.497726489749503,21.210348214344943
897600,13.010468906097405,19.32505002189978,20.499533775697778,24.37882548916974,21.823610676875028,22.96698272653452,21.038760231556097
898000,20.6512512917315,18.74532027259163,20.336986828479485,25.078316368934118,22.087900086891967,23.28228638146832,21.139211604215813
898400,20.443014593226128,19.072599280995295,20.342811576716485,23.645163250266112,22.355669003804117,21.34132134636764,21.34111754449074
898800,20.89207933848021,19.08912204483598,17.4947910658448,24.018938047637953,22.41783549219275,21.631759986106566,21.409238335568467
899200,20.38865200890625,19.077093227688206,19.085138491933424,24.64059489857871,22.453006392824975,22.005424699442035,21.442532305189015
899600,20.67150780073368,20.60930100661546,19.967175514257686,25.380782629933773,22.912901699047495,21.57164050598076,21.7841503765616
