Step,Reward
400,3.484363340110857
800,4.531174356723448
1200,5.698819690943517
1600,13.488693743870854
2000,2.264969347261347
2400,2.284899698208716
2800,10.065396271332245
3200,5.031549807660448
3600,6.527685175372919
4000,4.636357159678093
4400,10.973969468282371
4800,13.674977369315057
5200,3.5714053298393735
5600,2.624108785483978
6000,2.357220348216355
6400,7.446654248287028
6800,3.4058202954058285
7200,19.28790900503355
7600,2.319476411741139
8000,4.5444857141079265
8400,6.208991113201116
8800,10.649624925460365
9200,6.0378336734025035
9600,2.884631529487779
10000,3.743723611259393
10400,5.777452600047094
10800,7.402455202851023
11200,4.646825353849892
11600,3.331119975716409
12000,3.2258227196017337
12400,5.689054386843392
12800,2.5183449342164907
13200,1.3737978153020436
13600,5.769999595720695
14000,11.091245800907577
14400,3.531180737088215
14800,9.091212734176748
15200,11.010419715595498
15600,2.030036080622783
16000,4.119058151881488
16400,4.066795104280414
16800,3.2311439374418245
17200,6.003979785635779
17600,4.011019505532207
18000,4.516561128637343
18400,3.7413640875887735
18800,4.341301964755205
19200,4.017195593783776
19600,3.0940747784213998
20000,8.595696419183895
20400,2.4558902095103665
20800,16.416400064414145
21200,1.7725241857428802
21600,5.224801131223565
22000,8.395711276111788
22400,10.977084523290912
22800,3.4234830146163486
23200,6.44668596124482
23600,8.461385978779461
24000,4.561139356472698
24400,7.329822738624797
24800,4.135194895304379
25200,3.9980018068726033
25600,5.78229537799445
26000,2.212367807409042
26400,3.1653436250128433
26800,5.326988431618517
27200,3.066341862635762
27600,2.375139624712084
28000,3.991686267077303
28400,2.212832227094184
28800,3.761714603455354
29200,6.787974953110949
29600,2.2559111509150633
30000,7.979638360406648
30400,17.46780624706346
30800,2.9592178676472836
31200,6.625073889914333
31600,4.594658283593624
32000,8.051239176308139
32400,8.142630417311178
32800,3.5490262352116475
33200,2.2333998645116573
33600,3.371703928437856
34000,4.21979342875965
34400,3.412715857955878
34800,3.967339679823237
35200,11.108331158865978
35600,10.231832666031838
36000,5.269309036189201
36400,7.903740969285831
36800,4.8577332531419
37200,3.975417723280462
37600,7.803181983796899
38000,20.3874972850817
38400,4.9876865593715
38800,6.807562988916753
39200,9.606938751509414
39600,4.719294185626934
40000,8.862616074557252
40400,5.291625659584197
40800,4.945684544364568
41200,5.292051190784866
41600,7.0716194057597
42000,4.621471230841388
42400,6.675072330080376
42800,3.3439975334648944
43200,5.715946330257797
43600,3.869340428879865
44000,3.599658221563921
44400,4.396637557024849
44800,3.564151558309738
45200,4.042472757614223
45600,2.278506307891595
46000,5.182168215914127
46400,11.520986543484796
46800,3.977602323641725
47200,9.16861786442923
47600,2.5698742657994957
48000,7.481633478128316
48400,4.285926329701743
48800,17.232677750849973
49200,4.942318514289373
49600,2.627893846943274
50000,3.419090436827819
50400,2.18981178400646
50800,5.646626768084512
51200,4.933181719923538
51600,3.0477917592774824
52000,6.2209916632623825
52400,3.4538234189074037
52800,5.465956615496901
53200,5.485119481949509
53600,3.5973051075140132
54000,3.600803720369756
54400,4.736005849914015
54800,3.4988563177931997
55200,11.09799416281214
55600,2.8042507903256735
56000,12.172073289121029
56400,5.491607747978891
56800,4.801304870817932
57200,12.619839289239664
57600,3.377981943135789
58000,4.115889864205513
58400,1.9229920298556806
58800,2.8416319693076657
59200,5.282368946757201
59600,6.276988508223746
60000,3.527318055259933
60400,5.0276920378993575
60800,14.44571602046775
61200,3.7504558151701444
61600,6.23971462291991
62000,3.8889250363126675
62400,2.675643301002551
62800,11.773426123794332
63200,9.128689237165686
63600,4.0989063750325645
64000,6.728366862875167
64400,18.055504713518758
64800,10.862028135405243
65200,4.346115461275924
65600,6.163624743110611
66000,3.397058947510435
66400,5.289282814607644
66800,2.777803908787511
67200,6.632524559806366
67600,5.763981804399618
68000,3.7082198241770805
68400,1.8092331355266116
68800,10.969394879582635
69200,4.688248585836555
69600,10.47995607049549
70000,5.582964260203061
70400,13.66447877631192
70800,6.630214767181264
71200,9.804404324800748
71600,6.37133640409004
72000,8.461883987740574
72400,2.81766510905522
72800,5.020271898136502
73200,7.42033627291375
73600,6.387864084762066
74000,6.567310090838031
74400,14.840174237370306
74800,3.5094088382839295
75200,3.3605380165341794
75600,5.073525722249543
76000,11.825003865549721
76400,16.658308223514666
76800,11.405247224135428
77200,5.165199895900486
77600,1.2811762225644443
78000,15.892809953264226
78400,8.054395659541779
78800,5.713231101413094
79200,4.9089632596646915
79600,10.815900511137608
80000,3.6873675731242557
80400,17.52496680878053
80800,14.53201714894103
81200,8.288378826664042
81600,6.5254643520479165
82000,5.868668372873839
82400,13.677205901977981
82800,3.9508913426520396
83200,7.547584645574571
83600,7.543568198358432
84000,3.76617383987318
84400,9.332789260296002
84800,8.653221752277078
85200,10.319951586117078
85600,5.742068413521335
86000,5.27306936940485
86400,16.73816234655743
86800,3.6096693092654872
87200,8.245491962183495
87600,6.959091990116597
88000,10.243939481235289
88400,5.603425297281872
88800,2.5873265981591698
89200,17.069136808733916
89600,12.373369101278712
90000,42.47798714825617
90400,12.990111533210856
90800,13.183711843926579
91200,17.6503826359003
91600,16.53264925012794
92000,5.196504159859248
92400,8.409025417942598
92800,23.153680589621704
93200,8.24597301934289
93600,1.827712349164609
94000,5.938198994839694
94400,18.509620963686743
94800,7.384889032249927
95200,7.000445950715247
95600,8.329665491792568
96000,3.838563258220213
96400,7.801406454478314
96800,7.260875728623768
97200,9.356203698967228
97600,12.879537282520971
98000,17.888508097988268
98400,5.883575774530768
98800,15.46937599305124
99200,12.23145118028244
99600,13.451544864622749
100000,5.0284831245640085
100400,6.327896773241143
100800,21.089418269034955
101200,13.24170728446606
101600,7.435942619212318
102000,11.817905346260039
102400,7.494201515580557
102800,9.482713126335476
103200,5.791072916196298
103600,7.943746994472386
104000,13.92535677203166
104400,7.369573042305418
104800,14.106497301948203
105200,7.991843988290246
105600,13.686736974840011
106000,8.234553355403447
106400,13.232441555222671
106800,4.8596190307860185
107200,16.410021399079543
107600,40.19488106603948
108000,7.8525269785444385
108400,26.426628460576488
108800,13.5971908265291
109200,12.094678216257408
109600,14.216891348481836
110000,7.972940034443915
110400,8.081414573070893
110800,12.469873206107911
111200,14.68326620148102
111600,10.830729749542575
112000,5.800561370892899
112400,8.590386665659077
112800,9.70403438055629
113200,13.04020646443054
113600,11.503705151222135
114000,15.070447946790695
114400,166.2725612001173
114800,11.821394574741145
115200,7.8054962599082405
115600,25.265613546484584
116000,26.726088985330414
116400,20.520914763660883
116800,8.11762290168889
117200,15.493233205746105
117600,9.58783652342721
118000,20.14733037700044
118400,11.854540717497224
118800,9.32791834156157
119200,10.333225680545489
119600,18.889200722522023
120000,7.255116556274825
120400,599.6734256973957
120800,29.05318275408838
121200,2.154053688710024
121600,8.501746211474028
122000,4.094602228142646
122400,12.442592127246064
122800,2.1551199223464894
123200,4.120166400429378
123600,5.963687042208962
124000,2.498938274663798
124400,3.300873489507716
124800,6.392308776878659
125200,1.4256693558321365
125600,18.196176665426705
126000,1.869021633273462
126400,1.3464363695979733
126800,1.6696086473237481
127200,1.5774553337794623
127600,1.60648269633511
128000,2.0161393165455372
128400,1.6341288831232648
128800,1.3061671261272967
129200,1.543266843501126
129600,2.8463294853684875
130000,3.82989541535455
130400,1.8669016309430917
130800,4.402313441748891
131200,2.439925815033181
131600,3.5556547656622843
132000,2.788114004810596
132400,2.7588085237082014
132800,3.3502048055437763
133200,13.177541549274975
133600,8.679079547647552
134000,3.7067897359809954
134400,10.98176762256465
134800,11.342870070178737
135200,2.8514122218970406
135600,3.923306967359403
136000,3.551992544042108
136400,2.3564308317718656
136800,7.795765896057193
137200,4.111456252924875
137600,2.885564718685128
138000,4.197542298423027
138400,4.938629406736962
138800,2.7889069075380504
139200,11.279492295814846
139600,12.992245420303716
140000,1.2481628465222834
140400,1.153620163862405
140800,1.868759276336515
141200,8.92403701702134
141600,7.538423406498958
142000,16.358837486448948
142400,3.107235824320688
142800,5.299982218322766
143200,2.357930093839559
143600,1.936114657589871
144000,3.0278078335687293
144400,2.0588004312820583
144800,1.7198625032746473
145200,1.563510324350849
145600,2.9773687422056136
146000,2.6651912975785175
146400,7.558991523586974
146800,1.9992679568443765
147200,12.093701286648132
147600,2.355009204371959
148000,1.133058387280926
148400,1.9701431488401602
148800,1.4414800603671531
149200,2.796469170608438
149600,2.5495606959138435
150000,3.7202480572982473
150400,1.2091110397702507
150800,1.4738592755354307
151200,2.4727667354026015
151600,1.9338651817050345
152000,1.823094821987981
152400,3.4719053909739905
152800,4.703930562174378
153200,3.3302257401183573
153600,2.85804100910583
154000,1.0528272743164333
154400,5.2515547676689085
154800,4.550201612400414
155200,5.281853809308558
155600,2.262963554095502
156000,5.832020252953949
156400,4.524211887668192
156800,1.5577694881813746
157200,2.44773077840106
157600,4.691807763068669
158000,2.729422521671768
158400,5.635883926495557
158800,1.180414281581763
159200,3.718111748580903
159600,8.162898099193791
160000,3.8808124293414896
160400,2.6478695748212657
160800,6.984322278961018
161200,2.4281022564490957
161600,1.1725366292780277
162000,3.2823092423629228
162400,2.982611817994903
162800,2.70041531123366
163200,4.703017203342832
163600,2.508938387896731
164000,5.734929848347663
164400,3.827604267715196
164800,4.176123516965306
165200,11.01533357503884
165600,3.1422698352702163
166000,3.9133711873460157
166400,1.6299807097033354
166800,6.4131446743291205
167200,3.6483475295250676
167600,3.5461271110185963
168000,1.1887455743874114
168400,2.943231753705121
168800,3.5874625870657746
169200,5.385382788557799
169600,5.307489716605351
170000,2.188565984065443
170400,2.90694456483886
170800,3.6759005343426048
171200,3.5631490248367133
171600,2.2680364601962637
172000,4.345288902067446
172400,6.056497193004883
172800,3.4076234909622594
173200,2.91030532104229
173600,6.014851575092268
174000,2.743552196268588
174400,3.9054646276741245
174800,3.7210543235432065
175200,5.664033873797941
175600,3.3503882822716613
176000,1.9772139856534718
176400,5.645971658143352
176800,7.416931967162839
177200,4.790288515029694
177600,3.362860301777992
178000,4.8339224261852385
178400,2.886415875737843
178800,3.016741214917014
179200,2.7837089413813954
179600,2.9147037727296197
180000,2.3077510952892255
180400,2.088104131781515
180800,6.185667378232705
181200,2.8896891272966503
181600,5.5242221421565665
182000,2.721731099986423
182400,3.7959698285613923
182800,2.552155631359251
183200,2.369612165621949
183600,4.1145478533917705
184000,3.2249504538808895
184400,2.7970350794303886
184800,2.129835908178107
185200,3.0467497848186205
185600,3.016268382373428
186000,2.432025428078418
186400,2.6672324086873442
186800,3.295150503550261
187200,2.494331546546785
187600,1.7222150000710847
188000,2.308663441459468
188400,3.1634519274655597
188800,1.00016516690016
189200,2.0351345909547076
189600,2.7662556718720235
190000,2.068842032592667
190400,4.018496466593424
190800,6.811163400939474
191200,2.332968017162205
191600,5.101137272921422
192000,2.0138087670285634
192400,5.901190539406876
192800,3.007203898952072
193200,2.424557747651498
193600,4.349860636525051
194000,4.560878881418203
194400,2.38118195658598
194800,3.7586865925952044
195200,1.0681974135688177
195600,2.487107468723849
196000,3.061376051034395
196400,4.649796208365762
196800,4.56139250764608
197200,2.4773426244918455
197600,3.8738013712345793
198000,3.3892349354852707
198400,5.142504613375014
198800,1.5778663912357165
199200,1.7177868484403356
199600,2.43813071358521
200000,1.6121634873810529
200400,2.7590252948192746
200800,7.484431975575374
201200,2.991026251534419
201600,4.258754728644146
202000,5.624183596178806
202400,1.5923380173118185
202800,4.212503657963424
203200,4.54731021924687
203600,2.7713292406121592
204000,4.199813808514999
204400,4.988271123801234
204800,3.8733745418029084
205200,4.053354762004081
205600,5.775141364349884
206000,6.176760062777522
206400,3.2349181299435292
206800,3.2428861795903536
207200,3.3230753511661355
207600,2.8947506049981535
208000,5.672231755472284
208400,4.644716941066269
208800,2.2497180682136078
209200,2.6650353295861153
209600,5.515873887037191
210000,4.9452825104999
210400,3.350444214765409
210800,1.607437112271183
211200,6.375543383448277
211600,5.550202208897224
212000,5.246226823552276
212400,9.276842604715466
212800,5.347036082123257
213200,6.105283005041451
213600,14.410226029679674
214000,5.736690161741609
214400,5.680784548457275
214800,5.04888716785373
215200,3.14257459979368
215600,3.8049403819205225
216000,6.518035607379362
216400,2.0534929155809833
216800,1.8928445045358875
217200,3.0800888249734477
217600,7.903670100396872
218000,4.826727492547164
218400,6.321291426559311
218800,6.306392320559529
219200,4.163400280261733
219600,5.863883327682925
220000,2.4233900324866977
220400,7.163722969251946
220800,5.51121962341006
221200,5.2561074406169555
221600,5.93675208775374
222000,6.5846105219826585
222400,2.512580435146513
222800,4.0130781658128845
223200,2.6044651160530954
223600,5.350652702486556
224000,9.986495533056114
224400,6.029024780866516
224800,5.945713616411282
225200,3.3571636293019074
225600,6.332494809723964
226000,6.410825369858987
226400,1.786230786303357
226800,4.150405318121689
227200,5.374999512486281
227600,4.832037730883338
228000,4.726668225873783
228400,1.2515323909298963
228800,6.01142822390756
229200,8.358657960474353
229600,6.169430328378519
230000,8.415736130881532
230400,3.3550163224080607
230800,11.431092649040718
231200,12.289049922862889
231600,1.6471309185860592
232000,3.457728147890507
232400,5.664389839413432
232800,3.951065913308586
233200,5.846529736146295
233600,6.114816464887941
234000,3.0004654975731317
234400,3.6812971420182983
234800,3.62626196499902
235200,1.55889648435894
235600,1.659506016753211
236000,3.0371314353946675
236400,1.557962009940586
236800,2.7535835174283734
237200,4.432413411797121
237600,2.9805508837753614
238000,2.542552358172609
238400,5.130267270534288
238800,2.6145596885078506
239200,1.8189231441769633
239600,4.221954772325047
240000,6.018707136772907
240400,3.304500821994411
240800,7.059165603037276
241200,1.5376266559352816
241600,3.121703320323582
242000,2.3886061133904932
242400,2.0419752160279145
242800,3.5066337784188875
243200,1.7222422091164944
243600,6.516484890742667
244000,5.4933634347529035
244400,1.9000159429690717
244800,2.2933624591650976
245200,7.130758472877071
245600,1.5826276222399294
246000,2.87886708238784
246400,6.4952801425675375
246800,6.813849894686575
247200,2.1134520999042095
247600,2.7514658839827195
248000,4.052512028873937
248400,2.1137353305600683
248800,1.6264695254992865
249200,2.76357088404127
249600,2.504744523774613
250000,5.350994122679578
250400,3.9293638411759453
250800,3.433312736986216
251200,3.072238521851088
251600,7.8145309816375335
252000,6.269736102378247
252400,17.39199119722223
252800,2.029995950512412
253200,5.613912130471348
253600,2.1562035720360853
254000,3.743042500684053
254400,6.64408852667263
254800,1.8877532561314496
255200,5.990343608712849
255600,2.9951134453344377
256000,3.490375035417879
256400,2.148506951921007
256800,5.9716630586060635
257200,4.1032984334880815
257600,4.99330498109324
258000,7.6110587868803625
258400,2.1950600168355976
258800,2.54582983898889
259200,3.7196258600328216
259600,2.0229312233223395
260000,2.933702211702981
260400,2.379746658544216
260800,5.765531543831308
261200,4.761632310790798
261600,4.15573400219417
262000,1.5364255938030207
262400,1.9721854115556097
262800,1.63671163406212
263200,3.491420615755009
263600,17.413390523593026
264000,7.543158119080982
264400,2.128053771988131
264800,4.284137213174443
265200,6.086531309352039
265600,3.9541443556644364
266000,2.5484185636388825
266400,6.054051657273563
266800,2.5912174779295394
267200,1.0161323602086323
267600,2.71957289685616
268000,4.210734949279802
268400,1.5738745399545941
268800,2.2777317640559414
269200,1.6625015549248046
269600,3.4445990947876193
270000,3.509606331211231
270400,2.1216408890170912
270800,6.605816273353914
271200,4.233230782161374
271600,7.018779305772661
272000,3.09577207896132
272400,6.798939778255588
272800,4.275163080034843
273200,5.3633203649733
273600,9.12881756544142
274000,5.861954397991005
274400,1.6634490246246103
274800,3.129019779534372
275200,5.753341847173765
275600,4.4169739709707985
276000,4.104472602467084
276400,3.1558059726253704
276800,9.265786036232067
277200,5.693136590539382
277600,7.150035027234938
278000,5.208830425444965
278400,4.900793646001297
278800,4.812382465174745
279200,7.230081265285875
279600,2.444885456924521
280000,4.746630785016545
280400,3.313003460847622
280800,6.687101257559136
281200,5.183141804322522
281600,5.204364256880996
282000,5.956040587104988
282400,2.4152829970224428
282800,4.387657039711919
283200,5.312710147277171
283600,5.013406543846253
284000,4.845421987023417
284400,3.8321862570729874
284800,6.501989728027112
285200,4.481836776381333
285600,3.0954734572080174
286000,3.55219062660067
286400,5.969260734395197
286800,2.84200004409895
287200,13.866821518153435
287600,13.152547817639395
288000,5.154944043207334
288400,3.9909301531769574
288800,5.143742588116528
289200,4.974003441590325
289600,2.518759929163277
290000,9.143462946811502
290400,1.9934717241621596
290800,3.1723080315023053
291200,2.3983442055026765
291600,1.8894552451890705
292000,5.833599720730936
292400,3.975425153126854
292800,5.694482673283656
293200,5.223153454477082
293600,2.2517568314662677
294000,2.940324510266649
294400,5.396291477806186
294800,4.405727591177656
295200,4.09945039228799
295600,5.449464067726566
296000,2.2759555574464767
296400,2.6215634054467394
296800,5.739547911077006
297200,4.948071941787103
297600,2.449819257087295
298000,4.1653782047058305
298400,6.757085154447648
298800,5.772605124880705
299200,4.193961425326409
299600,4.370340104298413
300000,5.691345292537467
300400,6.647816761753361
300800,6.138049027025352
301200,6.374351507478243
301600,6.148791279023753
302000,5.497582128148429
302400,4.90443023828087
302800,5.600120449896205
303200,9.539243079680134
303600,5.244467533733609
304000,11.135717712731013
304400,5.837188321405071
304800,5.78066551009746
305200,5.629031593450054
305600,3.0177615269954736
306000,4.813002194190243
306400,3.5151069392223633
306800,6.068463793684007
307200,4.476269374152456
307600,1.670011286425577
308000,5.365446558653178
308400,3.2939359662901384
308800,6.960754158200155
309200,4.532772462943217
309600,5.443089757073777
310000,8.918914155975404
310400,4.594667678115782
310800,4.893611238775714
311200,5.353302636975717
311600,5.444798106626254
312000,6.107845956662696
312400,3.3033568248764866
312800,4.56830479562997
313200,3.789977910997519
313600,5.412548680531936
314000,5.143083339401526
314400,5.549499171466901
314800,5.075841742964909
315200,1.846508212813859
315600,4.752517689783245
316000,1.5057836749630944
316400,4.484307609573984
316800,2.046795029979678
317200,4.814890069362077
317600,4.84027649079938
318000,54.202041254585495
318400,6.083935717114134
318800,5.6964676826642355
319200,3.234630208935176
319600,7.916981723239862
320000,2.14379471642906
320400,6.284546336065025
320800,6.106842728477976
321200,2.939137536310615
321600,4.330812574628239
322000,3.843445227141518
322400,2.668624004099924
322800,2.0634138350139897
323200,15.775695906516791
323600,4.270503217864125
324000,4.809437217371422
324400,5.0830910496904975
324800,5.378602668457026
325200,1.860737261378277
325600,2.5712517550120477
326000,3.5191405410217906
326400,6.296544897298894
326800,2.9965233876812216
327200,14.43697082639877
327600,3.463096879282409
328000,6.6398422566359105
328400,6.515535468437541
328800,5.721276302485322
329200,2.6607984446200397
329600,3.3244139097867818
330000,4.932522524875958
330400,5.827462577770858
330800,9.840750046319204
331200,1.4166630633253474
331600,5.917516454714698
332000,2.37858989050526
332400,5.9914185059715495
332800,3.7241027056050244
333200,6.264179132653126
333600,5.69419961432313
334000,3.1696034226913956
334400,3.7846601935688797
334800,21.102550103383354
335200,2.4131024282013414
335600,4.190996629872757
336000,5.184304980456086
336400,4.702954053225292
336800,2.693345991026607
337200,4.053429867399216
337600,3.1907775140732944
338000,6.279637486410341
338400,5.621057033838583
338800,3.4718170185694075
339200,4.316155147588552
339600,2.145086600028478
340000,4.631210832667761
340400,15.439428135874477
340800,24.11091922340318
341200,7.064422991752332
341600,4.4608776405040125
342000,20.811948244773454
342400,2.5529819303108523
342800,3.276706147081768
343200,1.4694831549853096
343600,5.948140932356589
344000,0.8438292998860905
344400,4.461667753094962
344800,5.740353027415789
345200,1.536380696320685
345600,6.118060929722546
346000,2.6363733914126763
346400,4.514969313161466
346800,3.3057474721260043
347200,1.9037828845728761
347600,5.654654110325589
348000,7.6961806793328265
348400,2.977991427537655
348800,4.586401998726023
349200,1.9735736467788394
349600,5.062553362101578
350000,4.106858642067281
350400,5.18658344823053
350800,1.978195786237002
351200,3.879432984467773
351600,1.7916543260569309
352000,5.36801653846333
352400,5.404035693340885
352800,7.924438138245537
353200,4.6874889924381264
353600,2.837294888755982
354000,2.878186832693198
354400,4.8747056525819685
354800,8.04741971081725
355200,6.023937276709575
355600,4.462605779888849
356000,7.043490995734079
356400,5.424922800197378
356800,5.345923225650367
357200,4.787684993325299
357600,4.847194863898902
358000,3.253891421735061
358400,5.429816633559812
358800,2.517798859562431
359200,4.342796312502532
359600,5.165446099883106
360000,3.896069576982111
360400,4.34311828842445
360800,4.049262121884336
361200,18.774181596141904
361600,5.825613193963193
362000,2.99827070599043
362400,4.387645794121054
362800,5.361448660034112
363200,11.216571820026823
363600,4.613540100427205
364000,3.2917865969675444
364400,2.2768091855638497
364800,3.5789205464318803
365200,4.24842768140477
365600,3.4511010994506117
366000,5.569925160850303
366400,5.498212955413447
366800,5.658136195158439
367200,5.869765895755268
367600,3.697113819012245
368000,4.512926594626317
368400,5.385263839337695
368800,1.4896627647648388
369200,4.731601819998471
369600,4.0494492364512285
370000,4.929851888138209
370400,2.282359213664971
370800,5.084933468312897
371200,4.3552062091922314
371600,5.716023544790779
372000,8.44879327210307
372400,6.591930578491229
372800,5.3285161217770725
373200,5.91033530123399
373600,4.935290527144457
374000,2.40599759210094
374400,2.0349434489888734
374800,5.425023802110738
375200,6.038739914920204
375600,6.875571068697922
376000,3.895444766549352
376400,5.823414179563292
376800,2.65151187234679
377200,4.151459390110881
377600,2.1722690302857863
378000,4.344874582991795
378400,4.3301517755155
378800,3.3831173082708537
379200,3.313840042349374
379600,5.480999039042142
380000,2.8981959112656157
380400,2.290486072899001
380800,3.369392453004817
381200,2.7746451758128967
381600,2.698060465408827
382000,4.566360610517652
382400,4.639824728310007
382800,5.229722310746039
383200,1.9804257415323963
383600,1.5730460470518348
384000,6.347454734303463
384400,5.024708159086597
384800,4.956074931149242
385200,6.621350486668288
385600,4.971204742972338
386000,4.815256791419969
386400,5.61243645476372
386800,4.762350461863928
387200,2.5928105820176928
387600,3.28951554157023
388000,1.3955231118327869
388400,5.968062866376783
388800,3.173957464049768
389200,5.101755106359747
389600,3.857049233123887
390000,2.0332309844105905
390400,5.927904864540814
390800,3.5420090398481276
391200,3.6387667988274393
391600,6.5968340174330455
392000,3.9015393115142505
392400,5.703378544362396
392800,6.682216107369622
393200,3.965721455541064
393600,8.125289958999142
394000,6.595343028603087
394400,3.5545734104246147
394800,4.858664171029541
395200,4.133453003336459
395600,3.4677769440204846
396000,5.688243005500614
396400,5.44585839213958
396800,4.020845387985733
397200,2.4130893034023355
397600,6.479621725032157
398000,5.560516725048799
398400,5.099293559733615
398800,5.896724507199006
399200,25.655958116730638
399600,4.3334290796076
400000,4.5723330656522885
400400,4.6001035195402595
400800,5.345526862457763
401200,5.641563467270927
401600,4.208609368197784
402000,5.920776872996034
402400,3.1280054831647024
402800,17.363805288370507
403200,4.850596398599022
403600,4.955897290031699
404000,3.0651247874453844
404400,4.178969485218131
404800,3.6803333743089905
405200,6.054232726321767
405600,5.8286303702895905
406000,5.861051455685987
406400,2.2801702733148588
406800,1.9487783073062286
407200,4.4645551972829
407600,6.516330498133899
408000,4.74014700824261
408400,2.466038493555063
408800,4.510671431443391
409200,6.04877112051187
409600,5.474336108101142
410000,5.673447714482414
410400,2.015115581113166
410800,3.541645167404082
411200,3.800433233120736
411600,6.167227650192934
412000,3.979470602677097
412400,3.632027480784216
412800,2.0629729503147654
413200,3.747195597374224
413600,3.727158025437666
414000,2.9516135618315946
414400,2.3028974225540013
414800,5.961939765709291
415200,3.321342883511495
415600,4.111000332836618
416000,5.287136141231285
416400,5.027776133839718
416800,1.7774783245860848
417200,4.344303690545576
417600,5.119891271270889
418000,5.221796786690123
418400,3.9417796938261063
418800,5.5691066418049635
419200,4.037136153626818
419600,4.939263809908786
420000,6.2481860733385615
420400,4.318006084280346
420800,3.3574640789543726
421200,5.883295050450382
421600,5.9344840057855865
422000,2.7917299262044075
422400,4.560793343258748
422800,6.590620931161393
423200,4.342534193768843
423600,3.1555467821531376
424000,6.152599489579966
424400,6.082447887065663
424800,5.633598883790475
425200,2.8388072217032407
425600,4.6190925770155635
426000,1.9388543719610054
426400,6.751765241601853
426800,4.086816130046923
427200,2.1432577370143977
427600,6.298557363933178
428000,6.1794386826139585
428400,4.002095354365502
428800,3.9893984514980563
429200,1.806685539482622
429600,1.896569809924141
430000,5.232326932378356
430400,1.7325287940992184
430800,5.931989248736161
431200,5.969574199877742
431600,5.8685346211245495
432000,3.015190687086895
432400,6.048098354014657
432800,3.5739963032506923
433200,5.606585009980598
433600,6.228564936773468
434000,2.4207348200477354
434400,4.751109806797835
434800,9.121706106403304
435200,6.591304876758562
435600,4.926492506440572
436000,2.688186963777245
436400,2.7666315407962436
436800,2.251239021591718
437200,2.680994181570621
437600,2.1461119294564974
438000,8.605059461012672
438400,5.649892050811621
438800,22.526441057813265
439200,6.397331570221874
439600,2.640528869116272
440000,3.0823125948041428
440400,6.198526526297881
440800,4.909588860533823
441200,3.7560002719056214
441600,4.811629669870021
442000,4.285973739959365
442400,5.379399548305349
442800,3.2379077895604627
443200,2.6354202286208577
443600,3.009704083110957
444000,2.460305223211746
444400,2.011068063787017
444800,11.158171606648427
445200,14.150259398619967
445600,4.3517696099364995
446000,4.069441851641923
446400,2.3807816113901104
446800,2.297939819926797
447200,8.863687114240637
447600,3.6335617496100037
448000,0.9196520681258307
448400,3.100891216895368
448800,4.273472275526678
449200,4.8535213434981
449600,3.446242674690135
450000,3.208292828031116
450400,3.0409713649295753
450800,6.529456201372647
451200,3.762276732649053
451600,2.8678179285855543
452000,5.8653004581700445
452400,3.243142335865751
452800,5.848523406174658
453200,3.2204801200114197
453600,5.420484933784057
454000,4.523888479056227
454400,4.35720772325422
454800,9.464040206388987
455200,5.38546427566514
455600,5.561710557014377
456000,3.1652490892721503
456400,5.442453973024914
456800,4.809209796028621
457200,3.3349747797237392
457600,4.126179003764175
458000,3.944171415865663
458400,4.892616891841576
458800,5.059609620591338
459200,4.406489925263025
459600,2.5887706202799814
460000,1.4834107828830008
460400,13.740201014365685
460800,6.220725861567705
461200,1.8604746374365384
461600,2.099884664022757
462000,2.1984025543577173
462400,5.701302519864197
462800,4.000124409044827
463200,5.090630232718349
463600,4.822989667043555
464000,4.638811008079616
464400,12.334321949988984
464800,3.221532094374266
465200,5.464957240732159
465600,5.6824901782724755
466000,2.8108830815554664
466400,4.882389651256012
466800,3.4530944438597477
467200,5.653045515030758
467600,5.659200564595317
468000,2.7374402360208476
468400,4.323154518408854
468800,5.210453191590702
469200,6.319402263870678
469600,5.520616403550045
470000,4.245918330888644
470400,5.600790312523601
470800,7.062143030914668
471200,6.8037512462474465
471600,4.551767640072878
472000,3.9738273398212924
472400,6.067758032147339
472800,11.183361420168783
473200,7.439345544498847
473600,6.751381547158537
474000,4.21247593969935
474400,9.542081701601196
474800,2.4968448578283153
475200,4.848917109510728
475600,4.673812103201752
476000,6.980003977455953
476400,5.740608662882346
476800,3.955446119369003
477200,4.030598740999835
477600,3.791635257120314
478000,4.128455375102006
478400,7.134011513110547
478800,3.712502335702446
479200,2.5506014594208204
479600,1.9890105503527955
480000,1.3557071410563215
480400,11.818696997562592
480800,2.3141409615540955
481200,3.6458683746244733
481600,5.852145942287298
482000,15.303393676246024
482400,12.40622887499407
482800,6.097863237981795
483200,6.723735143732793
483600,6.154147204118409
484000,6.699967026962824
484400,5.760434631004867
484800,2.9474868302839172
485200,5.634188090098476
485600,5.374093715511948
486000,5.144887791190174
486400,4.790829293720799
486800,4.138030893383313
487200,4.857616873621886
487600,3.514159111224683
488000,2.485666057260462
488400,3.8835943851152335
488800,2.582834269562457
489200,2.306268412838537
489600,4.601056163154117
490000,3.367630092141094
490400,4.608550845524383
490800,5.509967336291275
491200,5.126520071500717
491600,7.260275513533536
492000,5.845073548526141
492400,8.921717693988048
492800,4.387868576083156
493200,5.6256792860874745
493600,2.8921999159865166
494000,4.3645235068823105
494400,3.108973249774828
494800,6.372777888685498
495200,2.4611361959409574
495600,2.2656572235053485
496000,7.456447644299191
496400,1.143618509070384
496800,4.145317999599683
497200,2.4245721250907675
497600,2.714075198093666
498000,4.167576248287974
498400,5.425440423253719
498800,1.976322452552107
499200,5.299043643353271
499600,3.3900662416574234
500000,3.863218128540787
500400,2.6188726230617787
500800,2.788942604769833
501200,5.820146489997107
501600,4.713659051117788
502000,2.0719368322893104
502400,3.331711104345411
502800,4.725738739938069
503200,2.0416373039755515
503600,6.216598157384693
504000,2.966328471451478
504400,1.7936523941659497
504800,3.669328294146835
505200,4.703120690102907
505600,5.479372493877831
506000,4.640776015929722
506400,5.763936320453183
506800,4.868137784847676
507200,3.727625396518386
507600,2.5399265518381706
508000,4.418970986550225
508400,4.912687248549078
508800,6.3672626825878895
509200,6.658201339297531
509600,2.605177454770382
510000,6.801788803881511
510400,2.649139937992797
510800,6.0769319475109596
511200,5.76803213367366
511600,2.4353130898426567
512000,3.767365243843682
512400,6.808110167324637
512800,2.7687149934733255
513200,5.508122666111046
513600,5.680914006724426
514000,1.9243904096467401
514400,3.388231110137634
514800,5.996610808306097
515200,2.6145189038541274
515600,4.093220034145525
516000,5.8271911116795705
516400,3.448892957243349
516800,4.539328941851971
517200,1.3823796416101248
517600,1.6255267313043547
518000,4.455988746317117
518400,4.869222185560136
518800,2.62659761328991
519200,4.626925195831564
519600,1.8449035246761303
520000,2.293676929747237
520400,3.5590735027621925
520800,4.000030778371504
521200,4.8080163659570125
521600,2.0670629932744315
522000,4.488542177445128
522400,5.87678598789484
522800,2.4779133238369555
523200,5.237384106578988
523600,6.0714862029154375
524000,9.606916305147502
524400,2.822973174679013
524800,4.636413122799749
525200,7.691395791771425
525600,2.4453098004897407
526000,5.46428910572123
526400,7.102615838885138
526800,7.314819212281869
527200,3.8726692906105145
527600,4.158716186512615
528000,5.025124057866042
528400,2.651974053566767
528800,3.132318568799072
529200,5.987461528795408
529600,5.522658932680848
530000,4.5610707885277995
530400,5.7107965223762776
530800,7.421230236069167
531200,3.8649333777802206
531600,3.39320076445854
532000,4.58362123474306
532400,3.686022924257954
532800,4.582401869823544
533200,4.69371223835422
533600,3.5779626390001313
534000,7.7702800984797165
534400,5.687202978968833
534800,3.6981772071004477
535200,4.1969206128952745
535600,3.80921172724901
536000,2.1797897312049916
536400,3.1592351376342767
536800,5.177881356983621
537200,6.975666706320291
537600,4.682895080809066
538000,4.552950857543106
538400,3.0505433383606415
538800,3.322526665134578
539200,5.801864134282837
539600,5.616791255864317
540000,5.945821720492473
540400,3.280290030081306
540800,4.064233499908469
541200,3.999777809988505
541600,6.293662962651773
542000,2.9307465738907807
542400,6.23468166315237
542800,3.4213303791111023
543200,7.221088731085041
543600,2.205538225150822
544000,3.0516048171523122
544400,5.90942669212907
544800,2.8526713191148105
545200,4.706540821451427
545600,4.872162382171279
546000,5.30942060276975
546400,10.451750144937778
546800,8.399368161725837
547200,17.749106155378616
547600,4.280974912166746
548000,5.0848300582398265
548400,3.1764395779452443
548800,2.494038716710396
549200,2.510492142039241
549600,5.263082132876921
550000,8.397691738513188
550400,12.267002339876695
550800,14.076345099341927
551200,2.391886154913076
551600,3.715621417030644
552000,2.3483601841865758
552400,3.8353644492699743
552800,2.5461361120981425
553200,3.9347934364914745
553600,5.149073935764899
554000,3.69079729343972
554400,5.484201198079114
554800,4.427864832455164
555200,4.251175864852878
555600,3.0676204110605267
556000,4.736405870048848
556400,5.9733168237874805
556800,6.438680393974326
557200,3.1131348701893455
557600,4.098946298177947
558000,4.829655026294844
558400,4.978927154274541
558800,9.272533623269748
559200,2.7844751727915398
559600,7.6843892832119325
560000,4.183803803293246
560400,5.41749175176557
560800,5.762220187480917
561200,2.30675523585533
561600,15.36017725121338
562000,5.647376047041534
562400,4.078467807947302
562800,5.120591445943849
563200,2.2061190620882978
563600,4.391080056770094
564000,2.4608065734810007
564400,3.248974756271508
564800,3.0197524284837534
565200,3.14590792716384
565600,2.2192255934300196
566000,4.679728631533677
566400,7.635545535943667
566800,3.1744783402402206
567200,5.053919482145216
567600,5.813702550693195
568000,5.5440043025560355
568400,3.337964478458953
568800,5.498035846373342
569200,5.4910761536876596
569600,4.549354021664297
570000,3.8580071437197865
570400,5.651219511575383
570800,2.4130864497302884
571200,2.8338771383033294
571600,4.157501730020862
572000,3.5766791523912937
572400,5.302360544835715
572800,4.814002969857723
573200,6.773613039573659
573600,2.3585359379935196
574000,5.027732127085771
574400,6.278300287239324
574800,5.411944398753687
575200,1.7570947932665397
575600,6.504524557474831
576000,9.85478917115663
576400,5.865635604716882
576800,6.046488602761408
577200,2.73203892615859
577600,3.3473095478191945
578000,3.347336931210992
578400,3.8352063200538478
578800,5.79647681687301
579200,4.271997102678132
579600,7.442596461611259
580000,1.529241442488617
580400,2.34823598818173
580800,4.16174547891528
581200,6.081779783663207
581600,6.443381984252563
582000,6.85300011525605
582400,3.916643902721491
582800,5.747234146620545
583200,3.8769755882701658
583600,7.059620199741465
584000,4.394950377507778
584400,6.602443990237154
584800,6.917681507249865
585200,2.72505635315669
585600,5.330489506586322
586000,3.6154479256697205
586400,2.5596221040814924
586800,4.125199938753226
587200,2.6388732366432657
587600,6.263903559203285
588000,6.445482185351316
588400,11.867501308442744
588800,5.379935752782689
589200,4.216928134443247
589600,5.67842894677606
590000,4.715685829025007
590400,6.172925721437741
590800,1.8747653915636342
591200,6.456962567588248
591600,5.460574610438323
592000,4.450506204270394
592400,7.301615089087251
592800,6.1193317442972015
593200,1.2027460973266435
593600,6.437460179711306
594000,5.497173127767563
594400,4.886317616323899
594800,4.475320729516559
595200,3.1526769718687158
595600,1.7513299456242464
596000,3.53414054339261
596400,5.592806976389577
596800,3.0046149246321936
597200,6.223155218666991
597600,4.2494273807614205
598000,6.4145916058631505
598400,4.006553197408198
598800,4.171229872919025
599200,5.105020814783949
599600,5.0020329627042015
600000,5.09606119451762
600400,3.341627504555871
600800,6.176312416833277
601200,4.2396907406119935
601600,3.418941976684949
602000,4.537009747125205
602400,6.3094029561703
602800,4.074342303392392
603200,2.9388837229229097
603600,6.3315845333072485
604000,4.301921252909491
604400,3.453330500281412
604800,1.0750718555197407
605200,6.840734662169114
605600,2.1105124813457103
606000,2.0963605696576204
606400,2.051935592767059
606800,2.6591105385171527
607200,7.987368218216755
607600,4.760998905663941
608000,6.154355212097295
608400,4.75767733598821
608800,5.259067281477617
609200,5.843818153044522
609600,5.098993128948372
610000,13.397479428794197
610400,1.5946118843208215
610800,6.522352435820646
611200,2.6647026391458852
611600,3.6861410321877215
612000,3.084480538170234
612400,1.452358795594537
612800,1.7971710686941667
613200,14.672194410695292
613600,5.342411741044288
614000,8.121738300565925
614400,3.2233449610918536
614800,12.858441032784015
615200,2.81062316859832
615600,2.4208979017772796
616000,2.850006211292155
616400,4.1162833902826605
616800,7.279745246025279
617200,2.9617173183992844
617600,9.510330665870743
618000,5.267483153786413
618400,7.905621270678222
618800,5.691799553444674
619200,3.436038167505813
619600,3.01395114031193
620000,4.227405178645338
620400,5.716088722761311
620800,1.7656471395756013
621200,3.0050766782631806
621600,5.973524097080283
622000,2.491800110118164
622400,1.989111792719795
622800,4.879075874151925
623200,5.068333716403337
623600,3.6135121701607162
624000,6.089420914159166
624400,1.8747106645161984
624800,1.613289536468219
625200,2.3970736577686402
625600,5.577865374017141
626000,1.5928729470960137
626400,3.9076856622543503
626800,5.493405235065558
627200,2.139666713796584
627600,5.6202873426570354
628000,5.9280946206360685
628400,4.353515138235119
628800,5.078822930392977
629200,3.6063335413761823
629600,3.4582409986837943
630000,5.402779036507643
630400,6.410032496994837
630800,5.993523829471233
631200,5.192308155322595
631600,5.821955747247405
632000,3.3115799773543317
632400,1.845264223369093
632800,6.71949168122956
633200,2.3638212549744066
633600,4.841140156495375
634000,1.427230504344608
634400,3.085124561515833
634800,2.914981848015058
635200,2.4566940806213338
635600,4.368642887709653
636000,6.001436247426174
636400,4.4404044371731715
636800,3.742354495179479
637200,5.10365702511457
637600,3.603689398491393
638000,2.100010371295562
638400,10.06594215091262
638800,1.5831531059430939
639200,1.9777745068531443
639600,5.990888324060421
640000,5.620922403869725
640400,4.770465429829935
640800,1.419095873806418
641200,1.346729007951291
641600,1.6983345101890528
642000,1.398034504143881
642400,2.7271804616793194
642800,1.397090346785541
643200,6.412603284332137
643600,2.125133542859243
644000,5.063042821407072
644400,2.3839996655966176
644800,2.183791994349204
645200,3.039969664618798
645600,3.861685220977433
646000,4.1846493304848815
646400,5.546524035205833
646800,5.14434649723796
647200,1.9917027149361672
647600,2.3506873759294957
648000,6.407389188718103
648400,2.2405177864688923
648800,1.3029622376112513
649200,2.0019522185025407
649600,3.6968983665716815
650000,1.5801428401351154
650400,2.2536739808694057
650800,4.208463914750053
651200,1.2282594453375695
651600,2.4612090545895398
652000,3.302378570657202
652400,4.806584214063382
652800,2.0978476932375933
653200,2.6809285867831587
653600,3.340304013002691
654000,3.797906960864951
654400,3.479085988443618
654800,1.9721563719694006
655200,2.9299994361871105
655600,5.96822450364053
656000,7.2579434920264845
656400,6.143142796707206
656800,1.7873075932853357
657200,1.9372772560044045
657600,1.2442493383692967
658000,8.990182412270341
658400,2.6360043124590082
658800,7.880614402819443
659200,3.44865674952319
659600,12.956207403839793
660000,2.6649684065676573
660400,14.12535814619906
660800,4.097464143242324
661200,1.5157599203646113
661600,2.7396503861182806
662000,4.110479979284145
662400,15.036753414340673
662800,2.3911759338267546
663200,11.227240328853865
663600,7.719261469756845
664000,3.2694347333818063
664400,7.1274758830311375
664800,3.772335492789012
665200,1.718480717789603
665600,2.09593574024722
666000,9.091606833429983
666400,3.224674733048259
666800,4.586922784987937
667200,6.168860798336649
667600,5.3899600820649605
668000,3.6472204753335324
668400,1.914542200647882
668800,10.231333655267578
669200,8.206749319906516
669600,1.6587259134659553
670000,2.2266793266623797
670400,2.935540789369849
670800,4.2735141889924675
671200,5.773270523381707
671600,1.847442980671773
672000,1.5425826896590542
672400,4.630984394762813
672800,5.45554546692273
673200,13.684819453749546
673600,3.0667884223199713
674000,5.91372745607902
674400,3.4544867362845935
674800,2.873576720311243
675200,3.855522221860312
675600,2.29209069859539
676000,5.940096495342251
676400,4.771781795376228
676800,7.641842808524064
677200,4.264244976661784
677600,10.170220775646488
678000,4.712494555486181
678400,5.96483143612221
678800,2.752170492458768
679200,3.3555955583355317
679600,3.647181324163761
680000,6.301565332563509
680400,3.276838906881322
680800,6.329194613186095
681200,1.8168443332208535
681600,4.739476975360109
682000,6.098728315253291
682400,1.888130101088066
682800,3.2423468637720165
683200,4.230916893576462
683600,3.17760547427246
684000,1.6666603187335756
684400,2.538516719928957
684800,3.658091670399126
685200,3.772411157210172
685600,6.000624896970456
686000,5.158424538229285
686400,6.209363169777134
686800,2.4015831366434877
687200,5.858227270805206
687600,7.938118855686639
688000,5.768633403202389
688400,3.945509107469883
688800,3.658003215770602
689200,1.6049612305151986
689600,6.4262856297643385
690000,2.0124824028201815
690400,2.1844599786680003
690800,1.6386160441258957
691200,2.45098842148576
691600,5.074760185297621
692000,6.105298801348396
692400,1.82376994960506
692800,5.933315309736431
693200,4.375783826005094
693600,1.564560620008616
694000,5.018854548562955
694400,5.691433535973104
694800,5.261200824139489
695200,7.05111979076303
695600,1.6140666671886852
696000,3.1208604835832827
696400,3.863446683660137
696800,3.2087238737334745
697200,6.74150657509683
697600,4.470062151813011
698000,5.049522501888908
698400,5.829584322783981
698800,5.622471392678738
699200,6.965320605865481
699600,1.8640774169036405
700000,6.171234120879169
700400,6.535751527641616
700800,6.274116396310002
701200,2.420526871100876
701600,1.359257967154561
702000,171.73291708101792
702400,4.705938241842213
702800,3.7186895734753476
703200,2.1311993318534186
703600,6.0765038009868935
704000,4.187887622223912
704400,4.863992904636067
704800,5.96943531021156
705200,4.2096161556982805
705600,3.8797749016724867
706000,2.37235977952682
706400,5.929371543438158
706800,6.523850063301692
707200,3.0535893284922464
707600,3.524139670242859
708000,2.943605675254693
708400,3.0947678275790067
708800,3.884407036603071
709200,6.383592961830951
709600,3.1067735404652126
710000,3.5251364787468074
710400,5.4404830124165935
710800,3.167301251964616
711200,4.537731882949171
711600,2.4050771641875492
712000,5.04328115470412
712400,9.338768133583965
712800,3.854616603403646
713200,10.13703632410397
713600,8.42004622575717
714000,4.379136221825746
714400,4.586559349098006
714800,7.015253875012236
715200,15.93297000431738
715600,2.8240231859292404
716000,1.8158838661926167
716400,3.0235594982417453
716800,5.565877876701641
717200,6.800408751187449
717600,3.2759238787691665
718000,1.8011623917256465
718400,8.432197654751205
718800,5.255817447307244
719200,7.942929498782788
719600,5.932778301377226
720000,2.243483076623343
720400,4.600323687303531
720800,4.8834248388596935
721200,3.5638525199850535
721600,2.379439393032152
722000,3.349587255445461
722400,7.353606041159096
722800,3.380605716438882
723200,5.478675357666576
723600,3.722136353035801
724000,4.559840856116635
724400,3.0926419580265203
724800,5.894520707987034
725200,4.084145116431009
725600,4.33041962336534
726000,111.65056204779174
726400,3.421469235786338
726800,3.8143286670021403
727200,6.451683896916862
727600,2.3043309648590657
728000,5.01681440821539
728400,4.2926896591107555
728800,4.3777025118570165
729200,1.777440361312226
729600,7.494336027053527
730000,4.184438862199858
730400,4.354734653165672
730800,2.4720078875708977
731200,3.46200008108048
731600,5.900616358337049
732000,3.4939424072464735
732400,2.871701011947548
732800,4.189720049481272
733200,6.055258970125836
733600,4.672648203717102
734000,3.740936397664489
734400,3.2445972757215436
734800,2.471864669660728
735200,2.9636447410287454
735600,3.194290961956666
736000,2.04696972307994
736400,6.929314223181563
736800,2.1089075938026496
737200,3.2629018530520133
737600,2.5709465534576994
738000,7.0201403534853615
738400,5.08693423595931
738800,2.7414987328757405
739200,7.28316622535258
739600,1.7492712721060444
740000,1.544802757263138
740400,6.04865934230564
740800,1.9028110470162896
741200,3.2241756803527193
741600,6.193156118298877
742000,1.690231820267655
742400,6.228472446441525
742800,6.081819608244733
743200,3.630726759431522
743600,3.0304838113937023
744000,5.102511628035098
744400,6.920088183089692
744800,6.67598974504211
745200,4.045040416025853
745600,6.629050763779572
746000,3.268187606425979
746400,3.4425129532532415
746800,5.810776596173169
747200,5.478663376908452
747600,14.969052474551372
748000,2.2232544411429656
748400,8.401955119510054
748800,7.833867513234519
749200,3.9704099239851334
749600,3.280068233562335
750000,6.367469538993676
750400,3.0983749867804096
750800,3.3052972355415737
751200,3.590764418598351
751600,20.611428863254588
752000,3.4537587398330105
752400,2.852360781168471
752800,3.683357974209589
753200,4.404195505392677
753600,6.255461425459105
754000,3.510927579092703
754400,6.955985093058203
754800,4.152638322538294
755200,5.3533643783690925
755600,3.3597725031727728
756000,1.9976959201810038
756400,2.313931562204945
756800,9.260649403500278
757200,3.761437990004387
757600,4.959015847534739
758000,4.490652068319824
758400,3.7968835147825746
758800,6.164828703206357
759200,12.498747669734882
759600,3.390320843145859
760000,4.5646148846763115
760400,4.212261475479553
760800,2.9080456069049943
761200,4.990354438052854
761600,2.288826261769577
762000,13.728700507321449
762400,2.393374610463213
762800,2.4462920861321
763200,2.0563960701413326
763600,5.462475661953523
764000,5.503134357609747
764400,3.47109589758546
764800,3.349558639842114
765200,4.992153100906768
765600,5.026744521601285
766000,3.859641405242789
766400,6.30675935499699
766800,6.252149319667904
767200,1.5968403723725433
767600,5.6802495253044505
768000,2.6195580941523087
768400,4.865908922938686
768800,6.518938799015161
769200,4.600568653556504
769600,6.949325288492337
770000,5.914142560345453
770400,2.4147919107226548
770800,4.424403802876288
771200,4.033345153393083
771600,5.35157737659187
772000,5.823284583127988
772400,2.2513034547219766
772800,5.103244331229912
773200,2.5854840287175778
773600,4.354723092992087
774000,2.0939482098790285
774400,1.395439687905971
774800,38.92519345461053
775200,3.7643847204885126
775600,2.4536828619555
776000,3.033607283887823
776400,19.19629370248127
776800,6.80447305929154
777200,2.2925237893078094
777600,1.9600326259159098
778000,8.9980039210903
778400,6.81668653480477
778800,14.227949279539306
779200,5.709734722678142
779600,2.5737884526243473
780000,6.860180036281103
780400,6.447318107086025
780800,6.734044754214061
781200,4.354327775072993
781600,5.358987309504551
782000,13.134664121354763
782400,4.932246356361309
782800,4.888834124413918
783200,4.875843054985008
783600,5.549645974502996
784000,3.014582580689747
784400,6.956806508403791
784800,2.3200832682823913
785200,11.401662569742175
785600,16.28256640609252
786000,5.296504361322398
786400,2.669661148063496
786800,6.858124601027973
787200,5.9056831694590155
787600,6.678363997953167
788000,5.1090266866599565
788400,4.135859827523384
788800,2.8080380022046447
789200,4.405299252618806
789600,4.8272956586549025
790000,2.734494841567202
790400,4.3407386407983735
790800,4.581762170600918
791200,5.7490110968900385
791600,5.302768983553284
792000,12.68308917953891
792400,8.131360616406246
792800,2.995226440330401
793200,5.365028630866992
793600,6.073207423769285
794000,5.992016227199207
794400,5.80048244471295
794800,3.0763405258169496
795200,4.926192139027296
795600,6.275122837176294
796000,2.8477187246056945
796400,2.450687297514508
796800,15.42386579026032
797200,2.8623925017825123
797600,6.893877044449322
798000,8.214724645278265
798400,3.016517730346683
798800,4.692956028936779
799200,15.987639849660917
799600,3.592453967218137
800000,2.1472075038904053
800400,1.7666824626850552
800800,6.208065717224686
801200,7.291978335439617
801600,1.5689139164644668
802000,1.4752486057135832
802400,4.182279154647764
802800,1.6429035889231134
803200,3.8150574458577324
803600,5.737997773044681
804000,2.316532449520584
804400,2.1155335911907205
804800,3.8273807059987037
805200,4.114758906148286
805600,4.740847419706554
806000,2.3298946441463566
806400,5.74481969696108
806800,5.3093478724645555
807200,4.555560927733896
807600,7.369688048426058
808000,6.969010031923262
808400,5.3886322869146355
808800,7.4413468556440465
809200,3.0074658579229783
809600,2.706617691615562
810000,9.372227780663795
810400,4.771026630705604
810800,2.6144962053224097
811200,2.0546438059159255
811600,5.958689292325014
812000,5.844441591866865
812400,3.0893058043278407
812800,3.829430103543227
813200,5.827861732121613
813600,8.05465420567518
814000,3.975813544161465
814400,11.915021259999708
814800,4.034042152492461
815200,6.546660727698718
815600,2.0748652950290087
816000,5.105012515262102
816400,5.0029216866460215
816800,5.280196767817159
817200,4.697662446498367
817600,4.893122385887319
818000,5.668600362351825
818400,6.619797867262847
818800,2.7972315159928947
819200,3.1342115269642337
819600,3.825170663531057
820000,2.468752310984441
820400,9.417426944156695
820800,3.97492449190915
821200,3.418493082395971
821600,16.157164692075476
822000,4.253284259916857
822400,6.0846309998815995
822800,4.773439492629216
823200,6.705172672433386
823600,6.41207597274501
824000,6.192760753053726
824400,5.856188268330345
824800,11.321178362187673
825200,7.567472245227538
825600,7.810692133914765
826000,2.9720029398210626
826400,4.049412199384408
826800,6.652268440439359
827200,3.8471886949255656
827600,13.729094114777094
828000,2.4502489165416574
828400,5.913425941968261
828800,5.184255725003886
829200,3.688555121932016
829600,2.2886865005490247
830000,13.597560629870037
830400,3.2269839747618283
830800,2.254173224116396
831200,1.492345400088024
831600,6.608501132099697
832000,2.8728767504879222
832400,1.8840537620508386
832800,4.528804067490796
833200,3.7378731934269314
833600,9.864593770710059
834000,6.878079945653747
834400,14.062512477099085
834800,2.7533875397685987
835200,2.6178476798406143
835600,4.70486781308532
836000,331.62061777678247
836400,7.222340546656683
836800,3.574956246790593
837200,2.61125312424981
837600,9.169153696308049
838000,2.0944844593432204
838400,8.826938563593536
838800,4.050247923998532
839200,2.8631656753408743
839600,4.849270735284585
840000,2.6509648142500892
840400,2.640623435323726
840800,3.8606867124050557
841200,5.483347026074087
841600,6.2200824173234555
842000,10.53958700028076
842400,4.631854602998097
842800,18.062389301880163
843200,9.155248775323987
843600,7.747961127570107
844000,3.15850888671645
844400,6.6476184677552475
844800,13.472399945882689
845200,12.399103122157374
845600,4.959711307924008
846000,9.256720699228552
846400,3.5192489472272843
846800,2.464720208042036
847200,13.176347226033583
847600,7.536459358702173
848000,9.051751946378296
848400,6.8725208684509225
848800,6.148839647490585
849200,10.698456972856448
849600,5.954576563524584
850000,3.6233995110211543
850400,2.7067292659449067
850800,6.2250244176087675
851200,15.106251603432536
851600,2.305265540073932
852000,9.764590169862462
852400,5.768518417874734
852800,14.91521063937313
853200,4.728847998354329
853600,4.6805433945717505
854000,2.6076063058982264
854400,3.41300408086319
854800,5.170499656641293
855200,4.717662283947966
855600,7.806134819179669
856000,5.1180601967194965
856400,5.341782672197969
856800,1.6894947177225381
857200,1.9969547086878618
857600,3.554745554039399
858000,2.3654431279074797
858400,7.805207908893444
858800,3.4579860626736436
859200,3.0663399078294433
859600,1.6502195334920116
860000,1.5617647903827245
860400,3.488238959991981
860800,3.351526301421102
861200,2.5854742065236325
861600,4.563016622345956
862000,2.00319869678245
862400,1.6136966526774728
862800,7.8665904347958575
863200,5.520547702047701
863600,5.647680681906808
864000,3.0512116229742485
864400,8.506350153728906
864800,2.696185530026161
865200,4.047237718588303
865600,2.0590045725179356
866000,5.665637440141198
866400,5.258420674319112
866800,5.950015586743603
867200,5.368625049620361
867600,3.995483182698628
868000,3.4684193296830172
868400,3.397927052532805
868800,6.892493798644746
869200,4.131653191583987
869600,8.074753419465345
870000,4.788537060305737
870400,6.746362846255086
870800,7.530492225139662
871200,6.528536373084962
871600,2.696080899651595
872000,4.946826113723365
872400,3.4554021025702037
872800,3.504518879028274
873200,39.54636383253317
873600,3.210025072319968
874000,5.776882655297209
874400,10.047002249740475
874800,6.346507715798394
875200,5.239728276249472
875600,4.375660335703844
876000,7.520651126087918
876400,5.96067067982848
876800,5.96999725504667
877200,8.27232660679209
877600,4.92636421194806
878000,5.93158026898713
878400,3.2757181461765046
878800,2.5675125526234033
879200,3.7080113675040307
879600,6.431890447823996
880000,4.56792974455255
880400,6.8128529914447915
880800,12.806788765201743
881200,4.151636000932502
881600,2.7546130101875588
882000,5.8754698383182
882400,7.793901843838612
882800,4.650962135829729
883200,5.997271857257664
883600,4.990132737511669
884000,19.285969281568235
884400,3.2895704248196775
884800,4.931561549748252
885200,4.618839437926826
885600,4.366161694116017
886000,2.2376069083401546
886400,4.4826658521885925
886800,5.2105431927959325
887200,14.042429628286198
887600,3.620207846938828
888000,1.7828118251391034
888400,7.279897053956054
888800,2.1051878044828065
889200,6.581385878780908
889600,15.614799656711648
890000,2.3170806067770626
890400,4.195086344617673
890800,4.784114046150608
891200,8.388652182112574
891600,3.144333137551728
892000,1.577338425716382
892400,2.6579851098415825
892800,2.025840764135299
893200,6.280711353879616
893600,4.4414296607066515
894000,1.6544916460507035
894400,4.597797460852217
894800,7.949621403807977
895200,2.475546570629848
895600,1.9473363563898214
896000,3.0936392252157088
896400,6.393315381783204
896800,8.80032547729197
897200,6.883135759547251
897600,2.320101596007664
898000,3.9952848879061897
898400,2.597788339040712
898800,7.014457828560397
899200,3.750553143680992
899600,5.315933050973623
900000,5.505456106709057
900400,4.37056507697686
900800,5.1499845843367025
901200,8.774746053689778
901600,7.1098261054391525
902000,247.42756493331987
902400,4.6785656207749335
902800,4.564549502174425
903200,5.486685045749636
903600,3.2395238304485976
904000,1.5423926150368303
904400,1.043583123396436
904800,6.359065441967543
905200,3.5594978093869742
905600,3.803637998881973
906000,1.51787540415471
906400,5.521453335375748
906800,5.536300346918056
907200,8.990347732468539
907600,1.3922757779922963
908000,5.819783077178777
908400,12.764410869891982
908800,1.5356059587701443
909200,2.89629161576251
909600,214.26056056081836
910000,2.8274782093138815
910400,7.537495891169066
910800,3.56467428587131
911200,5.929487302794983
911600,6.207379439441863
912000,2.8884775012826114
912400,4.325784443778871
912800,6.943158402243195
913200,2.3985290706987445
913600,5.742961660943477
914000,2.5238272190039077
914400,5.005150644482399
914800,2.294101608971055
915200,3.3610342960218658
915600,2.750560600482256
916000,5.3936875731358125
916400,4.97191782971667
916800,2.9162301160105173
917200,5.303580408282656
917600,2.793661277042418
918000,5.6485799554654
918400,3.1472425467935925
918800,6.2065145949339495
919200,5.531682858091445
919600,1.432492942829064
920000,5.997283901891386
920400,5.745861092000832
920800,5.602294863863116
921200,5.821765955771203
921600,8.34728978167801
922000,6.170641753426458
922400,6.020781349807967
922800,4.463837555889768
923200,6.0272434725363535
923600,3.345101007736029
924000,6.6235148943137485
924400,2.8921455292136087
924800,8.946146228640515
925200,10.312839408185209
925600,5.075378456030621
926000,5.541662692591534
926400,2.2719305324067003
926800,5.47773258217476
927200,2.362911950488044
927600,5.11366184035376
928000,3.9284373880443013
928400,3.8893166690622945
928800,7.143954238600296
929200,2.0903289359197994
929600,6.356254217759488
930000,5.832209280836402
930400,3.926571661396457
930800,5.261665053422223
931200,6.182201683785585
931600,3.814652624837082
932000,5.869022693255029
932400,4.393476529031875
932800,3.9594333529231305
933200,3.382062236023367
933600,4.236270526859671
934000,4.797784932913
934400,5.158521330411451
934800,4.276183184416367
935200,4.480156307962599
935600,6.209207908845133
936000,7.685871937352948
936400,2.4748563135180537
936800,3.563548646281358
937200,6.544903121172214
937600,6.178921423613165
938000,6.042853204357189
938400,1.319005893660862
938800,4.688209718181055
939200,4.010733462745866
939600,6.22320092176501
940000,2.746865197359915
940400,5.50375231863603
940800,14.602615372973696
941200,2.851651373040103
941600,2.0411242428503593
942000,3.2041578254014857
942400,6.593854403608729
942800,1.7382259094141395
943200,6.771889201772829
943600,5.0796633482519
944000,2.453290078730187
944400,3.3037727536777686
944800,6.731527366606426
945200,2.08778710523075
945600,4.424450659846515
946000,2.491520945473453
946400,4.915898612657909
946800,2.133466905459565
947200,5.079119025970846
947600,5.106228586606478
948000,4.8525481430681845
948400,3.310447135425061
948800,25.03753019717379
949200,4.942575225128575
949600,5.9327225321165
950000,1.6902933289961048
950400,5.786157640447011
950800,5.786684086229003
951200,2.6605012150737997
951600,3.301985530787576
952000,4.060214816910013
952400,4.831738208064589
952800,6.074836280520043
953200,8.023430379959732
953600,6.026486216962501
954000,3.7326918335666415
954400,6.1814508461659425
954800,6.6423027179766345
955200,3.6299787247402704
955600,6.088831375354728
956000,2.6779150056518737
956400,12.91157924907664
956800,3.1287927110629274
957200,1.7118047360401543
957600,2.571344915587276
958000,6.966174113224192
958400,1.9838919868123817
958800,3.0383678907759912
959200,7.427510475872868
959600,2.9773089816818796
960000,2.2890524455147796
960400,6.482967124331655
960800,2.0608808701502683
961200,6.460014841981159
961600,6.548283212628258
962000,3.7930997662084245
962400,5.254448043347342
962800,7.402885258761133
963200,10.961002566618635
963600,5.963074943691436
964000,2.247892869832772
964400,12.38875143065915
964800,5.196722801397623
965200,5.635979610432272
965600,1.590545476110563
966000,4.010332650686743
966400,5.772813802157514
966800,12.857558250279103
967200,11.697957601730938
967600,1.4367370248125708
968000,5.158145322706793
968400,5.461488850953471
968800,4.6762693002503575
969200,9.998056778074078
969600,7.105101244107289
970000,4.505891283545699
970400,2.4601607843674027
970800,2.041519461512956
971200,5.9248655823655225
971600,1.9246267439248694
972000,6.575149754476024
972400,5.120738797367381
972800,10.893019939390744
973200,2.173507491358756
973600,3.449295440587412
974000,5.651331439354719
974400,3.831991307793341
974800,6.9888109118754596
975200,15.023921991507251
975600,6.776636583795359
976000,3.327263134897606
976400,6.288629724448773
976800,9.348795249597229
977200,3.6038067879142908
977600,1.578536094612683
978000,4.39973690923191
978400,2.6168385649803945
978800,4.755387594208547
979200,5.564083420655323
979600,6.322449865826075
980000,2.2486597792588117
980400,5.9547271859207855
980800,5.393854435959371
981200,6.002157105468513
981600,1.9165839269981717
982000,4.775680353528211
982400,4.971784924661428
982800,7.836400216972067
983200,5.834840458050704
983600,7.003446528096876
984000,2.8581074623931593
984400,6.024331350471559
984800,12.360416254334075
985200,1.2142049010027542
985600,87.30150622307227
986000,5.805915744267726
986400,5.372231534103921
986800,3.606296240053588
987200,4.941823911178306
987600,3.143695250980132
988000,6.047772576511646
988400,2.3820923090156154
988800,1.6035040105109957
989200,6.882578286731706
989600,2.241053784011843
990000,1.4792898687704266
990400,2.9451488206091327
990800,5.697826153757022
991200,3.9157083732582807
991600,4.856415824344448
992000,2.056437090063654
992400,21.109901921304544
992800,4.805136919441618
993200,5.588861504019362
993600,5.970688134232634
994000,3.596206752294078
994400,1.872907159848625
994800,10.526099455160676
995200,5.69181594901226
995600,6.254729652114599
996000,2.0067607883308063
996400,5.823684625717074
996800,3.222823830505322
997200,5.817127692732923
997600,27.962993424447177
998000,3.0040742816272843
998400,12.065743734340181
998800,6.395386957821085
999200,1.2396042347671543
999600,2.4257761020743107
1000000,2.731429031781021
1000400,7.541570193291669
1000800,5.131235212379481
1001200,4.475913787459467
1001600,4.611576607820978
1002000,6.2129851682321835
1002400,4.108442659602885
1002800,2.432650823574941
1003200,3.2097624346766684
1003600,6.367474812217813
1004000,2.965068894304971
1004400,6.7762467636105574
1004800,3.628977461652328
1005200,4.095476428119627
1005600,8.084073917946329
1006000,21.622031609042423
1006400,3.926875172640801
1006800,6.888938293575937
1007200,0.9878077398313325
1007600,7.739888285325083
1008000,1.042310760449691
1008400,5.987372958787293
1008800,2.1618180268808156
1009200,1.374550470115671
1009600,4.531188205767118
1010000,3.81939523050115
1010400,12.344651261627936
1010800,6.656044085970486
1011200,4.395157340072225
1011600,6.107032209043944
1012000,3.162752929934935
1012400,4.542584047510403
1012800,3.503207498824916
1013200,2.18304478288184
1013600,2.0747555486714155
1014000,4.542113106738406
1014400,4.390083912236336
1014800,4.960205791569875
1015200,2.2918714606154116
1015600,5.99124999205717
1016000,5.047092114893578
1016400,5.9975788905889535
1016800,3.6858705707357124
1017200,1.13415991953077
1017600,2.7487156402614037
1018000,2.772517278639362
1018400,5.129641519614341
1018800,1.3579346263817385
1019200,3.0664728774271706
1019600,6.430833265270883
1020000,3.855563301802965
1020400,11.162701395646735
1020800,5.39372326005902
1021200,13.448729903252397
1021600,2.6781800281739545
1022000,1.6259908640182128
1022400,2.0005857845720434
1022800,2.4729746154671473
1023200,4.364057673671626
1023600,7.317131394581564
1024000,1.8113278818546283
1024400,5.1146350200408826
1024800,5.955084495964768
1025200,4.891607612226306
1025600,2.430731639508316
1026000,7.48870482002653
1026400,3.548349453991238
1026800,4.6953501242136655
1027200,3.258381822099777
1027600,9.2118284077143
1028000,2.9093950550946395
1028400,13.88142155222254
1028800,4.327160214591871
1029200,7.888552515408263
1029600,5.256236562689604
1030000,5.512610569510691
1030400,1.5280103993518128
1030800,3.4452778789364555
1031200,3.6581604964488275
1031600,2.571700761162427
1032000,4.528350894962387
1032400,4.620036778151856
1032800,5.850515392670384
1033200,9.425477633467937
1033600,2.1499303798302267
1034000,19.021678888796707
1034400,3.7762003561077453
1034800,16.090804991512353
1035200,3.815263746955454
1035600,23.587476312350773
1036000,6.047671050358882
1036400,4.768825398780309
1036800,6.5398337574258205
1037200,7.885149989243533
1037600,3.6154059093597812
1038000,3.5397807863072965
1038400,5.985664871058256
1038800,1.8252737318572043
1039200,2.327920497576049
1039600,5.769542199850533
1040000,4.565980917356464
1040400,5.24557962905634
1040800,8.65609772800842
1041200,5.789479706771371
1041600,2.013980987302534
1042000,6.948908206408944
1042400,2.9820828112314612
1042800,2.4720627757270455
1043200,5.621344992076346
1043600,1.520873737210358
1044000,2.572282522701487
1044400,2.8066804466636412
1044800,6.734144213173659
1045200,3.998391532374843
1045600,4.073783014808604
1046000,6.377800696264357
1046400,3.553826423423209
1046800,5.252214661935677
1047200,2.7524100711432213
1047600,2.8119069747512375
1048000,2.7798135669273782
1048400,4.423572698370634
1048800,4.226183297444365
1049200,4.454617685753029
1049600,3.063016971194989
1050000,6.706053736110244
1050400,1.1946856134788721
1050800,3.4065156624000648
1051200,4.060669532980974
1051600,2.4559006526282863
1052000,5.070511091202805
1052400,2.810092606105042
1052800,4.343308856863733
1053200,4.450884630005349
1053600,3.8150992979001503
1054000,5.522807340750934
1054400,2.872622447881101
1054800,2.044298439572548
1055200,4.53759348870845
1055600,5.101980265251015
1056000,1.39232726656182
1056400,2.56179635851338
1056800,1.5521164451238103
1057200,3.6272215093314366
1057600,4.523689193336005
1058000,10.343811523252567
1058400,7.438776651235443
1058800,2.4850943668683536
1059200,9.180517036405131
1059600,5.019019592605438
1060000,12.679807065510213
1060400,5.746616790353767
1060800,3.9140816087309465
1061200,6.78197113369003
1061600,5.127494058052432
1062000,2.8155641613325244
1062400,4.616487472192783
1062800,2.367664371101684
1063200,6.675438718319866
1063600,4.822532745686175
1064000,4.824701663702539
1064400,6.689848815222452
1064800,4.451488477646935
1065200,10.714814363025003
1065600,1.9227021249407545
1066000,6.979627055409239
1066400,2.5592815997208316
1066800,3.235554673593637
1067200,3.2369934345900253
1067600,4.791011036366849
1068000,2.4851111591873685
1068400,2.690984909401904
1068800,4.571836343548205
1069200,2.9217009628195982
1069600,5.777758721845278
1070000,4.583999957691952
1070400,2.3109487748934208
1070800,3.015854841884832
1071200,6.622491973867365
1071600,4.729679998279389
1072000,6.3473714862457475
1072400,271.1836946373457
1072800,3.101118523160752
1073200,2.247533274324564
1073600,17.99099637860284
1074000,2.0157589690534605
1074400,3.8318406834736627
1074800,2.1921262262566485
1075200,8.970314730146743
1075600,6.16050181448809
1076000,4.87570424621716
1076400,6.562555418503692
1076800,5.7816788856207255
1077200,12.864070900073283
1077600,1.784520740723051
1078000,1.5814412919556062
1078400,7.9796201055521285
1078800,1.9428093773139947
1079200,3.1724979206501227
1079600,5.390835562383943
1080000,6.059168607105287
1080400,11.816332846833395
1080800,6.000588990996376
1081200,4.365549039891047
1081600,1.4479993411761072
1082000,3.2112153089111852
1082400,4.012500284196132
1082800,7.045712344739121
1083200,7.725889936116825
1083600,1.6324371035969596
1084000,5.482586589195644
1084400,4.154110918855334
1084800,6.540881252634198
1085200,6.38899444218105
1085600,3.8918433988367624
1086000,5.267853759013286
1086400,3.9471111695849537
1086800,4.850099879781909
1087200,2.2956704759788966
1087600,5.502511905192498
1088000,5.234133049965493
1088400,3.669216675546785
1088800,11.130498636947458
1089200,9.25734551824642
1089600,13.488307154589135
1090000,3.989628548040638
1090400,4.777401198402322
1090800,2.251192996377342
1091200,2.215159297444378
1091600,4.0277416038333484
1092000,3.6665892958910504
1092400,4.574525102224495
1092800,3.9579297830395754
1093200,1.9566574249502118
1093600,6.038430368485918
1094000,3.6405745579863518
1094400,3.286527683192196
1094800,30.296512371722432
1095200,2.7410968331722314
1095600,5.4094471125087695
1096000,3.5914696979363954
1096400,4.745657311167936
1096800,4.708804529803919
1097200,6.3066105227231235
1097600,3.145598615136912
1098000,2.287688947294867
1098400,5.2645910872277035
1098800,5.156746388893072
1099200,4.729884442328626
1099600,3.3170212560696335
1100000,3.9513303708652763
1100400,5.163750232466701
1100800,6.076563795075183
1101200,5.767703249891009
1101600,5.720651753517693
1102000,5.091667440506108
1102400,5.134225650227057
1102800,6.566615724409952
1103200,3.375579255322077
1103600,3.1042243458273506
1104000,4.784323821654826
1104400,3.749935011935085
1104800,6.334660999880274
1105200,1.9561265384584168
1105600,1.4269486681736685
1106000,3.4852197322078893
1106400,4.122603938940473
1106800,2.1522430788847116
1107200,2.237899131970623
1107600,2.0105778141852104
1108000,2.769884108859418
1108400,3.166795891160126
1108800,6.577867866867155
1109200,5.922696224904312
1109600,2.7935615348863587
1110000,5.3583788107597305
1110400,2.466963608336766
1110800,6.551410912904556
1111200,4.850512283844394
1111600,8.591439934828896
1112000,3.456291602009619
1112400,5.204345794832489
1112800,1.7214766152823235
1113200,4.8991669266790785
1113600,4.016148796149564
1114000,2.368236884782439
1114400,2.653633341862623
1114800,7.5596779501375595
1115200,17.755159628714342
1115600,5.770121420138317
1116000,5.686682613903173
1116400,3.8634274828918773
1116800,5.445174005074156
1117200,2.5824542098910395
1117600,6.29983639186388
1118000,3.6645456049900496
1118400,1.5402473602126046
1118800,3.3510469414091024
1119200,1.5051241838103988
1119600,1.9059365567971904
1120000,6.319596674391097
1120400,7.0922530088391
1120800,4.152594157471096
1121200,3.808289556612766
1121600,4.779090772773846
1122000,1.6516618513247863
1122400,4.457175388058782
1122800,4.500274829554924
1123200,4.424993361827472
1123600,6.142242582890852
1124000,5.903187841718987
1124400,1.8524211807454611
1124800,3.4818630435990174
1125200,4.279242992087397
1125600,2.9432437231689907
1126000,2.077180423903174
1126400,2.481993775914387
1126800,2.283115564309736
1127200,2.5372539855735123
1127600,2.4313907667592227
1128000,4.004092030794397
1128400,1.5992313978091117
1128800,1.444917103419904
1129200,2.3748226239018364
1129600,2.4258557201058966
1130000,1.1302005376499316
1130400,6.397988072711216
1130800,6.027044797981964
1131200,6.063994975769159
1131600,5.4958312644282685
1132000,3.5917628484118254
1132400,4.439294691671216
1132800,4.368615544971298
1133200,2.672107193348318
1133600,1.5540949804583313
1134000,5.610922488681368
1134400,5.1158692336733065
1134800,1.9813325758169715
1135200,6.117327809750025
1135600,1.1156381784216396
1136000,5.794606915944969
1136400,2.5799951486585555
1136800,3.570913656008771
1137200,5.838264027065808
1137600,3.726372845164665
1138000,1.5025142553005377
1138400,4.631735502047624
1138800,5.986133282876596
1139200,5.158994697299851
1139600,1.658824698189282
1140000,2.392751407708278
1140400,1.2409873239023543
1140800,5.373653488884569
1141200,5.791231921522707
1141600,1.5750369784593508
1142000,1.8060209275419898
1142400,5.940861466186135
1142800,4.13942163326245
1143200,2.5113209666814855
1143600,3.1137341407304486
1144000,3.208096528095654
1144400,6.082355568260066
1144800,2.6723124143773367
1145200,7.881050334193289
1145600,2.5145817507608217
1146000,1.6678998901801771
1146400,2.2300002563940806
1146800,4.9505918111252845
1147200,1.5313675058228808
1147600,6.513518572932318
1148000,4.495517374128565
1148400,2.7472765440041695
1148800,5.252681072117363
1149200,5.506891798395587
1149600,5.6800997842083625
1150000,5.568418741950747
1150400,3.836819053355181
1150800,12.077136181900086
1151200,6.428001365374899
1151600,3.2440703425532544
1152000,5.095153680831826
1152400,5.788072698104927
1152800,5.356253926000993
1153200,7.4227259392187
1153600,2.0679610959887036
1154000,1.4452621752846213
1154400,4.094168968926192
1154800,3.201496258415321
1155200,5.9063049528102995
1155600,6.263332620857227
1156000,2.0970583132766367
1156400,1.8786771197029302
1156800,3.730067612084097
1157200,1.4885494601754672
1157600,4.218188316810355
1158000,5.041649906401496
1158400,4.161959025908289
1158800,5.2628809385094035
1159200,2.0688604239864756
1159600,5.919929835918183
1160000,3.8749615806756825
1160400,2.4772769382000384
1160800,2.3634938439903252
1161200,1.9738347726348096
1161600,3.194275650719059
1162000,1.8797248048372563
1162400,14.191573024574778
1162800,2.055148576593839
1163200,2.529678625039625
1163600,3.927134509990241
1164000,6.317904865900967
1164400,3.5616823972331493
1164800,2.366654978548994
1165200,3.033575667257331
1165600,1.795567405607554
1166000,5.671524908685579
1166400,1.847073054670596
1166800,2.034817578079924
1167200,4.633673035074286
1167600,4.320774324296947
1168000,3.1964920058512467
1168400,5.658825293334953
1168800,3.787725437532911
1169200,5.4212380287258615
1169600,4.83130444371726
1170000,2.4253681620848764
1170400,4.346112421022652
1170800,2.272663861286618
1171200,4.825788847548844
1171600,7.9035061443778
1172000,1.8119008012196594
1172400,5.82170169354014
1172800,1.6685132927303645
1173200,5.405217747073536
1173600,4.652683534193076
1174000,5.1235603820873035
1174400,3.486698823757885
1174800,4.007490379452442
1175200,6.315754364255361
1175600,2.926318331917622
1176000,2.4280776286965913
1176400,1.297859443885362
1176800,4.71330024162817
1177200,2.536794600727819
1177600,5.991686325117121
1178000,2.941197513692043
1178400,4.500081715774776
1178800,5.110506291085817
1179200,4.105055245673142
1179600,1.7977530740802414
1180000,5.683297299857594
1180400,1.2813259766992058
1180800,4.994174805340693
1181200,1.5486652508061607
1181600,4.681254510079731
1182000,2.531442317352832
1182400,7.746413218617408
1182800,4.4512686233542365
1183200,2.1731373896316497
1183600,3.1639271796814605
1184000,8.89706633490693
1184400,4.744370249471995
1184800,3.7213101378141227
1185200,3.4711985950418454
1185600,4.62487733345625
1186000,1.3083498610564892
1186400,3.7542719367899573
1186800,1.897271408186182
1187200,5.741977369943024
1187600,2.5511096035137246
1188000,2.23855286293167
1188400,1.4982959230893753
1188800,11.213639956681487
1189200,3.754042377773036
1189600,1.9276816785262811
1190000,5.647545087919072
1190400,4.997596465336626
1190800,6.986227462352266
1191200,6.112671210869623
1191600,6.719923586214826
1192000,2.297473032622616
1192400,15.919987027977026
1192800,5.299827416302844
1193200,7.038812323804755
1193600,1.6767460833229135
1194000,1.5071809635718822
1194400,1.7345712581216042
1194800,8.231324704105196
1195200,6.278830520089767
1195600,2.568193251927362
1196000,6.406521857528836
1196400,1.9399056616159307
1196800,2.971171016100104
1197200,2.0622855762279
1197600,3.9498588182895715
1198000,2.724503018411267
1198400,1.7119269111172803
1198800,3.174072167627628
1199200,1.970723306356918
1199600,3.0801740389160144
1200000,4.007658617349749
1200400,10.086042123587825
1200800,1.9594245057473996
1201200,2.2065788404226407
1201600,3.207584305926115
1202000,4.965006718710496
1202400,42.685343275950046
1202800,4.727753413202547
1203200,1.9849832582831526
1203600,4.000484459903059
1204000,2.418592987009536
1204400,3.0255005959771077
1204800,5.720555598218614
1205200,3.421036692464119
1205600,2.0674844195348747
1206000,1.8307399162433984
1206400,6.351142618954187
1206800,1.4722937841419064
1207200,5.654772531242133
1207600,4.8724062428056545
1208000,3.7765956747539766
1208400,1.1864620346671029
1208800,4.908848090784816
1209200,5.827961981741238
1209600,5.463041959330367
1210000,3.4232949215518285
1210400,5.743778078983903
1210800,2.080274941893331
1211200,2.1294024725089855
1211600,5.165662191495747
1212000,3.4815843828834563
1212400,2.6696059691215455
1212800,2.404417755504382
1213200,3.138401162784725
1213600,1.7152475989319775
1214000,4.142584653593474
1214400,3.0792889606998184
1214800,7.034632291096898
1215200,5.290429711627885
1215600,4.469820551768067
1216000,4.535118394980141
1216400,7.1559290391742
1216800,8.502864097290031
1217200,4.537248446940432
1217600,4.254047385736897
1218000,3.2472648443058105
1218400,17.413778269623997
1218800,3.2840254979253807
1219200,4.860418883923061
1219600,4.169736341407871
1220000,1.2071678872250295
1220400,2.5723355973652424
1220800,2.8386298589558026
1221200,3.2771347566934934
1221600,3.184569570186431
1222000,6.820709866911458
1222400,3.4329307604245045
1222800,2.3180442627604494
1223200,16.547768303277532
1223600,1.3395234154387445
1224000,4.992389810429251
1224400,3.1893463029331954
1224800,5.103077093581553
1225200,4.030150886744647
1225600,4.451047012715293
1226000,4.386660318981855
1226400,2.166139929350794
1226800,3.3641923191012904
1227200,6.5482990877074965
1227600,2.039325474288859
1228000,4.524247992114189
1228400,3.0064612590244253
1228800,4.5817806327322685
1229200,4.0348249086103065
1229600,5.124014819922631
1230000,4.12430105810304
1230400,4.749235149085467
1230800,18.484169897033695
1231200,4.665251417596684
1231600,7.118946399595143
1232000,4.125327642047465
1232400,4.179286924552995
1232800,6.330799611874646
1233200,2.6092546342270415
1233600,4.99243892922231
1234000,4.707771946292665
1234400,9.737918759099804
1234800,6.649997075144643
1235200,1.744404723114872
1235600,1.9809185332881578
1236000,5.741996535998284
1236400,1.5868922151703249
1236800,4.79325299936708
1237200,2.3309399791744307
1237600,6.605805531026394
1238000,2.5716640242550035
1238400,18.039060016761788
1238800,7.555504775700832
1239200,3.2655504358588625
1239600,2.406143658761003
1240000,0.9976815309046887
1240400,1.892622550879828
1240800,1.555060895705583
1241200,4.539941759174452
1241600,11.428627980558007
1242000,4.385666304776192
1242400,1.4746530759804022
1242800,4.892504391975467
1243200,4.73445205940432
1243600,3.7012403126158637
1244000,6.438569859684555
1244400,2.5618691986020683
1244800,6.338439307488228
1245200,1.575590379987281
1245600,1.8268595824193834
1246000,0.993203791160417
1246400,3.198219775383838
1246800,10.511324649667518
1247200,1.1709234763160143
1247600,5.617446132218623
1248000,5.982330927429489
1248400,3.6968068883373992
1248800,5.360009383268018
1249200,1.7485956557434343
1249600,2.0320473769657066
1250000,13.720482603435087
1250400,1.9694837352240748
1250800,6.222541375058461
1251200,5.014569547137563
1251600,3.2788378615859415
1252000,3.0096915745489765
1252400,6.874885748620137
1252800,1.7883066240695438
1253200,6.151009521957722
1253600,3.9616002068568177
1254000,2.469010501620362
1254400,5.660971418589673
1254800,7.076529334064322
1255200,1.848874676677637
1255600,6.177336867771949
1256000,5.630695806578485
1256400,2.0870335881731865
1256800,5.760799978308116
1257200,1.4908894355820785
1257600,1.826260394683366
1258000,2.231555758772011
1258400,1.769950343310479
1258800,2.8275157665364596
1259200,1.544123463410086
1259600,5.365308687906428
1260000,3.5244819723536542
1260400,3.6787778008579815
1260800,3.1665034796645606
1261200,5.642253299232499
1261600,5.07697611051185
1262000,2.5370438388747916
1262400,3.2288784323994077
1262800,5.774405426295265
1263200,3.557168580075189
1263600,2.130408393117041
1264000,3.946022831578024
1264400,3.625261460938621
1264800,3.6375294599640187
1265200,8.534743028280404
1265600,2.851645804299277
1266000,3.77649473829011
1266400,4.5994058492721805
1266800,5.294311019984726
1267200,4.739165405404703
1267600,6.19865611143227
1268000,6.795586178269096
1268400,4.138887998968864
1268800,7.03679803036725
1269200,2.6540590937398547
1269600,3.298781384750147
1270000,8.262941964723922
1270400,2.3765362243416983
1270800,5.663123653283701
1271200,2.056151219500155
1271600,5.089975476213094
1272000,1.922291761626631
1272400,3.1475687722806156
1272800,2.589321850479025
1273200,6.340491554669418
1273600,5.709003635150498
1274000,5.180923059118746
1274400,1.6078666315904282
1274800,6.354272955716712
1275200,5.481025967654313
1275600,6.248320248032711
1276000,5.487137134274864
1276400,5.464837200634483
1276800,4.725992502737126
1277200,5.966955810103712
1277600,1.8669195957762588
1278000,1.5686405412768432
1278400,5.993455694371766
1278800,6.345704087812213
1279200,1.7239148853238502
1279600,5.646318938426692
1280000,4.602202162059366
1280400,3.4629730218667483
1280800,6.1526224424380285
1281200,3.6131920167337572
1281600,5.1688320659148435
1282000,2.170391789927946
1282400,2.9724323182421832
1282800,2.2881207288011787
1283200,6.124298158463452
1283600,5.725681214709941
1284000,4.05586702984253
1284400,3.582730864532308
1284800,2.5673195596286953
1285200,18.530635490727203
1285600,3.071436761322559
1286000,2.9441713963727008
1286400,4.190674650212634
1286800,2.036741837841117
1287200,2.493737306496998
1287600,2.183993599472112
1288000,5.955640342429846
1288400,5.168763502833781
1288800,5.413450439279275
1289200,1.9078401601226573
1289600,4.79582158165261
1290000,4.146728952113244
1290400,2.3009216276340547
1290800,1.8926508572891338
1291200,6.727248216087497
1291600,2.871178978023305
1292000,2.7776467271076557
1292400,3.141306720133296
1292800,1.4179714687893794
1293200,5.933341329800906
1293600,2.0742568127393115
1294000,4.197766161579013
1294400,4.024980304221677
1294800,4.726356488461523
1295200,3.96778419299833
1295600,5.954524303113618
1296000,2.7632465793730816
1296400,3.2355809106478484
1296800,2.21474863545342
1297200,2.6443036371774133
1297600,2.427236144232958
1298000,6.176383622798238
1298400,2.7294958662062134
1298800,2.761625331859816
1299200,5.248862605258342
1299600,4.196412530400848
1300000,2.986306359619994
1300400,2.8118224548221757
1300800,4.8150441893468745
1301200,6.221929190172389
1301600,2.369493618304751
1302000,4.257157120321448
1302400,2.6026910066939797
1302800,2.9313847692649695
1303200,4.762382377343717
1303600,6.206171078430672
1304000,3.441222359691817
1304400,72.2603152957673
1304800,3.910896531122426
1305200,6.569010208605204
1305600,5.09500605997158
1306000,3.1467673768814066
1306400,1.9064292999689836
1306800,5.781378023735359
1307200,5.357123667707601
1307600,0.7978913654706522
1308000,1.9336573930964411
1308400,2.6318784501470445
1308800,3.4061058136968385
1309200,6.3085844864129035
1309600,4.484976271520985
1310000,3.444910213234209
1310400,6.27424138923732
1310800,1.8285894072132125
1311200,1.6429183429739864
1311600,3.125928600238327
1312000,4.46144567636584
1312400,1.5690392812389518
1312800,5.0674496735686425
1313200,2.1951575245147428
1313600,1.6902985562031447
1314000,2.148825153559507
1314400,3.2497951218155277
1314800,1.4747306122830899
1315200,1.7223261897097053
1315600,2.8732489653511464
1316000,1.8576231214977894
1316400,3.1654318398093584
1316800,3.869407507435358
1317200,2.2646769024301427
1317600,5.271817796328025
1318000,3.0892579942119234
1318400,5.281480755626434
1318800,3.444295541389698
1319200,5.494787260332604
1319600,1.11696130967584
1320000,1.8094177842451828
1320400,3.56880269525121
1320800,3.2970556832732516
1321200,4.778396297204479
1321600,5.02480933551779
1322000,1.4169899685372993
1322400,4.303389911689866
1322800,1.9284184694142863
1323200,1.6042737614555966
1323600,5.805050999395991
1324000,5.5100805603564265
1324400,4.664128540005152
1324800,3.291554666483008
1325200,6.672251732940273
1325600,4.044168532819488
1326000,3.605238300434955
1326400,1.0274452635910758
1326800,4.546975777494089
1327200,5.9985283405906165
1327600,1.3107702236383043
1328000,2.174507569080368
1328400,2.127142104854425
1328800,4.236538875806861
1329200,15.13333419389559
1329600,2.9654395899543897
1330000,4.902873505909287
1330400,5.296759978953946
1330800,6.149366310591366
1331200,5.414944313903453
1331600,2.742243648017927
1332000,0.8396618966346179
1332400,3.272923129033537
1332800,4.9037390802589185
1333200,4.182896541208965
1333600,4.326016030591488
1334000,1.3764014116068324
1334400,5.295239140190201
1334800,6.221385515629768
1335200,6.110220472289369
1335600,2.4633309295256636
1336000,6.576524456684843
1336400,8.104701956030361
1336800,1.8194441677840956
1337200,5.705642371370861
1337600,3.8812621042695885
1338000,2.5494490827003666
1338400,5.914778542726294
1338800,2.860546233574124
1339200,6.1673811583366955
1339600,5.0065514745524995
1340000,3.6871517714141375
1340400,1.925703976766997
1340800,2.4257832534695662
1341200,3.8101073728024453
1341600,5.680349119599942
1342000,4.684200924993757
1342400,5.95073132634555
1342800,5.837285171080942
1343200,2.276223523363944
1343600,2.5111539356179
1344000,3.4423129173895233
1344400,3.164382001874511
1344800,7.309986768714707
1345200,5.573484146886821
1345600,2.2092788061345394
1346000,4.598851570543707
1346400,2.9136910985383575
1346800,1.9372707003919387
1347200,4.2273641925543775
1347600,5.078138171324062
1348000,8.736898486148261
1348400,11.223713579950898
1348800,1.8332121940977066
1349200,6.285440426029443
1349600,2.9367741744424416
1350000,3.8546171098378355
1350400,2.239254873390275
1350800,3.206763408506968
1351200,4.2786253837509856
1351600,4.4690721488860525
1352000,4.74395038362921
1352400,3.2600132491324145
1352800,3.8300012326738653
1353200,5.203200089421763
1353600,2.299004310218159
1354000,4.927288873794604
1354400,2.794440157583239
1354800,2.3871986750628347
1355200,6.528121119133927
1355600,1.8766129926795438
1356000,3.6861986383132526
1356400,3.39466794579084
1356800,2.4866474194685586
1357200,4.410873650806887
1357600,6.540473324047546
1358000,3.2440501068045475
1358400,2.3773774078232313
1358800,5.582742246334167
1359200,4.541696714973984
1359600,1.6378424362317197
1360000,4.924407494111976
1360400,5.246436551775781
1360800,9.914536618805922
1361200,5.404457823820504
1361600,4.4177648225832105
1362000,2.5070323071812535
1362400,5.002548692583672
1362800,3.876072740768856
1363200,3.640550231236528
1363600,3.4348143193881393
1364000,3.066140906573124
1364400,3.0843064253331707
1364800,2.7290857921699763
1365200,6.207876463280791
1365600,3.9169632533237815
1366000,3.1416182508831456
1366400,4.861962280941669
1366800,2.9696905829434432
1367200,5.894836886136508
1367600,6.301093398222353
1368000,5.696944223406021
1368400,2.929743326662886
1368800,4.2539576727190935
1369200,12.456324964610777
1369600,1.964134047277567
1370000,6.041670390031374
1370400,8.013259540268034
1370800,5.546441025248176
1371200,4.9354092984057205
1371600,4.179905400623576
1372000,7.29035388541881
1372400,7.861003622428254
1372800,7.231361973672652
1373200,4.968112373563374
1373600,2.5816607371712723
1374000,2.495924086154218
1374400,4.4915761650359824
1374800,1.4682901076111856
1375200,4.751621900479993
1375600,5.948696926909646
1376000,1.9195478554040684
1376400,5.972350399899668
1376800,3.4007209063509984
1377200,2.8505655272374373
1377600,1.4655987217216588
1378000,5.147007183914376
1378400,3.7355239022191586
1378800,6.4896023881591365
1379200,5.969720457807801
1379600,4.573482801924278
1380000,1.8318432521636172
1380400,4.141807370968902
1380800,2.258306333922169
1381200,4.116908670451947
1381600,4.830716036274111
1382000,5.858100835183692
1382400,2.0120567673773433
1382800,6.975847651404362
1383200,6.517294554984426
1383600,1.721771219323917
1384000,4.633601368863067
1384400,11.439804298032234
1384800,1.5911150820494036
1385200,1.281353182012299
1385600,1.0099921665454947
1386000,2.104887895858788
1386400,6.298014162019731
1386800,4.439546776538085
1387200,6.0071058005263085
1387600,10.305311761481812
1388000,5.515239927350058
1388400,5.927825392953708
1388800,1.6165866214690034
1389200,1.7835623467153547
1389600,2.0634300616134404
1390000,5.787034104206492
1390400,1.8895609880903117
1390800,5.421300731629076
1391200,1.821037197652947
1391600,6.213877216745464
1392000,10.9529183417366
1392400,5.890639572137258
1392800,9.760611402441128
1393200,5.272959232703736
1393600,2.8620225885653987
1394000,11.796629478104617
1394400,6.500554037951703
1394800,5.222772973969785
1395200,4.376825573360788
1395600,1.7441783109578781
1396000,6.004849101010105
1396400,2.039029351828898
1396800,19.818007273711324
1397200,1.20334342515088
1397600,4.684611677273795
1398000,3.1103686275579068
1398400,2.6650842879433507
1398800,5.640721576715504
1399200,3.2797184905079666
1399600,3.0478172957959733
1400000,3.5509498226182883
1400400,5.467129412960487
1400800,1.746747978310233
1401200,2.140120280345964
1401600,6.317701482953528
1402000,2.4705377233204073
1402400,5.992305935277643
1402800,5.446902558435428
1403200,3.660086851153452
1403600,6.43756263484375
1404000,4.511197842080937
1404400,4.503714679432563
1404800,3.533671953547617
1405200,1.545089191183047
1405600,1.7773589975565216
1406000,2.8739769953773635
1406400,4.927925034529995
1406800,4.522591899519056
1407200,1.897996902043908
1407600,1.2425449927991425
1408000,1.9456106588336515
1408400,7.48226337712197
1408800,7.648470708110048
1409200,4.944832382189102
1409600,3.921195833339974
1410000,2.594093940998758
1410400,4.945605960891303
1410800,4.964272862801238
1411200,4.309984927799144
1411600,3.6654902373251383
1412000,73.94056998707202
1412400,3.0551610867830634
1412800,2.8860922322802254
1413200,3.189609422171903
1413600,3.1456734723091193
1414000,4.455815775529857
1414400,2.7072897979231927
1414800,4.83403945072745
1415200,6.514450337804774
1415600,1.9139760596078472
1416000,4.808029100115686
1416400,8.785795525133794
1416800,3.6206157264872463
1417200,1.7923621150857452
1417600,5.516863499200915
1418000,4.307003922832648
1418400,2.3452734369873225
1418800,7.244240406634118
1419200,8.031413442102478
1419600,1.9512739566010004
1420000,1.7551973946785078
1420400,6.565824438817392
1420800,3.242941900798266
1421200,1.7684710325433781
1421600,1.602321200462006
1422000,2.2211816004231486
1422400,4.213200324124374
1422800,3.1964249103115443
1423200,3.887661956983897
1423600,5.408651464083807
1424000,3.659375352922015
1424400,1.5585125830608861
1424800,9.155765178394823
1425200,3.2284192876184807
1425600,1.6096020572741951
1426000,4.208983300448892
1426400,11.446656429429698
1426800,1.5728905460918345
1427200,5.654585223441918
1427600,2.2746969276231916
1428000,4.518430660816179
1428400,2.9966600349318444
1428800,5.62141231072162
1429200,5.721952882693341
1429600,1.472623675254715
1430000,5.184957639167466
1430400,7.002404431867789
1430800,5.278342916654622
1431200,2.36070208582883
1431600,6.442483887116444
1432000,1.0423488260648002
1432400,3.2402809225178713
1432800,5.239198504622641
1433200,8.047584916010985
1433600,3.8256844788297153
1434000,16.38273775846389
1434400,2.0868656964819725
1434800,3.331664832910095
1435200,2.7584507396992013
1435600,4.756290648920253
1436000,2.348651815589968
1436400,2.6428614230864595
1436800,3.7433875054144012
1437200,5.094914154982613
1437600,4.626157717006887
1438000,3.7624346327413907
1438400,6.335440159631934
1438800,3.67413423901926
1439200,5.982937484867972
1439600,2.2441453310673465
1440000,4.58180681985635
1440400,4.315928136381131
1440800,2.326671011205893
1441200,4.905968085011486
1441600,6.246769158323477
1442000,1.7538466092787155
1442400,2.569707972211709
1442800,2.6158046658584464
1443200,5.3487233235845535
1443600,1.846945478811918
1444000,2.1418460454354626
1444400,1.6691754679362363
1444800,5.979901047967041
1445200,6.452740320241415
1445600,2.8221006530953776
1446000,2.519610495425178
1446400,4.795733746650915
1446800,5.296883453693825
1447200,4.574651378071814
1447600,5.643330909509111
1448000,5.461989607587091
1448400,4.726128541415424
1448800,1.3671320761630918
1449200,4.2774323804646865
1449600,4.5680464549233095
1450000,5.087502070538058
1450400,3.4849064357091506
1450800,3.723226922553783
1451200,3.4779904269663917
1451600,2.4174865212905963
1452000,6.198920597865961
1452400,4.98573820689457
1452800,2.409603856801474
1453200,3.855091504073953
1453600,1.9437408559337717
1454000,5.503796451092459
1454400,5.781641960407052
1454800,6.303837236019914
1455200,2.4543516646437413
1455600,5.9693451575516345
1456000,5.96379969410023
1456400,3.4760976558465684
1456800,5.603690275111615
1457200,3.4404304947403266
1457600,1.9284900953209394
1458000,5.074710154579626
1458400,4.9973901860396355
1458800,4.8082767710200915
1459200,6.38569229111465
1459600,13.331173791872075
1460000,3.31611910486339
1460400,5.163485053984647
1460800,5.288758371789175
1461200,4.159388083841815
1461600,3.092927717367557
1462000,4.227992470522266
1462400,2.8393709632203774
1462800,6.288824661933886
1463200,4.143495878787801
1463600,4.6622332137615325
1464000,5.509556351181619
1464400,5.327775493461193
1464800,3.4790934359293155
1465200,2.1579843112702988
1465600,2.3334852292888066
1466000,4.9827954090255675
1466400,3.1145392549212523
1466800,2.5981043765354315
1467200,5.6411842281282825
1467600,5.49636433417909
1468000,8.731900449269485
1468400,4.3721295659016155
1468800,2.755713794078414
1469200,2.1024399927871475
1469600,2.1495217666534825
1470000,5.861203650724326
1470400,5.1173771055713315
1470800,5.196827023534954
1471200,3.5358999052808033
1471600,10.324614374414848
1472000,4.082996795678045
1472400,5.159535141804356
1472800,4.620289791545519
1473200,5.909622082677546
1473600,3.928269854795343
1474000,6.191423167193801
1474400,3.359582281731233
1474800,2.676914046061724
1475200,4.523789673390601
1475600,3.302745383398972
1476000,3.8829597515221894
1476400,5.195171492702359
1476800,5.639194928320165
1477200,5.425030777107231
1477600,3.0631893109759645
1478000,4.8559887681976965
1478400,7.003697500662672
1478800,2.9541638668761614
1479200,7.480130030766474
1479600,1.7396280138640259
1480000,7.330288533944969
1480400,6.189297013750676
1480800,1.732541138736511
1481200,2.2405983837672476
1481600,7.289617754444017
1482000,3.745558646684154
1482400,6.60334121833046
1482800,3.928754680240958
1483200,3.508113544626472
1483600,1.9269158666415602
1484000,6.345196982616351
1484400,2.697148236059474
1484800,11.10963168019513
1485200,11.44077094493189
1485600,6.185918190109277
1486000,5.804252810154568
1486400,3.4349847946228613
1486800,3.4242693205653643
1487200,1.694184496430782
1487600,12.506707090664772
1488000,16.39734353488255
1488400,13.476828836596344
1488800,3.5848119284016406
1489200,6.22510721294138
1489600,4.177738681485421
1490000,2.2522755777524877
1490400,3.894802741366713
1490800,3.5414961789504016
1491200,5.600678756729705
1491600,6.248999237120256
1492000,6.0648334960139625
1492400,5.756691879034731
1492800,6.48185420382528
1493200,6.176879018460328
1493600,2.356337697823082
1494000,2.3313596924758744
1494400,9.966444936067075
1494800,5.21969286871664
1495200,6.332921530245744
1495600,4.495576860465757
1496000,3.673322876235453
1496400,3.07403869986023
1496800,6.162291784543082
1497200,5.9050940199974615
1497600,3.8500396561858996
1498000,4.597249236135629
1498400,7.938514828343675
1498800,5.012188974957919
1499200,6.327079251584278
1499600,6.94242949172025
1500000,5.3700210801563255
1500400,9.10966292877143
1500800,2.305776743786089
1501200,4.941792564169735
1501600,5.5912832488637685
1502000,6.460235914316227
1502400,5.985089207635196
1502800,16.382255507102517
1503200,4.697541084174453
1503600,5.01004614170252
1504000,4.3303129969074385
1504400,2.418393202049254
1504800,3.157709926879614
1505200,3.04348321844356
1505600,3.131193034466791
1506000,3.4140372291679695
1506400,3.641320637652701
1506800,2.611502907041887
1507200,5.690781506820179
1507600,2.5822053758882815
1508000,3.581298606470058
1508400,2.0153053653638477
1508800,1.8205984154152899
1509200,5.595385964793375
1509600,10.905724365021955
1510000,4.90951052881398
1510400,2.74449871781594
1510800,1.8717816402775054
1511200,5.611526454290623
1511600,1.7716468134270231
1512000,2.557686308697699
1512400,1.9504240168276346
1512800,1.8207012565311664
1513200,6.074181082668316
1513600,1.0843037133906541
1514000,5.322602877739268
1514400,5.703726999050582
1514800,5.735790162105641
1515200,3.597999237615193
1515600,5.662426339096244
1516000,1.9237779917200502
1516400,1.9556472582877091
1516800,1.3880353983127742
1517200,1.98326782358215
1517600,3.09367956168978
1518000,2.1102618796492894
1518400,5.4323023976237526
1518800,4.817737559787238
1519200,6.0137015777271525
1519600,4.39035953966601
1520000,5.764226080450366
1520400,2.824210072137914
1520800,5.919391417664376
1521200,2.5477201912876795
1521600,3.9998502155825117
1522000,5.97991841211526
1522400,3.2282678241299037
1522800,1.2679787479649334
1523200,2.745409278592892
1523600,4.896352287415808
1524000,4.310291595422296
1524400,8.346714831577275
1524800,2.470778849573663
1525200,5.105819845942315
1525600,2.2926972612119614
1526000,6.258783650354637
1526400,5.157629926210018
1526800,5.413408357236018
1527200,2.2800532827235522
1527600,5.450327623488699
1528000,3.4966270516050693
1528400,5.001704854858356
1528800,2.41468303175621
1529200,6.05920744058814
1529600,3.4390210527755483
1530000,1.9054447064627107
1530400,2.7079943475129076
1530800,3.017135985084927
1531200,7.804365081761549
1531600,5.336086263572338
1532000,3.1634228714861607
1532400,7.014408549915834
1532800,2.8808601448252107
1533200,2.889146339816127
1533600,4.282601728590394
1534000,5.4287741076545455
1534400,4.685589377749098
1534800,2.6994086067234333
1535200,1.9105610195103861
1535600,3.5892747038141155
1536000,3.3889445058450236
1536400,3.5333262049851264
1536800,5.369951250577531
1537200,5.232053280549849
1537600,2.7873755159130558
1538000,5.71200288416403
1538400,5.169582664803831
1538800,4.471207656263764
1539200,3.351232111979831
1539600,2.9626133478851693
1540000,7.310399589561824
1540400,3.1336396542962706
1540800,7.681052672136165
1541200,4.074516871195423
1541600,2.0203997617150136
1542000,4.085545599010695
1542400,3.842733088219131
1542800,2.1917415470683315
1543200,5.40722751153693
1543600,15.012923252254106
1544000,5.36901953945296
1544400,6.3018455793843176
1544800,3.8852945537903048
1545200,1.378172531078124
1545600,1.3954828449461691
1546000,2.4764746333400574
1546400,6.113507869064553
1546800,5.220501976120615
1547200,3.4584927244912627
1547600,6.342907358727842
1548000,5.98801793860536
1548400,1.9432485778195263
1548800,5.341452092480445
1549200,4.399309879004126
1549600,6.101237303367102
1550000,5.063523110359301
1550400,4.1611317931042455
1550800,1.4214493868914257
1551200,5.40903736894447
1551600,0.9963824747272687
1552000,2.7999949500466546
1552400,4.789275600310054
1552800,5.729418448508801
1553200,2.0099129437222962
1553600,16.69003814607992
1554000,5.641710383997972
1554400,1.8741876418990608
1554800,3.2998858967464586
1555200,5.994902323840116
1555600,3.503837553056452
1556000,1.7281655123795416
1556400,4.4055270130345505
1556800,4.007985302495588
1557200,3.5205652191931076
1557600,4.293338659153891
1558000,6.0903353063741275
1558400,1.5319413737752812
1558800,2.718297027723825
1559200,4.847299471761814
1559600,5.63031621759514
1560000,3.976125819693722
1560400,5.680425731738058
1560800,4.108638554927287
1561200,1.7094132697736686
1561600,3.7599468908567553
1562000,6.266680646682052
1562400,7.213001076182537
1562800,5.299764383255772
1563200,5.358383075098383
1563600,5.615448787343061
1564000,7.470459303862359
1564400,5.812308277960946
1564800,2.592228078556211
1565200,5.337425825436645
1565600,24.16341527804036
1566000,2.1488602614524015
1566400,4.254743945248375
1566800,2.698777793799885
1567200,4.405858692469086
1567600,6.568252602809485
1568000,4.853800016317748
1568400,3.2824368010088874
1568800,6.704851382331163
1569200,3.656842064682052
1569600,3.738158984645831
1570000,5.69290242385455
1570400,1.5856224717243501
1570800,5.379429048824629
1571200,3.968989745922393
1571600,4.903116501857237
1572000,5.976703144472889
1572400,4.789776672610063
1572800,4.320342952191068
1573200,1.707985724497034
1573600,5.346898283411576
1574000,1.3421683984468349
1574400,3.164001998598916
1574800,2.1368425482452733
1575200,5.292782098258055
1575600,1.2633748324183396
1576000,6.1200621067796295
1576400,2.3636041203138536
1576800,2.5478665135014062
1577200,4.4283501090252475
1577600,2.5340059158289123
1578000,4.126306550656023
1578400,6.004120070929382
1578800,1.5671715582386687
1579200,4.177992171622299
1579600,1.2930751757739922
1580000,3.4117505378322557
1580400,1.5147902897435164
1580800,2.8042819205868756
1581200,3.6784375954818818
1581600,7.142968299223327
1582000,2.1352150380738033
1582400,2.2212271157658927
1582800,2.138723058687745
1583200,3.8991049548183256
1583600,1.9058379397703502
1584000,1.1746206844266438
1584400,2.02003341665903
1584800,2.731838408450458
1585200,3.354945413832449
1585600,3.1707489473216444
1586000,5.609751579978307
1586400,1.7834366557263452
1586800,3.268006068152504
1587200,3.423121504039398
1587600,3.090876831423295
1588000,2.6048631156127824
1588400,6.991131365644582
1588800,3.0878976930775757
1589200,3.2277574382823158
1589600,5.274245060520314
1590000,4.2502690504035385
1590400,5.64909336399575
1590800,2.8543934553749417
1591200,6.2887850750963885
1591600,2.1885129487808257
1592000,1.9172476535842953
1592400,3.5309583183961846
1592800,5.183711354320272
1593200,2.554153352081689
1593600,5.238507945050986
1594000,1.8422924103936105
1594400,1.6132687612564995
1594800,2.0622529822966693
1595200,2.0408569896076467
1595600,2.889599123577026
1596000,2.105284042241475
1596400,6.269489164636191
1596800,2.917366694610754
1597200,2.2918578489967465
1597600,3.3632435161420484
1598000,1.2697982142220852
1598400,2.2765099158377105
1598800,5.1505168947890905
1599200,5.732198083758903
1599600,5.312188296669095
1600000,3.57169927830708
1600400,5.187152034922922
1600800,2.001334351869112
1601200,2.0627351994353753
1601600,4.644884673870003
1602000,2.9628917482759074
1602400,4.523685173929494
1602800,6.234403821544921
1603200,5.213444628420049
1603600,6.047581701734206
1604000,5.445908813437425
1604400,7.1773559793477055
1604800,5.643355555414551
1605200,3.2323533581910042
1605600,1.3719555301863924
1606000,6.715811323388549
1606400,4.363977910979639
1606800,4.303235201597416
1607200,5.7825881481153205
1607600,6.124663365842701
1608000,1.4861384826422566
1608400,5.591382980674458
1608800,4.9210635089072365
1609200,2.6900487225722722
1609600,5.5027549784022405
1610000,2.350130642630538
1610400,3.0918691818688955
1610800,5.8477218338532015
1611200,7.4653395634757915
1611600,4.590778283264901
1612000,5.848805964215984
1612400,5.312437259375399
1612800,4.8296180465921585
1613200,2.643867558260035
1613600,2.9119370122071393
1614000,4.834712886373192
1614400,4.4128032887811015
1614800,2.730880061257204
1615200,3.2017928453598943
1615600,1.6052764896481329
1616000,5.875574720926326
1616400,4.167965714786611
1616800,4.782351084710043
1617200,1.365723275767158
1617600,4.689777842912442
1618000,5.970971190549006
1618400,2.1514107996541134
1618800,5.487703041931145
1619200,4.716842718496049
1619600,3.218571692936205
1620000,3.6821520466145645
1620400,4.559719750522955
1620800,4.293617273765398
1621200,1.6043958744397595
1621600,5.341421406510077
1622000,2.5198848237265787
1622400,1.5660946763782486
1622800,2.836135906118624
1623200,4.316823610742004
1623600,2.961924673566399
1624000,4.566500480124622
1624400,2.2575246669729916
1624800,4.000832317943582
1625200,6.550427714098155
1625600,2.658539245820422
1626000,4.73419368128899
1626400,4.066061969002369
1626800,6.3753612381816325
1627200,1.3442677061592379
1627600,6.500731921745194
1628000,5.896280875145387
1628400,7.018604326377041
1628800,5.331160663010333
1629200,3.3838711466472704
1629600,4.325611341197513
1630000,5.420457150025101
1630400,3.6080791960577066
1630800,5.11616182762519
1631200,4.9718861545134345
1631600,4.232080233628363
1632000,2.244458538031897
1632400,4.397905007130976
1632800,2.568486491079217
1633200,6.002482965506067
1633600,4.782116877316669
1634000,2.1564094192088095
1634400,2.2916102173564137
1634800,5.000918644002915
1635200,2.426869041725233
1635600,5.1817249896283535
1636000,3.4710528851658777
1636400,5.8377972800407125
1636800,4.932551417408195
1637200,5.359631813177432
1637600,5.935943066281595
1638000,6.3927774277612315
1638400,4.048470798891028
1638800,2.647052744299898
1639200,5.564645279943266
1639600,5.180464758875763
1640000,1.6238776330701372
1640400,2.1035202353839266
1640800,6.30238045020376
1641200,2.213881391545995
1641600,4.780113829995057
1642000,4.761677065561107
1642400,3.0187572431364176
1642800,5.370480474488281
1643200,4.9863610238001055
1643600,1.8600725315260007
1644000,5.441260044986079
1644400,5.056888938121793
1644800,2.169934067654599
1645200,4.153163272946133
1645600,4.3194067122522775
1646000,1.6761839171688988
1646400,2.0604975151646654
1646800,4.294056352763941
1647200,4.478620389293689
1647600,2.2874653329359766
1648000,1.7986325935295995
1648400,3.7794438439742275
1648800,5.2689430848484555
1649200,3.7242233716233137
1649600,2.30433873503943
1650000,5.187591698831184
1650400,4.997182403083977
1650800,4.069734958207835
1651200,5.518325692453562
1651600,5.529538682978675
1652000,2.2140681018279422
1652400,5.207378998185644
1652800,1.9293482665832236
1653200,7.13985938381026
1653600,1.7293797298722102
1654000,3.9278807974067442
1654400,2.353070217648772
1654800,1.7895229240415285
1655200,5.071468069361366
1655600,1.5743883140732775
1656000,5.4663954893417275
1656400,1.9772020719679742
1656800,3.0427284620154116
1657200,5.407733256719207
1657600,2.3172663173683454
1658000,6.462483904887063
1658400,4.1547139868221725
1658800,6.199676696672771
1659200,5.467565070331351
1659600,7.388713793707495
1660000,1.7276013139870747
1660400,16.420382315633635
1660800,348.9197221288937
1661200,3.2159727243086738
1661600,5.3243026296328075
1662000,1.3487922276903732
1662400,5.464025865909178
1662800,1.8703397442751826
1663200,2.9420052287371794
1663600,3.4733960485092137
1664000,1.0835160420583647
1664400,3.9947373409585487
1664800,4.834330758179148
1665200,7.7899100903062966
1665600,3.8176790603495463
1666000,6.021247939972118
1666400,2.2285184296558467
1666800,1.4742201414143103
1667200,4.739358183792958
1667600,2.225604929907579
1668000,6.309522294952118
1668400,5.088664936675359
1668800,1.8748670582142972
1669200,6.213890627695734
1669600,4.112942454250224
1670000,1.6467337654479455
1670400,4.820226682311328
1670800,2.8956736174892153
1671200,4.5882996883679725
1671600,5.865984264074956
1672000,6.144135636664451
1672400,4.697749913738034
1672800,4.4283862699085
1673200,5.708983365006985
1673600,3.37465135430986
1674000,5.9797910179882825
1674400,6.894301158345708
1674800,2.0740164315176046
1675200,1.9193139884249497
1675600,11.164676883556137
1676000,2.676602016278419
1676400,6.639846442330154
1676800,2.500924547379061
1677200,2.1454696898792185
1677600,1.5966772797801048
1678000,2.711152461170125
1678400,4.532943367647731
1678800,5.717352651643492
1679200,4.79081632241556
1679600,4.0989653080983475
1680000,1.105418955188423
1680400,2.5019027628396118
1680800,5.975459124187209
1681200,3.830676890682244
1681600,5.158583262980613
1682000,2.9798526502110168
1682400,4.85442135306996
1682800,3.6997351046510096
1683200,6.057582932928372
1683600,3.4705118346509813
1684000,3.4522670839502734
1684400,6.157744054181663
1684800,4.093378869459451
1685200,5.158320911001132
1685600,4.974639203907815
1686000,6.03204762334662
1686400,2.358269776991459
1686800,2.3625708359266335
1687200,1.898818743419587
1687600,5.621246479736125
1688000,1.8640531730470986
1688400,4.118348953334173
1688800,6.445968980738758
1689200,3.16948484697519
1689600,4.571675175872256
1690000,4.399994877232804
1690400,5.5876998516543335
1690800,2.378709279141134
1691200,2.4241207878358355
1691600,1.8673729443119342
1692000,3.8715861486928658
1692400,3.698689164148806
1692800,4.4964802027348885
1693200,5.748231596894363
1693600,4.326349067813806
1694000,3.8849625385878785
1694400,3.7367030049778993
1694800,2.5613640996011364
1695200,2.140379804498677
1695600,2.0389476612975734
1696000,6.222869098552681
1696400,1.3816652599758663
1696800,4.379020752533228
1697200,4.501352530456921
1697600,3.3954802755127442
1698000,21.055170664947504
1698400,2.3183237230927705
1698800,3.7303307756370137
1699200,3.895164022608301
1699600,5.231198982586305
1700000,6.851604709447901
1700400,4.566730623316939
1700800,5.349501309704538
1701200,1.8083130546921053
1701600,6.257353929955571
1702000,6.4241797752509235
1702400,2.546219143455875
1702800,3.8226364113412785
1703200,12.012535058539745
1703600,6.169687086390639
1704000,3.1659690141502947
1704400,5.707321149061062
1704800,18.96966362396575
1705200,6.279780003765817
1705600,1.8074764555097902
1706000,5.710467126980558
1706400,7.123574426898531
1706800,2.674912599603066
1707200,1.6972690885133481
1707600,9.493742715329452
1708000,2.243264204020289
1708400,3.5748343674101646
1708800,4.591213449459401
1709200,1.4796935473618613
1709600,4.644002391917421
1710000,4.683441926234799
1710400,1.386097461624676
1710800,5.57497128185085
1711200,8.031374029199009
1711600,2.362836044543183
1712000,2.696996011399393
1712400,5.35832603473387
1712800,5.94355801019421
1713200,2.838949421095826
1713600,5.137896598892048
1714000,5.883031487865179
1714400,1.5897404723319775
1714800,5.594986097193234
1715200,3.947647489696269
1715600,2.769486128347316
1716000,1.847804594261426
1716400,5.86448840547889
1716800,3.011368100634825
1717200,2.2511726131121064
1717600,4.623372721784994
1718000,4.973448005865884
1718400,1.5777837972722324
1718800,3.5604747822339298
1719200,4.356117738689729
1719600,4.675035559351274
1720000,11.659889438018313
1720400,3.0133421793301034
1720800,1.6036537865517695
1721200,4.812622846524682
1721600,5.731657192841591
1722000,5.258220145919984
1722400,3.877282960389512
1722800,1.8444283767497835
1723200,9.307497237556637
1723600,2.8695078307673887
1724000,1.6764958408611401
1724400,5.474877480583883
1724800,2.584327749513808
1725200,5.608738978387312
1725600,3.006150215983869
1726000,6.386030831720259
1726400,4.992361646656928
1726800,4.524917649853163
1727200,4.358849061807767
1727600,5.635306828166992
1728000,3.0674929182219404
1728400,5.519268377671791
1728800,2.8920832455233425
1729200,1.722828954460567
1729600,4.29951172239666
1730000,3.007353000365101
1730400,2.9551110228087563
1730800,2.052811567173106
1731200,7.0513604126708875
1731600,4.803140045331098
1732000,4.000121984477179
1732400,4.561439139625967
1732800,4.17158702563474
1733200,2.8149582108228186
1733600,5.493348070234327
1734000,4.131386945209417
1734400,22.09090246396223
1734800,4.851578383348154
1735200,5.707756875980056
1735600,1.3681400540618867
1736000,3.9474865809534125
1736400,6.319953991022647
1736800,4.144484422944478
1737200,3.489966439101559
1737600,5.932089069922392
1738000,0.6534669509964582
1738400,4.169283863178428
1738800,6.208591085767207
1739200,2.210952300652724
1739600,5.306281138516309
1740000,1.1519763754375325
1740400,1.8779493522101192
1740800,3.2600555995708973
1741200,5.462389230941004
1741600,4.738956432602547
1742000,3.972593657967916
1742400,5.4574931626048935
1742800,3.6351784865811037
1743200,4.898098092337874
1743600,2.7903425366398524
1744000,6.382666611714844
1744400,5.681498662815298
1744800,9.31490735338136
1745200,5.791893378380554
1745600,5.740486786485567
1746000,5.06930481146687
1746400,4.479772376022847
1746800,8.762355952067065
1747200,2.265144697367286
1747600,1.1690659773762846
1748000,5.485673953502757
1748400,5.7306512716520706
1748800,4.163204031539082
1749200,5.67498683996995
1749600,4.2148062840765474
1750000,2.7285613472536094
1750400,3.2072079967568325
1750800,5.337173888816686
1751200,5.675908206035265
1751600,2.776362433819574
1752000,2.1624693442047835
1752400,5.99401779898651
1752800,6.175970083367884
1753200,2.602170873087663
1753600,3.634702782427248
1754000,5.271433751674357
1754400,2.265866387296047
1754800,5.532340392685254
1755200,5.720613101616576
1755600,6.34321959348145
1756000,1.6402214971967972
1756400,7.012465815418196
1756800,3.464392633980862
1757200,2.3328199127463782
1757600,4.340623334102979
1758000,2.826021701322881
1758400,4.357209929320002
1758800,3.0801529600011595
1759200,1.4962669956347354
1759600,5.809925444433708
1760000,4.830405338273844
1760400,4.223780387321003
1760800,3.4746521949013927
1761200,3.6252913509842783
1761600,7.724850090101919
1762000,2.7760505556279047
1762400,6.497550241595673
1762800,1.5422222572483244
1763200,5.302215551385993
1763600,3.2205233740997308
1764000,4.012759160527874
1764400,1.5275312990889724
1764800,5.03059678248994
1765200,8.609747184185744
1765600,2.932088679818547
1766000,4.885240842852615
1766400,2.94524194821883
1766800,6.127762833115385
1767200,4.210688171936669
1767600,3.67265552037179
1768000,3.043527007001866
1768400,1.7666293914524254
1768800,3.732425922035996
1769200,6.323106579248233
1769600,5.308233188630758
1770000,2.312403393636711
1770400,6.404794366582201
1770800,1.9791628290153425
1771200,1.8204256144981965
1771600,2.527439085800183
1772000,4.878500865409339
1772400,3.771855711008643
1772800,4.963753686430285
1773200,1.3594271837461886
1773600,8.468751142436648
1774000,4.988774117319388
1774400,2.0772410270236836
1774800,4.084764116921658
1775200,1.8816885637217908
1775600,2.9535707955922152
1776000,5.361312485597105
1776400,3.9710560606562555
1776800,1.6217200047467457
1777200,1.7445814244825106
1777600,5.481348644167678
1778000,5.212430279034096
1778400,2.4901186932088692
1778800,4.4848487291923025
1779200,2.700507671612486
1779600,5.814159697647468
1780000,2.191495216102832
1780400,4.590321374353543
1780800,6.175924863258778
1781200,2.2077498980435313
1781600,6.0356692181215035
1782000,3.1431400215201637
1782400,2.003883869700708
1782800,4.186298042478142
1783200,5.174633769724808
1783600,1.4974772734419786
1784000,6.757468224970263
1784400,1.699168547107734
1784800,1.406079790792968
1785200,2.023231856311491
1785600,5.267604555837735
1786000,7.845903854825187
1786400,1.2242210065322623
1786800,2.2634242813464627
1787200,3.598666842097682
1787600,2.7485765031999807
1788000,9.851604211672347
1788400,4.712550912956796
1788800,2.343961945196176
1789200,3.1151938522201092
1789600,3.777787987321442
1790000,4.139961512026564
1790400,5.810464700684918
1790800,3.1092977245321496
1791200,7.9713853304312385
1791600,5.678021249942156
1792000,2.4308033847864867
1792400,3.513876221566836
1792800,4.511299142647766
1793200,2.860723843170788
1793600,3.5369817513630712
1794000,5.191092848225853
1794400,3.3357792405317612
1794800,7.971571551187148
1795200,9.179957841896057
1795600,4.5480694465199845
1796000,5.901770527401782
1796400,6.019775132039065
1796800,5.822795007313753
1797200,4.639623627880437
1797600,4.245664160042711
1798000,5.404946838694797
1798400,3.2653560063374094
1798800,2.9204222433369793
1799200,2.7221540409618115
1799600,1.9750288477213171
1800000,1.1111470158488717
1800400,5.658521095787929
1800800,4.700270379655882
1801200,2.4638386056149777
1801600,6.012479118813431
1802000,2.089207999337813
1802400,3.520058426935722
1802800,4.788364076327867
1803200,3.7309536903722664
1803600,1.541267419259008
1804000,1.6652267686622109
1804400,1.7034367558429284
1804800,2.0462288861199496
1805200,3.8338620963132546
1805600,14.135246460275889
1806000,5.973422918202256
1806400,5.591106558304923
1806800,4.420351286141168
1807200,3.3317438041160194
1807600,5.76829521815511
1808000,4.323134168317193
1808400,4.713699946374548
1808800,4.218736404879543
1809200,3.773416247807617
1809600,5.20089519659144
1810000,3.4372953299179585
1810400,5.313138378904036
1810800,2.6485424798974853
1811200,3.3537818484765234
1811600,4.927140065767149
1812000,5.329968268765256
1812400,4.730850171450231
1812800,3.46629535809255
1813200,2.807756033522411
1813600,4.267058236864614
1814000,5.403849530469006
1814400,2.2215910717165115
1814800,7.460707713572945
1815200,6.182625237789215
1815600,3.6449140017326735
1816000,6.2608708468742895
1816400,3.8645117442181847
1816800,6.646577443310535
1817200,5.448186009472462
1817600,7.274031244623792
1818000,6.927235266731481
1818400,4.749593524406581
1818800,3.8793292613053625
1819200,2.618817413345046
1819600,5.1626261681867485
1820000,4.367592819173922
1820400,5.037843780868189
1820800,3.193309752217445
1821200,3.6263307781323273
1821600,4.536853262690377
1822000,2.5453303983290505
1822400,4.939863543812616
1822800,2.725624601356886
1823200,1.7073153903034533
1823600,5.97837559157424
1824000,2.8343340492525284
1824400,3.4694598228741262
1824800,5.024219308495027
1825200,2.0684885973136837
1825600,3.1966904329504957
1826000,3.2975707673218655
1826400,4.687728318913182
1826800,4.855393620547517
1827200,2.5839546203761237
1827600,4.296406848671982
1828000,4.193000876058395
1828400,6.033118969850325
1828800,4.278023298906537
1829200,5.291337461414036
1829600,5.444795339584414
1830000,4.955954278272306
1830400,6.1230327591369464
1830800,3.6082585781951004
1831200,2.145344959774418
1831600,3.4141491157606767
1832000,5.265059468059612
1832400,5.284195800486072
1832800,5.112111978449378
1833200,5.425114422971614
1833600,3.397381703033211
1834000,5.198450122097358
1834400,3.843812197444317
1834800,2.1584057235229146
1835200,5.118946204014121
1835600,3.819453272509012
1836000,5.461393750017418
1836400,5.631863135779995
1836800,2.012519011515092
1837200,2.4622477892002634
1837600,1.0143920305341378
1838000,6.235357371733248
1838400,5.076112579127136
1838800,2.7753694729975047
1839200,1.9463574625600122
1839600,5.66449729395644
1840000,4.011997866157113
1840400,1.665820396612579
1840800,4.716280991263079
1841200,3.4424274308295297
1841600,1.9455034629812804
1842000,6.248934380044011
1842400,2.2940539975347227
1842800,3.599714213518011
1843200,2.327278425360498
1843600,1.5757736266472437
1844000,5.134246865238676
1844400,4.428301589616129
1844800,2.6264554929459414
1845200,5.117789975344902
1845600,4.69162078089692
1846000,5.971633618038087
1846400,5.465313639887077
1846800,5.127020951378092
1847200,4.543522821138347
1847600,5.074585465886695
1848000,3.9406099966430386
1848400,6.0639410261858755
1848800,2.4437157430855696
1849200,6.80792623488325
1849600,12.338157190884319
1850000,6.398067900732484
1850400,1.5108293499647139
1850800,3.0090237834085802
1851200,6.188393789953369
1851600,2.8662560056040043
1852000,3.8324037920876566
1852400,4.50812351239513
1852800,5.2091992286400775
1853200,1.4287518833373802
1853600,5.295216935093458
1854000,3.74333309141622
1854400,6.535706662917481
1854800,1.117397289300415
1855200,1.52105409979078
1855600,5.419956846883994
1856000,72.8973621105105
1856400,6.494385473697065
1856800,2.347056891976451
1857200,4.794335371675733
1857600,1.2426756295847259
1858000,4.295758936856301
1858400,4.967167750330205
1858800,3.7567670708602927
1859200,6.266345441925222
1859600,6.461464854185316
1860000,3.1792862409229166
1860400,1.4381747782917995
1860800,3.407922841055255
1861200,2.0162572716685245
1861600,5.258219067545436
1862000,2.055573284292086
1862400,6.553067946600663
1862800,2.0900523330534955
1863200,5.936335796851115
1863600,4.807792411395292
1864000,1.7015520918750289
1864400,7.146424216652419
1864800,5.498917461284515
1865200,11.843052984886064
1865600,1.7799387664621278
1866000,3.0741112006830935
1866400,3.613137741519766
1866800,5.48222423458683
1867200,4.766194471692534
1867600,5.719634792252941
1868000,2.8638166448710707
1868400,1.9607139880660713
1868800,2.827011651548052
1869200,2.473045463739459
1869600,3.9423693948465677
1870000,1.484616064871827
1870400,2.566005022958021
1870800,2.5257260408350346
1871200,5.097586878217685
1871600,6.3412067067806
1872000,4.4905768574237435
1872400,5.693348496894706
1872800,5.985910559025305
1873200,4.704129306228009
1873600,2.20778401006815
1874000,5.54771595537664
1874400,4.2647330625875295
1874800,4.1131813153894425
1875200,4.955018170427512
1875600,6.258660877297262
1876000,3.6793945144487514
1876400,1.9700305760029966
1876800,5.882790595211062
1877200,1.667318176914302
1877600,3.8124644386691284
1878000,1.796915983593808
1878400,5.7575421738689325
1878800,2.1939643838691074
1879200,3.479649763582993
1879600,6.357978431880457
1880000,2.601215656383681
1880400,6.293571877036407
1880800,5.022247532643078
1881200,2.093240616320442
1881600,2.3532551415600347
1882000,8.924914473681083
1882400,12.092876581701663
1882800,10.369348426474433
1883200,3.415548428119956
1883600,6.107615362098408
1884000,3.678293302682515
1884400,1.6403690870328351
1884800,3.4684345628381177
1885200,2.2846474197174076
1885600,3.2473188239445823
1886000,2.1278411457533997
1886400,4.5255460996294685
1886800,2.0427838996328673
1887200,1.2782486247537668
1887600,5.448165029324092
1888000,1.473633707211434
1888400,5.259504501669219
1888800,1.974225673015727
1889200,2.617465022245025
1889600,5.268411369084257
1890000,6.08233087471028
1890400,4.859118014235264
1890800,2.997137422331648
1891200,4.2330248286034236
1891600,3.5364509466623066
1892000,4.86124678454928
1892400,2.637428362108701
1892800,5.7864610625341095
1893200,3.967240579365736
1893600,4.817860336278133
1894000,4.741058174037189
1894400,3.609126479615322
1894800,4.076039693640602
1895200,1.845325405968399
1895600,5.743193508038522
1896000,2.4705395681435487
1896400,1.9371394579018653
1896800,4.545435424135386
1897200,2.982164735095698
1897600,1.5433307476614992
1898000,4.326244354103837
1898400,5.335249817469127
1898800,3.8400683932429813
1899200,4.817619322480792
1899600,2.0477496652352696
1900000,1.980498374424311
1900400,3.5096671844201217
1900800,2.5185274903310786
1901200,4.5770732248578305
1901600,2.0522079068489365
1902000,2.9160507730266296
1902400,4.065817703026129
1902800,2.235840519276172
1903200,1.9505735403011009
1903600,3.6566935394476534
1904000,2.0792798518160978
1904400,2.5258960077724795
1904800,2.9122784009314877
1905200,3.763431540077923
1905600,2.2824890150877906
1906000,2.2523726435732296
1906400,2.09823909109421
1906800,6.715980090533957
1907200,3.7463317580026008
1907600,2.179857215466627
1908000,4.842741556012375
1908400,5.77838479274311
1908800,1.1537560499150739
1909200,2.0901067826404445
1909600,2.089182730233244
1910000,2.578399199275939
1910400,4.989181510159915
1910800,1.1703104963557744
1911200,2.6922569005080383
1911600,5.596618370541065
1912000,4.952168641567655
1912400,2.782005747000866
1912800,2.0757859490073103
1913200,5.029556367805269
1913600,3.324813903981323
1914000,3.65045888414816
1914400,1.9330594308257898
1914800,3.91559453232772
1915200,1.4416500666511944
1915600,3.873109884796031
1916000,1.5522382380341238
1916400,5.217977648621853
1916800,4.47808276803555
1917200,2.5974328129474937
1917600,6.052232658200703
1918000,5.077090326122819
1918400,3.043892974863645
1918800,4.62541235586258
1919200,4.813041457782751
1919600,6.539878243453984
1920000,2.348079465502778
1920400,4.223013267414721
1920800,3.6365200479141175
1921200,3.9652338389934605
1921600,6.2918109159650015
1922000,4.274845644886648
1922400,0.9341608473305895
1922800,3.514896037605055
1923200,7.17988941668296
1923600,5.975602432912502
1924000,2.9213404457288212
1924400,1.9008461908145557
1924800,2.765714661375869
1925200,3.6959598497116386
1925600,4.814730715185467
1926000,3.8274911791499266
1926400,1.9563509385334197
1926800,12.958137886411144
1927200,4.71145699334198
1927600,2.4949646201196796
1928000,1.9920543778048874
1928400,1.4815192077916022
1928800,2.426190024867698
1929200,3.245990778063188
1929600,2.8723805160796165
1930000,5.138741782978972
1930400,4.764297722039355
1930800,5.486677589196383
1931200,6.96073262311318
1931600,1.5592135209719076
1932000,1.1874955021789204
1932400,2.10469842043805
1932800,4.69471329858296
1933200,2.2789810373202237
1933600,2.85601284085356
1934000,3.094981378831295
1934400,2.5176176712834923
1934800,3.558952292609617
1935200,8.252092313514666
1935600,2.5557021554444277
1936000,2.2627708508175535
1936400,5.887593506870594
1936800,6.146160429232545
1937200,4.3880888189501155
1937600,3.238784987961781
1938000,4.89961874587827
1938400,1.6511562931300434
1938800,3.9623989193786757
1939200,4.548369035073147
1939600,3.635197462921133
1940000,6.005449728795893
1940400,2.0786432847893495
1940800,5.644818200582961
1941200,6.1488728026967605
1941600,1.8348688133698345
1942000,3.4799856609974795
1942400,1.924272562226268
1942800,3.261697803214051
1943200,2.2470522453487303
1943600,4.4402649252021265
1944000,3.0529729078719496
1944400,5.764586195152426
1944800,5.680047552237202
1945200,1.9756550991244022
1945600,2.2395379212405055
1946000,2.11186919569953
1946400,3.6318549412947054
1946800,2.067268910344185
1947200,4.555920366590164
1947600,4.294383492573931
1948000,1.6464689508576902
1948400,3.310715563649679
1948800,4.746786426784835
1949200,4.769862057715139
1949600,1.2261795737992949
1950000,4.954603496814466
1950400,4.25658721452728
1950800,3.0527732693988026
1951200,1.9741530805654737
1951600,3.5646494530486326
1952000,2.675127767114518
1952400,5.974551000863404
1952800,3.86467547456479
1953200,2.915047472946664
1953600,2.926253994235132
1954000,1.603220180054605
1954400,5.026377286785152
1954800,5.296376073302911
1955200,5.451610913473524
1955600,1.5654135818502928
1956000,3.931703153802439
1956400,7.934091937875514
1956800,4.2758462004506175
1957200,2.008909439418767
1957600,1.4705088009180727
1958000,5.390054693497527
1958400,5.179097318174561
1958800,4.264532863436749
1959200,3.141219894436902
1959600,2.0745429393873387
1960000,3.0576814191333996
1960400,1.2737383176240822
1960800,3.664656761808615
1961200,5.42821151463844
1961600,3.4411905830684972
1962000,4.517429408191274
1962400,1.3089110164120894
1962800,2.8090042654165597
1963200,4.3394143117078485
1963600,3.006859187516553
1964000,3.6977450850995357
1964400,2.955158069943757
1964800,6.040371053174447
1965200,9.056042392926956
1965600,5.06888124982744
1966000,3.1029733168043663
1966400,3.278477191475185
1966800,3.4608565025099853
1967200,8.801102990459977
1967600,4.704840241663719
1968000,3.958114731822687
1968400,5.320986504188136
1968800,2.144556992411027
1969200,2.529994335714052
1969600,3.5259581551118244
1970000,4.645349884145894
1970400,3.566759039514761
1970800,9.548721916045059
1971200,4.42973681687524
1971600,5.124404177594166
1972000,5.244901810348397
1972400,4.782001268451571
1972800,3.9449087149239874
1973200,8.670157357362017
1973600,1.759108210639908
1974000,3.5275673091033397
1974400,2.1108211481822203
1974800,1.3257123907942316
1975200,6.587419019468897
1975600,1.9956385785866764
1976000,5.383593034236368
1976400,1.0899145377060742
1976800,1.7128316968668622
1977200,2.508239507899357
1977600,3.835415066346892
1978000,1.2331154225163878
1978400,3.99798415716303
1978800,5.989225701538876
1979200,5.334136449416564
1979600,6.219885758543391
1980000,5.3788517647267495
1980400,1.6634770564472388
1980800,5.214234418341939
1981200,1.3400893486065721
1981600,1.8271171501741994
1982000,4.788052099576377
1982400,1.5349650249023454
1982800,1.7365700086405622
1983200,2.1727720790696554
1983600,2.9543596223135804
1984000,4.3537819622994505
1984400,2.9929440100361844
1984800,4.105497984104997
1985200,2.596073480083448
1985600,2.153975241731668
1986000,4.292766962333268
1986400,4.4575335911457215
1986800,3.933399944554321
1987200,3.079709250360019
1987600,1.5996272255023074
1988000,1.3981378796536086
1988400,6.057459644477257
1988800,3.2568620079703057
1989200,1.2167574239176717
1989600,1.6111620692755244
1990000,4.502370833064831
1990400,2.6427011683173465
1990800,6.093713287910126
1991200,4.695443317891006
1991600,2.1382965106129914
1992000,2.105132483115153
1992400,4.752118984706778
1992800,3.2841611856073722
1993200,5.231997521946596
1993600,2.733370575301002
1994000,1.4605177593129202
1994400,3.45866762143939
1994800,4.148896130615577
1995200,5.758880349351038
1995600,4.78301553933116
1996000,8.478432568891698
1996400,1.937389845841249
1996800,4.934865415794445
1997200,5.062952143457164
1997600,5.854708701847842
1998000,6.266484089036591
1998400,2.2687006604491597
1998800,6.057798692047094
1999200,2.427622787363658
1999600,4.028178013719212
2000000,1.801658753619453
2000400,6.003625407225707
2000800,3.8138962309774755
2001200,5.0965242032882765
2001600,5.925055789023608
2002000,1.858582773472629
2002400,3.669376520349219
2002800,5.060772643070294
2003200,2.1290204981636727
2003600,3.4621806978659886
2004000,1.8553924818946366
2004400,1.7475301754186237
2004800,4.076741449616145
2005200,3.5524983251864986
2005600,3.514954608349192
2006000,2.4614676962519906
2006400,5.556163530185042
2006800,4.378333100453295
2007200,3.7844531081558737
2007600,5.923438961787483
2008000,6.091199671931978
2008400,1.9903316692200668
2008800,5.444517442530582
2009200,3.4847375832958325
2009600,5.102458952929604
2010000,3.4043468662782925
2010400,4.895956599620432
2010800,4.4686978651650575
2011200,6.785587889115947
2011600,6.861565263713668
2012000,4.849767027226628
2012400,2.704329028866776
2012800,2.8234706513599175
2013200,13.727525802548792
2013600,3.2722702671079413
2014000,4.563704004206261
2014400,1.9439956199892077
2014800,3.9035734851785446
2015200,2.8115950748665126
2015600,9.923133828884358
2016000,4.996518046857006
2016400,4.603936893363415
2016800,4.036104059620466
2017200,2.74004053648213
2017600,6.021622164210609
2018000,4.800690808825575
2018400,5.258791543923568
2018800,8.691784380858005
2019200,3.8063240567711074
2019600,2.8706551940921297
2020000,3.396053517779376
2020400,3.49741375461107
2020800,2.7406264598651964
2021200,3.4907613974987677
2021600,3.2652953728480365
2022000,3.815448676120196
2022400,2.93641650057973
2022800,2.9818564674310655
2023200,4.488046554334143
2023600,1.405074854380814
2024000,2.96765066022547
2024400,2.6284131891484193
2024800,4.429960915559229
2025200,2.474819140588749
2025600,2.360198491408922
2026000,2.6240728326832503
2026400,4.047416721215092
2026800,5.140860990142496
2027200,1.8012527835422105
2027600,3.4847341581478117
2028000,3.5928190022660593
2028400,2.3232216528671166
2028800,3.77571346058754
2029200,3.710363141715486
2029600,3.7727474135105012
2030000,4.642878385729946
2030400,5.920265405487874
2030800,4.034819947055872
2031200,3.965669911527568
2031600,2.195450711403108
2032000,4.9449363097592975
2032400,1.508945811921333
2032800,4.2180872514109335
2033200,4.383409974288132
2033600,4.496546018496675
2034000,1.6708453057872565
2034400,13.790354114912732
2034800,1.7330307618874166
2035200,4.9814459299140665
2035600,22.728079096886542
2036000,5.130152807813161
2036400,4.623850780790859
2036800,13.644610648978636
2037200,2.968847669667055
2037600,3.898236880781001
2038000,5.510327718044049
2038400,12.066557977015119
2038800,5.723923431109469
2039200,3.6644075098791005
2039600,1.9674432108479596
2040000,4.1914613368294
2040400,1.6272192795604554
2040800,1.436385542363481
2041200,2.099300735382539
2041600,8.244288267758167
2042000,2.7146711432759862
2042400,4.902514531925387
2042800,3.4327278025025474
2043200,4.754288030986803
2043600,6.117180424342616
2044000,4.255411490097996
2044400,4.255267861951204
2044800,1.354826385993053
2045200,2.9900025343235286
2045600,4.448487498901105
2046000,10.306216365053137
2046400,4.735390096408607
2046800,5.494878196562158
2047200,4.550651180843427
2047600,3.0037124338019336
2048000,3.4944766786423322
2048400,6.067005096037032
2048800,4.9781859459323625
2049200,5.5026914812987116
2049600,15.343906692123001
2050000,2.6480857420833654
2050400,1.8118559037652955
2050800,8.668960352926264
2051200,1.4034846220383916
2051600,2.6463214814209843
2052000,2.5519997293194012
2052400,3.316448270978755
2052800,1.627287036278543
2053200,4.6802675267849105
2053600,5.648486153644886
2054000,2.0285543773516403
2054400,4.269667951916429
2054800,8.798348461627626
2055200,7.935471410890469
2055600,4.041639059143777
2056000,1.6477063979251674
2056400,3.2594776267874908
2056800,3.464819324395334
2057200,3.8985831526065975
2057600,2.9450705459636306
2058000,4.945888722519969
2058400,1.645377131901732
2058800,2.0123400289071123
2059200,5.066734592232583
2059600,1.528015941164471
2060000,4.002873564469913
2060400,5.235837883934535
2060800,4.845058031651704
2061200,4.097160744388259
2061600,1.5983406173260035
2062000,2.8285673253883354
2062400,1.2758459470971748
2062800,3.9652163538056624
2063200,1.3973484077859746
2063600,3.6349113275564515
2064000,5.167775858523251
2064400,1.4986177418037192
2064800,5.9099179277801746
2065200,3.197984363654225
2065600,1.8842049348640972
2066000,6.810012606372609
2066400,5.967270090093668
2066800,6.799498233203425
2067200,2.4878446243173804
2067600,4.160976608532717
2068000,2.4096004216091007
2068400,4.128777651943911
2068800,7.990042892783013
2069200,2.6796545191934458
2069600,5.6484894775504655
2070000,5.548399538424971
2070400,2.0406075353350484
2070800,1.905553007165425
2071200,3.301574127077755
2071600,4.39960589193433
2072000,4.356010043460337
2072400,4.871036029305928
2072800,2.237406448743451
2073200,2.0790202037238976
2073600,3.37446040868821
2074000,4.357446448979059
2074400,4.240983240433916
2074800,2.7430818918181012
2075200,2.6369243083226417
2075600,3.5088396400907116
2076000,1.7708213322094968
2076400,5.062308478866723
2076800,5.999561523728338
2077200,5.70847668620238
2077600,1.4314471449023958
2078000,4.208955130126029
2078400,2.1985441726034582
2078800,3.9400514512432734
2079200,6.505822509654135
2079600,2.226970313553529
2080000,1.1967602390692424
2080400,5.805140018481968
2080800,2.233898321000733
2081200,1.8930503741827789
2081600,2.4842962241828004
2082000,3.934307788556537
2082400,2.3523615204126016
2082800,4.413500461374777
2083200,9.420395470669371
2083600,2.9867523592079017
2084000,4.207043588546643
2084400,12.386387521156218
2084800,2.0640908435573686
2085200,2.551729903740702
2085600,2.1910883824261504
2086000,383.5680693464187
2086400,3.9892003123675046
2086800,3.1079642113699677
2087200,5.773722589890391
2087600,4.11172648171206
2088000,1.8237072047879415
2088400,4.502188935787409
2088800,4.552396052738295
2089200,2.9438016931203648
2089600,3.1132193752821045
2090000,3.3591202498012507
2090400,2.846966890229514
2090800,6.686796544515966
2091200,3.537119564850681
2091600,7.179956455359639
2092000,4.463387805146638
2092400,1.7357249146451539
2092800,6.246556472156786
2093200,4.238111392489545
2093600,1.7316879740730404
2094000,2.5253363019044746
2094400,3.6975774247694155
2094800,4.051662126238212
2095200,5.795986395354835
2095600,2.693684257842292
2096000,4.082851277212597
2096400,5.680312449242698
2096800,2.0438788214912917
2097200,2.474160212285833
2097600,3.5367954835702213
2098000,1.4078756155921452
2098400,4.296320277933301
2098800,5.166337248877489
2099200,6.425033028796914
2099600,5.488552384718323
2100000,4.434983719421001
2100400,2.973835915050376
2100800,3.044449674757978
2101200,3.195887569788196
2101600,1.920366713055476
2102000,4.96224643234563
2102400,7.183778912599455
2102800,5.46925306229327
2103200,4.055652532216856
2103600,5.579136031207357
2104000,7.816986350010835
2104400,4.723612597410688
2104800,1.5466124428129915
2105200,3.756134748830757
2105600,1.7882373156089622
2106000,9.23522505912813
2106400,2.1966690368124433
2106800,4.588573335231744
2107200,2.1688151384080596
2107600,1.2546255811240972
2108000,4.551262995035369
2108400,4.043377368941585
2108800,2.5978278111638207
2109200,6.179670867393761
2109600,5.19508956503812
2110000,2.0022211995078547
2110400,3.263226465973051
2110800,3.114334375275604
2111200,5.658499768710945
2111600,4.057948245865087
2112000,2.79686765591876
2112400,3.683787463247098
2112800,1.5549802493401195
2113200,6.182423681362509
2113600,3.1454519513280044
2114000,2.441433516019707
2114400,4.415690873579266
2114800,4.875612304305003
2115200,5.6202647260736756
2115600,1.4321296121869493
2116000,1.0790668954819298
2116400,4.151371964281809
2116800,4.4098015561624075
2117200,5.389631308909129
2117600,5.825459553048431
2118000,2.9148961510428633
2118400,3.0430441738996308
2118800,8.279821912117907
2119200,5.548509229362662
2119600,6.122527603330175
2120000,4.219351097314861
2120400,4.986518740863862
2120800,2.2450469676228364
2121200,2.888289070845435
2121600,3.795212540325669
2122000,4.080433318772044
2122400,4.778223006842873
2122800,3.917906490745351
2123200,6.023853627018408
2123600,3.28263140755111
2124000,4.416035100428889
2124400,1.1809819750199189
2124800,2.486070146886285
2125200,4.549972246329342
2125600,5.6025658524664435
2126000,5.2775242598244985
2126400,12.385146964628722
2126800,3.8341439500756898
2127200,3.98249462826855
2127600,5.657436944197574
2128000,4.002957887799783
2128400,18.158999403758447
2128800,4.8016333552987005
2129200,3.8733392853800135
2129600,3.779949840754649
2130000,1.7054713629571643
2130400,2.534071519942192
2130800,5.115957836548624
2131200,6.018775471339088
2131600,4.472415160140104
2132000,3.1122356920021814
2132400,1.9064277991350023
2132800,3.789205744382867
2133200,3.0594608864981647
2133600,2.398356642202107
2134000,2.1489124535841593
2134400,4.233183421548668
2134800,2.4820579046933813
2135200,2.1393320106254077
2135600,5.959878854556369
2136000,1.8796360278263553
2136400,4.233909147339119
2136800,1.3546134209672394
2137200,1.5993128828260978
2137600,3.458911967040591
2138000,5.561643543281556
2138400,2.5945021851646413
2138800,4.709231613196927
2139200,4.304410165883679
2139600,3.5674933300371596
2140000,5.286455760445923
2140400,1.7227893125436706
2140800,2.9682819803667377
2141200,3.850164187793756
2141600,1.902916962133302
2142000,3.646356341612563
2142400,5.57892447943209
2142800,5.49380715540822
2143200,4.034602306454693
2143600,5.932112703266155
2144000,2.1107488445085156
2144400,5.5253405024637585
2144800,5.157199508527819
2145200,2.4780747332906485
2145600,3.3918126290911133
2146000,5.2500922012936355
2146400,1.8364705802378467
2146800,5.966657170819702
2147200,3.9805065472234067
2147600,3.2853793600073553
2148000,3.4193229033348107
2148400,3.648033711822416
2148800,2.8705520412071297
2149200,6.617349711280566
2149600,5.129731932240083
2150000,10.205029333257835
2150400,3.8875264626771915
2150800,5.068966017257267
2151200,4.750749876050893
2151600,3.7794572099942068
2152000,8.372919099327062
2152400,3.678127469629438
2152800,4.632333827676277
2153200,4.121844755472081
2153600,1.4556036719142165
2154000,4.776583992980473
2154400,4.557439925537748
2154800,2.3486594353986194
2155200,2.005456576568949
2155600,2.1189382717512237
2156000,0.727273820154814
2156400,2.1648873964416704
2156800,4.459022311557447
2157200,3.2761018174821563
2157600,6.258366918320748
2158000,3.6690221942286168
2158400,1.7525813477314616
2158800,1.5048894453901174
2159200,1.8212258178255276
2159600,2.398141818033051
2160000,2.92524306626747
2160400,4.890421498760104
2160800,1.4204586968178121
2161200,3.6174270248027818
2161600,3.945281966837421
2162000,4.107281443608799
2162400,3.94423502351325
2162800,6.0793225205663175
2163200,1.487485699155077
2163600,3.1811674947098263
2164000,4.7794693984474685
2164400,2.3045672883455897
2164800,5.208459258064882
2165200,3.0152034095200393
2165600,5.130902939398094
2166000,2.698700092033381
2166400,3.776729207541457
2166800,4.117872929920739
2167200,5.384813059187347
2167600,3.426658491735313
2168000,3.2250100348521555
2168400,2.507478383126081
2168800,4.080115581156634
2169200,5.765918277663636
2169600,6.177415539239186
2170000,2.924239599566643
2170400,4.795493558928912
2170800,2.23806780942505
2171200,3.8927367210492188
2171600,5.588923080994912
2172000,1.5840833783753372
2172400,2.145903670416764
2172800,4.509466190814763
2173200,2.520781362570787
2173600,4.981323592492584
2174000,4.3832694937754475
2174400,4.485805622470668
2174800,4.132285412801226
2175200,5.684342323260156
2175600,4.987225495409284
2176000,5.714864382291289
2176400,12.277445018837266
2176800,4.691604103364326
2177200,2.0680328050354713
2177600,2.635742990676709
2178000,6.570753712507261
2178400,3.9515023823785187
2178800,1.8309545098531113
2179200,2.4520237384507064
2179600,0.9262096215642425
2180000,7.433501208199892
2180400,3.836009565892146
2180800,2.9545411864307805
2181200,3.794326386087959
2181600,4.133816696979686
2182000,12.504216701252252
2182400,5.944033072885581
2182800,8.160310227265057
2183200,5.43687642526169
2183600,5.332520115207194
2184000,5.326737247738575
2184400,1.453852024272138
2184800,5.322073413938082
2185200,1.5615367820671553
2185600,5.507430710136243
2186000,1.5990648221292323
2186400,2.253390484896997
2186800,5.072363388896568
2187200,1.622364266535293
2187600,2.1999776720818756
2188000,4.232295154970062
2188400,4.2652703733121315
2188800,5.452963044089827
2189200,1.2776832798988005
2189600,3.8100328243381028
2190000,5.058361508364533
2190400,1.6948406115084855
2190800,3.86763117275487
2191200,1.41788746348719
2191600,4.6486869713130075
2192000,5.086628328972643
2192400,3.8544459197551433
2192800,13.798174428763701
2193200,2.359335431619229
2193600,5.270065766786296
2194000,5.692000588479712
2194400,1.8872156483706506
2194800,3.20559543918714
2195200,3.851355200390109
2195600,1.7418482705201987
2196000,3.3166402037686447
2196400,4.462422660247231
2196800,5.36106565291453
2197200,3.531386998441525
2197600,5.290188317687243
2198000,5.837089818434561
2198400,1.3707956005492001
2198800,3.493906292095156
2199200,4.353933483431067
2199600,2.083392987139807
2200000,3.3933797059298834
2200400,3.0922417472538117
2200800,1.7713805407050325
2201200,2.820053069419532
2201600,5.594876494406317
2202000,4.615209719726701
2202400,4.510656923611536
2202800,1.8107447224655506
2203200,3.754593264451437
2203600,1.8767853246269637
2204000,1.662055085830777
2204400,1.6304376524937392
2204800,3.923853182850015
2205200,2.0089540654818188
2205600,2.8989235916056404
2206000,1.6930761345332541
2206400,1.6154780790041496
2206800,6.473446226599567
2207200,5.510686617017371
2207600,2.2768024858516704
2208000,3.3884619407869834
2208400,4.63748281857132
2208800,1.5188628620529718
2209200,2.1747750129485492
2209600,2.0472619518046935
2210000,4.597563758040066
2210400,5.432012084001946
2210800,2.340439309488413
2211200,4.530335826013842
2211600,4.636534950139657
2212000,1.870381120000614
2212400,3.6774722595446803
2212800,3.1489178453163533
2213200,3.4864961530712413
2213600,1.9603859447220002
2214000,6.167540937714049
2214400,5.773900657806166
2214800,1.9054350097226596
2215200,5.946106473092637
2215600,5.847635313531709
2216000,4.07764647484842
2216400,5.107311718252003
2216800,3.556856390765214
2217200,2.0075334816046806
2217600,5.83777486958358
2218000,2.0184510221121084
2218400,4.218431687905826
2218800,1.949655552711307
2219200,4.095123630357581
2219600,3.2751159394195177
2220000,2.15848371879728
2220400,9.47958002602254
2220800,1.6613266476312936
2221200,3.170572684746251
2221600,2.899752743711503
2222000,6.255852412259489
2222400,2.5557411056167942
2222800,3.642295092915406
2223200,2.5339491281823965
2223600,3.5136129121908493
2224000,2.303615628952555
2224400,2.195697748416602
2224800,4.9590669326810115
2225200,3.307055832803238
2225600,2.9135852586790394
2226000,1.13300567874726
2226400,4.334141969266246
2226800,6.1614779492753025
2227200,1.786751720870147
2227600,3.558610705593309
2228000,5.056728750284831
2228400,1.5221977738047154
2228800,4.635690517934812
2229200,2.005617450224551
2229600,1.4217136702341855
2230000,2.943266350327476
2230400,2.8709595053253096
2230800,5.080190838114913
2231200,1.5737350213093004
2231600,1.9377770181093272
2232000,1.731997102650345
2232400,4.313644510431383
2232800,4.102609598002695
2233200,2.0264868026116094
2233600,1.3301998571110176
2234000,1.618136528128964
2234400,1.7138422001646512
2234800,2.8865134292682817
2235200,5.12811185346287
2235600,1.325589627901298
2236000,2.5234872690150474
2236400,4.993609571404698
2236800,1.0586073516497134
2237200,5.215803735877383
2237600,0.9118064266269696
2238000,1.5484686373617647
2238400,4.936293164711683
2238800,1.9187435535936908
2239200,2.4087161704077165
2239600,2.6432117103164403
2240000,6.4761196294597685
2240400,3.964029177967086
2240800,6.286101799329229
2241200,4.881271004827921
2241600,5.284087265366837
2242000,5.015772179469924
2242400,3.1144365032466697
2242800,1.2839850308242282
2243200,1.8111507819821597
2243600,5.760611833862718
2244000,4.612391492245649
2244400,5.879594728806024
2244800,5.507914312403962
2245200,9.681633870499068
2245600,3.1389820093322274
2246000,1.5046125732346223
2246400,6.184065541780084
2246800,4.40723034143344
2247200,1.0216294087758153
2247600,1.9315593519469327
2248000,3.7002931184453662
2248400,1.6919990886911533
2248800,1.2565079845546867
2249200,5.1020821234583975
2249600,2.464976257741825
2250000,4.909278577089564
2250400,1.905724931234536
2250800,8.753335600140007
2251200,6.364451145698523
2251600,2.3134192547928323
2252000,8.547332009219577
2252400,4.266817053352112
2252800,2.272773709159807
2253200,1.2849469921978376
2253600,4.067106313022418
2254000,1.1580465336511028
2254400,5.284232583687429
2254800,3.6218850275515337
2255200,5.816010847611936
2255600,1.4473972395022694
2256000,5.5392988650804815
2256400,1.9169949201312846
2256800,4.741347356820574
2257200,1.4906902814996668
2257600,2.940858701627256
2258000,1.909095676410549
2258400,3.332522858627983
2258800,3.7443713789468673
2259200,6.708899313048757
2259600,1.4352209169360721
2260000,4.0749875814898635
2260400,5.61981454219038
2260800,4.791324537474599
2261200,1.7648074587865688
2261600,6.9797417945313835
2262000,5.288000083745685
2262400,4.405012498152687
2262800,3.2827451125984997
2263200,1.8507282627438455
2263600,6.286795780651224
2264000,1.0999937751976325
2264400,3.4768121341873575
2264800,1.039120303933118
2265200,5.047377696946188
2265600,10.571002535252752
2266000,2.8768516843023524
2266400,5.528884776529295
2266800,3.751639915787838
2267200,2.2217428139031257
2267600,2.3799464156490764
2268000,6.351754467297242
2268400,8.252962343881086
2268800,6.312588418862593
2269200,1.7105200838650414
2269600,4.469353811580546
2270000,4.882645712695176
2270400,1.7551225104605443
2270800,17.13405668176093
2271200,5.8656112126914195
2271600,4.437974418054906
2272000,4.837924513920471
2272400,2.9059740220095316
2272800,5.584278782892713
2273200,2.5526732146577547
2273600,2.3736483954503695
2274000,2.4936273093543915
2274400,2.741670262147681
2274800,3.883627201065155
2275200,5.26809408245242
2275600,3.544502550938352
2276000,2.469599449413723
2276400,1.7870760874258365
2276800,4.804404256562228
2277200,5.206734320882184
2277600,2.0180405495148426
2278000,2.8396388627439415
2278400,5.6005842186766746
2278800,2.915861559127787
2279200,3.0845137863726264
2279600,1.3183510727163574
2280000,3.9956204868141265
2280400,2.9076606281473425
2280800,4.866977502420403
2281200,4.6506757487147325
2281600,1.1592290719071763
2282000,11.759364171628516
2282400,1.5604486077082935
2282800,5.0317954037601185
2283200,2.857739744274947
2283600,1.4619575865542656
2284000,6.057177638167561
2284400,2.2164910050539666
2284800,2.2378760385665477
2285200,7.182432872187543
2285600,1.9939943118324535
2286000,2.0953649377384376
2286400,3.485551111060379
2286800,5.592871302115028
2287200,5.279065472791732
2287600,2.0170900000963328
2288000,12.130343205994773
2288400,2.508302180493576
2288800,1.5777235963446268
2289200,1.981834566051831
2289600,4.420846223724166
2290000,3.44162187826282
2290400,6.1031894277561065
2290800,2.6302478837671748
2291200,1.4925505910392163
2291600,2.920822109088062
2292000,4.506872065339193
2292400,7.8090452477685925
2292800,3.4720094251719344
2293200,2.1547054893251594
2293600,5.213386109654231
2294000,5.182257239631734
2294400,3.400228724617521
2294800,4.702724929117097
2295200,5.35249900582561
2295600,10.152981745507388
2296000,2.4332751163217416
2296400,5.814869170280588
2296800,2.143388018023597
2297200,4.403355747300974
2297600,3.0140770127864034
2298000,2.3622190908788574
2298400,2.40482355254701
2298800,5.556031764125982
2299200,6.162432158011153
2299600,2.9658797606551013
2300000,1.7559313208302996
2300400,4.846732509756385
2300800,1.2266755908174654
2301200,3.2520676459123488
2301600,4.650099232502152
2302000,4.688803121787455
2302400,4.777401036613631
2302800,2.614894029773222
2303200,2.4505289531297936
2303600,3.0104518643796516
2304000,4.8506539716906865
2304400,2.8604797244069498
2304800,4.856507420811757
2305200,3.591195582576565
2305600,2.0664374029178414
2306000,2.2169189372317986
2306400,2.4088381757305215
2306800,4.470568961719832
2307200,2.8016593147307574
2307600,4.905013530958232
2308000,6.643734918830867
2308400,4.405848741517798
2308800,3.1363583817264757
2309200,3.618117819044619
2309600,5.997050873070988
2310000,4.7936127850825745
2310400,1.9970719679404816
2310800,4.628151879234528
2311200,1.3437375763098411
2311600,3.970440324235634
2312000,3.3522509987456535
2312400,0.9359481821682045
2312800,3.931026215219017
2313200,5.957388244168046
2313600,4.50371336735265
2314000,3.022711359465722
2314400,2.0939394457205354
2314800,2.0206639978672403
2315200,6.7554111832087465
2315600,4.794850255787563
2316000,0.8956932155042747
2316400,5.415550351016985
2316800,3.182229992142184
2317200,3.7384181437037
2317600,3.77207934333638
2318000,2.0765677805710814
2318400,5.106526999674698
2318800,3.58106667524693
2319200,23.70800924802558
2319600,2.7149613419986336
2320000,2.620249373461413
2320400,6.660297859145174
2320800,2.741749335839176
2321200,1.9954108768408763
2321600,3.7050811473242438
2322000,2.2892641190667904
2322400,4.613986425428276
2322800,2.5421773321095875
2323200,2.4823184455840224
2323600,1.9673786085836749
2324000,4.233326681398178
2324400,5.091315119700325
2324800,4.048760216649467
2325200,3.9719658238769515
2325600,4.163032187511148
2326000,14.595578006864967
2326400,4.538890172879064
2326800,4.165745757073671
2327200,1.8397534179997899
2327600,4.795851639509137
2328000,4.85324312717294
2328400,4.709417996624492
2328800,5.576205191104905
2329200,3.0667375979774825
2329600,6.872174355508936
2330000,4.747751942259015
2330400,165.50718223510324
2330800,4.209970340598754
2331200,4.844149747339036
2331600,4.861345617528651
2332000,3.5958178728150414
2332400,3.732967128489445
2332800,3.141105200114171
2333200,1.5643467551198185
2333600,4.902472897785986
2334000,5.4452307236064215
2334400,5.38195501089641
2334800,2.732808363235214
2335200,14.389794882794472
2335600,2.3806574759476464
2336000,4.422316128845889
2336400,4.495053641385669
2336800,5.62865339769297
2337200,1.9984269857383579
2337600,4.307985656340336
2338000,2.8648154448093353
2338400,1.980986912583616
2338800,3.166031102233753
2339200,4.686055326397541
2339600,3.9336474808504818
2340000,2.2664510169565784
2340400,2.5815462221243233
2340800,5.736984410154329
2341200,9.101044245105461
2341600,2.7767370839967964
2342000,4.762913966259795
2342400,5.192332903170346
2342800,9.171382782275149
2343200,2.8864810182895724
2343600,7.204694093746357
2344000,5.425255266961299
2344400,2.368929772317381
2344800,1.1701561765528843
2345200,5.219636971864961
2345600,4.64764597709974
2346000,4.971133097187003
2346400,2.433704352410008
2346800,4.3665660158142146
2347200,6.089722569670707
2347600,3.5711676853233216
2348000,4.4977059147465726
2348400,6.7688977094809255
2348800,2.494362695881648
2349200,6.529073135186693
2349600,6.225679454093507
2350000,3.932849517465033
2350400,11.698275528010894
2350800,5.768125900002959
2351200,6.12511340133675
2351600,4.99702796440893
2352000,5.68377476596991
2352400,2.491874658036324
2352800,3.0333556155857666
2353200,1.9379946640593588
2353600,1.2404677150610937
2354000,5.770306908365419
2354400,1.540250629597418
2354800,7.933281195493091
2355200,5.552830009420301
2355600,4.578453905159926
2356000,2.1462125002151287
2356400,5.715885473024842
2356800,5.928537530779224
2357200,2.3370501339888365
2357600,3.1905997489683617
2358000,12.676008417367349
2358400,3.4707285828932615
2358800,8.483227419576435
2359200,1.4549446412337819
2359600,1.5340643778471972
2360000,3.2570060693952207
2360400,1.428593385760284
2360800,1.2024718156587275
2361200,3.8904589268293077
2361600,1.2148888751514537
2362000,5.883768237104427
2362400,4.851595455558038
2362800,1.6509593297597749
2363200,10.045551532034763
2363600,4.229623195972999
2364000,3.6138598479440023
2364400,5.172794916844459
2364800,3.4566770540770677
2365200,1.7529795181013097
2365600,2.5671009739356756
2366000,10.367418457513086
2366400,3.3831827222697997
2366800,15.819699092807415
2367200,5.076466742850705
2367600,3.5416374937416504
2368000,3.8095233570424893
2368400,8.78957317248348
2368800,4.436713157255096
2369200,5.739968664093892
2369600,4.321735001514362
2370000,6.366707565007367
2370400,4.766172513981007
2370800,9.439361426830889
2371200,3.0542160372652494
2371600,5.660044691167023
2372000,5.1126189154803106
2372400,6.58042768269928
2372800,1.989976469590508
2373200,1.6078088997177427
2373600,5.591886881248117
2374000,1.6161589800913836
2374400,4.0904297997138075
2374800,1.5150765241984756
2375200,2.7915802858497227
2375600,1.7218468192053487
2376000,2.224730734564773
2376400,2.7287129202286193
2376800,2.6516881558755556
2377200,2.3242057829171356
2377600,1.6279829804952601
2378000,1.5223823645718952
2378400,15.16885498226347
2378800,4.585433077831863
2379200,10.006795897757392
2379600,5.884478031231234
2380000,2.992318044137734
2380400,2.7274632370147436
2380800,2.2159810108141196
2381200,6.186457025347357
2381600,1.9292923924773935
2382000,3.279006594286952
2382400,5.873125730292408
2382800,1.667808423693515
2383200,5.31488201564613
2383600,5.0420296190910046
2384000,3.9884570889323454
2384400,5.098055312459445
2384800,5.113356085114055
2385200,1.048880689997038
2385600,4.445843282775525
2386000,5.19917624558846
2386400,4.9150427259713325
2386800,6.0099440296577775
2387200,5.975740366596239
2387600,4.397028446902417
2388000,1.625109525841111
2388400,3.5455106986945237
2388800,9.36414521419487
2389200,3.683479936260151
2389600,2.887740389487792
2390000,2.0962333751176287
2390400,5.700880142178194
2390800,2.9389528482480674
2391200,6.009856436527629
2391600,3.2708162096117306
2392000,0.9766518756548789
2392400,6.096738483364967
2392800,10.533474612608718
2393200,0.8236769420991055
2393600,1.511821480299965
2394000,2.0408083241028536
2394400,3.387970365761079
2394800,3.4024309162158897
2395200,5.828013221333228
2395600,4.75740758013805
2396000,2.6020087320188083
2396400,3.5955928291928414
2396800,6.01710774688074
2397200,2.9572631755691217
2397600,5.475691566279481
2398000,5.2401523797483245
2398400,3.07055161511895
2398800,4.07174105277185
2399200,2.8905267432281345
2399600,2.8065707835711846
2400000,6.127850225066769
2400400,2.2218675190332733
2400800,2.5556744357382852
2401200,5.0187049983209135
2401600,4.741501186689702
2402000,16.166834372780475
2402400,4.0635821409735255
2402800,2.7627606309775827
2403200,2.010114704133107
2403600,4.84367986970914
2404000,3.0633025690451072
2404400,4.186267380280922
2404800,6.1579009565919485
2405200,5.355111902368591
2405600,5.385331682002509
2406000,3.372573198277421
2406400,10.327632494987272
2406800,6.7160204508002375
2407200,4.883287688970555
2407600,4.402483567183963
2408000,4.370743646805857
2408400,4.337250864441176
2408800,3.2356124241169506
2409200,2.4211915271949884
2409600,3.3983656240626545
2410000,4.025629668165696
2410400,3.5707166282388196
2410800,3.994292721983764
2411200,2.7885886653515355
2411600,6.474463459436069
2412000,3.5459893728923353
2412400,5.034228122377029
2412800,3.338192899831916
2413200,5.395022596009337
2413600,5.1329906827052
2414000,3.8964607174824644
2414400,2.1506088515048636
2414800,3.857014244387736
2415200,2.3300179524373172
2415600,3.8657563027430077
2416000,8.654148392784908
2416400,6.619466620116229
2416800,3.120572131551102
2417200,6.0310638677365604
2417600,2.1642299413637263
2418000,5.607318623895651
2418400,2.9573034386991464
2418800,4.436928008040649
2419200,4.053954075451751
2419600,6.271216072157265
2420000,6.596920384107492
2420400,2.454909655997648
2420800,2.608201053983792
2421200,4.760219489753721
2421600,6.403339650595837
2422000,7.918807800587341
2422400,5.5890606401237966
2422800,5.9098918412212935
2423200,4.015931215944677
2423600,2.0709534794350457
2424000,2.5262885374498656
2424400,1.5204662158047981
2424800,7.3321232218714
2425200,6.197816905752814
2425600,0.9963751824540804
2426000,4.739449066294486
2426400,4.647258107944478
2426800,5.169269452609041
2427200,4.595796949536131
2427600,3.809869036763654
2428000,1.4530819118092766
2428400,6.495449452021321
2428800,3.2625147817139184
2429200,2.702683583363786
2429600,3.5629537232885453
2430000,3.645199697011935
2430400,1.2866845503748325
2430800,12.525998148328688
2431200,2.5691011875772674
2431600,9.017984670148353
2432000,3.535380163552767
2432400,3.052459853164805
2432800,2.9602458931484663
2433200,3.9152553883720347
2433600,5.533946775361808
2434000,2.835060429416907
2434400,3.7999103895348623
2434800,3.1684811964993345
2435200,1.8958693948341367
2435600,4.433507045618112
2436000,2.594882883397546
2436400,1.9857806877206363
2436800,3.6070963527583872
2437200,2.3875049108110478
2437600,5.8006022805573325
2438000,25.205240360790082
2438400,2.116707070810843
2438800,4.828402520594729
2439200,3.807535682769065
2439600,6.711925148080955
2440000,3.3401130611460674
2440400,5.624660548554526
2440800,2.9971026718893325
2441200,4.9588952519565845
2441600,3.198528343953967
2442000,1.2072176900169886
2442400,5.832612646107769
2442800,3.8426885510267277
2443200,5.623753590177205
2443600,2.4367086081180402
2444000,3.937918794902371
2444400,18.539920309005513
2444800,39.12464175162682
2445200,2.4689479841008644
2445600,1.7632615869920552
2446000,4.642048692156914
2446400,3.912358400405088
2446800,3.953499191007907
2447200,2.219074401720505
2447600,2.99211410400222
2448000,5.1120785409308045
2448400,5.601723657944675
2448800,7.291294225183509
2449200,2.914046616999208
2449600,6.121056707726018
2450000,4.564058087059715
2450400,3.711585709910613
2450800,5.203106330701786
2451200,2.7380325397499576
2451600,14.968641974775819
2452000,5.961314531429366
2452400,4.767661549335243
2452800,3.268513215953895
2453200,2.4658826662784854
2453600,5.529128635653629
2454000,2.146766776895588
2454400,3.074493465385972
2454800,2.821686953121348
2455200,4.17099888953811
2455600,3.8076947926898974
2456000,5.875203003574189
2456400,6.580206751134153
2456800,5.149900677893531
2457200,4.000402900333574
2457600,2.013976088575543
2458000,2.532102430572168
2458400,4.354065740413394
2458800,6.337409848357837
2459200,4.055105818182315
2459600,4.014821075914562
2460000,4.017943951809532
2460400,4.681501004412369
2460800,4.24190543240021
2461200,4.999058245301315
2461600,2.0983952933855785
2462000,6.588226752333946
2462400,2.1089219866841944
2462800,1.0941744054409714
2463200,6.641377222150729
2463600,3.97743744501579
2464000,3.5893097341497344
2464400,3.232206436504373
2464800,2.873342280189265
2465200,4.14128233552736
2465600,4.605364410579933
2466000,6.4353616315459234
2466400,6.38309855086098
2466800,11.522539917833974
2467200,6.479433642039964
2467600,10.311228525936857
2468000,4.8517549892430205
2468400,4.319154583647334
2468800,5.869629754857255
2469200,5.069966135292643
2469600,2.4035369037160366
2470000,3.868946179639846
2470400,6.033441762247642
2470800,2.4923999333541667
2471200,2.821943788071732
2471600,1.9840430963984523
2472000,3.3171085983038733
2472400,2.8880161043185177
2472800,6.04666802537775
2473200,3.258669774864375
2473600,5.1947685234986025
2474000,2.3966065153229517
2474400,3.697797200526753
2474800,3.0317786017685564
2475200,5.829173009932327
2475600,4.313672292909119
2476000,5.601149196613768
2476400,3.0622137525631623
2476800,1.6029501017474876
2477200,7.9923638851098575
2477600,5.097526406796965
2478000,2.5991970489162313
2478400,10.069533854171794
2478800,1.9940865121038136
2479200,17.965424851319877
2479600,6.08178118241525
2480000,31.402893483163478
2480400,6.090594857728645
2480800,6.476267531018939
2481200,3.2257395463690495
2481600,2.4215961437434683
2482000,6.513602236135767
2482400,2.4519307618246082
2482800,5.773768263532286
2483200,5.501224857882267
2483600,5.776277878283674
2484000,4.643212843755636
2484400,6.140348424704007
2484800,4.210745950422586
2485200,6.052905844059169
2485600,5.942465514023982
2486000,10.296888646173437
2486400,4.269640481853402
2486800,2.4599909450584736
2487200,2.13963635373198
2487600,6.2798631292650215
2488000,2.1240113139968444
2488400,1.8252974944266356
2488800,6.4723360124170455
2489200,2.058424885820867
2489600,2.2796437886508483
2490000,2.331751150894898
2490400,1.8098470508992797
2490800,5.533822728013403
2491200,2.767049173003467
2491600,2.011015045416477
2492000,5.595329230097399
2492400,4.16028338237038
2492800,5.135819675183099
2493200,4.06782782017614
2493600,0.9261274378624837
2494000,2.0799868937550583
2494400,5.626821604422227
2494800,4.975454137692409
2495200,2.3406162448872423
2495600,3.6785166707193464
2496000,6.005399971132395
2496400,5.164021694081592
2496800,3.6053991802122876
2497200,3.6950205142222177
2497600,3.4977814111115433
2498000,3.203032130985229
2498400,3.0615304863429533
2498800,5.954873104267937
2499200,2.152946204788585
2499600,1.4358685688007868
2500000,4.900044516515035
2500400,1.393814260654754
2500800,5.575363239184872
2501200,5.41644597057405
2501600,2.4266910531916617
2502000,2.2189450500283963
2502400,2.960976877950926
2502800,2.6318811080217404
2503200,2.9155629216682644
2503600,5.087465010583165
2504000,5.25134959072423
2504400,3.4542133907335
2504800,3.29473294092067
2505200,3.076852378211984
2505600,1.7404073863846
2506000,2.527973801966816
2506400,1.9461170833893702
2506800,3.5462573807568316
2507200,5.720175715783106
2507600,4.883281995198095
2508000,1.3285006576501692
2508400,5.212335569352148
2508800,5.849564842738582
2509200,2.8925064438592476
2509600,3.437204222369233
2510000,3.2949182416388707
2510400,2.80685287926248
2510800,1.4879081012646598
2511200,5.365552340269126
2511600,1.4685551610465513
2512000,3.7070232262979497
2512400,3.881083400644566
2512800,1.9443249964899083
2513200,7.342384007186721
2513600,2.2767564043931228
2514000,4.764015174751231
2514400,5.036955315614837
2514800,3.1897245782662025
2515200,4.9774203102122
2515600,5.997314578250912
2516000,5.974876743758709
2516400,5.473826667717696
2516800,7.4368916554979
2517200,1.4207064618053786
2517600,4.611088477461907
2518000,6.772554863126994
2518400,2.160697752768677
2518800,1.3422393067322296
2519200,2.9759024635705082
2519600,2.7638447326030313
2520000,6.156164201723613
2520400,1.6878910230983688
2520800,2.4420625316355413
2521200,3.6884649442520963
2521600,5.190842526992673
2522000,3.711484815239612
2522400,1.8592741578519023
2522800,5.361113634643579
2523200,2.200634837345078
2523600,5.74251572121497
2524000,1.3890505331476473
2524400,3.0231230158043316
2524800,3.8311705220530117
2525200,2.229649344293449
2525600,3.17379588014481
2526000,3.555940743979139
2526400,5.598865374462065
2526800,2.835779433706263
2527200,4.825440460394751
2527600,1.9387918760954281
2528000,1.3320286657129867
2528400,4.877156140725016
2528800,1.6403830461961693
2529200,5.667272213725085
2529600,1.1038611896432329
2530000,5.92089637748533
2530400,1.5349302837338723
2530800,4.399543289467241
2531200,3.1761510269019673
2531600,6.71537954950583
2532000,4.152986245208684
2532400,2.4165906570334914
2532800,1.6101260443780063
2533200,4.705267151169004
2533600,3.2883199498310294
2534000,2.6329046507211102
2534400,2.9573238167024223
2534800,2.0554254296950414
2535200,2.336781874402356
2535600,1.9639842718289688
2536000,4.826452713831037
2536400,1.4916475102523912
2536800,5.1623252676258815
2537200,1.603868062944387
2537600,1.386962180726903
2538000,2.652659291489975
2538400,4.627295026438336
2538800,1.6448652550331357
2539200,5.982810051941931
2539600,4.070167102642676
2540000,3.048953704625719
2540400,4.298055039541869
2540800,4.018682731743182
2541200,3.1497759565046057
2541600,2.8731085790148576
2542000,3.6033243303126268
2542400,2.885744213531234
2542800,5.432509089795931
2543200,4.345860187267142
2543600,6.744511670811757
2544000,1.3388742123930546
2544400,4.939338675478935
2544800,3.6975257969065525
2545200,3.51179658971176
2545600,4.2311822531623875
2546000,12.151388054651628
2546400,4.712774817485014
2546800,4.276839197642898
2547200,3.714372854178149
2547600,5.571746843297597
2548000,5.228191234654252
2548400,1.4774964708156668
2548800,5.299040311023217
2549200,2.049738299806874
2549600,5.6690941495926355
2550000,5.363683823611334
2550400,3.850458556036064
2550800,1.9561365026605515
2551200,5.855462138286564
2551600,3.2969349585192087
2552000,4.291789376767694
2552400,1.684553240959937
2552800,1.5695054931603618
2553200,4.374683374142715
2553600,5.465131468854438
2554000,5.3790851121449474
2554400,2.9586916058369916
2554800,3.077427484973535
2555200,4.65293756281518
2555600,1.3795395186059534
2556000,2.185177765409147
2556400,2.5647311512021673
2556800,1.4504467929280218
2557200,5.3595941598697845
2557600,1.313507337048954
2558000,5.885574738726941
2558400,2.0432709123576607
2558800,4.887532457686007
2559200,6.20597548094292
2559600,2.0417611880789797
2560000,2.2975193135505245
2560400,1.7083145475660055
2560800,5.4304003653559265
2561200,1.2038155358277673
2561600,5.803765529004221
2562000,5.073662834527983
2562400,5.222474696543886
2562800,5.237537492587259
2563200,2.8777493755217556
2563600,5.361295491748355
2564000,4.321641966582875
2564400,5.893639356957658
2564800,2.22535204856279
2565200,5.343824240143997
2565600,5.731044834979445
2566000,3.4192830691818945
2566400,1.2231684387122763
2566800,17.27441399661238
2567200,3.280615998704693
2567600,2.2289606078506536
2568000,2.9511227101389514
2568400,1.30496947586598
2568800,1.9694071921901053
2569200,1.7619849614293446
2569600,2.2361310651999147
2570000,2.6496549613368097
2570400,4.547899336899406
2570800,1.3445574443968706
2571200,1.7094616939646705
2571600,2.220808549791048
2572000,3.9222041569137813
2572400,3.3705070314419103
2572800,1.62329174202313
2573200,1.838793666542902
2573600,5.619125711892753
2574000,1.8451208669604446
2574400,5.268012864385756
2574800,5.683497350935576
2575200,9.73657785826946
2575600,5.141536667347394
2576000,5.8177069317509025
2576400,5.730938145072932
2576800,4.272020577880756
2577200,3.6860496544673143
2577600,4.714763940278131
2578000,2.2833232840670603
2578400,4.11790153052944
2578800,4.846397145223493
2579200,2.8288545521209647
2579600,1.5799513150728846
2580000,1.428283464765752
2580400,3.1067777066885953
2580800,5.257553825403565
2581200,2.13207484112787
2581600,5.3434087283060645
2582000,4.5905391422281365
2582400,3.2141047129718725
2582800,2.908987795012
2583200,3.981403191022812
2583600,3.9891857396910186
2584000,5.713260223228503
2584400,1.5312437862817718
2584800,1.398743520567616
2585200,4.682505004733498
2585600,4.879355399120994
2586000,6.1757963015169475
2586400,5.108827535652504
2586800,3.409700412042987
2587200,5.041074524235593
2587600,2.5343534661367273
2588000,2.436948708285063
2588400,2.177512330087659
2588800,6.747281910940951
2589200,3.8201744517254883
2589600,11.184838509639592
2590000,2.123867985177449
2590400,5.670020685118966
2590800,2.9184634746181946
2591200,2.6744310007113556
2591600,6.010438359894194
2592000,2.362113780537926
2592400,5.0714482237144125
2592800,3.7814493623855494
2593200,2.7909480097667583
2593600,1.5122660342290914
2594000,5.262369183539368
2594400,3.020706501816953
2594800,4.516772513665764
2595200,3.874837281935191
2595600,3.438868445073377
2596000,6.194558901433813
2596400,3.3874982911108855
2596800,5.594512486479995
2597200,5.686692500435805
2597600,2.3168882536074773
2598000,3.41957703971866
2598400,5.319184809212986
2598800,3.0194066348161455
2599200,1.7100414055234576
2599600,6.987604767382116
2600000,5.0273337093793256
2600400,3.68874031580966
2600800,7.420538444131279
2601200,2.6812402387685617
2601600,2.2280665488982114
2602000,5.641724749057215
2602400,5.6471064345130415
2602800,2.527871267980207
2603200,5.914146434275772
2603600,4.314758883683762
2604000,3.047686939202331
2604400,6.112102795204236
2604800,2.7141033746960206
2605200,2.983740685098402
2605600,4.764647102083452
2606000,2.906042965643283
2606400,2.606977667526316
2606800,1.8038132465920453
2607200,3.6579302605913635
2607600,2.9262850258200555
2608000,3.29104715471583
2608400,3.2108012611740833
2608800,5.457910480895503
2609200,1.8525971278960933
2609600,2.7328413948987538
2610000,3.004973395338203
2610400,2.55098652274383
2610800,5.926145595312653
2611200,2.8422304110474697
2611600,1.627443686061253
2612000,3.9695043164606445
2612400,2.92535618262466
2612800,4.057051959036472
2613200,5.430555888171015
2613600,1.4260437720376065
2614000,3.64709627079958
2614400,3.3933437465929757
2614800,1.2608636685618073
2615200,2.41498649810202
2615600,5.510417245294127
2616000,1.8614230010604367
2616400,3.8798169105824107
2616800,1.3413656036763963
2617200,3.061886040548146
2617600,2.8776895620282756
2618000,3.246925005188202
2618400,0.7948042027072588
2618800,5.512334767113346
2619200,1.63970331830875
2619600,4.034139148390375
2620000,1.9655831789410276
2620400,28.90279584239792
2620800,5.658720056140306
2621200,5.110990316392616
2621600,2.8762053995062664
2622000,5.414219916690513
2622400,4.512013533523851
2622800,4.953455080335464
2623200,2.875730139650809
2623600,4.647881892605413
2624000,4.308787916051561
2624400,2.883006545322598
2624800,4.122395826367062
2625200,3.070283837693822
2625600,1.8372856096526602
2626000,5.951382631958949
2626400,4.866915628174155
2626800,4.242784171308768
2627200,5.093261060276726
2627600,1.246724947485076
2628000,4.896206282334246
2628400,6.584530227314888
2628800,1.6308789741716867
2629200,4.38365579819682
2629600,2.5479735477822887
2630000,5.848417149010095
2630400,4.746479538494407
2630800,5.5704166331234
2631200,3.4742515268296112
2631600,4.6290202658473785
2632000,5.621635589783094
2632400,4.811489871859557
2632800,1.1096533921951348
2633200,4.949845951792763
2633600,3.401182083652694
2634000,5.494821503170586
2634400,3.169523804477479
2634800,3.3803889961005615
2635200,4.904883947507568
2635600,4.450467898086425
2636000,3.949506753494113
2636400,3.115119397974771
2636800,3.5375035377622015
2637200,3.552543432151117
2637600,3.4625779463954984
2638000,5.258625490727219
2638400,1.958406222444845
2638800,5.089804089732224
2639200,2.013547994061989
2639600,2.223153919171603
2640000,4.031399235361868
2640400,3.084232879735541
2640800,5.868409406491064
2641200,1.1107912251931074
2641600,1.6597570324458266
2642000,4.450025119746443
2642400,1.9518345386991107
2642800,1.6806052516554248
2643200,3.3673185941875983
2643600,4.3388790927263425
2644000,4.395113023610082
2644400,5.348546322877025
2644800,3.00524597958674
2645200,4.33639562088996
2645600,2.3011422305703157
2646000,4.54041843477656
2646400,6.772291187344712
2646800,5.178849606708759
2647200,5.304713128927446
2647600,2.1494285058469678
2648000,2.26966303592053
2648400,5.547523722795998
2648800,4.850295177258413
2649200,2.0284875458889884
2649600,3.1071332081420344
2650000,4.360697632737409
2650400,5.683314204213217
2650800,3.110468164963427
2651200,2.4184037067971267
2651600,5.638345432351141
2652000,5.500171221255556
2652400,2.925095584485522
2652800,3.3603529513451504
2653200,2.0495106457149865
2653600,4.028811718253101
2654000,3.54402548237148
2654400,5.265686758088064
2654800,3.7398673398781193
2655200,3.6487654302611143
2655600,3.4900411779775933
2656000,4.672343640370354
2656400,4.367407458649476
2656800,1.9448790158912395
2657200,5.695138370253376
2657600,5.349751938986818
2658000,6.960450601946921
2658400,9.872856230808171
2658800,5.750016980898212
2659200,4.065314474166518
2659600,4.629202582429013
2660000,3.0489227246577983
2660400,1.7884329340430787
2660800,4.380393383136399
2661200,5.646413993840755
2661600,4.2855576595247085
2662000,2.4062210420888928
2662400,7.131608925002848
2662800,4.396718529844696
2663200,2.180554656854705
2663600,6.280266846823178
2664000,5.421507225563448
2664400,4.373923829167213
2664800,4.412378975328943
2665200,3.816020187497383
2665600,3.4378521982845176
2666000,3.405577927996518
2666400,2.7780495033668102
2666800,3.6936287905756866
2667200,4.1039621144877785
2667600,5.886165514528788
2668000,5.72208963664818
2668400,3.0738476226814164
2668800,5.4070947180524005
2669200,3.0079756979912884
2669600,3.2117589658289774
2670000,5.696547277816801
2670400,2.892192775945591
2670800,6.463223382587972
2671200,4.320002796131281
2671600,2.5485042154337267
2672000,10.450798981613875
2672400,5.58953252008067
2672800,1.7323365446840229
2673200,3.810519293537449
2673600,4.788382707518788
2674000,4.87084538877962
2674400,4.604870680376743
2674800,4.492006830556388
2675200,4.645595914669018
2675600,5.344680249488014
2676000,5.9532298579192
2676400,5.2984865305339115
2676800,1.7701173851477103
2677200,2.5007530096215658
2677600,3.0913064747846373
2678000,4.29382553824618
2678400,3.020254280246767
2678800,2.6330905021241957
2679200,5.380492873258911
2679600,2.748688653885254
2680000,1.441689199697641
2680400,4.929101757465429
2680800,6.362691497255111
2681200,3.7441009396716063
2681600,1.9619702053946637
2682000,3.4864444894408666
2682400,4.9780418286342325
2682800,1.8272956561979443
2683200,4.370485532708692
2683600,1.693380433298275
2684000,9.360343824184154
2684400,4.050657629728747
2684800,2.8435014436561854
2685200,1.9774625337738252
2685600,3.7938951813396318
2686000,3.5227652844293837
2686400,2.558303329350097
2686800,3.2877147412159093
2687200,5.765677055370096
2687600,4.7501894827022655
2688000,4.149694036295698
2688400,2.3268611631447036
2688800,3.312590571873196
2689200,1.1858179156097008
2689600,4.457149064707083
2690000,6.78787724144726
2690400,5.555549491836678
2690800,3.868515915744558
2691200,2.6454027425634967
2691600,5.786854319045542
2692000,3.567568228885564
2692400,3.216789384659126
2692800,11.130151519567422
2693200,3.184589522111288
2693600,1.7669893725106176
2694000,4.285637470136962
2694400,3.6633149905692672
2694800,4.425420470885654
2695200,3.0472046632239973
2695600,3.580523327962926
2696000,2.291570660635273
2696400,6.360331251088034
2696800,8.959302134951844
2697200,5.731417966358583
2697600,1.265214393236614
2698000,2.942511357036162
2698400,9.329636703930586
2698800,4.9960980373401345
2699200,5.970977220929329
2699600,3.963460118902167
2700000,2.0998369999679674
2700400,1.8784648108191309
2700800,4.3553774392673885
2701200,1.171851342704607
2701600,12.746098566378095
2702000,5.691194924050559
2702400,2.970815137413893
2702800,3.495084345331337
2703200,1.439754560067905
2703600,6.165223895866052
2704000,7.631471315592177
2704400,3.8226563614526348
2704800,1.6388393729126105
2705200,1.769739317629282
2705600,4.954964789978524
2706000,4.941741335640003
2706400,2.172608032408815
2706800,4.57840637191978
2707200,3.9980899312358753
2707600,1.7549095292234922
2708000,4.56942426115387
2708400,2.4006375081190168
2708800,2.3465973799762887
2709200,2.728992746468849
2709600,4.644253515284388
2710000,3.7427888306463357
2710400,4.6736815466673916
2710800,3.776345146525096
2711200,3.5493288683162687
2711600,5.971757029480805
2712000,1.4234412795478213
2712400,5.524026314838086
2712800,4.429582121534635
2713200,3.2673685942143185
2713600,7.783848044697816
2714000,3.5566263186279508
2714400,5.580428550003334
2714800,1.3330373828957633
2715200,2.1392878076015776
2715600,4.887856780774611
2716000,1.505131095736293
2716400,4.551598658970998
2716800,2.648667930791012
2717200,1.5682206124140938
2717600,4.26619788311229
2718000,5.021577654184273
2718400,4.358474196888979
2718800,5.301749498402388
2719200,5.468343525873076
2719600,5.502130405352461
2720000,5.048730303546373
2720400,3.989120305212386
2720800,2.7962560545244624
2721200,5.5645209349545555
2721600,4.118732531759121
2722000,4.42478870901778
2722400,3.384916111448156
2722800,4.448345261331272
2723200,3.2206557978565304
2723600,4.451641109192587
2724000,4.0145220055544435
2724400,2.87766972023361
2724800,8.282042728195258
2725200,4.9111607255533976
2725600,5.666206364328475
2726000,3.16418258692173
2726400,2.2605634074067513
2726800,2.6148605301588534
2727200,3.0895242474244826
2727600,5.2478800964601335
2728000,2.9346690824137096
2728400,1.6168442114025623
2728800,3.2462235527691954
2729200,5.747021121800717
2729600,1.5674211100118935
2730000,4.088035092740926
2730400,5.524133924333135
2730800,4.793077420732102
2731200,5.72893900633849
2731600,2.996428224274128
2732000,2.4606564691380304
2732400,4.976588673409676
2732800,5.394724921328121
2733200,5.574338467773004
2733600,1.6923789383446528
2734000,5.902197987309518
2734400,5.727691856132835
2734800,4.811408233236675
2735200,1.9057080999675842
2735600,4.501060358858474
2736000,2.5348133324105837
2736400,1.9074627871643601
2736800,1.734406718125894
2737200,4.651998178747669
2737600,2.345260333784546
2738000,5.116748743547733
2738400,5.13805282618406
2738800,5.019007195523488
2739200,5.232963521739923
2739600,1.9238402916225867
2740000,2.2041352748256626
2740400,4.859319145150511
2740800,2.6096640079009497
2741200,4.9585143372888165
2741600,2.065715385954346
2742000,3.0297004528525524
2742400,5.031987700224383
2742800,2.408821945475109
2743200,4.64654535769543
2743600,4.404588697992654
2744000,2.2492936915068698
2744400,1.9320013139482102
2744800,4.738711528948179
2745200,5.503887648525197
2745600,1.7289545521865128
2746000,7.760175042959924
2746400,2.951331519416056
2746800,3.097541002179092
2747200,2.9036022666762813
2747600,1.8497253355146932
2748000,4.213718811749532
2748400,1.6696184942582237
2748800,2.704093602093273
2749200,5.489852624256614
2749600,3.1314414848760577
2750000,4.472169465560846
2750400,2.535347355950519
2750800,2.42625875525654
2751200,4.9913574580229385
2751600,3.901270393308792
2752000,2.013103375399958
2752400,316.95854387313676
2752800,1.7870932718848296
2753200,2.8734356508824974
2753600,4.09734968056717
2754000,2.16035670687226
2754400,4.639665886871626
2754800,2.269996323617348
2755200,6.979079593816391
2755600,5.064281914719022
2756000,3.7595791112296357
2756400,2.676690000647465
2756800,2.8846959972543393
2757200,4.941774271212411
2757600,3.90289071968935
2758000,2.0622810256467705
2758400,4.777429532803484
2758800,3.691433916387679
2759200,3.5454503452244164
2759600,1.739692828581859
2760000,4.198355611172894
2760400,1.9162574371890846
2760800,6.125986737856161
2761200,2.131325743518875
2761600,1.3150385425526647
2762000,3.088106503730815
2762400,3.6307518786053494
2762800,2.268596732838131
2763200,5.27257924522916
2763600,2.621383175367874
2764000,1.618975936119785
2764400,2.9417549027564154
2764800,4.016982853914332
2765200,1.4705869781255223
2765600,4.327399923652975
2766000,2.241779297545003
2766400,2.825695710449222
2766800,3.3604340758813223
2767200,3.647777083953686
2767600,5.786674188661265
2768000,3.3133163619159016
2768400,2.045444877593953
2768800,6.350987506735419
2769200,5.234613034709383
2769600,5.333566124458949
2770000,6.103426678155089
2770400,3.2455148795341975
2770800,5.505318126406318
2771200,4.446484002703682
2771600,4.565932971744035
2772000,5.152757691817463
2772400,5.137030846542592
2772800,5.833776824885771
2773200,3.5301586457375707
2773600,2.1925518265353627
2774000,3.0287913284606405
2774400,6.22895993333314
2774800,7.887587504831495
2775200,18.678816114954753
2775600,2.5490956476108906
2776000,3.732911217796003
2776400,1.4185600200856057
2776800,5.279201036290809
2777200,5.7898351511286155
2777600,9.105549305840414
2778000,1.7806202680028433
2778400,4.317484398941872
2778800,0.9693019749595977
2779200,2.2726649924182656
2779600,4.45324883783842
2780000,2.140711691988428
2780400,2.1250755173516254
2780800,3.06733999601876
2781200,2.0382216091917327
2781600,2.8123198686495234
2782000,4.850966929082109
2782400,1.4756819965583812
2782800,2.424412173568298
2783200,2.3763954873085456
2783600,2.3654864100534483
2784000,3.110517228863861
2784400,4.4241691965543595
2784800,4.789579232260928
2785200,5.011791970649046
2785600,5.5143605122690635
2786000,1.4730079099561564
2786400,3.2272977021198574
2786800,2.3003932530115514
2787200,4.625582817136604
2787600,3.744196861156391
2788000,2.190825232821958
2788400,4.545941168302315
2788800,5.261751823417454
2789200,3.012085172105278
2789600,3.4655038342401183
2790000,2.5497866086206686
2790400,4.8563473703765165
2790800,2.4423998965233777
2791200,4.583953457980611
2791600,5.245760452803475
2792000,1.664354510005579
2792400,4.421225619747804
2792800,4.2113606457049215
2793200,6.203048324998272
2793600,3.75695236886213
2794000,2.685713054335215
2794400,2.569897627004364
2794800,5.990320243158576
2795200,2.30130824102542
2795600,2.624276032074222
2796000,4.224606864427113
2796400,2.4260807771149118
2796800,2.984699118961255
2797200,3.1849280424685285
2797600,3.3648835782143087
2798000,4.309207241930729
2798400,4.231783632806593
2798800,5.58740999449635
2799200,10.56001949264838
2799600,5.657517832143101
2800000,5.330494290440504
2800400,5.285692440707723
2800800,5.950616741466912
2801200,3.2484609324680096
2801600,2.768052469365835
2802000,5.293853491722136
2802400,2.289183629297899
2802800,5.516737072316151
2803200,4.709232459675882
2803600,4.904532008716176
2804000,5.785811958764857
2804400,2.816280648112731
2804800,4.129636649024539
2805200,5.620186444154715
2805600,1.9670022874926618
2806000,4.834289119104255
2806400,2.4695759669595327
2806800,5.916624041396661
2807200,3.4491029347482622
2807600,1.3972489753182167
2808000,5.318829646950328
2808400,4.7386101594164725
2808800,5.555540282529502
2809200,2.496388817821689
2809600,5.974584271888663
2810000,3.6058018840486
2810400,4.272386114477147
2810800,2.3822926820505543
2811200,2.9034927641016925
2811600,3.2197031119538515
2812000,6.7582445403017095
2812400,5.2176771131891355
2812800,6.205139712046426
2813200,5.7202261208197225
2813600,5.226198411726661
2814000,2.2183002816546287
2814400,4.616962289992744
2814800,1.7472762981508796
2815200,5.533334798132598
2815600,4.886782828251488
2816000,4.0340367389144385
2816400,5.49004358752558
2816800,5.78329467071024
2817200,2.753220776626607
2817600,4.915380167784692
2818000,2.5362812225496993
2818400,5.366839616073773
2818800,2.2728362156974837
2819200,1.5168858232589122
2819600,4.423979569888647
2820000,4.944250788997806
2820400,4.00692723483484
2820800,9.860486013626648
2821200,4.385747767372028
2821600,4.300705568262805
2822000,2.3111003816149736
2822400,4.612203054504694
2822800,2.862172442116808
2823200,5.126605073492452
2823600,1.9395016713304423
2824000,3.629407943795804
2824400,2.1214583515989935
2824800,1.777215738171846
2825200,2.412009525046556
2825600,2.894738964699098
2826000,5.477353246066789
2826400,2.846994521631287
2826800,4.545733442787946
2827200,1.658305530837131
2827600,2.161574117381035
2828000,7.450665648406105
2828400,4.128112323269605
2828800,6.461033173324083
2829200,14.769069642691473
2829600,3.692053549938898
2830000,1.7392878275404693
2830400,7.35102584131342
2830800,3.697727535953464
2831200,2.3536791078460992
2831600,4.774330959568378
2832000,5.428118425644456
2832400,4.2349073676708455
2832800,5.60010557691279
2833200,8.941569160845981
2833600,1.4827420470658657
2834000,2.1050524562255335
2834400,2.4350838381723103
2834800,2.7337931355415814
2835200,2.7090815690520085
2835600,4.393883893324743
2836000,1.4115465515497763
2836400,6.846779055931808
2836800,4.187701840535955
2837200,3.7467609079985804
2837600,4.124024943669128
2838000,3.9536439185886785
2838400,4.063169227896914
2838800,2.077435151732418
2839200,2.2762084935881304
2839600,2.586965293424032
2840000,6.027051620221791
2840400,3.0119294287236564
2840800,4.1218012365210175
2841200,2.044100545942656
2841600,4.827616410972412
2842000,5.856948797368909
2842400,3.929032288093647
2842800,7.889728632974441
2843200,2.3209667005319967
2843600,6.176907434167084
2844000,4.556731541498173
2844400,10.823981546155585
2844800,5.676705163914608
2845200,2.9314560743340397
2845600,2.9958964794900425
2846000,4.119051596279651
2846400,1.9162060874978353
2846800,1.3139264737235243
2847200,10.182970093070026
2847600,2.594474613575323
2848000,1.6411918286184617
2848400,4.1281857960687285
2848800,2.2814222479182265
2849200,6.635921879033417
2849600,2.174570673567021
2850000,2.0233673725718293
2850400,3.693690237686924
2850800,4.710024221141211
2851200,2.247969072874639
2851600,5.232221104822116
2852000,1.1077595993453833
2852400,4.444728025915583
2852800,2.4107276670783415
2853200,9.37148611864174
2853600,6.7344397878201345
2854000,2.063562437067073
2854400,6.367859955615871
2854800,1.4074034315920545
2855200,5.03577176356393
2855600,5.792264080927677
2856000,5.355448986749175
2856400,1.8262880544496627
2856800,5.441080742799075
2857200,3.6620223810909103
2857600,1.547632663347494
2858000,5.093595715057022
2858400,5.112680213000326
2858800,1.0510940841755663
2859200,3.428773570538225
2859600,1.826560006548117
2860000,5.781679440860075
2860400,3.341730400817539
2860800,4.659442767446444
2861200,4.735125671440747
2861600,4.818002822628917
2862000,1.2176223652788014
2862400,2.9181219384377783
2862800,5.221229219417022
2863200,2.8867239779164318
2863600,1.1520974080343045
2864000,5.082486185517567
2864400,3.833845336376333
2864800,1.5601058947875868
2865200,5.381174294014865
2865600,2.8135494161364467
2866000,7.768577640962209
2866400,110.27229460819527
2866800,3.647664014139327
2867200,2.2902377838514654
2867600,3.8037157444825556
2868000,4.729276083189953
2868400,1.5064507848736937
2868800,3.5492080506691415
2869200,1.162925710489786
2869600,5.921903093631095
2870000,5.7172318563276185
2870400,5.734591799092792
2870800,6.370870205172533
2871200,5.331439574816848
2871600,6.41932679589798
2872000,3.436644288952239
2872400,4.185947557190903
2872800,3.5422369799412183
2873200,1.9874048793391825
2873600,1.9723683640220555
2874000,1.3040167808929715
2874400,3.485763321416805
2874800,1.6079029493484123
2875200,5.043702086841923
2875600,4.552334742633446
2876000,1.5738328606152112
2876400,4.069709382861439
2876800,2.6005954353349536
2877200,5.544403694525188
2877600,2.797638050414831
2878000,5.015012473311441
2878400,6.6196757067064205
2878800,4.1227521196817305
2879200,2.8715793065654096
2879600,4.894265972457483
2880000,2.3822592955398827
2880400,2.09893854325614
2880800,5.238890387832353
2881200,2.0463310599208753
2881600,1.752285173338917
2882000,1.90848986333773
2882400,5.048272394544659
2882800,1.6201044071023962
2883200,3.757240827445354
2883600,10.684607924169681
2884000,1.237239764101
2884400,1.8044578380406322
2884800,2.397914624815993
2885200,3.77675880264872
2885600,1.746052119045234
2886000,3.4898285178971347
2886400,3.8803187526903002
2886800,4.66722646245511
2887200,4.897497769290963
2887600,3.962261990040392
2888000,1.555565428210112
2888400,1.2520129148368588
2888800,3.238167999249264
2889200,1.738888074820952
2889600,4.498268971015937
2890000,6.008037104264452
2890400,5.742414344357641
2890800,4.052051070004185
2891200,3.005899983136132
2891600,1.536180873960348
2892000,4.544514438447837
2892400,2.865056218389425
2892800,1.9157323491167264
2893200,6.276817248930073
2893600,1.998354829330576
2894000,5.234198685202643
2894400,6.197440279849159
2894800,1.893901720045435
2895200,3.5350327252915914
2895600,4.403913195904635
2896000,3.3716677513037894
2896400,10.820411130458137
2896800,5.362297050333423
2897200,1.7237879479136653
2897600,2.8704583750637567
2898000,2.0131324310733927
2898400,3.5021548391154167
2898800,5.38710586974993
2899200,1.9409393399336694
2899600,1.8037774246365403
2900000,2.395165386700415
2900400,4.232678212918606
2900800,6.204584462140788
2901200,4.390071533991751
2901600,1.45845417204312
2902000,1.7711845092842335
2902400,3.5929447780298065
2902800,3.2697941212139257
2903200,5.032219347672927
2903600,5.526415457021281
2904000,4.959864583406586
2904400,3.584133084851349
2904800,3.6035138185970492
2905200,5.746870752985609
2905600,5.458898820162501
2906000,2.942996234670863
2906400,4.8088486407990345
2906800,4.099205802472948
2907200,6.473022205779651
2907600,2.9642949952693876
2908000,4.026843262358286
2908400,3.5294200279122814
2908800,6.462270767795859
2909200,1.8932498379646636
2909600,3.0761662108946872
2910000,4.492968272830906
2910400,1.7128250601866302
2910800,3.622787718676873
2911200,1.9699153588960292
2911600,5.218358113427556
2912000,4.407517702571151
2912400,1.7893110060492359
2912800,1.9775637669890114
2913200,7.226299361456582
2913600,6.670928993871561
2914000,4.245519096501383
2914400,7.823233029595107
2914800,5.128381313825463
2915200,5.338240993562067
2915600,3.8146561059069795
2916000,1.7660197136290192
2916400,5.53199313490914
2916800,2.0452273377285795
2917200,4.998975077695075
2917600,5.584619099724349
2918000,4.792086565202387
2918400,9.988912304120106
2918800,5.5792189318893035
2919200,4.035771421275315
2919600,4.818215517648119
2920000,5.728109728531217
2920400,14.259321933199697
2920800,6.645398457186245
2921200,12.070052492995721
2921600,4.052146005632839
2922000,5.201641934681519
2922400,4.704803146410228
2922800,3.735722400752352
2923200,2.7283582955570833
2923600,1.5844729720649142
2924000,13.567276744710934
2924400,4.651123564090504
2924800,8.117860694305904
2925200,6.044370851411328
2925600,3.9375587545486628
2926000,5.096328501024946
2926400,3.5702633846175624
2926800,4.652935777235082
2927200,3.9069284143242107
2927600,1.7923232273395246
2928000,1.883978194857113
2928400,4.298436998648928
2928800,4.972068705665248
2929200,2.403972164972793
2929600,3.6386317038098976
2930000,3.4260332719293443
2930400,15.02149341390533
2930800,1.6539005644908977
2931200,3.9604789250589008
2931600,3.8095219106326463
2932000,1.890473462597124
2932400,3.672302681795757
2932800,4.120911045901287
2933200,4.48400279342615
2933600,4.6829402420830935
2934000,15.978518542104393
2934400,1.393566882879356
2934800,8.358770861442705
2935200,2.1876793224026674
2935600,2.4416449520658823
2936000,5.8219190845289726
2936400,4.7500573738684455
2936800,2.026293009168802
2937200,4.586531301505273
2937600,1.518880318832157
2938000,2.530316142160956
2938400,5.648855293805929
2938800,3.298267302894578
2939200,4.8938613550209045
2939600,7.11008404352858
2940000,1.5633656518340056
2940400,3.565030624738857
2940800,2.737928628661229
2941200,1.6169921617080099
2941600,4.586638892479972
2942000,5.027025517116958
2942400,2.4182700039178373
2942800,3.572027467812664
2943200,1.6391116260551386
2943600,2.3283489106785953
2944000,3.184633278643288
2944400,2.913735183616752
2944800,1.870471726096707
2945200,3.937475463890534
2945600,4.792660089710863
2946000,2.545308576230829
2946400,6.082298372624679
2946800,5.037753435703758
2947200,1.5372570603220257
2947600,2.3008382388249458
2948000,4.193724641358447
2948400,6.574640037353594
2948800,2.3750909885102764
2949200,5.7121755994739765
2949600,2.0098262991656615
2950000,7.037336396710766
2950400,4.927026597199416
2950800,1.6211236122994297
2951200,3.97143122247883
2951600,5.471338313786641
2952000,4.873891047980313
2952400,1.2998625221814029
2952800,2.0904914900049976
2953200,2.2115789979946907
2953600,5.2499187408211885
2954000,5.167268343123328
2954400,1.9642193718253496
2954800,6.519017189348066
2955200,2.9373053863437306
2955600,5.074455109103577
2956000,1.9556785122794271
2956400,1.1642584077799607
2956800,1.2771406716810034
2957200,5.152472133611686
2957600,3.951369649853614
2958000,5.199937841482307
2958400,2.7846370649334435
2958800,1.3549451135888964
2959200,4.303222537338567
2959600,5.564999285788772
2960000,2.649298244897055
2960400,6.6984380739843035
2960800,1.7401201935825603
2961200,1.5309253354283738
2961600,3.980614078706491
2962000,5.364662090855658
2962400,2.75204439800328
2962800,6.151909745604677
2963200,4.031703735834443
2963600,3.125982548172057
2964000,2.3229229348779983
2964400,5.750785005007251
2964800,6.2739564887770145
2965200,1.8056587146536345
2965600,3.6609130569448167
2966000,4.318208413427679
2966400,8.317452556529812
2966800,1.7945384508280937
2967200,3.7480128295450807
2967600,4.950862377611776
2968000,3.7751904530854667
2968400,3.5747172543262384
2968800,2.5125830712540886
2969200,8.067657207120035
2969600,6.249029630511886
2970000,4.5121515379420405
2970400,2.4582349733856073
2970800,4.213442347149923
2971200,2.166604609323313
2971600,6.342829719104115
2972000,5.767167211108294
2972400,4.634781764966294
2972800,8.952140434593105
2973200,4.406238236072951
2973600,4.581552139739416
2974000,4.1861864484964775
2974400,2.0823155181721877
2974800,4.0676677211801255
2975200,4.816613886028328
2975600,2.3877416588236495
2976000,4.855969544418685
2976400,3.7128191599773293
2976800,4.081283302588918
2977200,3.1678185105824856
2977600,2.958582572869077
2978000,6.753276193040354
2978400,4.315627246111456
2978800,3.0119644614567855
2979200,1.5407081334490431
2979600,13.934454147428207
2980000,4.991917289199527
2980400,5.635706067520724
2980800,4.737428081857823
2981200,5.062495329473
2981600,1.455804250746225
2982000,3.8304105556303543
2982400,1.7553003236708318
2982800,1.9307914755309041
2983200,5.306273203790328
2983600,5.288035122131619
2984000,3.813520971718292
2984400,1.3129018201691254
2984800,6.44312811398894
2985200,4.527291876737827
2985600,1.9218168446767003
2986000,2.4561276533386414
2986400,4.502779030766414
2986800,2.0598609768641127
2987200,7.2520614086027635
2987600,4.995451971418164
2988000,4.062831323572493
2988400,4.437200845970094
2988800,7.564574950853032
2989200,2.5319612022130262
2989600,4.476029068148699
2990000,2.815032784442116
2990400,7.537839319392242
2990800,4.541139329231712
2991200,1.672696064979549
2991600,4.7418588184039105
2992000,12.493460038087726
2992400,2.269074814075905
2992800,5.498340373044614
2993200,2.614119880034409
2993600,5.696038108708885
2994000,7.137724092534504
2994400,2.207830198709355
2994800,3.8289548439581003
2995200,4.548950054597536
2995600,2.1808559279285653
2996000,4.007411999363261
2996400,2.6732194093828987
2996800,1.741220507440294
2997200,5.8190495128294035
2997600,4.3101204876737675
2998000,1.9943066189200152
2998400,4.6352935801642134
2998800,5.606122772050478
2999200,3.573307793656364
2999600,3.5122942383872955
