Step,Reward
400,561.5553781995276
800,498.0210238720095
1200,501.4645066933321
1600,460.29222674225684
2000,470.01768010011483
2400,435.4888183873423
2800,631.1464521266251
3200,1130.5410951178155
3600,754.9718392198432
4000,494.2798608441256
4400,507.69430230206655
4800,865.9875689265525
5200,354.0362205783041
5600,418.5585867257948
6000,400.38900065265005
6400,1121.8605586779809
6800,569.4635158396715
7200,1065.5665984599405
7600,366.21902416301697
8000,672.8068100629633
8400,1530.5519734055206
8800,983.4864262782393
9200,799.8629057630216
9600,473.2810582101357
10000,479.1400514086311
10400,518.2105998718408
10800,440.2653334887484
11200,688.9428754870149
11600,664.6020083230046
12000,430.751004278337
12400,549.064167954206
12800,792.299441777519
13200,430.3336786059755
13600,741.9136452916371
14000,895.9634256368116
14400,423.2751656388168
14800,724.1411386145311
15200,762.3332376688418
15600,595.3429830948454
16000,715.4147883094654
16400,499.7237253368847
16800,629.9765561581014
17200,770.6969671321058
17600,561.3825869585479
18000,594.6158116248074
18400,576.5129108332534
18800,634.7311503895821
19200,436.31984416738266
19600,665.4671376733352
20000,858.4700909772978
20400,597.0202533499546
20800,1236.7009952048707
21200,522.1531578180732
21600,731.6017457604215
22000,1155.4088042642422
22400,551.10170985431
22800,937.3849165437547
23200,630.3007590398937
23600,856.5005439614991
24000,551.0736074866256
24400,873.9372360119052
24800,884.2141090015283
25200,764.7084723527147
25600,762.4700001923761
26000,969.0161696693409
26400,666.3067822137664
26800,1084.0095532010164
27200,670.958450634856
27600,466.81003517564085
28000,1169.5376229488822
28400,532.2144730196536
28800,892.7581046265072
29200,548.8305867313547
29600,531.0715914024198
30000,1270.4804330502095
30400,584.1579402097518
30800,673.451012583163
31200,599.5075967330326
31600,606.5927912437227
32000,557.7630117100197
32400,907.1169799628665
32800,691.7817092406158
33200,676.1786855400339
33600,1213.5693941450304
34000,1330.5399504110417
34400,615.585917911237
34800,1465.091506650866
35200,594.7179815766582
35600,632.138231876873
36000,1359.2157991862937
36400,2038.5124591637316
36800,2182.045601681837
37200,842.1441050130369
37600,2375.400163153531
38000,548.9716894647512
38400,540.7040125740014
38800,1912.3681057201543
39200,630.4494002386396
39600,610.1850069706217
40000,558.720166870591
40400,617.2730489175739
40800,644.4144667683572
41200,1601.5979355058862
41600,1171.1009022693765
42000,980.1960737554245
42400,1662.9802044151136
42800,1322.7804943961169
43200,809.2151774270916
43600,638.9760357749252
44000,1332.4068648710077
44400,1588.7072945569996
44800,690.8571208642568
45200,668.5230077264634
45600,1493.4908855660408
46000,1237.3505751417592
46400,936.7959625121958
46800,1742.1162370714267
47200,1910.8183315137037
47600,1263.2648029330069
48000,1607.2989332505977
48400,1285.284833145928
48800,873.6879162340659
49200,1328.9009813815885
49600,1743.072299901692
50000,1762.0823445779577
50400,1956.5697260209506
50800,1260.1400467857497
51200,1831.1942398612482
51600,1378.1787206531142
52000,1868.016994968341
52400,1424.373350082032
52800,1910.2049352406445
53200,1741.6626470909614
53600,2019.7155459140465
54000,1861.1209376930901
54400,1269.3722421639584
54800,1288.160911053513
55200,2046.0851005145507
55600,1792.1668300646675
56000,1823.0603592265197
56400,1844.8770644917272
56800,1777.446914929459
57200,1846.3738748193568
57600,1845.7318314082395
58000,1827.233274522272
58400,1608.6979458033456
58800,1970.1817621905434
59200,1960.1087172729137
59600,1812.7315477912655
60000,1942.9592094481472
60400,1840.2520190149928
60800,1928.1459687882534
61200,1999.0138014622905
61600,1877.7409184525811
62000,1955.0053576326795
62400,2012.7673897012528
62800,1901.757357172876
63200,1880.7578127397371
63600,1905.2942213191495
64000,1988.7732438215573
64400,1875.0732835943559
64800,1962.6703185895713
65200,1971.5993367068268
65600,1802.3550265317726
66000,1802.6792220478833
66400,1801.0317332173447
66800,1819.132445922077
67200,1937.2965893965836
67600,1987.7510812174914
68000,1711.0583868817203
68400,1881.8361402174557
68800,1889.3909132621545
69200,1935.0640022332793
69600,1724.5505966677415
70000,1890.6140320723778
70400,1849.577965072533
70800,1879.2622322894197
71200,1814.4592610695279
71600,1875.7575419994828
72000,1626.2978504240773
72400,1855.4963738457045
72800,1534.009043400692
73200,1863.6977694898626
73600,1323.892480852227
74000,1510.8490952327243
74400,459.12330198273804
74800,1884.3406621423758
75200,955.2773877398103
75600,1018.8586788164602
76000,1057.8740994056902
76400,691.6296022892459
76800,925.4157735266812
77200,529.9452014757879
77600,975.5113681969774
78000,918.0588412222555
78400,1870.4382420760344
78800,1937.3828164186884
79200,1906.610964527733
79600,1023.4303842428665
80000,722.418777140502
80400,758.6455515669646
80800,456.0013309321275
81200,688.7850462462392
81600,423.6048613855163
82000,952.595487119663
82400,702.9524411557617
82800,1969.6348160314876
83200,2027.4987666914503
83600,1989.7213116343187
84000,1876.8518859258209
84400,1893.1174799187013
84800,1930.6891758616657
85200,2036.2515668497629
85600,1830.4664743272774
86000,1941.4060275815123
86400,1971.3365415356973
86800,1195.9297440671526
87200,1942.4750825616327
87600,1557.3902910025424
88000,2044.204644213885
88400,1947.5813688648236
88800,1687.7653161084722
89200,1906.6948657216828
89600,1701.5839931243486
90000,1482.579518395046
90400,1808.4962086680944
90800,1654.788866029088
91200,1998.7133351003195
91600,1781.5467399223464
92000,1327.0231246523529
92400,1685.2418479516634
92800,2045.5689040249506
93200,2030.0888028365343
93600,1316.9152848342856
94000,1270.2754554069438
94400,1879.7031653659133
94800,1049.5338110444782
95200,1817.7397043097583
95600,1035.307250186049
96000,1140.2880444387283
96400,2003.1929115663315
96800,1526.2946006587708
97200,650.5608851664197
97600,2168.4663250813073
98000,1816.6079166393017
98400,1694.0520372024296
98800,1243.8924538568044
99200,1157.212358450864
99600,1631.7034901162267
100000,1423.0824948880065
100400,1634.5279920897772
100800,2199.0638251755104
101200,1339.6306357450446
101600,2004.8780105642743
102000,2180.778720129845
102400,1572.0014710348528
102800,1966.889012681688
103200,2025.1243421261179
103600,1531.3388133498136
104000,1537.2804935789013
104400,1134.149504584295
104800,1691.6276932000917
105200,1749.8368428217987
105600,1676.5979054696784
106000,1619.3815559350874
106400,2006.5242149920632
106800,2039.3085389199591
107200,1973.3304974086743
107600,1948.6208017500023
108000,1967.7198964767258
108400,1970.5979319891014
108800,1999.4730033174776
109200,1987.932380139209
109600,893.4558403087108
110000,1986.7271605983651
110400,2124.05155408836
110800,2027.5101209137465
111200,1885.4509656121336
111600,1977.7760287104209
112000,1923.4891242395277
112400,1286.888422863163
112800,2140.525469049766
113200,2021.1784601305878
113600,1321.441604096584
114000,1926.2311033617227
114400,1794.2015594968273
114800,1985.5880174303095
115200,1829.5014382743116
115600,1898.5395525177612
116000,2054.566382068772
116400,2071.474973533881
116800,1890.8941005450592
117200,1951.7454467034763
117600,1319.3995657915914
118000,1936.5034492754112
118400,1061.8774710325238
118800,1996.3182347220536
119200,1980.775046316931
119600,1985.7727844197916
120000,1889.3449491357565
120400,1925.47665241801
120800,1851.7500462164144
121200,1765.5134047318409
121600,1963.4269526241665
122000,1986.1078923521948
122400,1926.2199191403379
122800,1290.851623406715
123200,1883.1621357387562
123600,2064.191042166693
124000,1749.5187515746854
124400,1920.0465305454277
124800,1979.4275698227852
125200,1976.6587265549583
125600,2079.925907571913
126000,1619.3526019716444
126400,1867.458747242068
126800,2007.5539163307503
127200,1748.7822104821032
127600,1855.284624768205
128000,1946.0081247908547
128400,1860.6340350535393
128800,1877.8838477517165
129200,1918.0101108967988
129600,2031.1763115762594
130000,2039.33385980901
130400,1888.0717998249343
130800,1994.9581773249727
131200,1851.67600144415
131600,1998.20700913458
132000,1967.9717428402605
132400,1944.7686288585264
132800,2063.6066481281746
133200,1905.7809172107932
133600,1951.9132809267167
134000,1970.8226866973696
134400,1994.1818811781186
134800,2056.11989334314
135200,2011.3126664496212
135600,1996.8110275728116
136000,1995.033475605254
136400,2026.3101552373814
136800,1960.2915307347228
137200,2039.0617054177337
137600,2012.4346235683386
138000,1885.8371900021446
138400,2026.7164689154583
138800,2045.4835988132138
139200,2037.2128682182743
139600,2055.9080574072846
140000,2036.6961264919648
140400,2049.6984871330114
140800,2030.7503798700034
141200,2007.0445688720379
141600,1938.2324627050866
142000,2086.3407039649305
142400,1821.9223072363027
142800,2012.7541142198252
143200,1874.9280539250747
143600,2097.7213035478326
144000,2044.7143757216859
144400,1978.4407562595973
144800,2032.9161918194397
145200,2021.454492939915
145600,1862.2332523790446
146000,1883.456135980693
146400,2006.2369278805381
146800,2000.772500485294
147200,1874.6155024608966
147600,2003.8410852449824
148000,2071.9218487297894
148400,1991.8955825592445
148800,1874.0896681848071
149200,1962.2353358328205
149600,1958.5109571908995
150000,2026.0280366665656
150400,2017.4609198797505
150800,1864.4251293013585
151200,1873.1165346097775
151600,2054.379627696073
152000,2018.0590295174188
152400,1855.0520872402224
152800,1816.5514684209736
153200,889.8731598354155
153600,2045.2985950216778
154000,2066.05158881671
154400,2088.64552148653
154800,1993.5075018469042
155200,1995.315317629016
155600,1962.4014304557554
156000,1986.9114569133278
156400,2093.4454884713437
156800,1980.9371239391196
157200,1932.8756909171955
157600,2090.788994197951
158000,2075.607112074614
158400,1883.5905483266986
158800,2053.534911084659
159200,1942.456637302968
159600,2047.6936109591607
160000,1980.0827848960441
160400,1852.3971633494855
160800,1946.8887656437148
161200,2072.8043036141166
161600,2044.2490057136017
162000,2002.1799487893845
162400,2052.1775192809623
162800,1970.5151838560666
163200,2000.8600606146256
163600,2087.8529824166776
164000,2011.0891818684263
164400,1965.192999893283
164800,2054.5144661944855
165200,1988.4256511186477
165600,2016.4970577511574
166000,2036.7295640623254
166400,2068.097028210055
166800,1996.0415815182482
167200,2082.7144974639054
167600,2066.746113095236
168000,2057.2855767938267
168400,1993.824225006253
168800,1960.2077879763845
169200,1990.885027180892
169600,2064.282743500282
170000,1850.530144929056
170400,1931.0010996676594
170800,2015.0060032681304
171200,2103.6820152165706
171600,1906.549059504262
172000,1985.0723577776487
172400,1939.0160193325423
172800,1998.246937662638
173200,2087.786929109774
173600,1971.6770678960372
174000,2063.3479717210703
174400,2092.643020261367
174800,2076.5853168943718
175200,2028.4854211759289
175600,2010.3455543956431
176000,2055.279278245638
176400,2095.892636616578
176800,2038.646014428926
177200,2037.4792294940892
177600,2034.7845129289155
178000,2048.017434100955
178400,2019.7929726761515
178800,2085.6808634130325
179200,2047.6253136764853
179600,2001.8416991648419
180000,2063.7280286802875
180400,2031.4872775318868
180800,2009.8040029269375
181200,1998.1725195537374
181600,1978.5573378106085
182000,2000.451969411924
182400,2062.2741866963383
182800,1937.0520322973396
183200,2048.8821614611606
183600,2001.4616047917457
184000,1906.5133096461552
184400,1953.4347027772692
184800,1940.5775916602759
185200,1955.7773227781165
185600,1990.6882299794602
186000,1995.8995898127343
186400,2083.387665863648
186800,1993.2069051827427
187200,2015.1910568052967
187600,1970.7310305231515
188000,1935.929677727995
188400,1985.2963829613993
188800,1889.1225791345896
189200,2015.010095078196
189600,1925.599484943591
190000,1996.9952004320733
190400,1962.8641373613627
190800,1969.7886163062478
191200,1843.1364188646435
191600,2076.6212894067703
192000,2015.144866620123
192400,1953.3140004508643
192800,1943.5758310282383
193200,1980.8075602388149
193600,1972.0460608119577
194000,2055.8053950752624
194400,2063.4546618278264
194800,1957.7576920516408
195200,1979.8682209588508
195600,1958.0227411520818
196000,1909.4997492184066
196400,1708.926297189064
196800,1961.3270723674557
197200,2047.6210300504144
197600,2040.5607225378358
198000,1990.1620405587794
198400,1828.7867767353987
198800,1997.0811488099325
199200,2049.3925236607283
199600,2116.3718017568076
200000,1851.7018275042074
200400,1986.8488220948811
200800,2036.8055838209714
201200,1862.0590773589404
201600,2095.304931605418
202000,2084.1276316224153
202400,2010.929804225588
202800,2040.5519421477036
203200,2097.4519335979844
203600,1103.4939327519833
204000,2073.767453331619
204400,2033.1741010940298
204800,2056.4419283798707
205200,1943.1832216973235
205600,2000.6467047946164
206000,2066.467678137862
206400,2079.5964017081797
206800,2081.8068906841913
207200,2071.2249651911384
207600,1818.9263547942805
208000,1990.2881001272135
208400,1912.838421920676
208800,2059.9806873858774
209200,2005.5060139764664
209600,2083.7420560813935
210000,2014.8634034109848
210400,2017.0066861880248
210800,2037.9342036483326
211200,2006.8706344069853
211600,2039.0279899060417
212000,2042.8095364486378
212400,2077.366430447812
212800,2065.7870750017614
213200,1976.1047368906354
213600,2074.3133457919644
214000,2038.675669232447
214400,2049.2278746628904
214800,2060.4635876994926
215200,1940.3912250317942
215600,1998.6110259097572
216000,2065.2316972444323
216400,2094.4425966933786
216800,1969.9573405405342
217200,2089.2075093681947
217600,2016.161412349651
218000,2055.2823319043537
218400,2043.5109301534521
218800,1773.1645111776863
219200,1958.4273355539997
219600,2018.5208850786955
220000,2049.4054320302007
220400,1782.0910001669479
220800,1950.7560123233452
221200,2068.9154497831664
221600,2019.7399335854886
222000,2033.669070794874
222400,2012.3421574163124
222800,1964.4585203713434
223200,2014.9427702428193
223600,612.1336483806816
224000,674.0669583327899
224400,1942.6777247936725
224800,567.586522070569
225200,609.9623821908006
225600,1092.073305498263
226000,563.4402440998338
226400,727.9034327811192
226800,1958.4144178661415
227200,2010.969494920839
227600,1975.746982217521
228000,1943.7243743836987
228400,1990.9699770386023
228800,741.6882956237217
229200,2074.7541992363185
229600,2010.7593512573887
230000,1386.7082253526498
230400,2047.1598715629457
230800,1835.7417697908347
231200,1866.4137465224255
231600,1770.4330908344557
232000,1937.361248965323
232400,810.8280221580369
232800,2038.9140768311297
233200,2035.8120900961576
233600,1939.4685155060674
234000,1973.1315677552423
234400,2000.5048740350683
234800,1929.7746194170302
235200,1230.6091824866805
235600,2039.244774613847
236000,1242.77351864536
236400,1364.5651547649272
236800,2060.7804268587934
237200,863.0149245351993
237600,743.6817334885665
238000,2004.5397855580131
238400,1951.9578371895764
238800,2064.9429619520315
239200,1931.7100396156802
239600,2011.0001967235048
240000,2044.989873949736
240400,2056.032833026678
240800,2016.570011891598
241200,2050.6675153925175
241600,1108.0680155487153
242000,2032.6968323137369
242400,2003.1447163249986
242800,2015.0165851349093
243200,2037.5987700838714
243600,2058.7052722855665
244000,1883.6691981231816
244400,1978.834120152713
244800,2039.2155687990482
245200,1968.7380172239905
245600,2041.746888390947
246000,2012.9411614233723
246400,2009.2937267357172
246800,2082.3370829821565
247200,1996.4003862384561
247600,2047.9212729687088
248000,2043.2613119182183
248400,2041.3321939981677
248800,2018.74023177913
249200,2023.3403372857993
249600,2060.7497154367325
250000,1969.1872150688052
250400,2013.6908737497524
250800,2029.1964553834098
251200,1768.8136371422352
251600,2022.6615351354196
252000,2095.094205630158
252400,2089.032483760407
252800,1999.0779361066284
253200,1982.6916207216648
253600,1964.4615243433439
254000,2036.7342748560643
254400,2060.4987168351504
254800,2040.9516139623875
255200,2021.3173511162654
255600,2012.3117813555416
256000,2037.5699651696755
256400,1897.1754619663773
256800,2098.866052847806
257200,1969.205424803961
257600,1971.8682839565358
258000,2064.117487207808
258400,2009.2784974560377
258800,2091.1353334461933
259200,2012.496267560379
259600,2084.918861273137
260000,1272.965887877891
260400,1947.8763014050517
260800,1987.876090177311
261200,1398.8737527964336
261600,726.585096278786
262000,2091.350340417792
262400,1873.2168757127893
262800,2084.0118721987124
263200,2085.6879230671448
263600,1936.6772969505848
264000,2005.4659842993226
264400,1938.0882535942717
264800,1813.726305722348
265200,2037.7961072970975
265600,1973.4624464980309
266000,2018.0798802812794
266400,1984.2370314534826
266800,1884.9105347806474
267200,1717.4641448782093
267600,2062.4741027052205
268000,2035.099181272183
268400,2031.9314135121074
268800,1994.5515446875002
269200,1958.5900522030117
269600,767.7537270914073
270000,2020.1811803655216
270400,2033.3907889622883
270800,1997.6496579956613
271200,1864.7353933144393
271600,1972.1339051228188
272000,1990.3587243802488
272400,2009.0541647796497
272800,2041.0965794675722
273200,297.5888597420053
273600,300.60510648005567
274000,2036.684381507489
274400,2044.4356893608847
274800,1958.5467832004176
275200,1936.8300991918081
275600,2015.5094792372024
276000,1989.517168553205
276400,1937.4159544419635
276800,2029.0073108231531
277200,297.7482833643217
277600,2034.9612928866402
278000,1982.8031616470973
278400,2068.207651493025
278800,2045.2894382653606
279200,2055.1931405179384
279600,2056.9059161526166
280000,1995.8000774213651
280400,1997.7393722744546
280800,1997.7843567863267
281200,2041.7391112935688
281600,2045.3805750385286
282000,2055.867851910205
282400,2086.835878307782
282800,2016.679454915048
283200,1990.9408604856842
283600,2012.3409230818058
284000,2003.3094829125107
284400,1987.0585689248355
284800,2062.979853896803
285200,2027.756736091834
285600,1676.3365011274761
286000,1849.6985701471165
286400,1942.292264213296
286800,1856.6021679322275
287200,2088.2003315336187
287600,2077.657136315503
288000,2011.0203575414312
288400,2058.33914389266
288800,1764.0247760993361
289200,734.5665367281468
289600,983.0168063676055
290000,2009.471429272169
290400,2048.0534004729866
290800,2003.358281298151
291200,2037.410107556119
291600,2031.3820619681571
292000,2045.7119488649655
292400,2093.4383343532095
292800,1751.4660852613983
293200,1752.7877941146517
293600,2020.0881488640998
294000,2097.927501398269
294400,1956.567722776659
294800,2069.038653549127
295200,1951.5856067914483
295600,1908.3405870299105
296000,2095.111578973926
296400,1983.5095998987151
296800,1879.6525675664693
297200,2015.7703529397652
297600,2059.9769616508047
298000,1952.5901162788107
298400,2038.5381263732966
298800,2008.0405782300002
299200,1708.462623750432
299600,2064.599234558803
300000,2023.6686521644697
300400,2028.5881100364795
300800,2102.494850369724
301200,2053.0176353278284
301600,2077.0586554455895
302000,2089.7304727541036
302400,2068.321978532265
302800,2087.826327812814
303200,2074.7871731164846
303600,2074.2699658091638
304000,2088.0884805595983
304400,2053.6828218264395
304800,2047.5605876959796
305200,2054.3044116694764
305600,1967.6336207384002
306000,2040.9168346320855
306400,2023.9304438070162
306800,2005.2982987816642
307200,2082.687914779721
307600,1949.4418464207329
308000,2082.6121433860967
308400,1896.4363876617954
308800,2086.429919477289
309200,2018.3296977289563
309600,1693.414808005177
310000,2022.3108531659084
310400,2054.9739605547206
310800,2036.308386273197
311200,1922.7153334732716
311600,2049.4214180031604
312000,1918.764903959288
312400,2073.513814218362
312800,2031.6199235608515
313200,2036.0187000265548
313600,1942.7482647921054
314000,2049.2477039160926
314400,2000.214210907167
314800,2011.6052023801865
315200,2035.0880291481312
315600,1948.3279888796876
316000,2035.5368414120164
316400,2066.103497637494
316800,2002.3012057036801
317200,2055.9745566068887
317600,2052.9983968789247
318000,2025.9084173169838
318400,2025.1287201164598
318800,2053.2188942090625
319200,2068.9250646084542
319600,1941.4249081932003
320000,1951.4265739135049
320400,2050.9011495272503
320800,1972.6595673176043
321200,1991.3639381674534
321600,1998.6784192347104
322000,1982.8671345139328
322400,2056.607509273636
322800,2025.609845486682
323200,2033.6777350684936
323600,2044.6447352019964
324000,1991.846747397812
324400,2012.0082208086435
324800,2085.317976147046
325200,1974.1308740537354
325600,2056.5943988099366
326000,2022.7050359888735
326400,2020.752963037193
326800,2025.0322991228047
327200,2050.1129106562803
327600,2046.4592888695356
328000,2076.1720115524445
328400,1993.165510447211
328800,2093.2529807135975
329200,2047.2987256513359
329600,2052.375678608296
330000,2032.2441388205605
330400,2030.7659108497842
330800,2016.8746950364234
331200,2071.51458193066
331600,2053.689344518863
332000,2029.8024956595245
332400,2034.1537404717496
332800,2072.84155386813
333200,2072.90003016115
333600,2059.4531901913883
334000,2090.959756069868
334400,2082.4307464817625
334800,2088.7960200143475
335200,2071.4412498405954
335600,2036.376508434237
336000,2039.782959283222
336400,2093.6571769055636
336800,2094.0850663210063
337200,2091.8453412247213
337600,2034.7493896658318
338000,2076.485368246156
338400,2103.5502921061134
338800,2001.4676799039448
339200,2017.3131795284705
339600,398.1608412044482
340000,2073.4371415976734
340400,2015.5041040613341
340800,549.8362185208214
341200,2071.01597371066
341600,2067.9994137092904
342000,1860.6712432827635
342400,2071.6498948278886
342800,2018.5005296988963
343200,1834.1443161852062
343600,2060.031582045276
344000,2003.2307986376595
344400,1990.2684443408714
344800,2066.1833580412645
345200,1978.9193307164771
345600,2076.883808474391
346000,2057.057062825634
346400,2087.0589210606886
346800,2087.6339363906213
347200,1866.5034773613413
347600,2050.8133971880693
348000,2089.07651019377
348400,2020.3097431855708
348800,2012.6070496064222
349200,1927.4367672383742
349600,2065.0044121342926
350000,2031.5285563105185
350400,1999.0336165161432
350800,2061.620193472364
351200,2008.7053491424758
351600,1768.926030170353
352000,1870.6879192992965
352400,2018.282748091785
352800,2018.2079704786152
353200,2033.8911982842894
353600,2061.561025664069
354000,1980.2667343013493
354400,2057.6827891302332
354800,2048.379413098159
355200,2066.6333522354453
355600,1860.6179938176783
356000,2058.553242242985
356400,2064.2061071756343
356800,2086.1332501508264
357200,1896.7632300792104
357600,2058.9717034346318
358000,2005.8417979524725
358400,1880.7158167129373
358800,1828.8192030991552
359200,2047.2282011992945
359600,1939.4473899937311
360000,2067.4073766934653
360400,2068.751061842943
360800,2007.8048168117566
361200,2058.3101475260523
361600,2045.7146593379266
362000,2051.2850135760063
362400,2018.0443612455458
362800,1977.1197225517033
363200,2000.2744441082848
363600,2003.571575252957
364000,2054.350467640359
364400,2049.2339573877944
364800,2035.8387720092012
365200,2023.099753273468
365600,1841.974554845664
366000,2057.657027454407
366400,2040.2230120399774
366800,1269.0751993905412
367200,2024.2668672809598
367600,2052.3105917206167
368000,1913.055540613805
368400,1759.6789534700285
368800,1970.1569077658326
369200,2035.3248786871532
369600,2051.641571800236
370000,1713.6397695894532
370400,2033.6919967185147
370800,2067.2339003798397
371200,2054.618844636644
371600,2036.768767753501
372000,2102.6368339343912
372400,2008.892051577014
372800,420.8417367534399
373200,2038.6354355836347
373600,2024.402698089532
374000,2032.872958602597
374400,2081.2151426335904
374800,2087.527869062094
375200,2081.699351899167
375600,2052.3961567564065
376000,2026.645362554233
376400,2053.0210826179905
376800,2031.5612036127548
377200,1469.9930388060714
377600,2067.1471692841
378000,2068.044085448619
378400,2047.473157472554
378800,2037.435395456231
379200,2013.960198179793
379600,2010.8834625750549
380000,2013.8645300978183
380400,2050.0263856995102
380800,2056.038696107158
381200,2046.7227397150727
381600,1653.6162387997858
382000,1372.9701897267953
382400,1988.5848506405016
382800,1796.5001494370024
383200,2002.8308028127144
383600,1986.577499843449
384000,2018.1127665404754
384400,2027.2310083513967
384800,1778.9019351623947
385200,2048.894502952718
385600,1824.983338851891
386000,2053.155391434032
386400,2014.340191290785
386800,2060.328975593005
387200,2058.848329588814
387600,1425.4303363710321
388000,2049.776530593848
388400,2068.8720289624666
388800,2023.829750246086
389200,2043.3111801363975
389600,2008.9508091102552
390000,2018.0173711144198
390400,1949.6745216597121
390800,2017.5199602561354
391200,2016.3674364001224
391600,2029.1161503799942
392000,2019.6288884845387
392400,2000.0096529474356
392800,2042.8864961681243
393200,1946.225908550922
393600,1857.1384302671643
394000,2024.9729759929394
394400,2041.8238167557504
394800,2025.7579723620636
395200,2071.5740967780475
395600,2032.5838560329637
396000,2085.991533899178
396400,2064.5233345604006
396800,2033.471912092966
397200,2073.8663307009438
397600,2033.188413780308
398000,2071.93198790634
398400,2050.311198476963
398800,2057.019549242699
399200,2074.545907795614
399600,2055.507661439476
400000,2059.69399188644
400400,2051.4899800650915
400800,2083.1143540071553
401200,2074.1707600281316
401600,2027.161248153723
402000,2071.368031827311
402400,2048.830857852121
402800,2081.704859538263
403200,2022.1443604375602
403600,2045.1707690104877
404000,2078.0197493492924
404400,2051.0553313230325
404800,2052.3171803239825
405200,2047.4543034229114
405600,2017.2918845169731
406000,2066.4901713222384
406400,2007.2129910798897
406800,2053.842324096856
407200,1984.4851488385523
407600,2009.3163407445245
408000,2070.2786273577226
408400,2041.3665000890685
408800,2037.545648426596
409200,2036.908309879588
409600,2044.1937361020293
410000,1955.0979244564435
410400,2072.819587115846
410800,2047.6430437667404
411200,2045.7694264852305
411600,2069.70800808329
412000,2062.5694156124996
412400,2050.4606253937677
412800,2027.0799822492993
413200,1986.1990737317465
413600,1689.3925190217005
414000,2056.051866397475
414400,2063.9770308650372
414800,2063.7207279618387
415200,1887.9049992471148
415600,2072.1344605075296
416000,1949.246868748679
416400,2053.5998591705875
416800,2033.8354718612766
417200,2046.4112086458072
417600,2026.7045285961285
418000,2078.4730102397853
418400,2049.155769231438
418800,2051.3403757092346
419200,2064.359178683756
419600,2051.5507893027775
420000,2083.4622851103613
420400,2055.6112763355995
420800,2082.0908424855893
421200,2043.3896623018434
421600,1072.4197464986191
422000,2035.0812625299084
422400,2085.488467856675
422800,2079.0316231426054
423200,2041.895777803984
423600,2106.305018725797
424000,2041.745416805608
424400,2059.1903093140368
424800,2048.37149480232
425200,2082.6822461304514
425600,2010.9883102247682
426000,1943.5667012013052
426400,2090.9186523446706
426800,2048.8346452502574
427200,2013.829640996571
427600,2070.182532671146
428000,1976.8546029038425
428400,2065.6651326955903
428800,2061.8435298840486
429200,2049.049959036721
429600,2070.5233392057085
430000,2029.3798575482463
430400,2061.2006142989403
430800,2071.278924387384
431200,2084.0765261866013
431600,1941.8451890190831
432000,1942.9689330585468
432400,2072.806687655407
432800,2078.2011277749275
433200,2022.0941270902342
433600,1976.1040531444671
434000,1964.422871726365
434400,2080.531004334764
434800,1981.5224406720326
435200,2074.632461484826
435600,2075.122632552492
436000,2024.2540499428442
436400,2071.4832473752085
436800,2055.308085586671
437200,2023.2735083075077
437600,2040.6633562098018
438000,2023.0435844677145
438400,2062.5795178456733
438800,2104.402866185707
439200,2060.9129290443107
439600,2067.841477446772
440000,1992.365214992839
440400,2015.1307548772982
440800,2033.415205518043
441200,2105.6051923955433
441600,2011.2506974683154
442000,2071.859425070378
442400,2077.764486756441
442800,2092.585504664023
443200,2068.7638594896157
443600,2092.360661266287
444000,2087.24295860268
444400,2102.697524390835
444800,2033.6912297415251
445200,2070.7365351107205
445600,2072.150676209051
446000,2015.7399507302337
446400,2016.337365900463
446800,2084.4768815703083
447200,2113.330267233301
447600,2090.373539005758
448000,1498.6883659844084
448400,2091.456635570018
448800,2009.8763595958671
449200,2027.6493741526808
449600,2105.9043449955348
450000,2000.0483434140917
450400,2086.321542256361
450800,2032.28588476835
451200,2086.722397533715
451600,2088.8203816668897
452000,2090.8315388820624
452400,2061.78084486485
452800,2080.3936811346603
453200,2067.3322342317606
453600,2040.5930660824863
454000,2099.3998144291936
454400,2104.226138953674
454800,2085.132467676494
455200,1898.1024738935532
455600,2073.923524589323
456000,2069.238965583473
456400,2045.6246918302195
456800,2067.9174061640124
457200,2082.265401052134
457600,2067.488753858263
458000,2077.9679393199376
458400,2086.4927478895943
458800,2071.8252787577617
459200,2062.3170950859153
459600,2089.8045104411603
460000,2081.9807922994273
460400,2073.7429027932867
460800,2090.283808354667
461200,2080.6715306544447
461600,2089.3931129176813
462000,2058.638643779826
462400,2073.668608329371
462800,2087.7457546317446
463200,2089.7732539832596
463600,1718.289742321397
464000,1933.0919686317225
464400,2071.1175740467634
464800,2072.905292797052
465200,2114.173886370998
465600,2056.421680566715
466000,2058.1969388159596
466400,2099.6622353897815
466800,2067.079033900952
467200,2071.946246813278
467600,2094.844991732169
468000,2064.9144850762364
468400,2101.2180540559266
468800,2051.491207828305
469200,2097.210029233609
469600,2076.5820058053946
470000,2089.873357558817
470400,2064.9864723191818
470800,2093.71143453773
471200,2042.28311866813
471600,2050.565232227829
472000,2053.030001560844
472400,2072.432096699653
472800,2045.194459281791
473200,2043.376458932419
473600,2045.150581013097
474000,2022.1949774927584
474400,2080.9776145242427
474800,2061.96509847132
475200,2050.8789190111165
475600,2090.353723274685
476000,2042.2463080275318
476400,2068.254786952347
476800,2068.9862656994183
477200,2092.4534705279298
477600,1111.4029466487752
478000,1857.9157661077609
478400,2090.7674077816855
478800,2059.1598066689776
479200,2108.741135550301
479600,2116.7781274517565
480000,2050.4275500107565
480400,2084.3500764516907
480800,2087.7997049930855
481200,2054.340858682353
481600,2031.295814632138
482000,1335.6827652127754
482400,2096.1139708812343
482800,2092.748757875969
483200,2024.8490074784534
483600,2092.5891788030813
484000,1560.1568751486795
484400,2102.6324762113686
484800,2094.0574598003645
485200,2071.3729919570123
485600,2097.163597749183
486000,2076.761398473972
486400,2055.5636776131455
486800,2072.2082388079425
487200,2097.862035512114
487600,2000.2620662535235
488000,2091.3047216939212
488400,2003.0294464029166
488800,2065.24489985937
489200,2069.7375372808656
489600,2066.3207124665023
490000,2051.8970417038
490400,2096.04607809565
490800,2096.38218159691
491200,2042.052794426083
491600,2043.0559545731285
492000,2084.9860938001707
492400,2092.956670407166
492800,2073.623446187508
493200,2079.8877699292034
493600,2067.3345946399877
494000,2096.736406258843
494400,2066.817160086331
494800,2067.259803323114
495200,2093.3951487088766
495600,1864.7076412665624
496000,2081.6267250963047
496400,2071.6357163051393
496800,2015.91766186517
497200,2112.812432207562
497600,2107.1075293661465
498000,2004.282080276487
498400,2106.3377440877302
498800,2086.0290651121186
499200,1828.9489713623282
499600,1153.2971306897548
500000,2069.308058600288
500400,1977.4762037304567
500800,2043.2925263786456
501200,2043.3242036642132
501600,2083.7821258002896
502000,2071.571051768378
502400,2049.0205485969864
502800,2090.7813616379112
503200,2082.3600702024087
503600,2090.066293843814
504000,2089.0544345074973
504400,2106.601281414231
504800,2066.4027463480797
505200,2029.4950723719319
505600,2068.4293676937036
506000,1770.6884036008469
506400,2099.652631280696
506800,2105.0589120201257
507200,2090.0198980828955
507600,2082.8569172935645
508000,1208.701541153964
508400,2066.600710269143
508800,2080.53980226661
509200,2067.9007025431874
509600,2079.747732698079
510000,2080.8524200554034
510400,2083.9389659502353
510800,2091.1277866184173
511200,1916.0574708736533
511600,2067.045970202105
512000,2099.420510297143
512400,2074.4089192538013
512800,2100.8324550440343
513200,2063.3645195385056
513600,1871.198293171835
514000,1415.6908103169433
514400,2093.7358655139165
514800,2019.0854534296777
515200,2023.757345891111
515600,1793.0159585187757
516000,2052.514018511115
516400,2089.651058203506
516800,1966.1899191775908
517200,2075.3524418227225
517600,2022.1774724254387
518000,1915.832217327329
518400,2026.9360021230393
518800,2087.860125094926
519200,2060.5176221705565
519600,2044.928561075891
520000,2065.581022911426
520400,1944.7171934104636
520800,2026.028931331195
521200,2085.09812544073
521600,1875.3471447692837
522000,2075.3844722986273
522400,1882.2881731298141
522800,1919.136584106651
523200,2070.9044725030776
523600,1923.6200958599363
524000,2077.6077607000207
524400,2081.927468872865
524800,1813.290401054883
525200,2070.26848443578
525600,2035.549026391405
526000,2083.542835549207
526400,1909.6440778388205
526800,2043.0146053641722
527200,2066.981775263256
527600,2074.9938022107344
528000,1892.9644692827312
528400,1890.5538436897168
528800,2082.094569261205
529200,2103.356683064708
529600,2069.9264838164
530000,2098.107132811963
530400,2035.5648613469057
530800,2057.5898156843095
531200,2075.7819867232447
531600,2088.267312898912
532000,2066.8334587656755
532400,2041.9862133013446
532800,2107.38961409301
533200,2057.178806698286
533600,2046.3545627884446
534000,2093.648774711391
534400,2096.55407420044
534800,2076.713226817971
535200,2038.2817282791243
535600,2059.263240778934
536000,2054.886307459408
536400,2053.698059155492
536800,2030.2898569647145
537200,2054.676901910492
537600,2086.850740987624
538000,2083.806444903514
538400,1670.990188937956
538800,1880.6778479574416
539200,1885.191998311416
539600,2067.9946667304425
540000,2086.5073605332486
540400,2093.4089553145463
540800,2070.610729357711
541200,1714.9810309938648
541600,2065.6029865767046
542000,1953.1071890297737
542400,2056.5872007234198
542800,2082.862857233755
543200,2087.425900302901
543600,2065.6884493187995
544000,2046.5594695496707
544400,2071.791571257561
544800,2098.611354596059
545200,2099.444291714289
545600,2050.2822394456502
546000,2046.871449053483
546400,2007.0115456344345
546800,1995.6149448181045
547200,2064.8131963796427
547600,2097.9621929474406
548000,1719.611035978412
548400,1959.1630195925216
548800,2082.587154714018
549200,2069.2274090468036
549600,1960.2716904397157
550000,2042.3596600453322
550400,2051.8488250713954
550800,2102.6398633329045
551200,2079.162505836045
551600,2060.4340660941834
552000,2104.7619198245557
552400,2082.437517754952
552800,2106.642582432002
553200,2087.4405459412123
553600,2097.850216445698
554000,2089.4228423478826
554400,2088.457683280301
554800,2090.8775911821767
555200,2098.948935604011
555600,2091.7121246312686
556000,2086.1847269313853
556400,2005.331405291052
556800,2037.2313568514098
557200,2087.1876943316925
557600,1878.8803193940794
558000,1944.7654567881953
558400,2088.20782336401
558800,1987.5315901671217
559200,2079.3948406417944
559600,2071.3762083665183
560000,1742.0842430521695
560400,2098.442179417902
560800,2000.3636042988444
561200,2098.7307596198248
561600,1973.2114377758003
562000,2097.0843882045597
562400,2069.084293848189
562800,2067.6200631531083
563200,2014.7479958648978
563600,2088.0818836888366
564000,2098.7931663356876
564400,2004.5271156261463
564800,2105.057714558341
565200,2083.4199560731076
565600,2114.202399077478
566000,2032.7396004158363
566400,2095.1385160464606
566800,2099.8739475289544
567200,2063.824152210796
567600,2085.917507427206
568000,1987.1767915657636
568400,2089.80250100311
568800,351.3799775917578
569200,2099.9211464878513
569600,2097.5629266777346
570000,2074.805873898503
570400,2071.030482111697
570800,1364.094253301782
571200,2077.2150835824677
571600,1939.0475586246255
572000,2084.2424879286173
572400,1987.3643539596405
572800,2095.7256835420785
573200,2060.1900783988613
573600,2004.9239769294536
574000,2087.8097599595094
574400,2049.7838075277714
574800,2057.0274164493653
575200,2071.764528189597
575600,2040.0079465175668
576000,2069.3162846045752
576400,2036.0841055853498
576800,2070.37509736908
577200,1997.2767426325295
577600,2077.4742873545742
578000,2024.5527340696406
578400,2042.690452699386
578800,2078.7166935193695
579200,2100.078315269822
579600,2067.9567647245526
580000,2042.6394350859566
580400,2064.91647045321
580800,2059.28070144198
581200,2063.393845728628
581600,2090.1889886400622
582000,2079.8620875890942
582400,2084.4373180328603
582800,2082.7826229709235
583200,2092.9007747374158
583600,2093.0479970576234
584000,2097.5276233479776
584400,2095.6282233812008
584800,2064.5318870571678
585200,2090.910243148252
585600,2085.1947105459085
586000,2106.1386083409543
586400,2099.144641984823
586800,2100.3617476198187
587200,2093.708011236778
587600,2096.58785208795
588000,2080.3366107776883
588400,2088.8093030524597
588800,2084.7175990413198
589200,2085.8442280744903
589600,2085.791838289922
590000,2090.3818271837913
590400,2098.6880854774445
590800,2073.9485652863596
591200,2082.477559178173
591600,1302.6218603705083
592000,2086.570723719994
592400,2101.844439078081
592800,2067.0724116315673
593200,2066.5378546867514
593600,2065.4866162123117
594000,2073.866131269049
594400,2087.263114251601
594800,2058.2014715895116
595200,2098.4760281350946
595600,2083.2482118504195
596000,2068.575404669172
596400,2085.420635190216
596800,2078.628377189388
597200,2070.027560638545
597600,2074.1845964276417
598000,2072.813456766253
598400,2069.1901044647043
598800,2058.6080888347115
599200,2065.404471248062
599600,2063.335677076382
600000,2105.6370973879148
600400,2081.1755795802787
600800,2066.2857244958054
601200,2074.2415261119863
601600,2061.3183138040713
602000,2080.6014529584445
602400,2074.626921258657
602800,2073.852799527379
603200,1791.0185333886297
603600,2055.866326174691
604000,2033.9522527537683
604400,2025.9480234174919
604800,2011.8764206887652
605200,2034.8463864500295
605600,2049.032479852963
606000,2074.9802149715033
606400,2106.8772647457167
606800,2038.4961480324969
607200,1989.062866080753
607600,2027.2416777766507
608000,2068.332717487957
608400,2056.280408973376
608800,1716.5719189283832
609200,2031.6337945346272
609600,2110.2144048775626
610000,2087.0775846541014
610400,2082.551628504813
610800,2028.7661402345627
611200,2053.4192880083096
611600,2084.3326244646414
612000,2087.708299159895
612400,1850.524759202736
612800,2088.111952432867
613200,2064.9442377229607
613600,2007.7458920643114
614000,2072.3763368787045
614400,2075.6643223906103
614800,2106.4941929481174
615200,2110.015873425197
615600,2052.1114970930466
616000,2084.4160271961873
616400,2073.5611445508066
616800,2055.488122242877
617200,2093.0140429005196
617600,2069.9645423380766
618000,2082.9342823836255
618400,2020.383921889472
618800,2101.8844431937187
619200,2028.2649215598378
619600,2085.306868196565
620000,2017.0449188471114
620400,2072.9607838682527
620800,2093.973324363516
621200,2087.913877699827
621600,2105.5352260065556
622000,2097.4314826598284
622400,2070.3165682231383
622800,2030.85598974305
623200,2087.902639640547
623600,2795.0549212650926
624000,1943.6480684069545
624400,1945.8876855053868
624800,2076.655599932971
625200,2011.9395524626884
625600,2082.4789997647913
626000,1970.529952935841
626400,2101.6761707934115
626800,2080.684087961656
627200,2033.5953821697872
627600,744.2478368911875
628000,1949.9591621494947
628400,532.2535776960272
628800,727.328691174444
629200,1307.25626812048
629600,1472.0810174023102
630000,2063.8817258824724
630400,2052.8451432174998
630800,2080.84024836532
631200,2107.81443089721
631600,2087.4122513214998
632000,2062.6477215528234
632400,1799.0502903325932
632800,2076.0110161460952
633200,2111.2875237435896
633600,1728.374036866829
634000,1250.8990233937893
634400,2069.3362488927537
634800,2059.5420731816453
635200,1979.7735235440289
635600,2066.466216742714
636000,2086.7370077183123
636400,2115.599754784649
636800,2071.657459790186
637200,1980.4761445031857
637600,2091.610483399886
638000,2079.8447610035796
638400,2100.5292628718025
638800,2065.351691775538
639200,2076.7288456208607
639600,2099.675396230312
640000,2088.0443634338585
640400,2111.024679828085
640800,2028.5337301804652
641200,2928.7575793253045
641600,2106.8118609789703
642000,2548.212282868828
642400,2079.7702549649657
642800,2108.17525180199
643200,2784.9807541218715
643600,2058.1855547978516
644000,2043.9381698824832
644400,3240.2801341937816
644800,2056.8667315114435
645200,2107.44497569393
645600,2051.5706850570364
646000,2107.8242729986428
646400,2056.7398424557664
646800,2079.1505204461373
647200,2059.9936523045694
647600,2066.134449960189
648000,2093.5449364930732
648400,1637.6285477418849
648800,2097.889931677153
649200,2068.738319053341
649600,2080.122626047276
650000,2065.3504799243988
650400,2060.132853557428
650800,2069.779291093089
651200,2050.0072773044253
651600,2016.3096164484991
652000,1375.9096995121047
652400,1402.026323546366
652800,2019.820192919308
653200,2039.268744268524
653600,2053.137010309466
654000,3209.7568200156875
654400,2425.5474582175207
654800,2045.8707716539973
655200,3317.4066151650118
655600,2028.33897848192
656000,1678.8876700743601
656400,3296.7874699182275
656800,2081.0181481932304
657200,2073.539511725217
657600,2035.0914801796707
658000,2097.6084005733583
658400,2022.3592019122984
658800,2078.2742088718
659200,1956.975147509209
659600,2075.766463005625
660000,2022.4175627401278
660400,2932.928205833208
660800,2086.640707372855
661200,2083.917198849849
661600,1997.4580728920655
662000,1859.4451371884616
662400,3191.249516911319
662800,2087.442334302035
663200,1791.0029234226854
663600,2096.540643820843
664000,2029.5482023083412
664400,1301.6756002289435
664800,2084.3463308867067
665200,1894.4255879304505
665600,1996.9571051073638
666000,1915.3309283186406
666400,2127.788123262338
666800,1951.3800858541135
667200,2082.9157278200278
667600,1956.2114501780582
668000,2122.4263775590152
668400,2007.19655553142
668800,1884.5059913471903
669200,2094.5519250773596
669600,2019.8757600796832
670000,1735.9582309010418
670400,2079.379800537611
670800,2106.752619927874
671200,3216.753124066388
671600,2064.294332578064
672000,2038.820193558994
672400,2085.1122780994083
672800,1027.272956811636
673200,3486.4765832034645
673600,2095.7277476485247
674000,2094.2300400525805
674400,2809.2812286313656
674800,2110.9980631092008
675200,2113.217753659659
675600,2775.134845118683
676000,2117.8867134976504
676400,3219.600890354565
676800,2026.3753418455285
677200,2114.6919576951436
677600,2090.5237167436403
678000,2118.2276775290215
678400,1791.6078519806188
678800,2096.4285398587103
679200,2092.0843421438567
679600,2056.2923107062243
680000,3217.010855172465
680400,2089.2693381379754
680800,2082.97300393502
681200,2088.2634024919894
681600,2079.169685486008
682000,2090.5320073069065
682400,2056.100170379841
682800,2055.6555535982084
683200,2087.3798430333973
683600,3218.64217390551
684000,2079.3322374531795
684400,3049.406313216594
684800,1729.5499016873603
685200,1944.997942585755
685600,2093.0037499080604
686000,3154.9755008039847
686400,3249.754453433995
686800,2105.5560648671058
687200,2052.1805419460493
687600,3172.6569008159554
688000,2029.9065092477356
688400,3182.27281373974
688800,2084.2421389870096
689200,2069.278117616768
689600,2052.902121840864
690000,2058.461877109457
690400,2019.7217218242743
690800,2020.0308874548075
691200,2031.401387952712
691600,2025.4691544418458
692000,1593.0838562849626
692400,2379.602600257661
692800,1442.2383929609348
693200,3198.523147382992
693600,2052.1514282577805
694000,3269.7349007334988
694400,1958.5937344552913
694800,1605.1129724702635
695200,3264.833566284021
695600,3173.277996297013
696000,1815.6192792022732
696400,3153.2068368133896
696800,3207.418451974995
697200,2026.4423317564454
697600,1562.7266589808028
698000,2011.8804628360201
698400,1361.3457562340955
698800,1791.3986271180445
699200,2050.181247880957
699600,2032.929400426019
700000,1563.6549812282913
700400,2004.5837529505775
700800,1406.2290405719964
701200,1341.7622700383233
701600,1963.6460498922836
702000,958.2999652460973
702400,2049.617066634785
702800,2058.664899875383
703200,2047.0321246507178
703600,2041.1844446539008
704000,2089.3737525000915
704400,2047.2395416098511
704800,1900.7851314348848
705200,2015.876344141289
705600,2051.814729931396
706000,494.25935715929296
706400,2011.1035597384086
706800,2005.8279700827372
707200,3293.5150339659635
707600,3279.7345182226454
708000,1973.8551161369573
708400,1997.6430046812677
708800,3094.650661577957
709200,1271.2521752878972
709600,3069.753855146495
710000,1586.905234596217
710400,3249.323036710957
710800,1959.8311558761634
711200,2003.689795049455
711600,1193.812097853879
712000,1862.870361378821
712400,3072.0136424422876
712800,2082.192608132756
713200,1804.9322514384014
713600,1714.093021668367
714000,2021.5493450923443
714400,2004.4688292901112
714800,2050.7781707470144
715200,2027.7938825577328
715600,2069.5068214903645
716000,2055.9045452152955
716400,2005.3840929154453
716800,2040.603505600736
717200,2082.519092594009
717600,2089.183926166596
718000,2035.7608538020263
718400,1952.79504259073
718800,1994.705703332341
719200,1999.2869928281848
719600,2088.3806541102786
720000,1979.3220085319579
720400,2041.5691725068104
720800,2052.0480284027462
721200,2025.8388944623748
721600,2029.0728779488059
722000,2029.838925996674
722400,1997.0742018328954
722800,2041.007271036639
723200,1922.931961874875
723600,1736.954076154524
724000,1916.4032103822306
724400,2514.3768379622106
724800,2024.082501343982
725200,2024.3890021559341
725600,2036.577569407176
726000,2057.119620599419
726400,2060.4463977947303
726800,2052.833516691191
727200,2033.8990406038188
727600,2084.9512096343833
728000,3231.1241873236204
728400,2184.408708187259
728800,2095.4692808546147
729200,2050.478743732688
729600,2125.0500064115336
730000,2105.0772139987525
730400,2042.2201599667192
730800,3055.468577643192
731200,1702.6424529996511
731600,2051.321955764049
732000,2885.6665607229725
732400,2081.103947358655
732800,2077.2285996636515
733200,2016.8218052359132
733600,2219.9235891763615
734000,2036.873499225418
734400,2010.2438213832665
734800,2207.9633778936786
735200,2057.730333723871
735600,2059.448122727929
736000,1970.7296202082587
736400,1830.0706635455747
736800,2054.206881413837
737200,1815.8617167226776
737600,1957.3652043973102
738000,2087.8342784504707
738400,1024.5056181525897
738800,2073.7551008342375
739200,1156.7231580915661
739600,1925.6743568087065
740000,2075.038474729254
740400,1932.9723872938953
740800,2046.4056554362917
741200,1861.892420938161
741600,3296.0002708782777
742000,1275.5950926442392
742400,1570.744830351737
742800,763.7091014343166
743200,2014.4399831866735
743600,3254.086959638675
744000,2239.759398277352
744400,2051.0655651303605
744800,1961.7389151025682
745200,2064.642764979237
745600,941.3620161610388
746000,1091.4628994763843
746400,2096.946275277486
746800,2074.8862457934783
747200,2066.1053272203635
747600,1244.6657650614725
748000,1972.8213742435028
748400,3236.8136890504456
748800,3215.653935933951
749200,2045.2497903439812
749600,2052.6771072985257
750000,1395.552752181397
750400,1984.0348001468624
750800,2029.397133959886
751200,1356.7425415310086
751600,3337.544851405844
752000,1917.7115372175565
752400,1130.7999153853739
752800,1949.4656800180173
753200,2047.7695050761029
753600,3309.6154755355697
754000,2007.0005272479602
754400,1951.469418981174
754800,1831.6718321196558
755200,1785.361650840985
755600,1797.7081103552287
756000,2004.16774157976
756400,2004.0993721824507
756800,1997.2987201399737
757200,2015.9317640454844
757600,1991.97231373911
758000,3246.401185279208
758400,2026.0130587295096
758800,1748.3705347202883
759200,3232.092063869719
759600,2085.610630619442
760000,2070.492402175565
760400,2044.3908475122746
760800,1177.3713977582904
761200,1276.5693509441417
761600,1353.3770398206038
762000,1700.7849723261843
762400,1993.0135886594298
762800,1728.3636880970125
763200,2037.943762437328
763600,1531.3630300067973
764000,1746.8296360391766
764400,1328.1142094146574
764800,2078.807702220089
765200,1909.0706002933734
765600,1878.899472266686
766000,2048.722485857755
766400,2080.006370192597
766800,3397.400356969828
767200,1913.3593818780068
767600,1997.6792570773923
768000,1951.6632388098574
768400,3248.0575423889204
768800,3243.7070571322447
769200,2090.4795731495615
769600,2023.0649054817975
770000,3332.4020925492073
770400,2060.613432506039
770800,1845.0745803537209
771200,3341.9871738103557
771600,3351.682683878514
772000,1744.5391733941224
772400,3335.238773431808
772800,3264.326512559853
773200,1971.6754473617423
773600,1724.494490541525
774000,2095.5412497341963
774400,2816.8323955156266
774800,2086.976105239062
775200,1992.6545719311625
775600,3278.0589641181755
776000,1997.5573383285487
776400,2026.757164077266
776800,1998.2064955900373
777200,2053.329272021844
777600,3356.360023255296
778000,2068.2324342028605
778400,2070.9254477067466
778800,2038.761334623763
779200,2011.9502923498708
779600,2071.1687462686155
780000,2015.5179527424843
780400,3329.9549437134924
780800,2053.3316231871
781200,3366.054341906342
781600,3245.2719220084778
782000,3341.658996575706
782400,1956.4864762758127
782800,3300.9529609816113
783200,2059.2941705878106
783600,1659.961550252409
784000,2000.7512735336718
784400,2004.8897986180364
784800,3365.8643752051653
785200,2049.5360635630027
785600,2079.735080703184
786000,3369.4149266604672
786400,1989.2288909248746
786800,3019.3736628547335
787200,1811.6614547026068
787600,3286.8008682290642
788000,3324.249558625178
788400,919.9653231079266
788800,2067.078713087623
789200,3413.3867929309854
789600,2015.2712228387338
790000,2037.6071258222555
790400,2081.437994053185
790800,3362.6885790156553
791200,1968.257699699189
791600,1940.379638923067
792000,3366.636809570462
792400,3381.7240647568533
792800,3340.9179647745314
793200,2915.1847418126745
793600,1784.3197925204365
794000,3238.2312146275162
794400,2103.147053814303
794800,2034.8630350065528
795200,2083.9546435685534
795600,2973.0951056348604
796000,3234.9195027380915
796400,1469.8062520656533
796800,3153.0290561931765
797200,1405.9781042135862
797600,1972.8773847271202
798000,3330.8973856942603
798400,2102.5281390592286
798800,2018.8956358157518
799200,3269.8831280158324
799600,3185.753051462176
800000,1908.6350054372813
800400,2903.6198392320157
800800,1870.2766726445543
801200,1870.0997654765652
801600,3431.5787919760496
802000,2079.393213555845
802400,1856.9276317800256
802800,1902.7082462128274
803200,2064.764468660976
803600,3202.744950007425
804000,3209.1416071245158
804400,3205.1568213669216
804800,3183.3062953388794
805200,3138.066487790883
805600,3238.6278815879505
806000,3176.0553124979783
806400,3343.15134465867
806800,3349.4777125230307
807200,3425.170803497608
807600,3244.875395078072
808000,3360.8447360567475
808400,3283.3529714398082
808800,3388.227213054165
809200,3423.331069604889
809600,2884.972141592149
810000,3309.4284147134026
810400,3457.8652437043515
810800,2020.7170997274925
811200,1064.7865720593365
811600,3372.255290265403
812000,3604.09886749734
812400,3375.8235640470793
812800,3559.5618652476805
813200,3346.214476045667
813600,3280.279376647484
814000,3676.7281055539147
814400,2489.451865388156
814800,3445.957866578909
815200,3341.4204487144707
815600,3579.6416391442217
816000,3471.067942877039
816400,3583.6925214383227
816800,3273.949577337533
817200,3599.4759564042997
817600,3591.1713022039917
818000,3592.220642384756
818400,1972.5886755041724
818800,3403.2523164655586
819200,3265.6149016129602
819600,2404.744656751627
820000,3611.5131322042753
820400,3407.9178194440565
820800,1869.0241635875645
821200,2025.4226779339785
821600,3443.9424755431914
822000,1851.5050959318007
822400,3014.6646283150117
822800,3421.2556410321467
823200,2074.521135816181
823600,3278.684655942799
824000,3221.7190556330647
824400,3564.9744043103246
824800,3217.2636173619567
825200,3277.3353159361895
825600,3235.326325659927
826000,3179.33536146219
826400,3448.5829407720735
826800,3421.5395703934314
827200,3012.8054121172618
827600,3454.4672232649314
828000,3390.4004579750895
828400,2406.3521371936336
828800,3487.0188906146223
829200,1946.2131997925937
829600,1743.2790085581871
830000,3568.7866556500185
830400,3676.842447813937
830800,3593.0401186742256
831200,1698.996701367557
831600,3561.2953692640667
832000,3657.94796721265
832400,3552.9849715936207
832800,3169.101765271999
833200,2289.9008092625986
833600,3460.4471645110707
834000,3569.809480682196
834400,3329.2418759828797
834800,3522.385781127163
835200,3589.911564334729
835600,3529.76489275987
836000,1978.543380783533
836400,2910.6681437422358
836800,3470.5988071583533
837200,3537.6057788183857
837600,1918.3589361019378
838000,3646.179167142343
838400,3507.064079472049
838800,3508.6405123115196
839200,1884.2185593237566
839600,3548.0468570301946
840000,3603.7328088117542
840400,3517.115134319818
840800,3399.574430134492
841200,3466.8336945204355
841600,3387.155942821441
842000,3429.426364844588
842400,3213.915397044025
842800,3451.7976736331334
843200,2045.3278759760783
843600,3460.858818932515
844000,2400.651371251845
844400,3373.25883191126
844800,1959.5071111561306
845200,2043.3060400775003
845600,3568.054592762192
846000,3599.6933319196883
846400,3590.894578575117
846800,3433.3894802740133
847200,3244.7523556739434
847600,2270.9611920332486
848000,3609.7768939611824
848400,3344.1158965777595
848800,3544.703439927669
849200,2026.9490346841783
849600,3401.6725396043275
850000,1685.2696723400152
850400,468.8579156329521
850800,3571.69528952405
851200,3547.2314108106057
851600,3471.5605984639924
852000,3210.318573031286
852400,3333.914281572838
852800,3429.5702640646928
853200,1898.4050235129187
853600,3455.773232303603
854000,2017.3346390923718
854400,2647.967963263528
854800,3503.1746833339125
855200,3502.0692103828183
855600,3492.875221787651
856000,3527.54905353511
856400,2655.961335438445
856800,3292.6634394958246
857200,3346.0935372044523
857600,3539.4658091315905
858000,2050.8946437331065
858400,1923.7472350306919
858800,2019.0942888144607
859200,3453.7747552229253
859600,3524.326725004539
860000,1978.6854363150185
860400,1629.238894953053
860800,3478.923505810233
861200,3247.6545465789527
861600,1720.7907424235557
862000,3187.4721999762296
862400,1731.140151503195
862800,3389.243265686693
863200,3288.919413490362
863600,3543.2836835733397
864000,3539.462927116136
864400,3456.8497007779324
864800,1383.6905490512584
865200,3328.033969941859
865600,1840.5982043794436
866000,3408.59273777297
866400,3490.535116663514
866800,2129.0706422287294
867200,3582.085289903415
867600,3385.9269158053075
868000,3538.8134978681733
868400,3559.6821528139517
868800,3525.5650223710763
869200,1819.5314524464034
869600,1757.777787067061
870000,3201.4239234451898
870400,3095.9059125532103
870800,3625.42346844515
871200,3583.266392697917
871600,3550.1916204373406
872000,3563.692269108342
872400,3639.054338739075
872800,3407.140450351286
873200,3601.2360251171435
873600,3296.3031181799934
874000,3505.9216403868922
874400,3498.129764717645
874800,3498.575461741747
875200,3652.4222366037675
875600,3520.457437403228
876000,2151.3541080974865
876400,3447.8788066937914
876800,3509.5894271602924
877200,3426.6505692347887
877600,3297.656500411787
878000,3417.201659312196
878400,3651.2558424458975
878800,1519.5117846770586
879200,3498.179118150853
879600,3577.7464649701587
880000,3542.7924680833307
880400,3483.218900653438
880800,3526.045035525032
881200,1542.228860074122
881600,3420.8175062893342
882000,3579.6313550228583
882400,2107.1779998528705
882800,1674.922468404682
883200,1759.0427328877402
883600,3517.382584667441
884000,3508.0948167852266
884400,3347.1172270349916
884800,3628.604960205266
885200,1783.8447284681138
885600,3599.7932184935785
886000,3610.23907210682
886400,3484.734461246419
886800,3503.3188551846583
887200,3508.193848313271
887600,3561.3911735645793
888000,3471.617169861867
888400,3532.814354958559
888800,3650.9118922469665
889200,3542.0139444494084
889600,3589.364651106965
890000,3595.810457003889
890400,3605.696772689883
890800,3613.424794560185
891200,3431.50195490156
891600,3532.278673800633
892000,3519.9527440306656
892400,3615.502836944702
892800,3512.3051894848372
893200,3543.40157451227
893600,3651.7780709125673
894000,3545.4641879926507
894400,3555.614739235576
894800,3503.666693479023
895200,3587.0873288153216
895600,3551.6448236218175
896000,3543.1305815104115
896400,3529.957443988195
896800,3617.809258923111
897200,3652.223378166381
897600,3648.1480357289406
898000,3537.519694006184
898400,3636.452350339636
898800,3507.316892231946
899200,3598.5504341772803
899600,3487.62880768008
900000,3645.4890813377583
900400,3584.4670649820964
900800,3528.655570302934
901200,3431.1962211473365
901600,3575.3278168551587
902000,3519.7198022284188
902400,3579.49021605958
902800,3612.98607825318
903200,3602.5701867178805
903600,3604.065235916882
904000,3698.60424132616
904400,3491.7762386614686
904800,3439.8117836734777
905200,3406.007661511158
905600,3335.9755794696193
906000,3588.0163012712246
906400,3651.653286293025
906800,3468.7129881313745
907200,3547.9045344001543
907600,3647.626767254831
908000,3563.875597147225
908400,3512.099699925674
908800,3339.2088022855314
909200,3553.833978315608
909600,3647.4582708129733
910000,3534.1485359813673
910400,3637.5730034360545
910800,3529.927061406321
911200,3551.6694543659796
911600,3594.3377847479132
912000,3626.6076577206723
912400,3611.470033695028
912800,3644.0013579907572
913200,3661.136182873354
913600,3464.640706531623
914000,3506.173902201137
914400,3617.7072899479085
914800,3569.453147226344
915200,3550.288125256231
915600,3578.493754228297
916000,3518.851574153149
916400,3620.610827006913
916800,3518.0809907131265
917200,3466.0532405770546
917600,3583.9641795545213
918000,3562.4013541181953
918400,3448.1679218844324
918800,3419.3570973500705
919200,3589.4929453253653
919600,3580.3594073449085
920000,3604.203013963467
920400,3468.2161077023065
920800,3554.9037182068287
921200,3561.919119556902
921600,3552.4969979891216
922000,3707.464337091012
922400,3567.8546074061933
922800,3517.8090546175254
923200,3563.4243905484227
923600,3485.275306721308
924000,3356.8369948402164
924400,3638.319515201243
924800,3525.7475219802614
925200,3618.9638641917436
925600,3532.6176725327578
926000,3713.7366674305
926400,3575.039212224673
926800,3700.227847328645
927200,3630.774747382003
927600,3348.8091637413704
928000,3672.5138593389515
928400,3719.5000456818666
928800,3615.2010130603153
929200,3616.908051681541
929600,3618.7256119257277
930000,3668.98943744368
930400,3587.54051371783
930800,2031.0386117345367
931200,3501.1370140672693
931600,3547.0382512828205
932000,3637.8051304524033
932400,3563.1631850332788
932800,3614.3342693705854
933200,3637.855274131182
933600,3613.067610261735
934000,3632.761343909375
934400,3622.295480092944
934800,3682.25726890306
935200,3580.7371437782463
935600,3595.6606530145446
936000,3617.501117984427
936400,3602.834829684945
936800,3582.896693028158
937200,3609.557602790016
937600,3599.5215801282243
938000,3620.379545949607
938400,3501.835755656181
938800,3630.429316086226
939200,3624.080200560108
939600,3653.1891006903415
940000,3672.5655751482673
940400,3680.31405272886
940800,3547.206220247656
941200,3492.875320217939
941600,3575.0157910268645
942000,2311.2734846694443
942400,3620.914926299018
942800,3612.3794875719796
943200,3633.605933643935
943600,3012.9231377952883
944000,3602.641985968344
944400,3659.2863520174114
944800,3646.6256604147275
945200,3662.608367847004
945600,3554.443570051727
946000,3649.724119669656
946400,3612.4473009936055
946800,3628.2767458406365
947200,3687.9186051106603
947600,3624.5875864650457
948000,3357.5905075352953
948400,3314.5310955827235
948800,3683.4087464165796
949200,3636.495441706662
949600,3560.434013732172
950000,3544.04692924759
950400,3531.1011171279365
950800,2964.891989498404
951200,3459.941254402745
951600,3603.853366912459
952000,3636.0608750939873
952400,3401.5879908155416
952800,3602.5848348304494
953200,3666.995399202039
953600,3690.3871229125825
954000,2955.0971668532943
954400,3630.9688975415697
954800,3630.6093915064143
955200,2992.2578778814764
955600,3615.306399252741
956000,3493.500750417865
956400,3478.444493076863
956800,3572.157819001535
957200,3693.4579940110953
957600,3595.583689574465
958000,3591.041579994832
958400,3630.6157529009524
958800,3435.9919275075554
959200,3656.37443493515
959600,3634.1787731467316
960000,3442.866269399166
960400,3600.8731330408496
960800,3674.142715066864
961200,3040.578567134209
961600,3688.2096055773736
962000,3667.8531529540287
962400,3637.8459424669204
962800,3670.482696218031
963200,3644.9104734501148
963600,1431.0051009339995
964000,3557.1639821223976
964400,2199.7823165584787
964800,3512.1883363289353
965200,3533.502333038021
965600,3635.211573967192
966000,3686.7657486781736
966400,3737.4348652601057
966800,3651.9610546190424
967200,3666.0750712080503
967600,3487.6042354966007
968000,3624.826181052831
968400,3684.155682675411
968800,3572.2446818439694
969200,3621.3866006457174
969600,3618.6472665037495
970000,3632.2444691875285
970400,3609.1625711675642
970800,3664.8326116760722
971200,3599.66264367248
971600,3649.2672692181886
972000,3689.881509589727
972400,3614.16006227824
972800,3573.9568030566097
973200,3672.3434929994755
973600,3653.7525788988214
974000,1610.8453256892672
974400,3600.0801874216236
974800,3705.824500070533
975200,3717.5767478367657
975600,2446.6847730882187
976000,3628.1804891663246
976400,3692.8059787019183
976800,3648.183999920781
977200,1717.0876148560028
977600,3690.182889398838
978000,3135.8208398661554
978400,3562.362116283551
978800,3688.296007647346
979200,3000.8401231037856
979600,3649.23593940856
980000,3614.373363539304
980400,3625.3892327716635
980800,3576.8453088637866
981200,3662.003899317413
981600,3689.98329284662
982000,3681.4373411870756
982400,3636.953546507072
982800,3657.1062859115996
983200,3662.443821989692
983600,3645.968681472624
984000,3617.432830184337
984400,3551.656255369833
984800,3687.381152632366
985200,3706.9419807303125
985600,3709.170741360768
986000,3653.494972456346
986400,3672.1404234907245
986800,3644.1774788864086
987200,3470.2034131367636
987600,3615.4294973401693
988000,3512.4954001797773
988400,3659.1157043119206
988800,3701.046693531558
989200,3704.199263525583
989600,3614.6148228175944
990000,3327.127669501245
990400,3696.7290726842407
990800,3721.087564737455
991200,3731.1543211146104
991600,3648.0771395742295
992000,3361.3336827354146
992400,3599.4606528041354
992800,3699.785991189544
993200,3602.3838197480036
993600,3687.7031651735347
994000,3696.724244193607
994400,3693.140144878693
994800,3623.2511269025526
995200,3698.0548145166713
995600,3486.792311783448
996000,3624.655384014024
996400,3707.611936130957
996800,3612.947953812673
997200,3658.1702666816946
997600,3649.930935490088
998000,3614.440182766686
998400,3452.215921707858
998800,3534.0014230673523
999200,3724.646924448781
999600,3634.376125036241
1000000,3710.367161125953
1000400,3655.2752698956356
1000800,3705.6778910074395
1001200,3473.9318305073866
1001600,3665.3674721847165
1002000,3673.548210393501
1002400,3701.9621895951013
1002800,3656.54361940292
1003200,3684.629728128556
1003600,3707.0019675201047
1004000,3652.0966822812507
1004400,3652.448912872546
1004800,3677.4396287214786
1005200,3732.402201543072
1005600,3712.622980854533
1006000,3664.8835636657454
1006400,3685.7708038336536
1006800,3653.1671527848216
1007200,3734.0485406050393
1007600,3712.584210943468
1008000,3631.839985818633
1008400,3709.2467860740435
1008800,3708.6606071455635
1009200,3584.572976215534
1009600,3702.6672254041096
1010000,3623.4114374991796
1010400,3717.0110141472273
1010800,3721.7657593108806
1011200,3542.378630252144
1011600,3643.2547706488967
1012000,3639.8668070312824
1012400,3620.5795344035387
1012800,3626.913880887319
1013200,3537.4398640397553
1013600,3674.427275321163
1014000,3744.2742677584565
1014400,3666.2490073462154
1014800,3701.5108863045807
1015200,3674.1189806513485
1015600,3661.8921021570695
1016000,3665.38544840608
1016400,3737.578994187361
1016800,3677.4974242192548
1017200,3622.423364968818
1017600,3254.813494698906
1018000,3707.0042128002774
1018400,3591.651935710656
1018800,3684.876369017959
1019200,3711.6366977274893
1019600,3733.318920224865
1020000,3721.8391752968
1020400,3667.8909760831334
1020800,3726.8254627066894
1021200,3732.1194297778443
1021600,3607.0973789709687
1022000,3660.3375720488852
1022400,505.0311049371063
1022800,3663.886999860639
1023200,1237.3059194675898
1023600,3636.213723602927
1024000,3702.3145851192326
1024400,3671.1654158024103
1024800,3688.3379582655057
1025200,937.637278736399
1025600,3448.9658413846546
1026000,3681.038927896514
1026400,3626.9653179321085
1026800,3707.0063262177273
1027200,3651.7566624453966
1027600,3672.4594674517803
1028000,3692.303379637698
1028400,3684.24926694114
1028800,3302.0535610562824
1029200,3637.6700457104594
1029600,3588.3459385638075
1030000,3622.9769424352276
1030400,3718.7742396551903
1030800,3716.5022977350764
1031200,3295.404010267699
1031600,2150.547387892178
1032000,3430.474235699859
1032400,3678.484179390704
1032800,3639.5190649794586
1033200,3582.869072638671
1033600,3633.6386411452595
1034000,3719.088916551652
1034400,3641.9992447630243
1034800,3722.0589816192487
1035200,3699.586824968437
1035600,3690.579866659868
1036000,3693.222065029168
1036400,3644.417493469816
1036800,3629.501603496561
1037200,3686.1561724105713
1037600,3595.565608358069
1038000,3686.5813041268684
1038400,3718.8700604797978
1038800,3317.004740789373
1039200,649.6922506148926
1039600,3480.7516549684115
1040000,3683.9244914043597
1040400,3647.186393775839
1040800,3650.6452512257883
1041200,3701.3920792659983
1041600,3712.120436243093
1042000,3639.588507266755
1042400,3701.200484365121
1042800,3706.2234821954708
1043200,3350.493059682904
1043600,3767.559072978824
1044000,3621.550569325987
1044400,3634.275167419505
1044800,3161.974089926365
1045200,1895.876370916344
1045600,3636.6240331325457
1046000,3683.3905998753266
1046400,3693.0573492674994
1046800,3337.6155886590386
1047200,3677.51590755663
1047600,3674.3557004117224
1048000,3771.1608548794075
1048400,3759.1713360131666
1048800,3180.539027256453
1049200,3561.035455122555
1049600,3701.6848731079463
1050000,3718.223346171806
1050400,3589.6448570275293
1050800,2500.6489108713536
1051200,3740.895383635632
1051600,2981.8986475593592
1052000,3398.4859939947546
1052400,3723.4583915351104
1052800,3528.481325068418
1053200,3719.8455094670007
1053600,3294.9452644218823
1054000,3697.6964949620187
1054400,3702.7309670071036
1054800,3713.6176336572275
1055200,3705.3658784187924
1055600,3561.204284124593
1056000,3667.5957386086448
1056400,3731.455097219449
1056800,3708.336732706459
1057200,3685.5091445020043
1057600,3664.059788777001
1058000,3742.2155773314453
1058400,3758.9841287168047
1058800,3620.9115765759334
1059200,3629.0699701824865
1059600,3255.940402508491
1060000,3684.617661324459
1060400,3645.690080130853
1060800,591.9549396406592
1061200,3730.320214323931
1061600,2833.649257645738
1062000,3581.1509054145595
1062400,3564.584643602229
1062800,3674.510789481942
1063200,3722.398362767939
1063600,3741.7772886287134
1064000,3533.4281502312006
1064400,3746.2667270493616
1064800,3424.01681377512
1065200,3653.8267897757137
1065600,3435.2700468825387
1066000,3582.824740459622
1066400,3596.0083568936448
1066800,3653.7224938167788
1067200,3505.555167358223
1067600,3548.3746972655695
1068000,3624.6692910487745
1068400,3508.663309586504
1068800,3709.5809277402604
1069200,3463.4375369609124
1069600,3619.404177362053
1070000,908.1466924776896
1070400,3680.0172109419636
1070800,3563.2488985436025
1071200,3610.2809403238507
1071600,3677.146247264052
1072000,3680.9106187401026
1072400,3669.65427136176
1072800,3567.074413216582
1073200,3310.832224015151
1073600,3613.2815872601577
1074000,3626.572038348584
1074400,3693.2338465857083
1074800,3689.5802988139803
1075200,3648.1732954011627
1075600,3652.7855072997313
1076000,3619.7120023247944
1076400,3689.9810129326265
1076800,3706.52402978398
1077200,3650.8826429882006
1077600,3728.648821531617
1078000,3554.8589326395413
1078400,3713.36618716722
1078800,3600.5709033525877
1079200,3571.1034309693114
1079600,3520.157224445307
1080000,3712.8554917004362
1080400,2514.0828791492645
1080800,3729.660160354225
1081200,3644.862329521654
1081600,3736.673805580711
1082000,3739.3385902714535
1082400,3735.636468985467
1082800,3716.4619001891706
1083200,3726.47823130462
1083600,3686.401690817681
1084000,3662.5494777463873
1084400,3658.272142437497
1084800,3422.7937322721905
1085200,3568.795171522643
1085600,3609.8361821634803
1086000,3586.898335025032
1086400,3377.765365813231
1086800,982.7337567648619
1087200,3493.609607620391
1087600,3612.2634462241713
1088000,3582.8211523646696
1088400,3519.6493067438832
1088800,3494.201343077581
1089200,3723.9071961274676
1089600,3467.5498199368576
1090000,3514.250791362526
1090400,3317.1616582790066
1090800,3235.020957461869
1091200,3106.581850159419
1091600,3540.390405290778
1092000,3405.1463237730773
1092400,3619.561362689185
1092800,3552.530695495332
1093200,3464.0308645678924
1093600,3482.750729791636
1094000,2783.7033885413225
1094400,3558.774863079006
1094800,3500.047785721739
1095200,3584.248539463621
1095600,3634.256013914657
1096000,3684.6024688748566
1096400,3547.112708971202
1096800,2326.4217793055955
1097200,3506.168002491932
1097600,3694.8253630332993
1098000,3278.5631018720733
1098400,2645.273141651286
1098800,3688.097789971663
1099200,3279.50553060324
1099600,3656.898816191511
1100000,3637.5218796919207
1100400,3696.059762052003
1100800,3664.4760849662093
1101200,3629.365262365661
1101600,3691.5026005495015
1102000,3677.858718610417
1102400,3646.119095876229
1102800,3639.9489218899594
1103200,3690.3318051126307
1103600,3742.5766586106065
1104000,3751.0851245897047
1104400,3676.259968370397
1104800,3687.7809999525407
1105200,1928.7512421132362
1105600,3755.2999439958458
1106000,3731.883309079828
1106400,3686.810615942786
1106800,3738.6535684766995
1107200,3696.854279968052
1107600,3669.1382449447274
1108000,3741.2526597233723
1108400,3733.1718703794713
1108800,3754.5829698163284
1109200,3668.918391545301
1109600,3635.401441654556
1110000,3737.9595106525185
1110400,3753.04282980106
1110800,3671.1922424640416
1111200,3664.520658029918
1111600,3722.6656647525115
1112000,3730.203193207421
1112400,3778.336590546169
1112800,3691.6974489156855
1113200,3752.929243582429
1113600,1473.5932516135736
1114000,3669.3476658982454
1114400,3751.595587429678
1114800,3740.188623370074
1115200,3770.393617168314
1115600,1550.2615352820421
1116000,3724.720475715038
1116400,3716.255610521364
1116800,3760.902842092323
1117200,3732.116295504429
1117600,3764.546915308386
1118000,3729.2284729824123
1118400,3727.761307659223
1118800,3680.131095110877
1119200,3765.4123084824655
1119600,3730.335095361607
1120000,3767.9361390511217
1120400,3761.113943193
1120800,3640.2277660803884
1121200,3744.1507218482825
1121600,3612.0685713220005
1122000,3617.693996556177
1122400,3739.9423633963697
1122800,3759.4253634348233
1123200,3777.968667264204
1123600,3733.4162854875685
1124000,3603.544017753752
1124400,3697.4488402300503
1124800,3502.381352648454
1125200,3633.218208988278
1125600,3625.5893267107563
1126000,3681.0553625089415
1126400,3736.4800419817047
1126800,3727.1854429165414
1127200,3612.7532544796404
1127600,3751.0425671086664
1128000,3753.7458594616824
1128400,3607.7406230475954
1128800,3671.4311987029632
1129200,3734.2938542616675
1129600,3668.5721640941397
1130000,3637.169963244193
1130400,3665.619602710821
1130800,3701.2576589415535
1131200,3686.746617790253
1131600,3674.803671529896
1132000,3686.687740273584
1132400,3712.46866238701
1132800,3649.0300183819063
1133200,3513.0563571108746
1133600,3706.4159351907497
1134000,3607.2906985697637
1134400,3716.2357511521727
1134800,3685.6083340116484
1135200,3725.089299255463
1135600,3595.53545142222
1136000,3654.153666284274
1136400,3698.522564787163
1136800,3670.0895095531605
1137200,3666.481473668403
1137600,3722.6358777010055
1138000,3640.774905892528
1138400,3593.6279185775415
1138800,3598.6482502258996
1139200,3686.241364515162
1139600,3665.6630690430175
1140000,3769.274809451012
1140400,3696.459625391653
1140800,3647.6925001834466
1141200,3617.62220166894
1141600,3590.062167206753
1142000,3313.2888697513868
1142400,3777.1406595761873
1142800,3763.802746560855
1143200,3715.3765812483985
1143600,3636.9799257031905
1144000,494.196349413794
1144400,3658.1842093221967
1144800,3685.165133722311
1145200,3743.9590334535233
1145600,3749.7665939094445
1146000,3639.1331225953577
1146400,3761.2543415959194
1146800,719.4395151372794
1147200,3762.61562270533
1147600,3725.1482296141035
1148000,699.7121624844614
1148400,3726.553574829263
1148800,3752.670444763808
1149200,3767.6180604830924
1149600,3697.110234811678
1150000,3633.0165146311087
1150400,3666.925069372542
1150800,3732.3268228644774
1151200,3720.241000399801
1151600,3699.197265763347
1152000,1952.65608738941
1152400,3728.6792451126703
1152800,3764.8771718507437
1153200,3654.673833423814
1153600,3654.261072898746
1154000,3551.0612261729357
1154400,3664.2775284431204
1154800,3677.483321699858
1155200,3642.6727491422903
1155600,3723.082418095281
1156000,3737.127707040299
1156400,3644.5218274839185
1156800,3668.6205787870595
1157200,3689.5300993135766
1157600,3697.7871865332686
1158000,3691.243943060783
1158400,3727.9411581659815
1158800,3704.9211357146646
1159200,591.179912582261
1159600,3622.899861352424
1160000,3714.6392805054093
1160400,3705.851652231768
1160800,3271.449126254066
1161200,3638.0241031879036
1161600,3659.950667172862
1162000,3609.326747382488
1162400,3664.0960951381267
1162800,3681.1379357423075
1163200,3653.147058107013
1163600,3708.707289568864
1164000,3748.332488161186
1164400,3671.6387856445886
1164800,2733.3362561234853
1165200,3746.8180834622885
1165600,1169.394937474425
1166000,3675.2301028092734
1166400,3664.778203666858
1166800,3606.1929357517924
1167200,3727.2640396445468
1167600,3573.342395913991
1168000,3583.0470066572025
1168400,3765.209791457254
1168800,3617.364658919097
1169200,3724.890700709984
1169600,3698.4708658537597
1170000,3651.6539941897163
1170400,3725.9158301988623
1170800,3670.5921973109484
1171200,3690.0324761519614
1171600,3438.9579433313133
1172000,3706.7729794077145
1172400,3705.3426057716474
1172800,3662.259167289021
1173200,3649.7358739232327
1173600,3698.8715294385397
1174000,3688.2106444340984
1174400,3694.490073675468
1174800,3717.406212308015
1175200,3725.3340012728313
1175600,3715.0027408322594
1176000,805.6880145184413
1176400,1678.3259232944747
1176800,3694.0550686921847
1177200,3735.8069275747866
1177600,3698.347156099166
1178000,3684.4251035172315
1178400,3646.9365274900165
1178800,3284.869486721575
1179200,3724.059824668604
1179600,3339.968898401034
1180000,3674.620273082892
1180400,3444.777353157448
1180800,3674.8816477449727
1181200,3670.4530120734285
1181600,3740.3142603008514
1182000,3689.3218293020595
1182400,3738.512436824642
1182800,3682.002922326239
1183200,3640.7949613264054
1183600,3593.4799036795102
1184000,3689.802045483882
1184400,3717.431044709551
1184800,2806.461752555208
1185200,3711.2865164455766
1185600,3708.6576490125576
1186000,3467.0418097046177
1186400,3655.54388044613
1186800,3718.9881576664434
1187200,3730.5466348720015
1187600,3467.638923704968
1188000,705.6699271380592
1188400,3638.361432890866
1188800,3682.6474635763634
1189200,3695.8089900295377
1189600,3733.6693253768963
1190000,3720.5157624102044
1190400,3731.757225772552
1190800,3725.216515349217
1191200,3750.54475528183
1191600,3667.304778388775
1192000,3691.1204041039764
1192400,3747.1322101861424
1192800,3675.9177683068774
1193200,3744.665276427142
1193600,3727.773019161122
1194000,3513.3515579117147
1194400,3726.766699198914
1194800,3705.070390665406
1195200,3724.2464276282844
1195600,3676.2586271760138
1196000,3632.7472659281657
1196400,1191.7305773228115
1196800,3626.9570881981517
1197200,3771.20944170439
1197600,3696.152206467127
1198000,3679.2268508573343
1198400,3690.9407624963037
1198800,3732.5732414074714
1199200,3743.6558621658173
1199600,3708.056543962862
1200000,3685.039120451831
1200400,3622.466343198907
1200800,3673.3898857952954
1201200,3705.0228900819147
1201600,3740.822928746127
1202000,3686.1749740286673
1202400,3723.303183932008
1202800,3763.2583755798173
1203200,3708.338405594355
1203600,3652.0411967784344
1204000,3693.967537007471
1204400,3714.761991402489
1204800,3656.6737653061705
1205200,3678.052831057908
1205600,3746.3770045107576
1206000,3725.6317914834312
1206400,3696.0476720918473
1206800,3701.5842182172705
1207200,3723.8845332312367
1207600,3612.831809440361
1208000,3688.3160210435744
1208400,3743.214250194005
1208800,3658.031851216912
1209200,3708.716654986562
1209600,3769.9694062960484
1210000,3708.079996153049
1210400,3741.813157185414
1210800,3536.118054767672
1211200,3704.261350769908
1211600,3702.2314052281936
1212000,3588.3223235009505
1212400,3745.129431860704
1212800,3708.3540124693823
1213200,3676.9087239673354
1213600,3749.502706714368
1214000,3715.010011319731
1214400,3739.6414360584427
1214800,3758.4928782191573
1215200,3326.9279347864635
1215600,3785.7798081983096
1216000,3653.1063394537737
1216400,3734.382455794305
1216800,3730.9386255483437
1217200,3732.888324199545
1217600,3669.802418593997
1218000,3666.669614568036
1218400,3723.769799108125
1218800,3732.3483986103624
1219200,3722.9684504479233
1219600,3690.295707559435
1220000,3660.1683005160203
1220400,3737.0737117476847
1220800,3735.334832049578
1221200,1776.6690056526668
1221600,3738.5586313532667
1222000,3731.8029042822945
1222400,3697.7794874812507
1222800,3267.595267430472
1223200,3663.909173602727
1223600,3673.5928508574493
1224000,3700.1949217689526
1224400,3717.425110439233
1224800,3663.5223738836253
1225200,1968.1163874871309
1225600,3751.0478796119946
1226000,3780.397707632743
1226400,3671.7344557827914
1226800,3714.4326371657703
1227200,3697.5847457824348
1227600,3775.805867371177
1228000,3646.367714327722
1228400,3770.794305389592
1228800,3729.6021898482254
1229200,3673.0850827156796
1229600,3758.390776489986
1230000,3658.075088999006
1230400,3602.1752578503315
1230800,3693.6724464899935
1231200,3691.9986298223653
1231600,3711.0291108765846
1232000,3677.2396065059665
1232400,3751.4227338126434
1232800,3721.319922192235
1233200,3792.3451463625465
1233600,3792.617236113551
1234000,3669.6295743531023
1234400,3260.2081270086005
1234800,3660.442333898704
1235200,3772.9574814988778
1235600,3790.159833167234
1236000,3613.9846193949897
1236400,3697.61470755663
1236800,3699.62656570863
1237200,3707.1822199239646
1237600,3771.8957487402636
1238000,3679.27202046168
1238400,3715.9089184004924
1238800,3721.822582102269
1239200,3735.692810488425
1239600,3621.452869553207
1240000,3750.1847477439264
1240400,3745.438412435694
1240800,3757.086608642475
1241200,3617.590319267851
1241600,3679.803861501908
1242000,3731.828214144785
1242400,3729.127463085854
1242800,3646.7995590185683
1243200,3758.8984618222953
1243600,3746.839160045464
1244000,3745.120547665146
1244400,3670.177071250323
1244800,3739.873461759897
1245200,3722.9766768522522
1245600,3749.5328696142105
1246000,3647.182914427627
1246400,3719.851969576505
1246800,3635.6716008415333
1247200,3707.2816491501662
1247600,3557.3572007747307
1248000,3658.9596801122525
1248400,2045.9386206949807
1248800,3725.799647170433
1249200,3702.33986058539
1249600,3707.9512979652186
1250000,3679.420730255337
1250400,3686.492153189131
1250800,3758.8102561249134
1251200,3648.5230783436778
1251600,3607.2346150146404
1252000,3740.57160800234
1252400,3783.78752958031
1252800,3782.115008452834
1253200,3545.0644122248177
1253600,3787.563176212783
1254000,3535.849503639722
1254400,3565.9815130374673
1254800,3707.9388297058645
1255200,3725.533044032184
1255600,3777.7914109091316
1256000,3675.05820239848
1256400,3599.7921388282907
1256800,3702.596272746566
1257200,3733.240425796864
1257600,3598.8320972662705
1258000,3664.567718418068
1258400,3743.7399570429043
1258800,3711.8185261569847
1259200,3735.532827344438
1259600,3583.2174876246518
1260000,3689.9342855192763
1260400,3230.186577432767
1260800,3713.228962646936
1261200,3741.9254364437434
1261600,3615.919044665681
1262000,3725.497665276988
1262400,3637.234936479051
1262800,3680.8356608599233
1263200,3693.010352013252
1263600,3706.026880101299
1264000,3750.396806200858
1264400,3712.2105505570685
1264800,3635.966549334681
1265200,3746.1364432605415
1265600,3741.1930869183966
1266000,3726.785493906747
1266400,3689.5255135564444
1266800,3679.911898039899
1267200,3745.8556519352137
1267600,3735.779356899115
1268000,3757.706177400602
1268400,3577.4890826584337
1268800,3742.1573450327774
1269200,3730.081211052737
1269600,3702.83124459697
1270000,3708.490376326136
1270400,3723.472487364637
1270800,3696.8157769294558
1271200,3743.9066240809257
1271600,3730.5240388139796
1272000,3647.3918004898983
1272400,3740.4263285573984
1272800,3636.4362486612977
1273200,3670.807315239374
1273600,3749.226119030207
1274000,3691.45121722245
1274400,3614.1592775857594
1274800,3632.675305895157
1275200,3571.84584766742
1275600,3599.246884845619
1276000,3622.754343617312
1276400,3668.0120626052553
1276800,3694.3348199565357
1277200,3589.2222193766097
1277600,3667.0797235768105
1278000,3184.9270381079104
1278400,530.0855291057874
1278800,3723.856076816682
1279200,3663.2086664614517
1279600,3759.931519751202
1280000,3630.311628872524
1280400,3659.769946853292
1280800,3724.403587237987
1281200,3680.0617248942963
1281600,3647.9390276711715
1282000,3688.7633533968506
1282400,3693.1327072547692
1282800,3685.8154640164207
1283200,3730.8478479593628
1283600,3708.590412783137
1284000,3697.2114955358975
1284400,3661.0838818978887
1284800,3699.536682561033
1285200,3730.1409622065034
1285600,3684.278974420883
1286000,3689.7709164825565
1286400,3703.4426174839955
1286800,3732.4269526013436
1287200,3454.002177862286
1287600,3726.036464630014
1288000,3712.611856073454
1288400,3640.785506332527
1288800,3638.215023661048
1289200,3699.3661406541282
1289600,3721.930910473336
1290000,3657.6399752955717
1290400,3727.458627858272
1290800,1913.1386217896413
1291200,3663.3384606684385
1291600,1673.2677396732677
1292000,3725.6794959259823
1292400,3732.763279563526
1292800,3720.6454470280155
1293200,3609.8485336841395
1293600,3707.300323164021
1294000,3731.040609505844
1294400,3735.799682880742
1294800,3560.0909061588363
1295200,3714.60519558123
1295600,3690.2334337273073
1296000,3597.7211965180945
1296400,3616.0228287872137
1296800,3602.131421747319
1297200,3695.8952628113293
1297600,3703.092350991069
1298000,3755.940103653248
1298400,3727.842550054712
1298800,3745.205920529085
1299200,3673.8171652396377
1299600,3764.858552558595
1300000,3694.45945339358
1300400,3709.5402458512444
1300800,3738.404255504302
1301200,3738.930496325953
1301600,3066.023049721315
1302000,3451.666502801186
1302400,3725.3999283213457
1302800,3719.639445190078
1303200,3725.7203139148387
1303600,3587.037402669597
1304000,3725.942803799172
1304400,3741.500914891627
1304800,3373.6762588975826
1305200,3724.752458080985
1305600,641.461488669995
1306000,526.1900709106205
1306400,2042.5985813084048
1306800,3725.929442440498
1307200,3721.2650551115007
1307600,3738.6873363056975
1308000,3654.9228560653683
1308400,3550.1522272226
1308800,3616.1867011727745
1309200,3732.1824429635544
1309600,3701.6512688772286
1310000,3734.691356121753
1310400,3644.516566439817
1310800,3674.907344942629
1311200,3713.486658288846
1311600,3424.883816052995
1312000,3700.300975732987
1312400,3670.477630445597
1312800,3747.303168643554
1313200,3612.18355503663
1313600,3736.028372439741
1314000,3736.1415380245817
1314400,2292.921601957117
1314800,3704.8953535251794
1315200,3239.0922648135224
1315600,3662.881945249963
1316000,1328.2086992531008
1316400,3608.3210832015875
1316800,3635.353504596657
1317200,3705.6210535136584
1317600,3477.9384490253315
1318000,3582.4902880941027
1318400,3596.5920288431585
1318800,3632.2899798221474
1319200,3684.212542147055
1319600,3597.309235459777
1320000,3652.9871879579905
1320400,3522.2007129773456
1320800,3624.49373646753
1321200,2278.8335678964972
1321600,3719.0289284118235
1322000,3504.9114746562304
1322400,3697.6418075461243
1322800,3594.5939862323007
1323200,3774.2140097440033
1323600,3639.6956159258275
1324000,3665.3935567987037
1324400,3705.0137886458683
1324800,3674.215532114373
1325200,3764.88880776751
1325600,3719.6717438267638
1326000,3446.70371286355
1326400,3760.0258462947836
1326800,3705.6136397580335
1327200,3709.473456190452
1327600,3655.7660439805604
1328000,3727.854977455102
1328400,3690.285425024477
1328800,3679.9998998166084
1329200,3669.408704591223
1329600,3718.8191246106117
1330000,3698.6663752228105
1330400,3745.7464911791035
1330800,3730.0592185244427
1331200,3766.98437654348
1331600,3714.431468064694
1332000,3645.679380992754
1332400,3579.4905547615185
1332800,1627.0462732019944
1333200,3523.9816669047127
1333600,3567.316475293413
1334000,3767.704887301488
1334400,3704.7409997328637
1334800,2078.1243508755583
1335200,3775.66452447857
1335600,3765.590628481786
1336000,3624.721465717461
1336400,1712.770992229111
1336800,3636.6112492008015
1337200,3747.201252280727
1337600,3700.485739359347
1338000,3720.959119996726
1338400,3732.9987414171374
1338800,3506.008485074533
1339200,3342.1013212020257
1339600,3382.4890197125146
1340000,3740.809584480267
1340400,3741.9836776073334
1340800,3529.227124097796
1341200,3604.9972639331304
1341600,3557.000646810905
1342000,3654.8879435139734
1342400,3682.0170835931344
1342800,3703.4482689006436
1343200,3732.5694707759335
1343600,3691.4106696838003
1344000,3578.13276176746
1344400,2157.1559080307793
1344800,3572.714922389372
1345200,3722.6293759993364
1345600,3401.817213112268
1346000,3732.7947954429524
1346400,3690.3395788710136
1346800,3631.6217450794848
1347200,3698.9135738886
1347600,3696.393103003103
1348000,781.2989887130566
1348400,3661.317166114044
1348800,3676.02990917673
1349200,3755.883113530837
1349600,3304.2519226933723
1350000,3646.3970727494966
1350400,3697.6195284125442
1350800,3719.4272252700716
1351200,1375.7466318243726
1351600,3750.293856117879
1352000,3691.2864705832044
1352400,3711.1596748342595
1352800,3647.7248011461347
1353200,3673.65836335049
1353600,3596.8201863192935
1354000,3218.966270690076
1354400,3739.448419594243
1354800,3746.8997433735335
1355200,3759.2524584693315
1355600,3744.9121905487677
1356000,3741.326832159993
1356400,3655.358227091909
1356800,3676.7979385598487
1357200,3678.4684823723737
1357600,3588.5766925555836
1358000,3721.1537946389267
1358400,3670.957560386912
1358800,3629.014100340006
1359200,3577.310697570211
1359600,3749.738750035566
1360000,3762.148815668322
1360400,3500.0425243217746
1360800,3648.7694713945375
1361200,3704.361455914497
1361600,958.2713253902829
1362000,2424.2640351008185
1362400,3375.089991692909
1362800,3723.341226149676
1363200,3441.552035919149
1363600,3681.5053054824116
1364000,3656.1417567098874
1364400,3679.9581383540567
1364800,3604.2336563946965
1365200,3128.601969476612
1365600,3209.765369713994
1366000,3702.2106313389313
1366400,3496.7575864547466
1366800,3646.617284243008
1367200,3545.9993519829186
1367600,3379.3662721733476
1368000,3507.745332261243
1368400,3702.237498746199
1368800,3552.4040544857444
1369200,3601.238945555844
1369600,3352.9018734648225
1370000,3619.9179170058346
1370400,3396.104281086638
1370800,3537.5838409403905
1371200,3546.2149395266874
1371600,3584.545415899287
1372000,3557.6574493965704
1372400,3450.034090958116
1372800,3326.061153287565
1373200,3514.4447961966644
1373600,3628.9643496693925
1374000,3678.373458114486
1374400,3583.3410379198017
1374800,3584.2434033454465
1375200,3708.091140919646
1375600,3594.0947226313256
1376000,3613.0867508682413
1376400,3694.109295623998
1376800,3721.3651167003336
1377200,3740.6108873084136
1377600,3632.143247675657
1378000,3616.3833325364308
1378400,3650.0161608390586
1378800,3545.2306864379016
1379200,3555.752891818202
1379600,3640.314713843016
1380000,3698.7959869072915
1380400,3677.0752787879383
1380800,3577.2510267157027
1381200,966.8347601277427
1381600,3664.791320623167
1382000,3582.6786690029026
1382400,1026.9107315985127
1382800,3478.6638624522134
1383200,3448.346279009561
1383600,3624.460893566784
1384000,3688.8973463728976
1384400,3739.047545576523
1384800,3744.3263555415633
1385200,3698.6796432790115
1385600,3760.9743887098443
1386000,3305.519284429353
1386400,1594.9295533390905
1386800,3612.2105369529772
1387200,1294.3178906745052
1387600,1525.8550117725329
1388000,3407.8396986305083
1388400,3677.514001793351
1388800,2977.190526851422
1389200,3683.8154300127385
1389600,729.7524241960323
1390000,3722.259197839852
1390400,3674.1188680436753
1390800,3695.3176472512596
1391200,3596.536595095006
1391600,717.5332382822211
1392000,3707.9545255737603
1392400,3723.2958230362005
1392800,1329.8014069845744
1393200,1468.8057830416287
1393600,3717.853045512748
1394000,3412.3281023419495
1394400,3671.41819114455
1394800,3685.419293543055
1395200,3683.102513635401
1395600,2377.002996816186
1396000,2324.1751729814123
1396400,3677.1367532609693
1396800,3714.279675247462
1397200,3165.503137875606
1397600,3274.0537311475628
1398000,3527.353703309936
1398400,3699.059486514949
1398800,3679.401263968323
1399200,3614.0622496774154
1399600,3625.1319113848303
1400000,3316.85051353708
1400400,3577.51861161162
1400800,3388.4685033031997
1401200,3664.2247217845493
1401600,3372.486006312917
1402000,3716.0815723009055
1402400,3709.4116629209793
1402800,1261.0352014356188
1403200,3492.5346658199055
1403600,3735.444678228911
1404000,2661.6380087337743
1404400,2872.2530401074323
1404800,2776.489406665335
1405200,3707.3158740943213
1405600,771.1996529591461
1406000,1233.9344052044053
1406400,1514.1284175474423
1406800,3710.732753885767
1407200,3721.0338759897977
1407600,3700.490121973835
1408000,427.5111318635596
1408400,3695.7008464731025
1408800,2253.1418594027837
1409200,3705.1279944971016
1409600,3658.4658873635876
1410000,3660.460945768658
1410400,3629.375981609535
1410800,3733.2093069439725
1411200,3567.774271597056
1411600,3636.0617783005177
1412000,3735.825954623757
1412400,3735.7239806970015
1412800,3752.1842525275147
1413200,3665.239826931522
1413600,3703.767799917714
1414000,3575.5880128271974
1414400,3588.9894081446078
1414800,3744.8080891630207
1415200,3618.0800668924057
1415600,3636.7539137716453
1416000,3675.6127905244803
1416400,3551.0853543895473
1416800,3597.64639747934
1417200,3747.244221539859
1417600,3668.967541132562
1418000,3687.5367567506287
1418400,3702.2439645580666
1418800,3600.3024953389836
1419200,3659.625169459205
1419600,3392.428612294066
1420000,3712.9106731376114
1420400,3556.673533403933
1420800,3600.379017240555
1421200,3707.126730039946
1421600,3712.3120809974403
1422000,3566.9484967428734
1422400,3676.6821904595763
1422800,3452.4109985848204
1423200,3702.0887145956613
1423600,3045.9001858744446
1424000,3682.7145588748026
1424400,3591.316991668215
1424800,3645.5683652116954
1425200,3771.6646300890807
1425600,3610.8506798995936
1426000,3711.43253378889
1426400,3587.537989314582
1426800,3757.318380394205
1427200,3677.1098305432465
1427600,3614.295240087078
1428000,3726.756829277521
1428400,3732.2508519191965
1428800,3436.772031021333
1429200,3644.3881178206966
1429600,3649.810587128586
1430000,3638.54755300116
1430400,3746.35034570481
1430800,3521.972080263617
1431200,3543.9629485110777
1431600,3682.756191894863
1432000,3575.8907624181206
1432400,3512.349936350789
1432800,3760.4203660677326
1433200,3567.824403726217
1433600,3679.7589736819195
1434000,3654.2665150059097
1434400,3709.869335774897
1434800,3601.044581835188
1435200,3703.980211678486
1435600,3632.8272335705146
1436000,3697.0774564414937
1436400,3677.4299392778507
1436800,1075.5049421173715
1437200,477.4136635019823
1437600,3700.015246907687
1438000,3712.3635381738595
1438400,3611.8693180748655
1438800,3749.292053786263
1439200,3228.021310875839
1439600,3753.547219856006
1440000,3745.230773281358
1440400,3715.416409080624
1440800,3660.603435426399
1441200,3751.7942247139968
1441600,3653.310747351297
1442000,3723.0627315269667
1442400,3739.6246892910713
1442800,3655.2660081362856
1443200,3732.4139226153384
1443600,3758.908522439713
1444000,3639.5208210121523
1444400,3718.2694155210024
1444800,3625.916541248809
1445200,3734.260931902725
1445600,3726.6553335125423
1446000,3590.066637971013
1446400,3723.359124385259
1446800,3741.1008753286405
1447200,3540.440629095098
1447600,3729.8527482739037
1448000,3742.8862185950643
1448400,3744.516346177582
1448800,3646.3575926805656
1449200,3709.7234889154884
1449600,3720.239302796333
1450000,3718.116541694432
1450400,3748.081531177848
1450800,3730.710764834193
1451200,3594.5398523913773
1451600,3699.583299496436
1452000,3692.943563270589
1452400,3660.3426505346715
1452800,3748.1615326643246
1453200,3733.509676576252
1453600,3604.3284934273065
1454000,3620.821814362067
1454400,3726.1620579205633
1454800,3754.98275725962
1455200,3754.3207861440037
1455600,3730.7290210902024
1456000,3690.2384884746634
1456400,3665.281461989659
1456800,3677.17317843256
1457200,3741.753405245404
1457600,3613.9594611811367
1458000,3648.9476394075505
1458400,3732.3639185109096
1458800,3720.7316609117916
1459200,3715.089511929881
1459600,3670.6995556391576
1460000,3654.078316802306
1460400,3700.322299359482
1460800,3710.5683633389276
1461200,3702.989448405334
1461600,3726.0824244439364
1462000,3608.090558642233
1462400,3634.7548374688026
1462800,3724.4893412949173
1463200,3674.984058073895
1463600,3738.1378638296383
1464000,3710.1672731651724
1464400,3716.3139048380995
1464800,3729.0374218406278
1465200,3730.8770528319974
1465600,1381.8591611305374
1466000,3562.6812606373805
1466400,3697.34675952051
1466800,3598.2727149592747
1467200,3605.2957133188715
1467600,2980.77959740881
1468000,3529.9549916472474
1468400,3741.0854728965687
1468800,3575.3466447927717
1469200,3589.6384317554744
1469600,3746.6953684865402
1470000,3334.7892500463636
1470400,3616.690732650803
1470800,3301.058395424784
1471200,3727.6503038398296
1471600,3208.764418678304
1472000,3355.380607014822
1472400,3363.9494477856315
1472800,3154.317313091578
1473200,3246.4532880154525
1473600,3583.1581334995203
1474000,3745.6106227616065
1474400,3397.832022042617
1474800,3453.053903214112
1475200,3673.295827349858
1475600,3608.630098019875
1476000,3705.5176509437424
1476400,3626.086144695159
1476800,3608.394509748969
1477200,3111.0718169002475
1477600,3753.483768871246
1478000,3611.7925204374274
1478400,3502.996924188955
1478800,3247.7124003386116
1479200,3586.9616704828236
1479600,3581.1580765032245
1480000,3738.4431664645567
1480400,3669.933832304538
1480800,3695.066259649729
1481200,3594.7208193515626
1481600,3666.35819875412
1482000,3650.234570690998
1482400,3660.0703135191
1482800,3631.40481907864
1483200,1427.998751689493
1483600,3705.7273873995155
1484000,1692.9335973198663
1484400,3682.3794906158123
1484800,3739.180365766018
1485200,3704.0468586922852
1485600,3718.3138279198456
1486000,3704.288059254029
1486400,3706.910092289538
1486800,3647.2933249997313
1487200,3729.7801770400283
1487600,3714.37571140685
1488000,3703.1487712375915
1488400,3668.0251107030485
1488800,3686.2334999836735
1489200,3672.6614113686487
1489600,3704.3650624599927
1490000,3687.8076486612986
1490400,3675.1030889534695
1490800,3733.76792869842
1491200,3621.7364263168915
1491600,3677.2523025423825
1492000,3687.4112442930477
1492400,3743.598654257014
1492800,3784.329115481995
1493200,3660.4051120247327
1493600,3748.627964832311
1494000,3711.7467920754652
1494400,3648.3355762749993
1494800,3642.1787463108344
1495200,3692.012089272086
1495600,3677.084837034656
1496000,3706.657635559213
1496400,3719.9492300491083
1496800,3639.6257393897477
1497200,3485.4738528899447
1497600,3720.9489765851213
1498000,3741.346510578849
1498400,3687.635125799777
1498800,3624.9078684893557
1499200,3639.9256671480694
1499600,3713.6004617837593
1500000,3567.603662157293
1500400,3723.459555822512
1500800,3669.9965558932604
1501200,3696.6610095604733
1501600,3713.9623132405522
1502000,3587.9159528124865
1502400,3698.4933497524526
1502800,3731.9321686724347
1503200,3710.906609769108
1503600,3660.147834580795
1504000,3699.1795976808207
1504400,3700.065126128273
1504800,3708.7086116733126
1505200,3744.635868152801
1505600,3685.2143853603807
1506000,3666.787068508389
1506400,3704.34874708088
1506800,3656.795427552642
1507200,3567.5512891513044
1507600,3758.3111071591693
1508000,3671.5645365564997
1508400,3711.867820936811
1508800,3700.2435507192554
1509200,3721.5170510386156
1509600,3712.6832075393854
1510000,3723.374226051793
1510400,3695.2829960185477
1510800,3678.5307736135064
1511200,3725.8724121104497
1511600,3730.141677679995
1512000,3724.549719819774
1512400,3740.140669453487
1512800,3681.4598210513846
1513200,3216.7025796440025
1513600,3716.1967019552812
1514000,3741.862800517776
1514400,3702.25410640389
1514800,3655.0977421087277
1515200,3674.941443412725
1515600,3745.229061827623
1516000,3555.7958295768995
1516400,3579.100913495299
1516800,3657.0477443933923
1517200,3724.131535597769
1517600,3662.02703058092
1518000,3571.490043811413
1518400,3640.1295883681437
1518800,3675.7398474757424
1519200,3740.205373878947
1519600,3694.714144970385
1520000,3676.933016285075
1520400,3742.4561567379064
1520800,3635.7379960117514
1521200,3722.677948082732
1521600,3769.883612536197
1522000,3734.669426239917
1522400,3726.173068726791
1522800,3644.768630968953
1523200,3704.228785294292
1523600,3626.8471894780037
1524000,3595.2201659765556
1524400,3753.118279362899
1524800,3672.3097292352813
1525200,3658.4856397960975
1525600,3748.1220062693897
1526000,3709.1935442933004
1526400,3741.1245004678985
1526800,3741.202807012101
1527200,3708.077548170068
1527600,3700.684605843403
1528000,3617.2406907586637
1528400,3752.311028261686
1528800,3285.391317462192
1529200,3297.362100586914
1529600,3698.38765735107
1530000,3711.075830360415
1530400,3637.9601787068577
1530800,3603.55551494315
1531200,3753.356632274674
1531600,3464.0761295503075
1532000,3696.449823620197
1532400,3688.224223642865
1532800,3756.8412064683935
1533200,3731.52911259263
1533600,3698.422146186239
1534000,3699.2322273606646
1534400,3513.8976294551585
1534800,3736.0892776288174
1535200,3743.584640222435
1535600,3682.400060712715
1536000,3506.4376818413716
1536400,3743.3138481523224
1536800,3478.4794172412207
1537200,3528.0536504063275
1537600,3682.4247591538847
1538000,3739.0143466877284
1538400,3572.6910762939433
1538800,3650.4977605271497
1539200,3397.6950598557482
1539600,3702.4997411027084
1540000,2360.8226013114036
1540400,3629.5764893395526
1540800,3730.3089977782233
1541200,3561.262106418197
1541600,3700.293905797294
1542000,3676.484911624718
1542400,2959.1073728884103
1542800,3470.853294950912
1543200,3527.1454255324993
1543600,3639.1518176592062
1544000,3754.632762335991
1544400,3736.077801190033
1544800,3722.6791077295957
1545200,3592.5219292170223
1545600,3721.341006473105
1546000,3624.8858406201703
1546400,3743.9687028235967
1546800,3774.3419912119275
1547200,3742.420169696272
1547600,3626.4705165613323
1548000,3667.586993447427
1548400,3699.0526373286334
1548800,3707.7725743492715
1549200,3407.6855009336305
1549600,3301.644437181347
1550000,3694.343175893213
1550400,3733.2811665408167
1550800,3715.8032913635966
1551200,1727.758724138111
1551600,3731.202433139603
1552000,3351.2390484333
1552400,3580.7498061732595
1552800,3750.3699085271596
1553200,3749.609022235739
1553600,1760.7221197512738
1554000,3178.5071235039304
1554400,3318.6573428344805
1554800,3766.435403259159
1555200,3727.607146257928
1555600,3634.8154813263877
1556000,3610.743209106451
1556400,3534.300886293352
1556800,3724.8322781202714
1557200,3750.806100655669
1557600,3718.404521595994
1558000,3776.782569337296
1558400,3755.6543331131265
1558800,3684.989335919751
1559200,3739.857907026894
1559600,3723.4719746862957
1560000,3709.350815204288
1560400,3752.15436753391
1560800,3617.8829314224263
1561200,3748.859040108352
1561600,3644.931003143699
1562000,3746.546528842608
1562400,3767.0809605347695
1562800,3703.3367384761286
1563200,3369.47908548827
1563600,3736.978164878453
1564000,3729.398070702029
1564400,3734.103360039765
1564800,3700.867314537798
1565200,3523.791859015644
1565600,3747.970735869209
1566000,3727.7436594399373
1566400,3732.603534785352
1566800,3664.7077517678586
1567200,3405.6172246090096
1567600,3729.972299743944
1568000,3671.176914232763
1568400,3605.913194095135
1568800,3669.1782624936604
1569200,3437.2544852780857
1569600,3431.3849477269896
1570000,3770.8315264674216
1570400,3635.2190837189546
1570800,3577.733729958035
1571200,3707.274573066654
1571600,3508.259741723994
1572000,3485.333452425768
1572400,3670.277926256865
1572800,3750.101257877567
1573200,3350.7793053976725
1573600,3683.5083404230327
1574000,3548.9131733650806
1574400,3760.808343046013
1574800,3546.1935119182376
1575200,3577.8996233855737
1575600,3693.034214344753
1576000,3760.344955369528
1576400,3746.0456209905137
1576800,3482.1846387490473
1577200,1831.640416448087
1577600,3722.63721597758
1578000,3541.1613026928617
1578400,3622.5777056568604
1578800,3767.534433849281
1579200,2131.1028241623485
1579600,2642.006344925501
1580000,3717.5917134603887
1580400,3739.3772121485927
1580800,3755.473042757276
1581200,3653.758418474641
1581600,2129.992905524161
1582000,3658.9353528092306
1582400,3779.9800738585554
1582800,3733.3656334045736
1583200,2093.420381694075
1583600,3345.540660639432
1584000,3613.047460663214
1584400,3738.1356724816073
1584800,3734.038153039145
1585200,3776.135699435775
1585600,3687.5043348245126
1586000,3743.2778253336924
1586400,3733.2203336860744
1586800,3711.6392424058477
1587200,3697.748361302723
1587600,3672.6508568786726
1588000,3737.2703878907564
1588400,3633.7529654943587
1588800,3763.2680573795974
1589200,3662.3749869855283
1589600,3758.1422728845064
1590000,3658.324058603673
1590400,3653.485886587647
1590800,3650.578175600848
1591200,3733.048152060411
1591600,3629.8280830629633
1592000,3596.6951472005544
1592400,3629.9075404641158
1592800,3759.497951729118
1593200,913.8781187928431
1593600,3666.6154383151256
1594000,3734.1796032040065
1594400,3137.0438167209
1594800,3478.284736688206
1595200,3387.610429458007
1595600,3430.4859671015347
1596000,3538.115009066763
1596400,3429.0019333117657
1596800,3718.049927615487
1597200,3753.8220495515316
1597600,3743.4914105513753
1598000,3703.4049975286184
1598400,3744.9027847212537
1598800,3749.117205162849
1599200,2076.8383259902257
1599600,2320.544395267495
1600000,3656.2070515846112
1600400,3685.3977145962367
1600800,3732.4299980557826
1601200,3683.789065598975
1601600,3754.9812479613097
1602000,3732.708628745146
1602400,3609.3404373055887
1602800,3637.451871217587
1603200,3745.2446599929
1603600,3744.8376372407124
1604000,3628.104606423214
1604400,3626.0592931581396
1604800,3668.5683367395222
1605200,3753.4878637574698
1605600,3751.2290456503956
1606000,3728.321423452795
1606400,3738.586896703708
1606800,3742.569288598751
1607200,3668.396361473893
1607600,3708.4355800702087
1608000,3669.7123471400637
1608400,3652.0733792928463
1608800,3773.0569757560907
1609200,3753.4330115536004
1609600,3452.0367228734012
1610000,3691.608453456258
1610400,3706.9600036525203
1610800,3619.745588387394
1611200,3754.770320452083
1611600,3686.767960712527
1612000,3741.1029087096026
1612400,3765.3442005507964
1612800,3737.138074848847
1613200,3576.3416539306063
1613600,3741.32166634267
1614000,3620.6754574165566
1614400,3362.754005252684
1614800,3721.3606610832544
1615200,3750.0221578016835
1615600,3524.5747683174422
1616000,3639.816740965304
1616400,3737.214830818498
1616800,3703.282550686303
1617200,3646.7094779561444
1617600,3668.1246859829084
1618000,3506.755355822712
1618400,3707.8639647897417
1618800,3272.4049761878655
1619200,3168.234112114739
1619600,2050.7597611256356
1620000,3595.394958887113
1620400,2982.293971827365
1620800,3758.6197674949276
1621200,3668.1874221919047
1621600,3517.479826260725
1622000,3666.7752374678425
1622400,3734.3214353392277
1622800,3723.4101329088494
1623200,3594.4482475017535
1623600,3378.420144799157
1624000,3719.646722507564
1624400,3714.049385528476
1624800,3394.5298356126564
1625200,3722.626289841719
1625600,3723.3468713180805
1626000,1492.3953545634913
1626400,3628.867386261904
1626800,3590.1207332254194
1627200,3689.8419096266803
1627600,3735.985405665409
1628000,3689.8335834682525
1628400,3753.678221025684
1628800,3603.4312967411165
1629200,3638.265844520678
1629600,3621.6615018729763
1630000,3617.6899490821993
1630400,3720.5846469957396
1630800,3648.8605287251353
1631200,3643.968100980567
1631600,3676.27541364521
1632000,3727.0426636644415
1632400,3452.8941862877336
1632800,3743.7481006088624
1633200,3577.110216918115
1633600,3507.8509647779993
1634000,3620.1319627134467
1634400,3747.0940384366886
1634800,3533.4478786870864
1635200,3704.864839205759
1635600,3689.3682306373935
1636000,3705.2259312659326
1636400,3665.0735735379913
1636800,3617.6237511334
1637200,3714.3680945176943
1637600,3560.992622475278
1638000,3711.2901892862155
1638400,3730.9549144892994
1638800,3733.5253124855226
1639200,3494.0004063429037
1639600,3472.384466130217
1640000,3737.0939721919594
1640400,3587.745499608932
1640800,2717.345490298651
1641200,3459.2558434245607
1641600,3600.7419409991016
1642000,3567.302740754753
1642400,3734.396083128718
1642800,3618.746495706911
1643200,3602.0360235724647
1643600,3544.641732471084
1644000,3560.9279527853505
1644400,3640.407113620304
1644800,3626.0648825279604
1645200,3604.3585016278753
1645600,3626.0879875289547
1646000,3633.121435583697
1646400,3725.220360084303
1646800,3656.0975887376376
1647200,3739.1971986812814
1647600,3715.177876021208
1648000,2476.473883069066
1648400,3731.1191084467505
1648800,3659.002673939199
1649200,3719.764827717476
1649600,3650.8398556504344
1650000,3742.7407859603295
1650400,3643.954894769947
1650800,3714.874042634721
1651200,3654.9974852096066
1651600,3455.459558668745
1652000,3625.458868365466
1652400,3710.955145934928
1652800,3548.5188413844758
1653200,3356.7746907000665
1653600,3655.0905429110744
1654000,3723.5521032796696
1654400,3701.6613220929034
1654800,3698.045106235143
1655200,1506.9186202465235
1655600,3744.464391165957
1656000,3547.05218961426
1656400,3616.889337769685
1656800,3707.5807141813343
1657200,2583.0341888772978
1657600,3748.404947888413
1658000,2592.388517214267
1658400,3711.7318394992494
1658800,3718.8769608044026
1659200,3711.6604395271024
1659600,3562.7610629385194
1660000,3762.377649643617
1660400,3617.7866942008022
1660800,3613.924508008258
1661200,3678.0357353947106
1661600,3773.433742675722
1662000,3660.3843484085833
1662400,3771.1848794588977
1662800,3672.3989178323445
1663200,3564.2786090081254
1663600,3687.1520403375607
1664000,3376.1060756022584
1664400,3743.0902614728657
1664800,3723.8367235106825
1665200,3156.704299948072
1665600,3697.0764191540407
1666000,3644.5783300195676
1666400,3752.1255014399553
1666800,3431.4365546306576
1667200,3683.9081690681287
1667600,3735.3072751515547
1668000,3726.861758884394
1668400,3586.7654404810114
1668800,3696.652640680646
1669200,3743.875090641932
1669600,3695.4351856859157
1670000,3712.7514249816195
1670400,3565.3588071209497
1670800,3619.578182916484
1671200,3679.9097511627515
1671600,3508.583298878204
1672000,3742.5416603758567
1672400,3677.04446409718
1672800,3750.2300833992285
1673200,3648.8993132846354
1673600,3664.64016864716
1674000,3554.035398527636
1674400,3656.8371456378354
1674800,3714.8879445768566
1675200,3734.0877945257826
1675600,3679.7423731230238
1676000,3742.0114021431896
1676400,3676.661083104695
1676800,3711.6904527231973
1677200,3733.294968682097
1677600,3652.2955872013003
1678000,3621.4045960018725
1678400,3600.51597249374
1678800,3745.674788548044
1679200,3728.8524114417896
1679600,3719.481350846224
1680000,3719.9485661490266
1680400,3699.7297551365327
1680800,3746.0851653054
1681200,3552.982311270178
1681600,3717.4917843202397
1682000,3539.7341046789043
1682400,3607.4757567455076
1682800,3421.2193533681284
1683200,3669.353797813212
1683600,3696.0730188967223
1684000,3611.160910083184
1684400,3612.575295237135
1684800,3725.182818114348
1685200,3725.8198831787254
1685600,3593.1699677440693
1686000,3563.7945594742155
1686400,3740.0002992695936
1686800,3720.9139937727755
1687200,3574.2142777396425
1687600,3413.517927657563
1688000,3042.0654295591876
1688400,3655.02599104572
1688800,3748.937375863915
1689200,3764.2601145881495
1689600,3734.9252559743254
1690000,3730.523950868935
1690400,3745.6568661724395
1690800,3728.439202727055
1691200,3747.414632334159
1691600,3698.035645120897
1692000,3727.5697825376665
1692400,3595.8289031470767
1692800,3710.3816967762486
1693200,3694.293414084951
1693600,3764.5323649722836
1694000,3746.6491216551385
1694400,3711.20524201769
1694800,3751.894592256764
1695200,3690.158611532968
1695600,3754.758675674018
1696000,3706.5376343748576
1696400,3724.5274385203365
1696800,3741.1378701508324
1697200,3724.8545160773137
1697600,3709.662178545406
1698000,3727.555425393936
1698400,3741.2135779859527
1698800,3705.5303628503457
1699200,3107.6240518789505
1699600,3507.557658320253
1700000,3680.8343064702344
1700400,3725.488412175981
1700800,3713.9615463493255
1701200,3736.219751408409
1701600,3738.417757825441
1702000,3724.194918398832
1702400,1693.4588825933236
1702800,3757.9612424761467
1703200,3761.830654958066
1703600,3753.5579471828078
1704000,3681.445265986368
1704400,3681.795273247635
1704800,3747.319332044761
1705200,3714.5039866467014
1705600,3748.8206131585425
1706000,3722.6850401044267
1706400,2094.1419248609404
1706800,3731.8608396435156
1707200,3754.827068315953
1707600,2392.9341076187907
1708000,3749.2142241242623
1708400,3737.158892397706
1708800,3697.8325314147746
1709200,3750.497952945327
1709600,3737.1188894329853
1710000,3681.728842122732
1710400,3713.53035430613
1710800,2846.268160217161
1711200,3680.8629227425467
1711600,3690.3688034856896
1712000,3500.17676285944
1712400,3719.5607081733283
1712800,3766.035597768836
1713200,3550.71513894908
1713600,3683.127775770749
1714000,3649.5553512240026
1714400,2561.5777968092143
1714800,3503.9474280519803
1715200,2633.870657558927
1715600,3567.3902421946377
1716000,3718.5333484001885
1716400,3717.2157352718223
1716800,3690.452056958639
1717200,3610.4544018219717
1717600,3708.909287280943
1718000,3723.530482197299
1718400,3714.153871683638
1718800,3487.0118709550616
1719200,3388.422353627314
1719600,3732.765130327917
1720000,3741.7883456944737
1720400,3529.1689225463515
1720800,3256.614502967839
1721200,3760.372827317124
1721600,3763.4019512172313
1722000,3753.7333542428264
1722400,3603.473473120864
1722800,3711.4719463601714
1723200,3754.0501845884646
1723600,3679.6619152018325
1724000,3743.489859958597
1724400,3286.7640031639708
1724800,3516.2110070160534
1725200,3386.8955395845637
1725600,3372.9602927882606
1726000,2987.3121539062754
1726400,3654.5643854541654
1726800,3636.661893268853
1727200,3652.0524856273005
1727600,3705.4239474175974
1728000,3718.7235638393154
1728400,3662.9867341630397
1728800,1495.080508810239
1729200,3694.982923669096
1729600,3718.489070664391
1730000,3726.341710522943
1730400,3727.174928546451
1730800,2901.151329207065
1731200,2227.06945727673
1731600,3731.403015687432
1732000,3748.871931847863
1732400,3638.1320378334976
1732800,2736.369352219538
1733200,1766.6068104230997
1733600,3693.8903198178655
1734000,3730.8982398633984
1734400,1514.5111422864543
1734800,3632.5211531098976
1735200,2775.394419443891
1735600,3756.7408009265723
1736000,1015.7248126345403
1736400,1168.9934349783457
1736800,3762.4073858613974
1737200,2886.38386787874
1737600,3450.9598126181136
1738000,3102.8897062069746
1738400,3731.7135741359893
1738800,3752.9030690421378
1739200,3737.627455413402
1739600,488.19092988121827
1740000,3758.1790849115255
1740400,3721.16651819058
1740800,3647.6356745053554
1741200,3733.0642566596025
1741600,3737.140517739581
1742000,1938.1077639598702
1742400,3709.3623545480987
1742800,1510.3425305286878
1743200,1027.834226323098
1743600,3673.688333602295
1744000,3644.8247767093444
1744400,1744.4852709024635
1744800,3748.9568489926537
1745200,3733.2533510631056
1745600,3702.6663326619523
1746000,3513.9344677329377
1746400,3728.9376091921554
1746800,3765.2762310759913
1747200,3721.547710341966
1747600,3747.0899056144845
1748000,3666.239832003489
1748400,3698.328617621712
1748800,3725.8570036853876
1749200,3743.0939149633696
1749600,3747.019695326239
1750000,3640.723980724666
1750400,3625.6424240318725
1750800,3673.1340222914437
1751200,3659.7033829005873
1751600,3681.2252085013333
1752000,3741.868067097976
1752400,3707.741598621681
1752800,3737.3414855586075
1753200,3699.7435860100777
1753600,3711.4265241116673
1754000,3636.7414723867428
1754400,3693.63305517046
1754800,3717.454686088553
1755200,3473.6926572125653
1755600,3702.2433854383844
1756000,3676.978304099512
1756400,3670.1970456064682
1756800,1961.6692510756372
1757200,3699.036221814078
1757600,3708.52634343562
1758000,3709.990766043873
1758400,3728.543267767424
1758800,3702.602232100451
1759200,3689.891505486488
1759600,3615.6711800185135
1760000,3667.7581812015405
1760400,3514.4021421910033
1760800,3643.295109180384
1761200,1647.2720780108414
1761600,3645.0340846574413
1762000,3498.3439758663417
1762400,3174.76199180119
1762800,3589.3359233072656
1763200,3530.353633121182
1763600,3691.2130000151315
1764000,3682.6454090499283
1764400,3614.1110520356565
1764800,3675.9983776959953
1765200,3478.658653318446
1765600,3744.3920998973085
1766000,3732.398039586354
1766400,3709.72968394962
1766800,3619.061799332773
1767200,3740.0926476071627
1767600,3738.173940894209
1768000,3353.257413696535
1768400,1750.1440344852147
1768800,3548.855680950265
1769200,1836.5180938548785
1769600,3735.852647595367
1770000,3659.7932003232536
1770400,3776.8510261651904
1770800,3720.7468806363795
1771200,3661.907936638318
1771600,3711.796823132165
1772000,3710.3274453940953
1772400,3678.1167259476533
1772800,3405.461742604733
1773200,3755.919471027738
1773600,2446.9684367867126
1774000,3663.2061010303787
1774400,3772.8216128295376
1774800,3670.1149010158356
1775200,3679.99780400664
1775600,3755.6395313333446
1776000,3648.009276954249
1776400,3690.944908823804
1776800,3610.7349527742113
1777200,3622.0680472024633
1777600,3645.8462430159143
1778000,3349.893643385852
1778400,3390.4941635784835
1778800,3387.542293551616
1779200,2009.5155181771577
1779600,2765.954543019704
1780000,1990.1870677975076
1780400,3670.575132484033
1780800,3533.9519201447583
1781200,3262.1521921449603
1781600,3583.0356731356464
1782000,3597.7801002318834
1782400,3043.7262335007863
1782800,3427.233536496661
1783200,3501.5561703159306
1783600,3024.298864255462
1784000,3621.317659500129
1784400,3585.1208319988173
1784800,3618.2479958343138
1785200,3534.027639382671
1785600,3705.0032662810777
1786000,3707.9537983724476
1786400,3631.6025859893152
1786800,3635.85739865684
1787200,3631.4411560935346
1787600,1593.4514153257312
1788000,3275.20230273074
1788400,3590.8829033468455
1788800,3590.7408488191395
1789200,3593.6800509160453
1789600,3581.242905369909
1790000,3612.0317046749287
1790400,3732.9773458092445
1790800,2446.362932116024
1791200,3602.239805874425
1791600,3666.287577297468
1792000,3676.4775293427842
1792400,3706.5016003586593
1792800,3584.989066698397
1793200,3676.884608474786
1793600,3707.8001945347287
1794000,3726.4209567204553
1794400,3662.4363619908036
1794800,3656.353346656024
1795200,3755.1979030278303
1795600,3660.9921944893995
1796000,3636.0851815418787
1796400,3655.9152476147765
1796800,3685.920850406024
1797200,3681.3603946163757
1797600,3648.205664770682
1798000,3699.515422267592
1798400,3709.375113611555
1798800,3703.055339618113
1799200,3636.366116245981
1799600,3615.2204693584595
1800000,3661.6349400299277
1800400,3741.7229482352345
1800800,3726.070469266019
1801200,3742.1723272355284
1801600,3765.7815653481275
1802000,3696.495860621767
1802400,3681.817286241317
1802800,3704.5797592090357
1803200,3698.3855245357877
1803600,3726.4532516225777
1804000,3670.6911172324485
1804400,3685.2166982706894
1804800,3735.069256096621
1805200,3736.5434144040178
1805600,3694.2979693178186
1806000,3665.539701954052
1806400,3729.5993446078182
1806800,3643.953362305007
1807200,3722.6590024865154
1807600,3729.9168433789205
1808000,3645.3034442370144
1808400,3689.438617731832
1808800,3652.50703015615
1809200,3710.346078952732
1809600,3639.4570933678333
1810000,3735.275485085131
1810400,3718.920552340781
1810800,3705.9160988351205
1811200,3692.3092591002455
1811600,3719.7025531880163
1812000,3727.7202723308883
1812400,3714.776018402149
1812800,3710.9637185187735
1813200,3697.178130947955
1813600,3695.539957702936
1814000,3600.4098568120335
1814400,3694.527022368456
1814800,3509.1868927559326
1815200,3734.955320163576
1815600,3573.429023592518
1816000,3691.9001430027465
1816400,3656.763363187194
1816800,3708.4454804418565
1817200,3732.1961714193953
1817600,3730.890997358065
1818000,3715.7574845901145
1818400,3613.4345224579597
1818800,3649.4716991491673
1819200,3704.2317360390125
1819600,3733.5838756138355
1820000,3681.814407023464
1820400,3654.765470757917
1820800,3739.3318473071217
1821200,3733.56794633606
1821600,3675.8315651821713
1822000,3645.390294572608
1822400,3695.423907742777
1822800,3568.021340011934
1823200,3676.1947902977345
1823600,3683.1167295321516
1824000,3714.812615345546
1824400,3732.5063760399194
1824800,3658.417126249898
1825200,3729.983051283536
1825600,3410.3817047835887
1826000,3697.778172881342
1826400,3672.758166137963
1826800,3673.7965386421943
1827200,3552.302149277658
1827600,3506.3839565128073
1828000,3642.7907303748893
1828400,3733.380373940652
1828800,3659.92397780259
1829200,3676.696099328889
1829600,3613.092427695718
1830000,3678.215441747983
1830400,3738.183345911095
1830800,3683.466392597907
1831200,3681.890386380925
1831600,3696.856367620591
1832000,3746.7389607911714
1832400,3731.3538432875903
1832800,3738.570538515648
1833200,3699.9793963264838
1833600,3685.393518584272
1834000,3697.364466653894
1834400,3619.8561824549092
1834800,3574.892248623199
1835200,3739.2408873732697
1835600,3720.847184368044
1836000,3636.640263760423
1836400,3708.1633782296044
1836800,3491.557339340969
1837200,3665.366110909047
1837600,3685.568530923469
1838000,3674.1587905055753
1838400,3624.9619088219138
1838800,3745.1764559508524
1839200,3623.8165724364744
1839600,3489.806929518855
1840000,3677.298855261737
1840400,3643.3013405190914
1840800,3686.867778012593
1841200,3682.065639905045
1841600,3545.8178908385626
1842000,3537.2044680220806
1842400,3582.890565852428
1842800,3707.467940682178
1843200,3588.4977644151436
1843600,3675.225985860454
1844000,3567.5125869450817
1844400,3684.549369431023
1844800,3645.433464994676
1845200,3587.8869140693046
1845600,2936.1215112216464
1846000,3553.3618621781793
1846400,3215.7099335111516
1846800,3639.415920248209
1847200,3692.260831215329
1847600,3623.3160864882743
1848000,3723.4124489690944
1848400,3612.5807066896505
1848800,3612.297359637407
1849200,3684.9314195461775
1849600,3616.0653321865916
1850000,3682.1749969214384
1850400,3616.082698973463
1850800,3632.5771213319845
1851200,3657.024894871988
1851600,3491.0913953224244
1852000,3756.737992764375
1852400,3753.817918489029
1852800,3687.3533301758066
1853200,2069.082339181131
1853600,3678.4842236813706
1854000,3704.8456342215936
1854400,3678.403553964736
1854800,3623.344944990963
1855200,3664.5266071526553
1855600,3674.7790723368407
1856000,3707.5277296352647
1856400,3680.380900253676
1856800,3631.561213303413
1857200,3684.257281754503
1857600,3646.877239356401
1858000,3627.8941910672406
1858400,3682.1490395052456
1858800,3705.5000695046347
1859200,3177.376276535932
1859600,3728.3896195946854
1860000,3705.0780061337014
1860400,3516.52312293372
1860800,3750.7081709963645
1861200,1378.3178277286577
1861600,3721.389707825098
1862000,3523.3277929537053
1862400,3573.6398998354302
1862800,3697.874382824388
1863200,3704.958438137873
1863600,3713.9152417190867
1864000,3641.915128866717
1864400,3658.445662724186
1864800,3542.090833066072
1865200,2834.7794428446664
1865600,3721.8982410367116
1866000,3743.0984894101593
1866400,3607.4466209593556
1866800,3661.624137729116
1867200,1927.9241388220332
1867600,3642.248921790623
1868000,3762.793517757152
1868400,2793.3012243566814
1868800,3601.9804071075764
1869200,3740.705537017374
1869600,3633.571893257113
1870000,3655.812196899832
1870400,3623.3773696803087
1870800,3647.4133066643412
1871200,3661.0509235243676
1871600,3608.3892923886665
1872000,3631.782778396377
1872400,3663.9329221000985
1872800,3719.58903872636
1873200,3685.9349303658223
1873600,3724.1324735980143
1874000,3667.165044670094
1874400,3668.903343235749
1874800,3625.6638734659755
1875200,3738.725344381017
1875600,3670.1592853353864
1876000,3680.626783647577
1876400,3680.75817445255
1876800,3657.6837869224973
1877200,3589.812109947963
1877600,3656.0889304604657
1878000,3729.1802509141958
1878400,3622.5836036099954
1878800,3629.049309829006
1879200,3701.9817903435587
1879600,3707.4548457853994
1880000,3705.5932177697173
1880400,3640.861192792348
1880800,3757.455341342868
1881200,3673.7023833712137
1881600,3663.8050017433566
1882000,3744.6882295698856
1882400,3698.8075775261145
1882800,3728.4131186743366
1883200,3719.7119985176028
1883600,3657.075316700891
1884000,3723.6871070482152
1884400,3686.4598478253556
1884800,3520.7243939973087
1885200,3727.228442538819
1885600,3677.3311330973147
1886000,3685.5367646288682
1886400,3359.8816955407237
1886800,3699.926919122858
1887200,3711.237729381945
1887600,3709.150405953516
1888000,3698.430796425985
1888400,3737.020204901408
1888800,3722.1128412738844
1889200,3425.426278036961
1889600,3675.2978278532796
1890000,3763.362945440384
1890400,3648.9733596774654
1890800,3693.1308216946177
1891200,3671.439079545905
1891600,3734.3409121776917
1892000,3723.0394291626462
1892400,3699.080760198263
1892800,3649.0749252355376
1893200,3738.3450096223596
1893600,3740.188727210617
1894000,3677.509975286996
1894400,3744.4574825790482
1894800,3704.2263334898366
1895200,3731.1173629465184
1895600,3713.4471242651894
1896000,3738.6743617853003
1896400,3762.4690202189236
1896800,3731.3325890914402
1897200,3719.943548629365
1897600,3713.2364208418235
1898000,3723.596396179541
1898400,3742.782156950658
1898800,3740.850936794556
1899200,3686.7587009602403
1899600,3715.5682719830124
1900000,3731.730237238172
1900400,1562.6485762430957
1900800,3732.970696500814
1901200,3692.141379128807
1901600,3745.3653478546958
1902000,3753.7081317689044
1902400,3688.2241720947272
1902800,3669.5012957523063
1903200,3748.8052054497566
1903600,3688.083358940121
1904000,3753.0404984066067
1904400,3760.659000198071
1904800,3648.887298744398
1905200,3710.2493534729783
1905600,3661.7940499361184
1906000,3746.0355880578004
1906400,3694.598594794452
1906800,3739.0839097865737
1907200,3586.7300039209194
1907600,3582.2372034579125
1908000,3726.818911345836
1908400,3723.57531274747
1908800,3652.717719116148
1909200,3654.2677970748277
1909600,3745.177321400203
1910000,3572.4073167488823
1910400,3554.062125005287
1910800,3731.731541853799
1911200,3278.367342187029
1911600,3744.016514831569
1912000,3412.7342263731853
1912400,3710.086514690488
1912800,3600.8144457468943
1913200,3731.565856072368
1913600,2072.3418701087194
1914000,2014.3917528834302
1914400,3154.387335164391
1914800,3746.9076294375764
1915200,3694.5517692022413
1915600,3036.579483548189
1916000,3748.763265359724
1916400,3724.8516296005573
1916800,3750.1519415528855
1917200,3698.723770423517
1917600,3693.5430471992754
1918000,3707.5986201983533
1918400,3687.0540055450588
1918800,3692.9231506051965
1919200,3725.4918421431526
1919600,3721.5980996371736
1920000,3670.9883423645915
1920400,3631.9821810728063
1920800,3694.463745440899
1921200,3746.0718839232277
1921600,3727.479180238555
1922000,3707.153231490931
1922400,3674.7086915788955
1922800,3245.888145236772
1923200,3705.7114891745227
1923600,3748.517270720262
1924000,3620.4760763567497
1924400,3504.799999621963
1924800,3650.985256722291
1925200,3612.64725511913
1925600,3691.4311311570477
1926000,3613.2216744886973
1926400,3720.9367715783037
1926800,3724.2290980736348
1927200,1897.183760205472
1927600,3312.260693036996
1928000,3735.7354873022846
1928400,3693.8941650824163
1928800,3621.9467199952373
1929200,3747.809442078529
1929600,3632.460351426717
1930000,3661.5947596637357
1930400,3711.752920707318
1930800,2443.720291391678
1931200,3197.299627445813
1931600,3738.318635832259
1932000,3641.2809692396268
1932400,3715.0655873178553
1932800,3637.3168533591975
1933200,3740.4348441530324
1933600,3729.5461514686376
1934000,3713.778865118256
1934400,3733.818201498249
1934800,3726.3355887047765
1935200,3677.23131025243
1935600,1877.118837245957
1936000,3666.544377513521
1936400,3668.7538457075693
1936800,3732.3201048108367
1937200,3741.8927923814176
1937600,3730.019458950865
1938000,3721.1079785430857
1938400,3626.4402951874677
1938800,3752.001469387767
1939200,3724.12512815699
1939600,3692.6261257525025
1940000,3743.203700241238
1940400,3733.973208988803
1940800,3565.8013311584723
1941200,3752.0285103695883
1941600,3694.8320914730507
1942000,3717.3073986827544
1942400,3738.409354463401
1942800,3646.0170628630276
1943200,3705.0056765758245
1943600,3028.020497134142
1944000,3698.428675483121
1944400,3745.477920896378
1944800,3753.9715975890613
1945200,3687.3259966029127
1945600,3744.89214148918
1946000,3746.428942762256
1946400,3661.512198117744
1946800,3663.6598746375516
1947200,3675.579762090162
1947600,3728.3056607526337
1948000,3733.0798620422233
1948400,3173.413322400305
1948800,3672.164122372987
1949200,3690.900072633195
1949600,3720.149794917005
1950000,3651.7102135233135
1950400,3695.9506867687824
1950800,3143.7763901505923
1951200,3735.942782180192
1951600,3717.738696010626
1952000,3760.4195367225097
1952400,3749.383144358611
1952800,3733.33917866474
1953200,3578.627797344654
1953600,3714.7903413896925
1954000,3705.7352410988246
1954400,3723.1211286356843
1954800,3742.2466632402957
1955200,3639.694022381655
1955600,3717.3987313382268
1956000,3588.7249621244255
1956400,3720.749663369934
1956800,3728.99331318004
1957200,3615.6657552777815
1957600,3541.1070850919473
1958000,3730.874893642132
1958400,3657.2790355605025
1958800,3662.6401180325815
1959200,3734.0251441196488
1959600,3728.03884185033
1960000,3742.805166677201
1960400,3643.775131815429
1960800,3571.532669550759
1961200,3648.9119442647716
1961600,3746.3661984399805
1962000,3750.1422395308723
1962400,3526.731276127794
1962800,3717.9770380306104
1963200,3737.092516346012
1963600,3726.2468040368803
1964000,3747.3500830149
1964400,3664.984001598544
1964800,3644.5248705358613
1965200,3712.3860032074967
1965600,3534.277499304528
1966000,3626.3459390396856
1966400,3676.748006973444
1966800,3575.378635602184
1967200,3571.381522443957
1967600,3664.1245571507166
1968000,3747.1475911883467
1968400,3736.902142289198
1968800,3631.253512734506
1969200,3564.0101846880307
1969600,3754.5661232374873
1970000,3745.996884954991
1970400,3684.2122958625805
1970800,3745.340315502741
1971200,3688.356628204116
1971600,3702.9662983536227
1972000,3678.669048154012
1972400,3650.1316497633675
1972800,3621.4093822917475
1973200,3679.962258516332
1973600,3735.215348857983
1974000,3737.6579179721266
1974400,3734.493952423647
1974800,3711.2621401660863
1975200,3744.0571355483535
1975600,3730.850814678802
1976000,3637.026015330538
1976400,3742.2933615611705
1976800,3612.6167532257905
1977200,3746.9424020625506
1977600,3678.5623536109524
1978000,3699.9817536921287
1978400,3735.6659558039937
1978800,3714.231364031439
1979200,3737.7982989443644
1979600,3360.051386850337
1980000,3703.7825128669256
1980400,1990.6681658328355
1980800,3750.171591210922
1981200,3678.47404869646
1981600,1949.0109427896539
1982000,3656.6252569799212
1982400,3724.229952649063
1982800,3452.2865037883075
1983200,3654.5727906868815
1983600,3697.099994468883
1984000,3632.854239446685
1984400,3652.867382721825
1984800,3682.540401889458
1985200,3728.169998338015
1985600,3694.398193615888
1986000,3674.2882861153316
1986400,3650.808264679972
1986800,3752.1188050012197
1987200,3723.368083964197
1987600,3681.216741222861
1988000,3714.614567126675
1988400,3710.719392467139
1988800,3714.7404688117963
1989200,3720.754892182636
1989600,3405.4749757795544
1990000,3727.3093732298503
1990400,2131.5263143899974
1990800,2172.0534503833583
1991200,3714.5741932433693
1991600,3669.059055667919
1992000,3660.7424180309167
1992400,3069.5890000448517
1992800,3711.5956604078056
1993200,3691.0014414894517
1993600,3723.7627673741927
1994000,3421.2203874891206
1994400,3636.9014816712192
1994800,3739.354876798781
1995200,3692.6338501488426
1995600,3734.021809885723
1996000,1867.6433075363536
1996400,3636.5018846293888
1996800,2821.4215318214983
1997200,3755.853054375206
1997600,3727.4091992641415
1998000,3723.200008287007
1998400,3593.9106150146295
1998800,3720.689789840945
1999200,3310.666692788657
1999600,3701.6124430048894
