Step,Reward
400,9.324515478818022
800,6.69728462859188
1200,5.529934878322649
1600,7.234560393165194
2000,5.3627815510366545
2400,2.8509543465132943
2800,4.851602076717335
3200,6.345603329630122
3600,7.318863715579264
4000,6.991814826435165
4400,6.166015123512248
4800,6.036837697204213
5200,5.904306927791272
5600,5.666886296840928
6000,6.327955120509565
6400,7.272630121042357
6800,6.017410307218056
7200,8.386429268620919
7600,6.227173490521843
8000,4.4850647520830105
8400,7.033314492551901
8800,6.644969863924876
9200,10.234867154002961
9600,4.590491130597393
10000,5.313293878523857
10400,6.8013529694400985
10800,5.647040022829815
11200,7.36022205862956
11600,5.39742839975676
12000,3.314938729642089
12400,9.454440304003269
12800,4.802588844939641
13200,4.596460304139891
13600,6.461898471255083
14000,5.813822963513044
14400,6.823141251162612
14800,4.388695912426639
15200,5.529764037440554
15600,3.971157641162042
16000,7.5086815504578395
16400,6.131843469526696
16800,6.580303949650735
17200,10.115458544062319
17600,5.011044320633483
18000,5.1294562887639295
18400,5.010916114596243
18800,7.5287662371060575
19200,4.924178130104911
19600,5.035617962708816
20000,5.970311814728253
20400,6.6923582096811405
20800,6.508382916112613
21200,2.861038412754604
21600,9.046633569067803
22000,7.031965037751905
22400,7.960225243727159
22800,4.882659121103646
23200,4.781349679351286
23600,6.766643101475222
24000,4.556531366044927
24400,7.4871857141509075
24800,4.93742066882169
25200,5.787513271729997
25600,8.10753072088524
26000,4.678112785874917
26400,5.2242274391996775
26800,8.18705254709972
27200,6.216094265318979
27600,3.3461155853286346
28000,9.093472099872523
28400,3.204763086864781
28800,5.545457146649548
29200,8.25483560322842
29600,4.733624615616907
30000,7.885178819489698
30400,9.21504052396477
30800,3.162981202767984
31200,7.300282947109701
31600,6.144206941279462
32000,6.13971986340784
32400,9.494711866942577
32800,4.907857778966707
33200,6.097211567331213
33600,4.8351791414209915
34000,6.18687406765956
34400,8.330304394422734
34800,3.8132760162829658
35200,7.184339983833693
35600,6.764600858036512
36000,7.355485843434186
36400,6.814734563716413
36800,7.998390524499652
37200,5.368572596376505
37600,5.462689106238159
38000,5.504874942044772
38400,4.559144002452308
38800,6.675398380128463
39200,6.957936947992986
39600,4.604065790232162
40000,6.035951812927144
40400,7.095799203672884
40800,5.841751487115663
41200,5.8847433625508625
41600,4.7939640467782185
42000,7.721331299408703
42400,5.586811875781008
42800,3.8465248558001015
43200,5.3869825487096294
43600,5.181831163749785
44000,7.852332884914083
44400,7.189414368988318
44800,5.296576563985
45200,5.581364107751676
45600,4.746702951399628
46000,6.8919721966524445
46400,10.133726240557209
46800,5.394329355729526
47200,5.434823896283097
47600,6.552342485213574
48000,6.400033501315259
48400,9.379133250624259
48800,8.397650987466106
49200,6.8877320558481046
49600,5.906254891268959
50000,3.912584095331978
50400,5.455760765278096
50800,6.922090337310588
51200,4.869305551702076
51600,6.887157243876235
52000,5.040407207859056
52400,6.3265518162231436
52800,4.458244129889423
53200,4.627606924111047
53600,7.20366859782995
54000,5.649287334693824
54400,5.269375781872572
54800,4.223664863571594
55200,6.488689521826828
55600,3.3135173310107735
56000,8.321987245668906
56400,4.293070252751126
56800,6.3035164859446935
57200,7.947473061565546
57600,4.973841199193991
58000,7.939680581557214
58400,3.759453648296691
58800,3.9036572024621576
59200,4.354229210369146
59600,6.134561428628774
60000,5.9789946395037115
60400,7.1895164331779515
60800,11.482780378227883
61200,5.930726636440927
61600,5.836574583847911
62000,4.603903646233968
62400,3.9462366518635585
62800,5.760127580400641
63200,4.921152985856335
63600,5.485677274381159
64000,4.584973666250489
64400,6.71274910875838
64800,6.646996159624705
65200,3.237760169749085
65600,7.093991003813346
66000,4.308796876218984
66400,7.8008906831021045
66800,5.752748541282414
67200,4.321367866341002
67600,6.8061113625187
68000,4.877336712079717
68400,4.37787930183151
68800,10.130832918139195
69200,6.661494757608214
69600,7.54575394562478
70000,3.861129434601082
70400,5.165427511353085
70800,7.517265842250826
71200,6.107318801062662
71600,5.320247401163788
72000,6.751962099385039
72400,6.110070778422831
72800,5.954869198060683
73200,4.534540456027088
73600,7.691734492840659
74000,6.49389682500475
74400,6.181648432529951
74800,3.988642688924803
75200,6.137651583283481
75600,6.248305683899714
76000,4.54985211390376
76400,5.95029626881676
76800,4.593982739631662
77200,4.022820741089118
77600,8.389639810009381
78000,6.443516019488158
78400,6.379822880407216
78800,4.510827000165319
79200,4.4181832915377655
79600,4.930371814844499
80000,4.435142416549686
80400,5.513938878923278
80800,4.532030199590557
81200,5.378743316680075
81600,5.493235306640053
82000,5.1786197844823025
82400,7.941716043186118
82800,7.520121666162553
83200,3.302118943282133
83600,5.763871679262091
84000,7.210175419498937
84400,3.5654794157073035
84800,8.1861752367273
85200,7.155289248776792
85600,4.3090721620962995
86000,4.655292812756526
86400,5.546084605737287
86800,5.212945672022745
87200,6.0178965390739405
87600,4.890801607282611
88000,4.0324275193103505
88400,4.182943498433288
88800,6.422378984163363
89200,5.432757977781587
89600,5.782339865930404
90000,3.5815526834638014
90400,5.449749632680982
90800,4.495145062917037
91200,7.666712362312785
91600,3.837402135276614
92000,6.330293636935042
92400,4.064797938023592
92800,4.046597905812338
93200,2.9829635399185577
93600,3.2432763699055562
94000,5.964622133916241
94400,5.066632446220318
94800,5.580037581275392
95200,6.215654132740693
95600,3.78884273701733
96000,6.720613326912263
96400,4.422041548591232
96800,7.274812620079227
97200,4.285614336910339
97600,4.497675460538997
98000,6.171494848112869
98400,3.356364144265917
98800,4.436983535919914
99200,4.577487156023569
99600,2.972852966410812
100000,6.89561810182949
100400,3.258214296973284
100800,4.801218846717156
101200,5.600413260860585
101600,9.479172962670198
102000,3.339928794052768
102400,5.886433426165805
102800,4.842921819852643
103200,3.0642788747779046
103600,4.641733424667886
104000,4.723360602717378
104400,4.265987127402619
104800,5.562371194308477
105200,4.601797112777866
105600,4.029855678040279
106000,3.806795953288177
106400,4.380682087088002
106800,5.148544771830564
107200,3.8029766155109295
107600,4.512984876239434
108000,3.994186081890126
108400,4.660386002750007
108800,3.6931386693388206
109200,7.053207310834634
109600,4.791156996642104
110000,7.456984641187137
110400,4.550328701928705
110800,3.1743765204766823
111200,3.2753062894897345
111600,3.9617148088535337
112000,4.4843110455276705
112400,6.741153495862656
112800,4.454665077840064
113200,4.203491790752556
113600,5.218457005902783
114000,5.973376572550547
114400,6.3754433934777985
114800,3.5710347597881964
115200,4.414665539478246
115600,3.610887685577462
116000,3.3484524731086953
116400,3.320556889880237
116800,5.217608113140699
117200,4.94701001688359
117600,5.778591698948334
118000,7.583387575720035
118400,2.884718182684675
118800,3.074493337381971
119200,2.883358035739894
119600,4.30018053182452
120000,4.655902576437356
120400,4.840793903214911
120800,4.820873704966133
121200,3.2519964260828034
121600,3.747916454294855
122000,4.922054556362783
122400,3.951281616062724
122800,3.661082159907703
123200,10.975846727870708
123600,3.889413224252501
124000,3.490932414821632
124400,4.17387430795124
124800,4.303968375319436
125200,2.959597972912052
125600,4.164093655900647
126000,6.332705784772281
126400,6.4952911936042765
126800,3.4967922511661715
127200,3.084664379526424
127600,4.232104386562216
128000,3.1891813958844666
128400,5.705053030580996
128800,4.896258774560069
129200,3.4321918046146185
129600,2.5715197456219574
130000,3.9593676640426594
130400,5.3900527378837975
130800,5.059675636043187
131200,4.606210116260137
131600,4.320182800334454
132000,8.187993242407908
132400,3.791365370607827
132800,4.307076826920568
133200,5.150159176827679
133600,3.278982667647282
134000,4.841159724140926
134400,13.791847281818109
134800,4.158107775347139
135200,4.267328986500616
135600,7.664015482710113
136000,5.613479037897725
136400,3.2881669688868027
136800,7.68803794747406
137200,3.870170381354563
137600,3.5426644995092738
138000,3.43354998460703
138400,4.515515546394934
138800,5.098860719085589
139200,5.735471519689141
139600,4.062214767452929
140000,2.837192035547252
140400,2.7366020465937364
140800,3.2487757465928344
141200,4.674550871892526
141600,11.723279121572205
142000,13.883237408891244
142400,13.110990409796651
142800,12.996064853910488
143200,3.8525387807270093
143600,2.6501022250484083
144000,7.576997284826731
144400,5.412478979928373
144800,3.6135295281500697
145200,8.359811996861621
145600,3.1287445925073896
146000,6.6134423493163235
146400,3.8670584303538473
146800,2.5921000997321406
147200,11.028285403762242
147600,5.190595971281938
148000,2.816666897398676
148400,21.86662016665379
148800,5.269454558927494
149200,13.36696290015681
149600,11.730927194533566
150000,10.226851469054687
150400,2.9125585417364452
150800,4.2188839742836315
151200,26.714661929073287
151600,4.697042840578143
152000,3.1718841784183986
152400,7.9010292280152905
152800,2.7133583097633878
153200,8.924052540653669
153600,6.1810134852716185
154000,3.6356071592988735
154400,20.176286332745935
154800,3.418566791926686
155200,4.989135082831259
155600,8.035591767352761
156000,5.287539459432189
156400,7.849937251766553
156800,88.6291700048662
157200,79.3629879448639
157600,6.044778413440569
158000,5.739612010906207
158400,2.5781934775854642
158800,2.5714973046439478
159200,2.8804480108617945
159600,3.259341783190427
160000,3.7711854348136726
160400,5.137779528295713
160800,3.6552834189302392
161200,4.849713917619119
161600,5.082625468354884
162000,8.9491946018835
162400,4.35276691729388
162800,17.332148710407196
163200,2.909574140260872
163600,4.478462844450239
164000,4.365425569242257
164400,14.91470625942657
164800,2.3550919887272896
165200,111.99927129735856
165600,120.63401450917142
166000,2.651640109310718
166400,2.534843388940262
166800,4.4618124422608085
167200,4.571020390151173
167600,5.00480159690471
168000,2.3584659831680326
168400,4.404533089989547
168800,3.7806666508156943
169200,5.251753003497199
169600,1.9449023787157735
170000,2.452973980344861
170400,2.548793084986041
170800,2.7102384589231687
171200,2.6684363632871433
171600,5.0108953109388015
172000,2.9667727092935885
172400,2.5321354027605394
172800,5.001899358227918
173200,6.875794903054641
173600,7.880154642237434
174000,6.450808784830598
174400,5.289690465813201
174800,4.0295946212844145
175200,4.463937427478511
175600,4.306042262081884
176000,6.844141755312683
176400,6.761702236616313
176800,8.562523889578614
177200,7.6864221185527555
177600,8.627781949723678
178000,8.958187747892334
178400,7.70206961772169
178800,5.406080738897321
179200,5.4657581566175155
179600,8.062567024074744
180000,7.699279779916499
180400,5.486038122900073
180800,5.232497430858433
181200,5.610568590221206
181600,4.594279190534374
182000,9.352069480521678
182400,2.283123943175708
182800,4.237460077195652
183200,3.116659325367908
183600,6.531980254472315
184000,3.8765875577038593
184400,7.997248620405605
184800,7.477045899002798
185200,5.840830967808113
185600,4.213196408295792
186000,8.309874778932002
186400,6.9416205453686
186800,5.425121783791008
187200,1.596417039111202
187600,6.999349060695655
188000,1.4452711104571987
188400,6.381298310091063
188800,1.9182750734330554
189200,13.983799620443271
189600,8.51151393720375
190000,9.588242906851209
190400,18.154455697918923
190800,10.986836428084862
191200,8.47405282381176
191600,8.368391823212908
192000,5.8646125641405815
192400,5.1706191567364135
192800,4.555249600390649
193200,2.3873628433666965
193600,2.166821157582329
194000,5.698357756733009
194400,4.154956917020615
194800,6.374037674119933
195200,4.970909030766953
195600,5.919586720209622
196000,5.379369619837148
196400,2.0318919376605935
196800,7.421843674957192
197200,8.287775766716502
197600,8.076973869817937
198000,5.911776647890597
198400,8.110096500400733
198800,9.341130488102086
199200,8.490599352896364
199600,8.900731485509677
200000,8.319506270298762
200400,6.664144016792961
200800,8.243942323545097
201200,10.652184556662602
201600,4.072107611208467
202000,8.7187147020318
202400,6.019537858243367
202800,8.320443837549547
203200,15.231435644116043
203600,8.881462943331826
204000,14.305893993150415
204400,8.353801192554595
204800,19.66306967616163
205200,5.62599358358366
205600,6.097513997045971
206000,6.8685959595955515
206400,8.08945117676189
206800,8.183651446978791
207200,8.40263826146451
207600,7.32162286881381
208000,5.4557154406446156
208400,9.204128090085714
208800,8.386877323619277
209200,7.697090039731991
209600,8.392791316775712
210000,6.421850168613234
210400,5.35804752347082
210800,8.961158708665316
211200,12.022700989950055
211600,16.8033324936247
212000,11.1821089740979
212400,9.550780824308859
212800,8.435632034287918
213200,5.795442367219209
213600,5.2439741334655565
214000,8.165875729312713
214400,5.098855466061021
214800,5.111345671625083
215200,7.601342479366833
215600,8.010089710097681
216000,7.654203307121114
216400,7.899057662825517
216800,7.184697035653617
217200,6.678619662105147
217600,6.941728154158042
218000,6.2142801221643715
218400,6.759091672074078
218800,6.892097027760614
219200,6.679683944987596
219600,7.675158115568473
220000,6.440137448305114
220400,6.996652652531896
220800,6.4458778397308185
221200,6.301784941069035
221600,6.281734421295178
222000,9.698398111721204
222400,5.957865077686627
222800,6.233269465780243
223200,7.02340506846612
223600,6.117328772786122
224000,4.808541347489704
224400,4.862210558932744
224800,9.637157147219991
225200,9.262983856067018
225600,3.145825842454782
226000,5.143756808724664
226400,8.456484279461145
226800,10.049145468796405
227200,7.514471007249416
227600,4.727711906249863
228000,5.929771812699171
228400,7.542413267238264
228800,8.337856195759413
229200,8.145330812687266
229600,3.1940822397406454
230000,12.910485054495911
230400,8.400635554518319
230800,13.423380950709623
231200,12.776911150643178
231600,2.4590506929217266
232000,7.10532166242538
232400,3.9225616939653687
232800,7.367331022094946
233200,6.792431390812281
233600,7.8091629402272975
234000,8.338528266211243
234400,8.045710236140886
234800,8.749134421764778
235200,7.247350027328413
235600,5.002756484805339
236000,10.462170811321679
236400,7.769977340768491
236800,8.24892647996218
237200,7.1449471792431325
237600,7.228222956499088
238000,6.835794103463033
238400,4.593191705852181
238800,6.22777130165449
239200,118.30047343811478
239600,8.345660210279902
240000,10.1972269963931
240400,7.957526504681028
240800,198.22205104581013
241200,3.1837377060490444
241600,11.383862599727497
242000,9.745503749045325
242400,11.854559234372342
242800,7.356745594612313
243200,7.484503442197942
243600,3.6397783142616538
244000,11.530856046935185
244400,10.173221307800596
244800,13.337325051481292
245200,5.877003018749077
245600,6.7689148440022215
246000,5.890022323046007
246400,4.022039424930987
246800,3.8928958574294175
247200,10.418814921641902
247600,5.699101531890365
248000,20.92525545346758
248400,9.915028852405714
248800,4.368487590698131
249200,4.284158162066116
249600,11.765214512973229
250000,7.003479004378841
250400,3.945222144197898
250800,3.957699726277628
251200,6.135221732141467
251600,3.6356984701299773
252000,3.8622372872884645
252400,6.307465520197022
252800,3.899833567937567
253200,4.084576644567754
253600,2.7821285335368087
254000,3.883297427635933
254400,5.292806105825621
254800,2.2953001089661687
255200,5.125854842186712
255600,1.9791888947052259
256000,2.276682700788366
256400,2.64202744381313
256800,11.112135651134377
257200,8.914955647496054
257600,5.071370604895502
258000,2.239127328471754
258400,6.940265031967354
258800,3.184807686179164
259200,6.932297383662153
259600,21.119436250112667
260000,13.33776032442649
260400,28.23251423851408
260800,5.903133532259862
261200,17.345229935706183
261600,3.6020557439741117
262000,3.0338763943583102
262400,9.668369159319145
262800,6.098198749595083
263200,3.5481420100426093
263600,4.397582091247569
264000,16.14892469299111
264400,6.629473418018067
264800,9.749625893120532
265200,11.00269706595578
265600,4.519657592401525
266000,5.673064089271115
266400,9.133466021441691
266800,7.2558320579090365
267200,11.20988810444276
267600,8.062634948736168
268000,3.231581775689216
268400,6.710868519183239
268800,12.304295597549027
269200,4.785049393927133
269600,4.525102263106303
270000,8.467685577672945
270400,10.994436785543005
270800,7.279113746342816
271200,8.115188562953051
271600,7.115577256951164
272000,7.307911106358452
272400,4.100522247539761
272800,3.519438835605653
273200,2.1874756829479143
273600,5.887621676017045
274000,7.240723024103847
274400,4.6885403354550625
274800,10.09428414202184
275200,6.357503695733337
275600,11.630078669427624
276000,12.019246335205738
276400,7.286556419282779
276800,16.983347191072014
277200,2.8240572690334185
277600,7.281678208932629
278000,10.835462934420802
278400,15.227710515853632
278800,6.256663774815138
279200,5.597022495403736
279600,5.158410857479151
280000,7.333344022856788
280400,4.906420651610768
280800,6.861603170574001
281200,6.443793065529319
281600,4.691177752424304
282000,6.604778321038992
282400,4.123768859679968
282800,5.005137086923654
283200,6.921048523587731
283600,2.753671599027528
284000,6.285355625783514
284400,9.1860552585992
284800,13.423350063378061
285200,17.256962576948894
285600,3.6267085686196285
286000,6.552999269222649
286400,4.05277564162986
286800,7.08093416476131
287200,16.20937683061577
287600,4.361024067577056
288000,19.452310264913894
288400,5.758148901786611
288800,3.7646667772742113
289200,6.475994535796926
289600,3.788487098145714
290000,5.749869500175025
290400,1.2174224657827815
290800,5.312921683937456
291200,1.4641997506034552
291600,3.0195276842401086
292000,298.31806533715655
292400,13.444278254861542
292800,86.23337637370098
293200,4.0360142502503376
293600,3.771319888070574
294000,4.595681516852239
294400,5.6709506020416525
294800,12.412931624393837
295200,16.65651534057407
295600,3.6309633729019035
296000,3.2858342231200326
296400,3.2610961199568886
296800,9.473719582053654
297200,15.60484952705284
297600,14.536333626121294
298000,2.1630939274387906
298400,7.908832298191373
298800,2.283435250987473
299200,1.7931743188786466
299600,4.53212603896321
300000,8.612965725785632
300400,6.809730349879135
300800,8.54308396391587
301200,6.709418674233355
301600,6.337672480131181
302000,1.4930153436842994
302400,11.237763475764954
302800,8.115081477701189
303200,2.6105818261506246
303600,1.7476817807837572
304000,3.4661984721972896
304400,5.560220872850382
304800,10.900369539458309
305200,7.190069061109567
305600,5.002329530204074
306000,5.252492122129886
306400,4.844179280619636
306800,3.894443850528672
307200,4.615527897614008
307600,4.955102259429379
308000,4.275632022201172
308400,3.743491141390413
308800,3.784139786264107
309200,4.031328814740419
309600,4.751375579116078
310000,1.8173010370876093
310400,4.5083494514274145
310800,3.7784094770257726
311200,3.3602622904614625
311600,3.897110942886633
312000,2.7187247061292563
312400,4.6261661365089415
312800,3.5506373725836418
313200,1.9076053745216413
313600,3.14615071598342
314000,3.251427905401426
314400,2.021788275847498
314800,22.049381323342335
315200,9.77214954618961
315600,1.9075390982573766
316000,4.975484712655762
316400,3.727972739392956
316800,4.675782277225576
317200,2.0911798854997095
317600,4.71931781523163
318000,3.699183177603423
318400,2.043300659140088
318800,6.973784639200357
319200,5.333745935857944
319600,4.280548986017929
320000,5.052185302385623
320400,4.849966808228363
320800,5.209546718031724
321200,4.394415940930005
321600,4.246601547801697
322000,6.860290443176236
322400,4.986747244069091
322800,5.228427721894121
323200,3.983738343876462
323600,5.158748710761181
324000,4.53459937700799
324400,8.803852793768336
324800,5.254613304720286
325200,9.921680372951295
325600,4.085810555149501
326000,2.169405952110497
326400,3.299142255985256
326800,5.428638913651676
327200,17.8514532112245
327600,3.3178839987209034
328000,1.786486601821959
328400,5.133599695591917
328800,3.77810515712368
329200,9.643130503798274
329600,16.082126400120444
330000,3.659929257499918
330400,3.789678444284916
330800,3.718254776567162
331200,3.3023869009027544
331600,3.1308893235046815
332000,4.515707418686707
332400,5.505843942115359
332800,3.6285252576949953
333200,4.568000699687159
333600,4.496628473172903
334000,1.4376328315268978
334400,4.8907070860925
334800,4.855706487295453
335200,9.730713320105187
335600,3.4990435594996296
336000,7.5707755214424655
336400,7.019340242481016
336800,9.538386468311748
337200,7.36775308954351
337600,5.165126751481667
338000,3.802381161872458
338400,1.443282601445607
338800,5.602729135848268
339200,4.912605164322533
339600,3.391380114035504
340000,6.940282772417079
340400,6.173069595838579
340800,8.052895541605324
341200,1.3810808238309318
341600,3.7830563114683398
342000,8.434467936017025
342400,1.4528654963898817
342800,7.512466766513652
343200,1.5985082978472056
343600,3.0403515591472465
344000,3.4839103423262854
344400,2.9727985632588885
344800,3.339284610362424
345200,3.6885081514078877
345600,4.72069613509985
346000,4.114032114103933
346400,3.77181870661687
346800,4.639001956841681
347200,7.2743626594417305
347600,9.05162321960596
348000,9.066146441802776
348400,4.2462738298017
348800,6.202908781479721
349200,3.64698026130175
349600,5.669935793683146
350000,4.940268145010508
350400,4.511279660413273
350800,1.627285014320278
351200,1.9504143937501444
351600,11.455192689926408
352000,18.549252204545745
352400,2.0529948241791915
352800,2.6028521585688313
353200,11.919297081604343
353600,2.8526143728834663
354000,7.2826167438642075
354400,9.278822988176977
354800,3.4374432114216646
355200,1.9986303869495257
355600,2.322720093401483
356000,5.924610381768665
356400,11.227325145191758
356800,9.327901471591408
357200,5.0362641220187845
357600,4.002983452256977
358000,3.897184599499356
358400,9.629367929204381
358800,2.3278029861300973
359200,7.655571238734641
359600,8.273120504876657
360000,7.169979630862825
360400,3.6004395679165886
360800,5.058683903720473
361200,1.4721299053220476
361600,3.055685916071806
362000,6.840923387369081
362400,2.351558232483728
362800,7.120994912692688
363200,5.555090252819088
363600,6.90796695098911
364000,17.55984987498321
364400,7.30551552087891
364800,6.041445194499546
365200,10.100226338523465
365600,8.213592511483968
366000,22.60965462955999
366400,6.073102949093565
366800,7.461280437460321
367200,5.194670872511403
367600,18.20660630879551
368000,5.5621507663920235
368400,6.013725523741934
368800,5.17386363870983
369200,1.799310287409342
369600,13.759880983402926
370000,11.646459551258888
370400,6.715716254554726
370800,7.840638886403134
371200,18.28021285721004
371600,20.78756270384738
372000,5.253010080819645
372400,8.450161295307403
372800,3.8958212916931183
373200,6.896715300639732
373600,4.668481465694683
374000,4.753776234713024
374400,5.279008574598074
374800,2.9147141768824882
375200,5.788309445614351
375600,12.001172402071271
376000,1.64305180020597
376400,1.904224798062455
376800,1.9329879142697046
377200,7.097919669166614
377600,10.31706577845758
378000,6.248280823998369
378400,6.778950486690765
378800,1.731666841022138
379200,7.5036598782704695
379600,6.344277427965589
380000,2.2681999177322245
380400,2.5738908610464164
380800,8.527960426551296
381200,7.215427859704935
381600,7.1700209108889394
382000,1.8385530004629114
382400,13.909472972379609
382800,3.635996109433038
383200,4.477778819334692
383600,8.289835213290813
384000,6.459773570594889
384400,5.529975438853107
384800,6.444211939431047
385200,2.035278042354958
385600,5.014244030361043
386000,2.5283352739490037
386400,5.614010088830579
386800,3.1099811085360485
387200,2.676615608987506
387600,3.9629267231808547
388000,10.14763385235906
388400,10.228468106764582
388800,15.433056838556286
389200,3.074637441854046
389600,3.4653417742345183
390000,7.372753265831363
390400,7.412647107130275
390800,7.484314572366784
391200,8.07323086914748
391600,6.977957445712154
392000,3.547877179955256
392400,3.4482082609683404
392800,6.8308967871983
393200,6.790290715623326
393600,6.323857192748202
394000,3.00876918635204
394400,6.94416979674928
394800,15.608125504189223
395200,3.1789812413505887
395600,8.624740315611104
396000,6.367719720372913
396400,4.257047221381237
396800,5.2528012769585475
397200,14.054316745517777
397600,3.8506029261242767
398000,3.5981587959129118
398400,3.2413627064936894
398800,3.3263468380571055
399200,11.059714503475314
399600,3.2283824411218585
400000,8.505651941027372
400400,3.0818932852115135
400800,6.990627425021036
401200,6.558245337931017
401600,2.0379669307754282
402000,3.2203912889169004
402400,2.1682301559146606
402800,1.371982274623699
403200,10.465297035868282
403600,2.0667194746792332
404000,0.9458388622102476
404400,5.274258375863438
404800,3.0464484954017386
405200,3.0032979109721394
405600,4.435879948103908
406000,1.7892880679522583
406400,5.799668494974819
406800,2.300447374684286
407200,1.242187182327393
407600,4.142556361681697
408000,3.0320030398059856
408400,4.504927833077555
408800,2.2868677922051295
409200,4.991278847824937
409600,3.6898181724135983
410000,4.009341648313841
410400,5.027685228934111
410800,2.1365867265000937
411200,3.812136853726774
411600,3.1647787750481897
412000,3.1217887119317917
412400,8.190756388793675
412800,2.3037628811694613
413200,4.176255299661614
413600,4.423379688451656
414000,3.170793736649371
414400,4.856505593224083
414800,5.45104041621353
415200,4.393895429358494
415600,3.1631026813934513
416000,7.545105120065717
416400,6.953055973452348
416800,3.991143956509351
417200,3.2903856870191497
417600,5.660766032523095
418000,2.1348219515188767
418400,9.244591790319191
418800,4.639065332683783
419200,7.972228451526094
419600,15.995526055661777
420000,2.5941960658663628
420400,12.927923114475288
420800,3.3786612944248207
421200,7.777863749005462
421600,2.1768425012398223
422000,6.309762651863041
422400,116.70241703207701
422800,4.391705090583928
423200,5.695012836796074
423600,393.326522811913
424000,1.898378736058222
424400,3.917933689441686
424800,2.8028437683992777
425200,7.001800725196744
425600,6.043572292140237
426000,15.310578426825716
426400,3.199369100965186
426800,432.0407598360226
427200,3.6251539207736205
427600,6.475096128319843
428000,5.209813706355587
428400,8.362625608364526
428800,6.894998311848328
429200,2.9032580881047543
429600,4.342380213974474
430000,4.0172886210078405
430400,4.587043558395126
430800,9.881084211737171
431200,1.7191153961389967
431600,19.69024900167521
432000,4.099834154185887
432400,7.620326881933538
432800,7.492886224943599
433200,5.5523605931176165
433600,10.928736239897615
434000,6.50832461562535
434400,6.78203156854737
434800,7.498824085974728
435200,5.352245286398423
435600,9.673867134910338
436000,7.3919782433126136
436400,8.74847105204706
436800,20.30588838828156
437200,4.232827186015533
437600,5.973864514854583
438000,4.881073872658444
438400,8.038016891946123
438800,3.46429192283952
439200,5.05163160767328
439600,5.925421298516975
440000,4.912728371142491
440400,3.3057175893928097
440800,4.1933691463728815
441200,7.5363975136420756
441600,8.120598114697918
442000,5.836636886515016
442400,6.155600400452038
442800,6.94920046105287
443200,151.46749283532517
443600,6.696751611156019
444000,6.373182125406224
444400,5.9805766836065
444800,6.790500915989136
445200,6.895988500618791
445600,7.113359488562929
446000,5.3202953115005105
446400,3.8669610294795125
446800,4.966924069151301
447200,5.058280668555459
447600,5.141100926298998
448000,6.966147103389541
448400,5.0860148891001105
448800,7.749940223871023
449200,4.555760176424225
449600,4.256651123288215
450000,4.632815248216476
450400,4.454403403265092
450800,6.61143502824462
451200,7.226717447627448
451600,5.176509497076259
452000,4.928098914120296
452400,2.289701412408547
452800,22.955836772690542
453200,6.725006962651149
453600,47.150551955444264
454000,6.3422707540762575
454400,82.93333197915335
454800,5.424506466416013
455200,6.236053988159229
455600,3.2386880172690256
456000,2.8902199641459556
456400,5.023646292386629
456800,2.648627976802625
457200,3.52647761466043
457600,5.309621128506916
458000,5.14962616383014
458400,2.6115644883872946
458800,5.196363268847812
459200,4.272612114017091
459600,2.649756129971148
460000,32.76655351509042
460400,3.4679103155560767
460800,9.113336243284433
461200,7.829565914014731
461600,7.573361428342345
462000,4.138346767021167
462400,7.209379659685245
462800,6.550410131539059
463200,9.612593590747089
463600,2.128399403201409
464000,6.090158538152345
464400,6.134136173563295
464800,5.53959563836847
465200,3.272655473009602
465600,3.745403572982762
466000,7.017516721922808
466400,19.43494009603458
466800,4.503036427216684
467200,6.390470977904758
467600,6.71714689390646
468000,6.58968002037418
468400,9.542317505044748
468800,24.54860765048959
469200,6.418069528193573
469600,5.51031998937935
470000,3.0102357250705434
470400,6.53547843038879
470800,5.615282004956522
471200,10.077856255925777
471600,10.598331377468732
472000,19.742611784873507
472400,3.4353212673578986
472800,5.411693567411119
473200,8.014880158771442
473600,5.198290923204173
474000,9.261456719367452
474400,8.471242548361408
474800,4.741051956979466
475200,4.341420289167164
475600,6.601494384061793
476000,5.05039253786209
476400,34.0124499326978
476800,4.518071968071664
477200,11.013129667169883
477600,5.160932586285917
478000,1.2557591350698218
478400,3.881645374637476
478800,6.412880854454915
479200,5.167014950270425
479600,4.1661404527853625
480000,14.075629736506075
480400,7.319550109819945
480800,11.504908907364728
481200,6.688212353870759
481600,8.53484779317752
482000,5.962385824913463
482400,7.544459316719242
482800,407.4907916970045
483200,7.777471361746005
483600,5.186775285359687
484000,456.90397356608315
484400,5.451672809598441
484800,5.249769644172217
485200,6.3532605890273
485600,4.938456530068282
486000,10.133272637197372
486400,6.29193209501916
486800,5.134076957610219
487200,6.159660643186466
487600,7.425865093574081
488000,6.960949091874694
488400,8.452610747489897
488800,8.04235087120788
489200,3.058731378967296
489600,7.570698116535294
490000,6.933180267950513
490400,3.7964362759231647
490800,5.573961956085363
491200,7.881846795086163
491600,8.639047981784225
492000,7.528455905755243
492400,82.59655146534881
492800,7.969959590419759
493200,9.563361927553242
493600,8.23820993398837
494000,447.6842798962233
494400,8.105954269257504
494800,7.395961666300412
495200,9.73737318453168
495600,70.43746884166576
496000,6.9447155603924
496400,21.848416120899245
496800,6.90632729011723
497200,83.59561256387954
497600,4.864418764698017
498000,418.3292126584737
498400,8.972773018370841
498800,416.71683449204994
499200,401.5554741117959
499600,409.73209516134233
500000,6.767296143442096
500400,402.4597062357615
500800,3.846967778714319
501200,10.71334706230876
501600,3.1879157620442924
502000,7.1314996165739535
502400,26.80981514574843
502800,3.4005281165050465
503200,5.993816312241854
503600,6.140457157280972
504000,2.200515218151468
504400,17.240883908927014
504800,446.10247899769763
505200,6.959214406092008
505600,6.042583544022169
506000,64.26218124366218
506400,7.394250336801119
506800,22.265075135196298
507200,5.812485339641602
507600,8.668347322718096
508000,5.673658370783688
508400,9.00892401654407
508800,6.130054707053644
509200,6.65295333033539
509600,14.39067463707715
510000,6.511220220760273
510400,7.179234410170014
510800,7.2274511342810115
511200,413.5840665234283
511600,381.5522363746431
512000,411.8639898169752
512400,8.444183992028629
512800,9.225734535991947
513200,5.605171974640921
513600,419.59385535326777
514000,7.116476758243332
514400,13.471727103201639
514800,6.046985992874961
515200,8.252157609643191
515600,8.920742436494063
516000,9.067328494844087
516400,7.580071465563508
516800,8.460693388793663
517200,10.319448919628222
517600,7.1648779187028095
518000,8.342575526478543
518400,7.373931824862739
518800,7.500116371513633
519200,3.6633742143120487
519600,9.945113555425472
520000,8.526090655985007
520400,8.79675855235304
520800,6.661224011321127
521200,6.360360714827538
521600,18.307028162459343
522000,5.676454428702745
522400,7.413637422297239
522800,7.555934158718782
523200,6.68638412770709
523600,91.1180017643006
524000,6.758907657936401
524400,7.545009120408362
524800,4.880462430250117
525200,9.095516064489683
525600,3.9823491685083217
526000,5.5153286824152525
526400,5.145450621328862
526800,16.63643043070511
527200,7.912224244799864
527600,10.059486260036044
528000,10.465063291006633
528400,7.543844912748262
528800,10.232358752402682
529200,7.8826425257567125
529600,8.354192296504877
530000,4.8477459637049165
530400,8.309270732546317
530800,7.799766691854699
531200,7.445607806670613
531600,516.98358065631
532000,10.434266178246238
532400,7.714975332448228
532800,7.774567929489842
533200,5.7851748726097885
533600,8.055786223493724
534000,75.53780668344567
534400,18.78031799259074
534800,110.9430419154177
535200,7.5719418457411
535600,7.748651806553624
536000,8.034198237061466
536400,4.822676826213491
536800,7.381433627088899
537200,157.12181134111108
537600,7.320901370578365
538000,9.350490257780201
538400,15.481520865463402
538800,8.36729671417844
539200,8.262159289144385
539600,8.291298697744713
540000,7.76680573222912
540400,432.7703504565576
540800,8.329779506631072
541200,7.655069234240444
541600,294.9548101764726
542000,20.719316387780946
542400,5.23416977050422
542800,7.770369106532563
543200,2.565362003077538
543600,7.749347626853651
544000,22.478571963467086
544400,7.858291640686945
544800,2.927568599814656
545200,8.68070052083637
545600,11.64631651998304
546000,8.494410012955917
546400,693.945595314309
546800,5.263960197761057
547200,2.6004607558236525
547600,432.88765761008773
548000,399.3360230230531
548400,8.750688207521648
548800,5.428764099382813
549200,10.697190847494202
549600,8.354618437689744
550000,4.021026447679464
550400,7.767118243340696
550800,7.224843885555373
551200,417.7976005914791
551600,7.596772982617078
552000,9.886639200075168
552400,7.814194387268301
552800,11.684698290180954
553200,12.94710290478403
553600,7.065707771872955
554000,7.299384202112601
554400,10.05850564836238
554800,107.11954224591727
555200,6.073413540772779
555600,8.074737736957342
556000,6.40502671673937
556400,20.002144370442988
556800,434.284106131112
557200,6.099377941198393
557600,7.624310310546791
558000,18.5214414529009
558400,6.6311346206419515
558800,434.3211064085436
559200,5.1253247650945974
559600,6.258519729835537
560000,13.667865448268028
560400,439.2426192561169
560800,7.652705323019462
561200,6.6372182857524615
561600,7.992874794284806
562000,16.50185712853574
562400,5.703849262267468
562800,5.696979132435117
563200,427.70034506195316
563600,10.339372705121722
564000,4.321262132603298
564400,7.222516884540216
564800,6.176394820466585
565200,5.376135467419146
565600,7.783412578800477
566000,6.92349128676777
566400,5.81054394735508
566800,5.55170711016146
567200,5.467085138196994
567600,5.092992519374392
568000,2.4041060414143285
568400,2.8839931157935
568800,615.374814060713
569200,594.0527347146066
569600,3.904571248509873
570000,2.7316505992568523
570400,302.82707287946175
570800,481.0679996461064
571200,2.72648774302895
571600,16.340826489248276
572000,1.3943165186249062
572400,472.78930328732685
572800,15.900318164204133
573200,16.053583365177985
573600,18.15791306571454
574000,11.343382472706068
574400,447.77636380296036
574800,631.0553395874642
575200,6.20341170433742
575600,4.6788182682373325
576000,2.671212802228781
576400,6.666312177542604
576800,750.0411877397196
577200,7.52497537845342
577600,461.29564448610427
578000,5.84251479134045
578400,446.23804898389466
578800,5.522537179530813
579200,547.8470589902757
579600,11.776659344480223
580000,9.251610203608879
580400,875.4792258126329
580800,3.2979148588441984
581200,1.4897542860274238
581600,2.8027312248729643
582000,459.3913839575225
582400,18.380886701420835
582800,375.5386221952847
583200,15.176398095759938
583600,21.191546171855236
584000,2.761557364355664
584400,3.9440931468003786
584800,15.48943606508501
585200,2.1016849430580966
585600,4.345634229538028
586000,12.961612864095938
586400,2.5501757815711423
586800,5.177919057203988
587200,2.718801482265603
587600,2.2921735601949607
588000,3.5313659821078778
588400,9.486134891449971
588800,6.922185893156485
589200,969.3526326335318
589600,14.985060116376783
590000,5.243964776110141
590400,8.747302299193832
590800,664.5790760270118
591200,135.30037855076557
591600,16.393283192055414
592000,6.5055731843777025
592400,187.57253446314445
592800,5.861535480832527
593200,126.69786786251127
593600,3.5518302726339672
594000,3.202746523556541
594400,493.80782471267366
594800,514.1782084057511
595200,2.119882306821414
595600,41.48372218539339
596000,0.9942476004816085
596400,5.150909308127816
596800,8.234541961314028
597200,14.328790863891689
597600,2541.8603554308893
598000,4.019288166726399
598400,2.662022669423266
598800,5.608926646853381
599200,568.8955317032675
599600,3.6200928933709795
600000,1.994737356278124
600400,2.9425618864367578
600800,10.124868306249834
601200,3.942042421718379
601600,489.52276006731574
602000,8.787201777828246
602400,369.3985929172388
602800,6.314251761662248
603200,681.4112401994778
603600,35.19454123058577
604000,25.534967013885904
604400,176.46403841686495
604800,5.894396290167692
605200,237.70633492577176
605600,567.8586864430071
606000,303.01177782180673
606400,307.9226725019432
606800,408.90453833562844
607200,144.37774821457933
607600,3.1218709444016235
608000,3.691018973123564
608400,550.2345724268715
608800,199.45079302666085
609200,6.251634970143414
609600,12.018004706266618
610000,549.1495323817737
610400,3.271553633731802
610800,4.292555283562214
611200,617.1473429184724
611600,4.334354189704942
612000,4.480679373436307
612400,605.744807478274
612800,551.5646725957371
613200,5.608056302201201
613600,3.7205142773076916
614000,82.95812394775017
614400,4.135042571579632
614800,2.8463303166240714
615200,5.399449977145032
615600,8.723280488179354
616000,5.9391502464841475
616400,661.726485834339
616800,6.048372921364111
617200,528.1494499284478
617600,546.0801341078165
618000,4.461266711070942
618400,17.595661498503972
618800,4.72896245188679
619200,4.667402015619502
619600,5.11362715868765
620000,17.1571967236298
620400,3.4044694649542673
620800,16.852235389559766
621200,3.5713542239735636
621600,164.23029310377973
622000,10.735299845495266
622400,133.75148492097685
622800,572.2604935595685
623200,429.1992008037411
623600,671.2181036459081
624000,10.955057543148353
624400,16.567099574113236
624800,17.760496355798246
625200,5.971972531598161
625600,461.0536538203404
626000,8.763175170624462
626400,1.885675782461535
626800,13.303202758425114
627200,13.130100224761
627600,7.173032813777302
628000,12.689760989218557
628400,4.218137987662092
628800,3.2998581391658712
629200,3.6718733016406584
629600,5.203243842173957
630000,5.015677444936932
630400,2.9674774774616783
630800,35.30390965354712
631200,16.831106859120297
631600,3.42756470871377
632000,1.9558129926413013
632400,5.520989985041929
632800,17.353974485361128
633200,14.301014675457532
633600,2.6199159174313733
634000,3.738634374628896
634400,2.3025743911156153
634800,14.53576465838465
635200,1.7099393238651832
635600,1.4883576810920252
636000,4.26768246311651
636400,1.6381081388968237
636800,16.793463825607425
637200,19.308870204628032
637600,4.309358517315915
638000,6.2208422243323716
638400,7.883228430508336
638800,6.17336082394053
639200,5.999648084142893
639600,6.840267385851568
640000,2.5527139898563727
640400,3.309311483399063
640800,5.117201789669056
641200,3.83008986282613
641600,13.309561281170415
642000,1.8234338251821989
642400,479.74535050899226
642800,12.121792103393078
643200,2.470555479545224
643600,1082.8046605910167
644000,219.90317481138075
644400,39.76251271181452
644800,29.709396563791948
645200,4.03649226801298
645600,8.762413994113158
646000,4.360460292754915
646400,385.69398135791994
646800,4.741318062405122
647200,8.27711562301795
647600,8.240240185540486
648000,6.830424366751306
648400,3.154730761421643
648800,408.0173305577087
649200,5.5335316572664865
649600,330.8527812960888
650000,4.655785855985193
650400,9.851774424108205
650800,10.526988069615461
651200,1.8539957727475487
651600,9.07940627956712
652000,303.61127614520217
652400,506.60523795605496
652800,483.9342360661036
653200,6.203774862962554
653600,2.8426292564250732
654000,474.3549478009512
654400,7.348819890376231
654800,6.443855087168107
655200,2.0392307660363023
655600,25.27925702947137
656000,438.6681581103665
656400,6.802311681685604
656800,223.05765410105423
657200,2.708808300787922
657600,1.8024599581884613
658000,259.45980688557535
658400,3.594821913335148
658800,11.95801801468508
659200,9.208288804193879
659600,10.740358490279922
660000,11.23614498981303
660400,246.7080324348851
660800,9.430101191712243
661200,447.0328715393771
661600,497.43374494542326
662000,4.9409117444263035
662400,429.10327644880266
662800,5.814233138902895
663200,2.1950870754959255
663600,469.3597102994473
664000,17.80286996570669
664400,3.041579720577672
664800,6.759167160595971
665200,597.3822773671914
665600,7.551238011501815
666000,185.0492775669005
666400,7.375237612052645
666800,12.497797221678121
667200,5.408743314782368
667600,491.4749230227344
668000,24.890752947738143
668400,3.006793143160305
668800,537.9398952883065
669200,10.377590512039692
669600,9.950153922389047
670000,14.720729197496947
670400,403.808834750743
670800,9.661510110766343
671200,12.15678394435192
671600,2.9539342813194365
672000,9.428108852167387
672400,7.096267499276327
672800,14.24999170015931
673200,7.840607821342803
673600,8.577888472694736
674000,482.84032579896507
674400,15.517420614166642
674800,699.2947750997748
675200,701.7112995430417
675600,8.316454591356367
676000,466.8789736135563
676400,6.514780919988324
676800,28.65634656210212
677200,5.281320812677089
677600,3.5100832480984674
678000,18.238861479754284
678400,5.291235614659884
678800,25.40836846298301
679200,2012.3230449311468
679600,6.808037699053359
680000,19.646091611191896
680400,1083.233524059007
680800,9.21077175809794
681200,6.845691225270593
681600,3.1826949051510014
682000,16.394353108331057
682400,7.066404764728097
682800,873.1046051808206
683200,3.4063228640773744
683600,6.775946307179931
684000,19.04279924455456
684400,11.344031639067817
684800,2.9366869138913057
685200,492.9779695297741
685600,9.101782462679116
686000,4.108935600762407
686400,10.216985201117216
686800,23.738055322171384
687200,465.1078006441532
687600,12.129372104509006
688000,8.752007581724552
688400,662.3948399177206
688800,7.78717452216805
689200,682.8657526611981
689600,27.30077899020613
690000,11.734561231699642
690400,2.73931783579921
690800,3.098139915204357
691200,19.407914175505283
691600,14.625311947246669
692000,7.965520565180178
692400,26.264248539481326
692800,15.500771704626237
693200,5.698958735764542
693600,12.062075225903305
694000,15.843702476792126
694400,42.355864611678
694800,14.007135750390606
695200,16.27221165058626
695600,2.2693083360367003
696000,12.600952613437826
696400,13.008878439673886
696800,34.09217218643295
697200,26.634774936555928
697600,23.57272236635289
698000,1.2956978386451379
698400,278.3157739285117
698800,8.462366061778058
699200,1861.091498156322
699600,9.406338536106702
700000,17.82464820448891
700400,1016.6938219346866
700800,19.168913623442474
701200,11.187061357226245
701600,40.73938121601408
702000,10.358063068577225
702400,3.505882672262854
702800,18.124735698871312
703200,6.012878539787801
703600,21.659818612653364
704000,16.66142218140655
704400,38.41099681287497
704800,7.4438584749496055
705200,548.810295581465
705600,16.05719451706247
706000,500.70198988015034
706400,5.672456541938844
706800,2.5380898735339263
707200,38.24767031886698
707600,19.679068847702915
708000,5.021835228312607
708400,60.09745727345337
708800,23.602283647847667
709200,939.1631828593181
709600,3.304265007683078
710000,1306.1173391158447
710400,2.1160587038913006
710800,6.244128071910328
711200,2.8364459301803224
711600,548.0273112650367
712000,495.8415107166624
712400,8.544674921063466
712800,29.41432782728191
713200,2.185281889813788
713600,8.184100343706909
714000,3.672665231244012
714400,783.643850289528
714800,3.5739611408866576
715200,6.96513248619257
715600,1474.4591396303538
716000,20.003298085882367
716400,3.5923915048352426
716800,2904.235264099143
717200,1137.6184895437618
717600,7.715322419755397
718000,3.794971933825802
718400,173.5120919424252
718800,4.716781201712627
719200,4.219185745335378
719600,5.012788865664883
720000,2.513296230299967
720400,13.579861645426188
720800,16.13728942649719
721200,1021.1674035160792
721600,8.069606109816878
722000,345.34274179509055
722400,9.560864939233587
722800,3.340125473823294
723200,4.868479001246139
723600,40.00795470624218
724000,50.683340741932405
724400,11.072851515484542
724800,9.482428296713184
725200,11.622304886812048
725600,1.5640516869300294
726000,259.65529555133975
726400,6.325617054542445
726800,8.639590651409872
727200,39.051532862955206
727600,11.418836667723305
728000,5.472046826671505
728400,7.208377335606988
728800,496.5527297312482
729200,11.344612167639063
729600,13.984754627328266
730000,40.49752454827431
730400,10.948893693508442
730800,25.845217926028845
731200,5.108433060105633
731600,7.51745874149153
732000,478.27866323315874
732400,505.0844183465731
732800,3.7139798891932014
733200,34.21128224234894
733600,16.19452862831747
734000,8.416586476619964
734400,7.375712672359593
734800,4.4717994784367745
735200,9.445930828681476
735600,6.978334097496935
736000,916.1162059680319
736400,4.819400810458368
736800,25.64494784265832
737200,818.2921444785994
737600,14.365310673956033
738000,11.08148172750728
738400,3.408897751931738
738800,16.447198029016178
739200,529.0259823421176
739600,8.66432590463945
740000,948.8624124112929
740400,6.428608924825933
740800,21.664998200578147
741200,5.218934465467283
741600,14.607189676279928
742000,770.1641291608751
742400,17.020253947109172
742800,4.6586256628679115
743200,650.928620757578
743600,9.805101742991607
744000,791.2729820618573
744400,888.9180554917111
744800,918.4327437623331
745200,1526.8991604130283
745600,715.5674088593998
746000,992.5980550098524
746400,10.158321222360083
746800,874.8938355826508
747200,29.588780719927886
747600,21.372955011762233
748000,1009.7247656059827
748400,8.979919261341701
748800,11.391690069392
749200,6.691267293703618
749600,6.369766176457697
750000,293.27466907469733
750400,504.532692218749
750800,9.72706265470397
751200,2.208385932247791
751600,5.337878283478072
752000,822.5706483682638
752400,2.9869999769588573
752800,465.35843030357483
753200,2.5272372085838084
753600,7.864926889207084
754000,5.784433877745589
754400,661.286416100242
754800,7.452442949526657
755200,594.0476271573039
755600,4.04302593801072
756000,3.796519167142937
756400,370.557281583609
756800,209.75884703546447
757200,3.8512954130739705
757600,8.929106213195553
758000,3.4791118182871377
758400,2.0396270121776827
758800,3.339031928745782
759200,894.0335179457086
759600,2.659521199360374
760000,4.3244019736670145
760400,670.6756742123295
760800,3302.2461120793937
761200,560.2450806370543
761600,162.72445781483268
762000,56.98679545051522
762400,21.144133048002868
762800,30.97234834428421
763200,8.84404091531339
763600,7.230419491066781
764000,6.739026177004898
764400,3.634651679902837
764800,11.900124369141972
765200,1077.3328741074904
765600,559.3785587513411
766000,8.856642672448952
766400,515.5612371691385
766800,6.574696646932219
767200,8.025435696268904
767600,10.07223418939492
768000,45.25673668897318
768400,276.4699419759891
768800,1073.0384958212092
769200,8.899133703144216
769600,6.813482899714315
770000,8.439039354264347
770400,3.4888867246388893
770800,9.920246963426429
771200,3.771749352152132
771600,4.900884334849533
772000,22.38748709031109
772400,700.7334033246368
772800,685.081908766826
773200,47.66760077779403
773600,2.836274798444846
774000,9.343272213764456
774400,5.434242581423758
774800,521.3677707733907
775200,42.066847656047884
775600,370.19178423272757
776000,9.912765635837758
776400,2.554883642552837
776800,402.1747903865077
777200,49.820169384445286
777600,495.4758453617502
778000,66.2370867069796
778400,695.8885460707461
778800,14.098970126343149
779200,49.31359253531695
779600,24.144322170089627
780000,23.036185551285815
780400,1.1969637124270451
780800,33.13024634347286
781200,3.9439024922249204
781600,3.151238299223555
782000,12.608455913295007
782400,9.278880964156494
782800,498.1777110020527
783200,13.270851540142004
783600,405.95682498991175
784000,3.591437336120399
784400,10.098340160076688
784800,1093.660020243974
785200,5.560342516147238
785600,11.739893684691372
786000,16.975352854459242
786400,6.235136043295997
786800,33.39221290924599
787200,13.322215313262058
787600,2.325839981813549
788000,3.825662890815748
788400,2.3289172975313788
788800,953.7103480768473
789200,180.0515409985285
789600,1206.5040967377859
790000,477.13078587530356
790400,31.605742727905692
790800,6.557853482436929
791200,5.118692922805211
791600,1435.9472592220525
792000,28.97675750545118
792400,760.7555214127602
792800,3.9218555483070983
793200,4.081305928798362
793600,9.535555915061375
794000,8.671863450581617
794400,5.935809336556905
794800,724.2523070681438
795200,34.09749269011824
795600,1428.835640372206
796000,2.9322274132186568
796400,2866.6566551303144
796800,7.251794286664911
797200,28.922904273383587
797600,6.0292050479620265
798000,31.72659893709125
798400,5.548923658386763
798800,1722.8575575950456
799200,708.5505783160083
799600,3433.120461713549
800000,7.6685424623778715
800400,253.00971984543608
800800,1515.800331092623
801200,7.243818814938076
801600,4.07769490075672
802000,11.227069042750596
802400,16.315961987733132
802800,6.866744840947335
803200,16.548509529289714
803600,807.0030854631588
804000,11.471187448874128
804400,17.723479496961954
804800,7.0051022045227045
805200,6.302586638358809
805600,8.401111096378589
806000,2.6907690499819497
806400,10.931589762081673
806800,1585.0750912633323
807200,19.508553096452783
807600,649.2550371737443
808000,12.483597917872066
808400,13.177343738777179
808800,6.738322429013926
809200,3.6100211472824055
809600,22.19973098566029
810000,29.76011662403136
810400,3.0462277858257525
810800,11.42630321300032
811200,5.3214091683111
811600,4.945777992745203
812000,9.244349775512106
812400,7.433717875119776
812800,6.225821514566376
813200,8.092063614920828
813600,17.46536735053466
814000,5.190146049985223
814400,4.395471638261915
814800,22.069809861898204
815200,7.492264219294056
815600,13.224292057722439
816000,7.015559565706804
816400,7.337550489920725
816800,5.994404619510529
817200,9.611989828082073
817600,5.471125789247748
818000,11.794073873629898
818400,4.429813034419346
818800,661.5376755854439
819200,7.325474610484151
819600,280.88614631438156
820000,8.244918456165896
820400,4.620873171892667
820800,11.07061518547862
821200,8.702344132650756
821600,7.723224198933643
822000,20.012975786336032
822400,11.183940855820971
822800,4.049437298974656
823200,7.389676351913925
823600,6.867169435657838
824000,6.850605050552343
824400,5.825505673757228
824800,4.3979666813110745
825200,7.831720443528385
825600,4.070784623332597
826000,31.31531317707126
826400,13.233081443543824
826800,4.156365827043461
827200,5.022695378919677
827600,10.398203940284247
828000,8.170282330579877
828400,10.460545648201338
828800,11.204776433300976
829200,41.925733546928214
829600,321.5904543649839
830000,2.6619188294036675
830400,8.51953526548726
830800,20.018427348370146
831200,8.28842083888288
831600,24.302347184445544
832000,7.936765352821205
832400,17.055059456324447
832800,23.762337791828216
833200,18.32342324263021
833600,6.260964815566897
834000,223.7500452721805
834400,24.290296503669072
834800,2.6033751362723927
835200,14.7957174017787
835600,10.972977788270796
836000,13.42486658775408
836400,5.0965718640883235
836800,11.830670233796809
837200,1003.3682205153349
837600,1203.1428370066003
838000,169.29191271558693
838400,630.0688260668287
838800,21.848497250669116
839200,12.663770585188832
839600,70.25490857528918
840000,128.110202034536
840400,2.8286998900592595
840800,821.9487816701613
841200,7.269937365013552
841600,300.2447913675731
842000,24.538440657826516
842400,11.445600670773063
842800,587.3826860072377
843200,5.048713029618498
843600,22.626440788880327
844000,21.77557711563869
844400,1499.4306413277368
844800,12.505956222008187
845200,16.644634885052945
845600,8.38375472703451
846000,11.559261293322328
846400,27.031875668478218
846800,17.944283142527276
847200,6.417937981192315
847600,13.726474018466638
848000,68.45421783862845
848400,60.183036004542515
848800,14.894245407014623
849200,21.59044743481976
849600,28.79100348119504
850000,624.2281622071855
850400,2.051804151959789
850800,891.2500158227994
851200,1087.7263560801105
851600,5.744738974996196
852000,303.2060478069315
852400,17.84828454841966
852800,3.5101301908805995
853200,9.823184856768542
853600,435.68038252973093
854000,415.4057641295114
854400,13.062725173451522
854800,21.254551049028645
855200,34.209207430102694
855600,11.221188107613377
856000,8.140880236132542
856400,594.8000321527664
856800,607.2608203682576
857200,333.3466186968225
857600,348.5057694683787
858000,521.978150951549
858400,36.26872959017581
858800,8.854489680786484
859200,58.05264993308222
859600,21.241820183721117
860000,22.803740935286694
860400,1161.4972542402256
860800,4.930564239553701
861200,42.83905210332322
861600,263.0763423560134
862000,52.22690832622726
862400,648.6028418474311
862800,768.1088665923189
863200,1464.0100629868534
863600,7.9557868042153075
864000,14.882739529330319
864400,13.831232494091617
864800,3.9984744094573186
865200,280.4519913210039
865600,6.586099243232549
866000,171.60367841673332
866400,5.516236515177191
866800,4.778996011542175
867200,67.24259136554899
867600,20.758185291553552
868000,19.89669949942184
868400,13.940498043621913
868800,8.946932520645717
869200,4.772661612092127
869600,26.042961281719837
870000,8.380528186599083
870400,51.496697932538744
870800,6.195539289205951
871200,72.03491478484572
871600,10.289067245765235
872000,5.939943662272828
872400,27.812177174143255
872800,101.42245054594031
873200,73.43306939377436
873600,2.558659387872971
874000,3.655808954300677
874400,114.19269770603805
874800,4.975918275149747
875200,85.20898302414616
875600,10.403428946710578
876000,12.420266186624978
876400,4.996768605997294
876800,57.467662643323024
877200,15.016236828663146
877600,12.592083401958362
878000,4.459449361197593
878400,4.133391397105067
878800,16.564640864800932
879200,11.332962478380932
879600,25.837811921671335
880000,4.319307931785106
880400,8.415282143834384
880800,71.71437541388462
881200,158.644700854784
881600,9.321222503330386
882000,10.648158856720892
882400,8.966007767887083
882800,20.523523976457668
883200,13.83350131684819
883600,16.848798934331786
884000,18.27258870639682
884400,19.504656051973583
884800,23.917117176025165
885200,15.16859794436136
885600,26.37314330520847
886000,10.02581577094063
886400,16.033917256520976
886800,80.45010243344896
887200,14.810095807228596
887600,105.69357267818245
888000,13.607292213247588
888400,22.59100843521189
888800,14.134655933708268
889200,108.00282036249894
889600,72.1618738075246
890000,28.871111249486578
890400,80.18869753964702
890800,24.73662246529531
891200,13.504449638722694
891600,146.54631900050742
892000,17.542228000241973
892400,27.033054871099136
892800,117.37284958380333
893200,103.48902780759133
893600,12.680305274804455
894000,13.380601798639056
894400,52.13942585060426
894800,11.67261516913303
895200,715.0061748330874
895600,14.310440453571506
896000,38.85664096976859
896400,24.44727513033685
896800,2.2908604535330577
897200,13.075069137282096
897600,999.3850723429074
898000,21.223494285961127
898400,5.209811076873397
898800,5.2325590236133595
899200,22.755891038723362
899600,12.08257546769309
900000,10.637051529292549
900400,11.134695491160231
900800,1.856205205569711
901200,6.948998976006862
901600,25.136570434252988
902000,7.7000708325326075
902400,11.328451471989494
902800,10.571440772154697
903200,24.70856212684704
903600,2.5492043167005836
904000,2.1929421952394548
904400,14.907769283000189
904800,4.811586793896766
905200,2.3235635657927016
905600,186.9388036410788
906000,8.621399823965609
906400,119.48042963888797
906800,2.9228779715473667
907200,17.1925399868529
907600,270.5087667289077
908000,51.70758647658301
908400,12.314541830160461
908800,1187.032293635382
909200,836.977058640611
909600,9.707864428228804
910000,12.828667487897668
910400,12.71911861551981
910800,7.18329386568492
911200,6.7408644735333745
911600,13.564226800987896
912000,15.566430134683474
912400,304.81882221147526
912800,11.547660087944164
913200,8.291455745940471
913600,20.166347409772893
914000,10.933075644467193
914400,13.902756009138107
914800,14.492395454847314
915200,16.834961718713817
915600,8.85380804372585
916000,30.224215577206024
916400,10.524266331742423
916800,1228.4959971164342
917200,20.88426672966387
917600,2.700210788061021
918000,11.852110234409446
918400,847.868441008909
918800,595.239172418591
919200,3.58606246177357
919600,14.957903702940328
920000,739.2693431428013
920400,9.33746366177807
920800,886.0945256230607
921200,13.588668815997085
921600,1913.3296531533747
922000,1643.877799700923
922400,9.106990074235744
922800,31.308229733411967
923200,685.4403814758884
923600,815.3475418556893
924000,6.283486902570697
924400,14.7480140148943
924800,9.207972447810167
925200,702.4958544713057
925600,184.4136732456096
926000,33.158793663776756
926400,2081.2876507920278
926800,8.661330646514417
927200,4.11447526858581
927600,18.83587378293124
928000,614.3083926313536
928400,629.9841376780057
928800,927.3703399762111
929200,1983.8177138148303
929600,8.604212576338455
930000,11.105898266281606
930400,2886.9137243434534
930800,4.900858547864565
931200,162.58763107797864
931600,2893.7228057463567
932000,1534.4187519111601
932400,600.239275653644
932800,10.090056914805858
933200,7.245398334498713
933600,51.63250041856836
934000,156.45446906505586
934400,149.0771737294442
934800,15.586485811045499
935200,19.502671451904646
935600,135.83981829051004
936000,137.16071328239593
936400,2.922945449224033
936800,222.79524199521006
937200,137.70635052537375
937600,6.799309926437244
938000,40.38454573960419
938400,7.641578989667255
938800,6.927728622368429
939200,8.093267474319216
939600,145.4625692547115
940000,17.73419485272976
940400,6.098134578372284
940800,10.9733028808141
941200,8.289784844887311
941600,286.2108030362874
942000,21.632253729191667
942400,7.829371467462246
942800,16.89832503391539
943200,8.629504919327966
943600,13.00381877859569
944000,12.719085335108707
944400,9.048839575080706
944800,10.568783216111829
945200,4.136381434019261
945600,13.058105070302007
946000,6.330312008300629
946400,60.03130291738708
946800,38.54438294096147
947200,8.228073724902867
947600,13.184247501059524
948000,17.40154815280344
948400,3.5032930682926406
948800,125.28853562590189
949200,1081.7871306892662
949600,152.48329767155138
950000,168.56514342832205
950400,27.6573048165713
950800,2.3177500885559037
951200,3.6520179270948976
951600,8.304122157472534
952000,147.68229649303922
952400,261.7626816022187
952800,7.815403587137873
953200,59.48291970010087
953600,10.600995345016084
954000,7.773076014182376
954400,6.806724064789738
954800,495.12806253072137
955200,7.908404190257681
955600,7.434756795110641
956000,7.389803231395112
956400,6.58302120031168
956800,2.5138770125093757
957200,6.851940749023509
957600,2.4862079195945648
958000,9.141878207689006
958400,6.751762831728821
958800,15.420853544475113
959200,35.06841102139603
959600,5.169049810867011
960000,1015.9309502543969
960400,6.623166523797273
960800,8.96816971539546
961200,1.420316427028604
961600,5.804133235864333
962000,6.637392277081263
962400,10.553784042706004
962800,4.724153128970347
963200,14.497260157189805
963600,8.366429152679189
964000,2.7808223915886257
964400,2.5116135647378606
964800,1.4311033428312352
965200,15.262535137160977
965600,9.533580995096408
966000,21.307673184541102
966400,1.5379448331705752
966800,1.4834337888682723
967200,5.789206396768318
967600,1122.6778528396344
968000,1.4435865414536453
968400,3.2458607797574737
968800,14.527915352504287
969200,1.666618252723574
969600,10.620230934177403
970000,14.22096130145752
970400,16.84281572968715
970800,5.766779346116861
971200,485.4754440131654
971600,12.558299354675036
972000,6.875882330403321
972400,428.645375329356
972800,13.8462117614767
973200,9.968817152487693
973600,21.833373669151083
974000,14.254452392642529
974400,1242.3189611951555
974800,6.8448977012671
975200,7.369036880896319
975600,10.95752841916084
976000,34.948962467743584
976400,2.3751288366926033
976800,4.252220654034353
977200,812.8246294912076
977600,5.395919546405898
978000,7.713741806147632
978400,36.480762960517644
978800,10.102601637963678
979200,8.53050115142271
979600,832.9935382084686
980000,2.9108254051745575
980400,8.412305964200646
980800,1.5755294907636972
981200,19.729751269504572
981600,10.043859884337866
982000,3.6505467371591496
982400,50.863512234950484
982800,8.631715708307782
983200,5.166036158463481
983600,4.81986122490643
984000,3.2756749121767283
984400,9.898323397849941
984800,29.392587264157203
985200,261.405138733924
985600,22.465808500004268
986000,22.364450606478027
986400,5.74312283630117
986800,2.0197654351935106
987200,2.562154332238848
987600,1.3327170235476065
988000,5.71086026576458
988400,1.8477898166240474
988800,22.560594209426064
989200,6.52143178114334
989600,3.2945356181479166
990000,2.392582284890832
990400,9.740793488667764
990800,3.908643207199259
991200,13.015130169194366
991600,3.3755316256241326
992000,1.0492741002076835
992400,27.641627924896905
992800,4.042414694703604
993200,1255.5223967970367
993600,1470.0310486832225
994000,3.153813527031427
994400,4.131318577816451
994800,4.186453127220085
995200,3.1744621469100167
995600,613.2686798993811
996000,514.8125717505021
996400,12.17124794477565
996800,36.959086277739345
997200,21.9332326252812
997600,253.33623822063007
998000,421.0937447224288
998400,277.31172867929473
998800,440.5200309872456
999200,3.293695775322079
999600,11.379010438224695
1000000,3.385332160259416
1000400,266.98999894813375
1000800,574.4150310897113
1001200,13.492329675088014
1001600,15.282779058679251
1002000,51.66980416787628
1002400,74.7736032769681
1002800,34.81298527211085
1003200,118.18075449027317
1003600,3.88330695675936
1004000,6.521509945260815
1004400,624.8440038607786
1004800,45.49936813743583
1005200,20.4105373957127
1005600,801.8412864614049
1006000,27.09933374289991
1006400,410.9581983155314
1006800,26.68010639279893
1007200,24.904421202527494
1007600,16.357886238963058
1008000,7.2291158882995985
1008400,15.570315931095763
1008800,30.082765162959078
1009200,11.379938123099377
1009600,17.4612409057178
1010000,9.094193700878717
1010400,370.5562615712594
1010800,18.535434502697147
1011200,15.695735519050109
1011600,36.784753873818204
1012000,21.03847764688669
1012400,21.76212215305108
1012800,15.015980453018328
1013200,2.2149583097017578
1013600,60.10904310580717
1014000,41.102191573762354
1014400,16.31384460744531
1014800,3.938723366480016
1015200,41.73966629143187
1015600,14.712780534510387
1016000,14.584622403200585
1016400,8.9665013827334
1016800,29.977024807265714
1017200,19.388260371680087
1017600,599.5685312831829
1018000,505.38939233998144
1018400,8.657263270686656
1018800,61.84336201476016
1019200,11.72937125731928
1019600,13.740477972914782
1020000,19.231281009004384
1020400,14.14054365088496
1020800,13.219966992716076
1021200,7.211048066633033
1021600,26.77102864425304
1022000,2.2885981620743294
1022400,7.600271821498142
1022800,3.2461679634160485
1023200,26.413941951151546
1023600,6.816282652027657
1024000,4.49344224251114
1024400,17.044562851692383
1024800,4.966842320223829
1025200,12.233928441954356
1025600,17.02195309466164
1026000,1555.4282958152771
1026400,12.654015675277892
1026800,33.18314613107623
1027200,10.428065754646413
1027600,31.890279769906993
1028000,8.124765580414232
1028400,23.463845740806157
1028800,16.835395210072882
1029200,22.15906461407335
1029600,15.101099105794377
1030000,12.691220571883111
1030400,44.52616740253091
1030800,23.83321327306774
1031200,12.140381065320756
1031600,2051.6169024617534
1032000,17.386340365806298
1032400,32.688487038317035
1032800,6.066211186291607
1033200,3.2275823118935354
1033600,2.8492670146454215
1034000,17.114422117400085
1034400,5.288498882333164
1034800,363.3985388782456
1035200,28.0757463816698
1035600,10.402600118502043
1036000,4.454535450011884
1036400,595.9016875616225
1036800,24.094722892915428
1037200,13.10622636360979
1037600,525.4678945288157
1038000,523.4031742876568
1038400,159.96936214956773
1038800,492.88893464281506
1039200,6.400029396063476
1039600,3.9043172618858284
1040000,4.072423009071083
1040400,664.7471494015838
1040800,3.550588609309249
1041200,624.9009293001164
1041600,17.271610365843348
1042000,29.50407713295153
1042400,213.1967885758125
1042800,15.304521942709068
1043200,37.10130433367676
1043600,2295.0698854289144
1044000,14.682012508662682
1044400,43.844002272898265
1044800,3.7136622612457533
1045200,19.57455315657589
1045600,4.335512602581655
1046000,1402.9857970649841
1046400,2.932997445603429
1046800,3.470502621171876
1047200,4.597129965424787
1047600,6.130367277469213
1048000,3.0351419971108675
1048400,4.717601523943899
1048800,6.5576080642433805
1049200,3.466508284456599
1049600,26.2863618003586
1050000,20.616430246114327
1050400,9.860987890730938
1050800,302.71954309879777
1051200,55.47585384782679
1051600,842.8536460006624
1052000,672.5578913382615
1052400,61.64975673489076
1052800,1.4241524588536882
1053200,18.349246416513708
1053600,12.88221230758063
1054000,16.392025898536193
1054400,37.26563579706876
1054800,915.515486152298
1055200,119.70996348771968
1055600,21.00938003290182
1056000,856.3012065845753
1056400,7.5417680603584705
1056800,20.062351366370613
1057200,7.950809943500535
1057600,9.052070693116276
1058000,28.60659993935821
1058400,24.72399929866324
1058800,9.07392470007124
1059200,41.387881209636
1059600,591.7763363389753
1060000,2295.3848182820248
1060400,15.364672831025356
1060800,9.101970152378914
1061200,29.669684428191324
1061600,1296.3427818803111
1062000,32.14931441991409
1062400,34.2464227721685
1062800,16.404321722567477
1063200,10.949287112656188
1063600,2.7464207083940657
1064000,21.017061382948533
1064400,13.118535908602592
1064800,11.262107325122521
1065200,6.155984698741608
1065600,1296.6547956415807
1066000,71.62712588898536
1066400,2.085987761957092
1066800,6.944009987371743
1067200,1668.8085439698852
1067600,5.288186367294506
1068000,307.0547667285986
1068400,43.564605879456174
1068800,468.00714223115324
1069200,5.397339280149206
1069600,1261.2894640706934
1070000,1214.92902575615
1070400,1472.2094045507504
1070800,1189.9060312868091
1071200,155.06438604454445
1071600,6.229031083360523
1072000,1676.4608762703626
1072400,1019.673514651448
1072800,1266.297097635224
1073200,14.85846806236117
1073600,1874.7026985435198
1074000,362.24700807640545
1074400,20.007122238592846
1074800,844.7887622829236
1075200,1559.4589979410491
1075600,15.473097516119957
1076000,1096.6136195514378
1076400,7.651416062351084
1076800,3.0493389137319653
1077200,32.0697553264546
1077600,870.9673572337413
1078000,8.13088493164175
1078400,7.406028526527456
1078800,17.28043374057806
1079200,2.793309946954182
1079600,1546.4773595193662
1080000,4.621410086852429
1080400,486.0561802479197
1080800,4.0599672699801115
1081200,14.166826949592071
1081600,4.785636934562177
1082000,40.29077493731572
1082400,3388.859451557553
1082800,8.205543871426467
1083200,110.85037315929132
1083600,8.354786351940586
1084000,18.65403742140493
1084400,433.11660166852033
1084800,18.12774858209634
1085200,269.7132501398823
1085600,5.4450539449092386
1086000,298.11938031916446
1086400,6.565959973683956
1086800,253.03804655086856
1087200,7.374187256137307
1087600,11.092308444676139
1088000,233.15746330132134
1088400,10.666543120732786
1088800,271.6339374914445
1089200,6.743673691328539
1089600,121.81225870361831
1090000,56.63483355708519
1090400,174.69019610147618
1090800,1872.5641551658712
1091200,381.5659313829077
1091600,716.4800186132381
1092000,19.909975545983087
1092400,15.680739639099924
1092800,23.777693801740757
1093200,99.73895434728266
1093600,28.25812284592164
1094000,73.08110032991232
1094400,6.555560829984676
1094800,12.850143140801684
1095200,128.52913830077802
1095600,87.7477557804673
1096000,155.5522439435622
1096400,10.436695764181206
1096800,1271.4339320316933
1097200,1369.0644772058374
1097600,5.411935917561069
1098000,19.953136214523578
1098400,41.478156292646645
1098800,24.053699048409957
1099200,12.921405891766891
1099600,36.78907043256707
1100000,5.468981415733638
1100400,36.03154414718146
1100800,27.05159579505778
1101200,334.62036192371977
1101600,328.8335034125792
1102000,1589.621974912665
1102400,11.117484904086442
1102800,35.11849004367735
1103200,1987.6421092855026
1103600,17.489193553785626
1104000,43.71712748457565
1104400,42.25584299955841
1104800,6.070517948412314
1105200,34.538875389942945
1105600,11.26319102193548
1106000,4.757272948419893
1106400,14.766400569890068
1106800,14.009833013126974
1107200,3.6992370004375807
1107600,1887.8546106493372
1108000,1446.3061934359134
1108400,38.78823164572235
1108800,2512.7468984981974
1109200,1860.2582251940341
1109600,509.8034444645981
1110000,28.180669624634653
1110400,18.809289217157787
1110800,708.0805898148346
1111200,8.958771534907335
1111600,6.470572720607336
1112000,27.079670856613664
1112400,12.892766873703307
1112800,25.814966720553052
1113200,506.85865768610597
1113600,16.584357620777844
1114000,13.566713905123748
1114400,3.073805449400534
1114800,9.43352279626251
1115200,1182.9234347118797
1115600,337.7777355751327
1116000,25.906648227045196
1116400,175.01750466556032
1116800,3.3805772511438628
1117200,4.700064321213779
1117600,644.259482229695
1118000,20.873664055008785
1118400,1643.4622348958735
1118800,9.435102930334356
1119200,1365.2630537239786
1119600,1772.2703297095793
1120000,14.936045447622215
1120400,16.01074283174566
1120800,331.88957872523423
1121200,4.0600512590974525
1121600,40.5646202170404
1122000,4.4002113180088
1122400,15.388952951250264
1122800,399.3155757023087
1123200,31.075952360969435
1123600,20.34059433598569
1124000,7.061848853065394
1124400,1382.9343675524697
1124800,908.8220092519886
1125200,281.33778421982566
1125600,10.383500133342798
1126000,195.18605268831055
1126400,9.610721686507587
1126800,12.412560851517664
1127200,197.19903510952219
1127600,919.1943659794938
1128000,1171.1660836535684
1128400,33.35474587835883
1128800,826.1893019395741
1129200,3414.6832636850186
1129600,3.3670798735631164
1130000,4.96507737708465
1130400,2724.3966442062215
1130800,66.84994239517484
1131200,7.871833333441351
1131600,3.4778981598914376
1132000,500.03904149798876
1132400,64.05318535920775
1132800,71.35705964636765
1133200,57.660545660983544
1133600,975.3145736975921
1134000,2078.24026772476
1134400,1167.8322376091116
1134800,88.44631428655099
1135200,1858.3939651135804
1135600,3.251404484136502
1136000,2295.0256389270944
1136400,390.8787330227538
1136800,4.937181597128334
1137200,1155.9846776982768
1137600,6.503307070037097
1138000,1423.717026970392
1138400,3.2336323037550208
1138800,3465.3104027238373
1139200,46.53846161091114
1139600,4.795879188985077
1140000,5.579678307455633
1140400,528.313811145249
1140800,14.375868626227371
1141200,32.62265580486304
1141600,1544.4820272775241
1142000,4.16947739591387
1142400,39.789033036930604
1142800,4.954233486499091
1143200,5.3777116887608845
1143600,6.925927607527845
1144000,1374.8399928396354
1144400,7.778539015997512
1144800,1926.2020379583178
1145200,6.527341336073824
1145600,2161.4629963053717
1146000,1449.8158785123303
1146400,15.699470202324557
1146800,19.67795455230823
1147200,6.966732396126042
1147600,1593.2123158271006
1148000,16.627226447329377
1148400,254.00792153198577
1148800,4.51239834452586
1149200,1296.2051587868625
1149600,5.57715369862966
1150000,5.750914956769653
1150400,363.9230724597443
1150800,10.909890478617717
1151200,7.71137614317515
1151600,6.939191574449287
1152000,6.6802120092771355
1152400,14.146922900223755
1152800,12.709659569266654
1153200,1631.8530188200605
1153600,1094.838235808136
1154000,6.1345247555409355
1154400,21.97446885650662
1154800,15.58913316103453
1155200,5.946100849494419
1155600,15.291429018260127
1156000,615.8825427944787
1156400,12.824589028459203
1156800,5.95565727014663
1157200,29.155352019791575
1157600,15.78285101778734
1158000,909.3707650134381
1158400,16.222308469647096
1158800,19.38324172140508
1159200,2.4280989009526968
1159600,5.828022877870776
1160000,12.545879529589731
1160400,1.945327828602531
1160800,19.134845263562543
1161200,50.25374482348444
1161600,4.573934274008112
1162000,4.122820386413853
1162400,1170.4964615483682
1162800,2.0145218578313218
1163200,13.890170328858694
1163600,2128.3220208978355
1164000,2.774021653863998
1164400,1.5123523574669424
1164800,11.037699929760693
1165200,1023.2794709991534
1165600,4.790278765900516
1166000,658.973876477864
1166400,45.76026494684613
1166800,26.10420013734784
1167200,1166.38020836093
1167600,30.278254300733902
1168000,453.2856977515987
1168400,5.53335195699249
1168800,8.787017168400546
1169200,47.78117644374768
1169600,8.797126184926615
1170000,3.660169185617641
1170400,47.57762016716645
1170800,8.240246095629299
1171200,8.679654085191773
1171600,9.881765579732537
1172000,32.34004091181184
1172400,11.955505406170563
1172800,46.152386890056526
1173200,2622.4691228588163
1173600,2285.763504314725
1174000,17.329701967659755
1174400,6.822111221597484
1174800,2389.808895670807
1175200,4.025261326674668
1175600,14.945890302683917
1176000,2028.3201497706189
1176400,2035.8594741442703
1176800,8.861294253758553
1177200,58.17325764884885
1177600,1422.403514173245
1178000,10.085452316595436
1178400,175.775187385956
1178800,6.784459971293868
1179200,31.00787698587985
1179600,15.07612691441399
1180000,46.05716958194953
1180400,16.49674142204052
1180800,3594.971259137843
1181200,186.58113411311072
1181600,23.130231449561688
1182000,7.122938876830017
1182400,6.288818611133446
1182800,2.0083139077635495
1183200,297.45440157675864
1183600,15.704884871502063
1184000,2.1924707457053327
1184400,168.9924206026086
1184800,11.170715179239751
1185200,930.7537987611422
1185600,29.262872092493346
1186000,8.161431533013516
1186400,36.06771112046549
1186800,5.64610246731766
1187200,271.81842886234335
1187600,10.222330603657154
1188000,2282.614177700781
1188400,6.709173605490863
1188800,37.70593829203018
1189200,515.1114417580017
1189600,3287.737880209026
1190000,15.876089919063293
1190400,3325.6803930092915
1190800,1793.7932177306918
1191200,14.884178525775996
1191600,29.400037368574406
1192000,635.6562569634705
1192400,2406.3089676910304
1192800,9.741808687820361
1193200,2050.54281350371
1193600,3.536390948324887
1194000,305.5526782367846
1194400,3.977810911798726
1194800,22.727399597573672
1195200,8.628344087477867
1195600,4.389164674127073
1196000,16.01862561400378
1196400,9.857617009500435
1196800,18.323384061772266
1197200,1274.4123769024175
1197600,680.3990107090763
1198000,626.9231150121932
1198400,558.5610974313034
1198800,12.434873340614454
1199200,4.149465185243839
1199600,2338.3362793596707
1200000,2120.5163249620186
1200400,2.7283220755164797
1200800,11.417177096295545
1201200,1195.4957861467924
1201600,1449.7597854668006
1202000,7.427803146878004
1202400,603.4734012468248
1202800,5.8151835452432925
1203200,8.267357864810043
1203600,289.5300940372098
1204000,5.611391642082751
1204400,3364.5927507013803
1204800,6.210909211265668
1205200,6.6118847745141425
1205600,128.30710254424676
1206000,7.282451067516933
1206400,2811.36448583146
1206800,6.815459610309071
1207200,5.163833509425261
1207600,6.760135236593317
1208000,291.70371230930897
1208400,3298.6915778567027
1208800,564.6188694382407
1209200,6.058295136020429
1209600,5.296389607039404
1210000,969.3689762455239
1210400,18.575911129024906
1210800,7.537809461879918
1211200,3498.0158984492027
1211600,6.607946246590578
1212000,7.8983524612594485
1212400,7.156277836128819
1212800,5.841306410263211
1213200,3462.5538580015823
1213600,7.257376813223376
1214000,13.100865191759052
1214400,8.119881814515054
1214800,24.434839758333002
1215200,5.830300302421777
1215600,6.22022471011044
1216000,10.779265052046934
1216400,683.1342035438101
1216800,12.879045974519894
1217200,563.7307589577364
1217600,13.761174223894455
1218000,28.553247452675688
1218400,1494.8216967536976
1218800,7.955680500109536
1219200,6.448015528994008
1219600,819.2542118439837
1220000,923.2757444499772
1220400,6.499973601971324
1220800,7.330309748347916
1221200,1973.9189128131543
1221600,7.719064327631147
1222000,27.785743792633934
1222400,246.92014095055396
1222800,2898.4844920394416
1223200,512.668718399373
1223600,6.680496949631269
1224000,1204.196628827882
1224400,7.073702514662557
1224800,21.67222031673639
1225200,2088.2187463121677
1225600,826.3807761661501
1226000,414.90587425093014
1226400,619.4798326349913
1226800,568.9525875321303
1227200,7.85198887026212
1227600,315.03099602547076
1228000,438.95937517313234
1228400,1199.2683654557952
1228800,588.4873430832348
1229200,796.4185978987987
1229600,5.497835244564562
1230000,1724.4321740635846
1230400,4.845958350304377
1230800,342.6055568660525
1231200,2086.0459526136433
1231600,402.3468043733147
1232000,2197.8681440368186
1232400,790.3648719670649
1232800,7.422487699289017
1233200,3.497959959666924
1233600,192.0883283067801
1234000,1700.7860916641105
1234400,8.655022687270383
1234800,6.986259289398086
1235200,4.128709508920976
1235600,4.036242659003379
1236000,3.6418624856173283
1236400,3.5541223397358093
1236800,12.304293921748261
1237200,36.553009291803875
1237600,3163.3602448102392
1238000,3.1217310323267555
1238400,6.549559530425302
1238800,4.736847884362099
1239200,5.135517318602979
1239600,6.592395524866388
1240000,708.5061965703646
1240400,4.966228052662116
1240800,2.92606556625565
1241200,352.9630958524306
1241600,22.683504065357265
1242000,4.445804841369411
1242400,4.64794592346451
1242800,504.2648926998103
1243200,10.751691561610064
1243600,17.323708151763352
1244000,11.577246484060613
1244400,9.352005809123286
1244800,13.723879497120757
1245200,3.3245766269221386
1245600,3.553577940514133
1246000,49.634936574775146
1246400,8.584277273277136
1246800,238.85276635961722
1247200,97.17005058797339
1247600,10.078782885266548
1248000,3.6583440038779362
1248400,6.588317120050385
1248800,18.99387485916731
1249200,13.05607035979311
1249600,59.31439257964381
1250000,41.42164219621593
1250400,18.758038128087016
1250800,3554.1025716178215
1251200,110.681802989386
1251600,217.00675447186669
1252000,115.01297449071458
1252400,220.59874077606582
1252800,3.3261084873445843
1253200,31.037422282880677
1253600,3.432562161939203
1254000,557.0608059898973
1254400,98.41120084683261
1254800,5.032531662680676
1255200,460.2983164270648
1255600,3497.336223186558
1256000,3363.2310556716457
1256400,308.1625500573908
1256800,7.993234643890741
1257200,15.271940546591322
1257600,15.501007196616305
1258000,34.2807376233846
1258400,57.20878404113824
1258800,8.757432496533946
1259200,136.88708979648834
1259600,573.8327392849823
1260000,4.528432702000168
1260400,92.33365849226504
1260800,4.365358594182254
1261200,3363.8320453564047
1261600,3.8418639257016554
1262000,3412.841392765699
1262400,2183.812954811564
1262800,63.5945611071189
1263200,61.19490562276962
1263600,90.1413626671845
1264000,4.67564156831821
1264400,19.38574342613744
1264800,101.52227517995705
1265200,69.18229639762137
1265600,46.559688115061654
1266000,428.8257126274338
1266400,5.843983007035605
1266800,529.4775767986191
1267200,4.97044001755918
1267600,32.902712729392555
1268000,8.735024477326434
1268400,1304.2069197377884
1268800,256.0183941932157
1269200,4.16785979753605
1269600,1607.9039729164426
1270000,74.6952641976835
1270400,765.1012209515677
1270800,986.9144887348392
1271200,1018.4552130273291
1271600,127.58342402911804
1272000,26.155821257414978
1272400,136.74962155682528
1272800,93.45017914847998
1273200,14.374237662130225
1273600,18.827066329278317
1274000,48.87031039810323
1274400,50.80965241054976
1274800,16.125507368451355
1275200,13.659189807010376
1275600,30.81035513150519
1276000,26.7407176245996
1276400,468.57147588317326
1276800,810.3152150908445
1277200,21.363666084560286
1277600,97.43553875360428
1278000,104.23349903334226
1278400,16.3898613250599
1278800,258.72190203344786
1279200,56.76308609166141
1279600,126.36350736667995
1280000,34.85428427016282
1280400,3330.2389541408184
1280800,20.315157656110763
1281200,147.63362637253977
1281600,3178.9708005491652
1282000,126.13612695949155
1282400,322.8298137062893
1282800,28.686139099846425
1283200,123.08656037212927
1283600,14.007433427862082
1284000,3428.557851866324
1284400,209.2786768859097
1284800,69.38788131052713
1285200,233.4931605163372
1285600,3170.0779856791087
1286000,1130.1388698782287
1286400,3355.5588708453633
1286800,14.039155312057439
1287200,109.38179593721244
1287600,64.69254592813478
1288000,15.7391506327402
1288400,11.339766742464118
1288800,160.55546725699492
1289200,413.6567606632156
1289600,20.56181363274883
1290000,87.53800399893609
1290400,263.02240704750415
1290800,20.140659649370008
1291200,344.8066968039158
1291600,149.897511390316
1292000,407.24044916727564
1292400,3511.3842496060925
1292800,11.85871155929025
1293200,25.740260488648232
1293600,10.841015686964704
1294000,10.676058006107036
1294400,218.09512485035629
1294800,1732.7292003931445
1295200,924.8872535922176
1295600,961.3947361421865
1296000,196.24828088519112
1296400,7.346387054287737
1296800,1660.8783771029134
1297200,192.97593121817567
1297600,240.8562756426291
1298000,196.33935954204608
1298400,810.0726444357373
1298800,71.94250859655439
1299200,387.9740572659072
1299600,91.09129961919045
1300000,18.01058788500345
1300400,508.26113698407784
1300800,13.445787523215499
1301200,460.0599584712951
1301600,14.371698403558579
1302000,60.661661006181895
1302400,7.45769732478098
1302800,25.29822772557618
1303200,529.9192164064287
1303600,7.233331862650221
1304000,150.19938722321044
1304400,7.409810213396066
1304800,48.549548234489116
1305200,7.828407057442195
1305600,322.49530517843186
1306000,306.7851184350117
1306400,692.5524782176518
1306800,21.481642571142757
1307200,28.957879024365
1307600,1096.268562860914
1308000,311.8866370188707
1308400,244.70103746444076
1308800,4.067397063754578
1309200,6.411318575805571
1309600,63.959456726808426
1310000,10.480734040185439
1310400,18.643026598038617
1310800,170.16819806492833
1311200,269.9162077419197
1311600,78.45779507693419
1312000,190.0252475443736
1312400,168.28806594845383
1312800,215.76247261625855
1313200,8.102864936499799
1313600,12.80391833115205
1314000,164.22049180758677
1314400,320.65185766805314
1314800,181.60944638378302
1315200,200.5723225708695
1315600,758.6483313238916
1316000,8.284858000135685
1316400,2013.92943431126
1316800,23.01677054208596
1317200,326.85141191935554
1317600,6.414909463608753
1318000,8.717213277778487
1318400,12.90734763645841
1318800,10.653836136958148
1319200,136.16869268484754
1319600,13.094599176231341
1320000,8.115668656709854
1320400,22.863991538847927
1320800,6.072057952286926
1321200,7.041101852278864
1321600,1754.8911103799849
1322000,6.753111154442605
1322400,8.14350768920563
1322800,60.691702733912614
1323200,10.360641234054171
1323600,1244.5078935545716
1324000,588.3667872418768
1324400,218.56863678748047
1324800,6.580848445115668
1325200,6.816501463901066
1325600,22.694895013167955
1326000,762.1212800404737
1326400,6.934963004484156
1326800,28.953125069038872
1327200,16.880054790048593
1327600,15.20133635038696
1328000,7.068803448564733
1328400,10.04611866296139
1328800,61.013369490339244
1329200,7.46950097837978
1329600,10.886966453294162
1330000,12.748632375483727
1330400,205.2125870794033
1330800,78.58031159935649
1331200,6.995929078180102
1331600,8.061665832571746
1332000,7.375667072676991
1332400,7.590213615598477
1332800,6.156999104779871
1333200,24.117049723152196
1333600,1169.932009579024
1334000,8.386208584071237
1334400,248.3045514611486
1334800,7.003462004874459
1335200,22.097752367324176
1335600,14.377144559054154
1336000,11.63299978790407
1336400,2709.8906661508095
1336800,1357.6930736152894
1337200,3054.960876217408
1337600,7.186694270524811
1338000,31.781789349932044
1338400,106.89525503192253
1338800,5.92958147556792
1339200,1236.2140816016852
1339600,1363.6453790291596
1340000,37.068803235639834
1340400,347.55882973448513
1340800,7.393846704214777
1341200,80.14745892722145
1341600,9.745038089781058
1342000,7.136209151324907
1342400,297.45735405525403
1342800,2745.605038065699
1343200,2223.164962241627
1343600,3265.6650095262103
1344000,2142.4109610360283
1344400,1927.7781639931213
1344800,7.050943344574837
1345200,3496.488730087013
1345600,3273.290559798051
1346000,3008.1308959053235
1346400,1650.2449832896157
1346800,24.109315520202664
1347200,661.1756430897626
1347600,9.801221463523083
1348000,291.858686229904
1348400,9.617774489108955
1348800,17.904017521167944
1349200,14.958323401259833
1349600,3.6500151369701856
1350000,300.50289754258336
1350400,3299.240695967501
1350800,2785.8442542853695
1351200,2876.751023798333
1351600,4.623519590200941
1352000,21.951417626240644
1352400,3.7662413819559424
1352800,2.2375109653251806
1353200,1040.7353333695337
1353600,46.18895805859156
1354000,3457.905571556882
1354400,917.3913116085735
1354800,7.56853288374697
1355200,34.33685991846408
1355600,8.952930379378154
1356000,3.5638548800530847
1356400,3406.173745579765
1356800,3101.4039196930394
1357200,285.093870860382
1357600,1196.5530871717222
1358000,74.1272824629166
1358400,251.9921094534774
1358800,22.150064820485987
1359200,10.506142978380158
1359600,34.064338130702026
1360000,9.755114612782863
1360400,14.432031716676269
1360800,7.338827487316569
1361200,15.52023746289746
1361600,15.944983707710353
1362000,1325.1839759181796
1362400,3485.6973590037014
1362800,3385.0829141059203
1363200,3233.7447711833383
1363600,361.35372673019356
1364000,1501.1059749507933
1364400,40.96096375626086
1364800,181.5166438179161
1365200,927.8634313919616
1365600,3486.6441032803064
1366000,3.888565073935325
1366400,28.21172305073217
1366800,233.408252149915
1367200,2844.1033103978707
1367600,58.92885501463827
1368000,3458.4068431346486
1368400,3129.076268055134
1368800,2478.8275194019566
1369200,1472.449695387472
1369600,6.926920728762687
1370000,12.643521318378756
1370400,17.48635001220753
1370800,1.6318189047744722
1371200,15.18478323858074
1371600,3559.575903162064
1372000,2558.836101752586
1372400,8.678152469869687
1372800,57.48356738713467
1373200,163.50166051183004
1373600,17.62349969364576
1374000,18.02187313251226
1374400,2523.5699553733207
1374800,277.517343635827
1375200,2533.2919909514458
1375600,3551.7144050181473
1376000,15.806987281767281
1376400,9.256255186403092
1376800,3499.878447837045
1377200,3054.4419632649888
1377600,3539.8465275399935
1378000,205.63849753325943
1378400,13.35572215353665
1378800,3590.597903904083
1379200,21.88042818013422
1379600,14.160694640510172
1380000,219.289970737627
1380400,3345.986452463004
1380800,271.1773207154665
1381200,209.42539921421613
1381600,51.609125016701206
1382000,1534.6048895507413
1382400,14.386859894350788
1382800,1342.6736593049493
1383200,116.88279151494974
1383600,10.278683132336656
1384000,2.9700972509754697
1384400,8.844316699459668
1384800,244.28472277868786
1385200,252.40085291851472
1385600,383.07225929233874
1386000,426.8072619827287
1386400,1216.7277807583912
1386800,454.3136757099253
1387200,3529.0632821074646
1387600,40.532198792731485
1388000,485.0141865482404
1388400,15.471321943878804
1388800,1223.4588746813365
1389200,8.98852070173044
1389600,213.20154104862542
1390000,3017.9588963153915
1390400,341.4946634939906
1390800,339.60242937780833
1391200,3547.6263290157867
1391600,5.004388464722158
1392000,51.037939713715524
1392400,3.260300260751988
1392800,355.96601007955826
1393200,590.029956595057
1393600,654.6705646045712
1394000,225.71235953095302
1394400,86.30655299888743
1394800,37.531180722523054
1395200,2706.767705011991
1395600,12.430839419381563
1396000,760.7734917661081
1396400,890.631922022665
1396800,332.0433596264526
1397200,694.736602402669
1397600,986.5624278113653
1398000,3495.595615760455
1398400,2720.7086338748786
1398800,2121.338421044937
1399200,6.650703147535003
1399600,9.315878569728769
1400000,3460.2162461403586
1400400,203.45117765844165
1400800,3487.946392645077
1401200,1573.3178075551712
1401600,325.1785993419295
1402000,546.0655642362645
1402400,524.2452606299299
1402800,705.0737006891164
1403200,12.23731903103072
1403600,3284.2691315642783
1404000,3588.2239203766185
1404400,2961.012211757774
1404800,5.715337050258351
1405200,5.135228167040989
1405600,19.70177897293363
1406000,291.74100372315644
1406400,170.830277441585
1406800,33.2193084226437
1407200,3551.398519300179
1407600,171.30403167725757
1408000,148.63644127342386
1408400,2.3277477304275784
1408800,3442.238821620543
1409200,233.50540977907804
1409600,949.1272865020287
1410000,15.036783591885662
1410400,238.3619013750356
1410800,2.7658301963633516
1411200,182.0181831070891
1411600,770.064485948041
1412000,3275.207972419072
1412400,3226.945706783135
1412800,3492.113305414993
1413200,238.2155343754299
1413600,58.57392736795486
1414000,3110.7751820120334
1414400,49.53661112077888
1414800,877.6241915612767
1415200,2.442508143634091
1415600,2909.669132246062
1416000,2493.878898033926
1416400,430.5416388303821
1416800,63.972394100967264
1417200,2074.2111457682595
1417600,253.45465107283343
1418000,472.7950845244174
1418400,16.855916096112683
1418800,1853.9710867181395
1419200,300.9639805132113
1419600,254.2347582947642
1420000,2568.6191544309563
1420400,2503.112034940842
1420800,262.76124918583764
1421200,1034.199011948051
1421600,9.843145542489982
1422000,20.470721726416762
1422400,173.39550157577946
1422800,3326.0448209204023
1423200,1111.436788223471
1423600,9.367414859810113
1424000,3277.0518390206717
1424400,952.6244753891151
1424800,153.53244225875744
1425200,37.402145916526536
1425600,1201.9550694442346
1426000,3441.406901718832
1426400,3392.7057730724528
1426800,6.27926153630803
1427200,4.488614364117011
1427600,9.613187301315563
1428000,330.3719222203897
1428400,9.098561549977685
1428800,9.977723839445202
1429200,3398.757236704408
1429600,717.9199099812867
1430000,213.76845569477288
1430400,3481.9086114624265
1430800,10.468828215651685
1431200,691.5451305217199
1431600,3226.319747461181
1432000,1494.6947390981163
1432400,3.675027032802381
1432800,460.80105818497236
1433200,1274.3083937478543
1433600,2060.36057855013
1434000,3422.2611153869643
1434400,3.3667055828885233
1434800,1624.9499178578467
1435200,5.531283026713473
1435600,826.5807213684463
1436000,748.3387805237354
1436400,3566.479259982715
1436800,695.4844723160338
1437200,667.5035599155194
1437600,46.33879508971011
1438000,1733.6869202219127
1438400,407.19432031752683
1438800,10.105033903277238
1439200,957.4964364926022
1439600,4.657594082448131
1440000,2636.988871302409
1440400,532.4094521950498
1440800,375.7815322946743
1441200,716.7852585558368
1441600,1445.746201247557
1442000,3538.2720947104167
1442400,4.131383727541451
1442800,110.44744081200908
1443200,584.6109708906946
1443600,3590.9619644923496
1444000,3504.0829436404656
1444400,863.1554995676503
1444800,3540.332605390421
1445200,11.331286048662433
1445600,1982.8067264857557
1446000,3604.4920538436886
1446400,4.1075024450242
1446800,963.2044917633475
1447200,3492.1665405128424
1447600,16.70680880776622
1448000,2421.9240775542626
1448400,26.39483004658973
1448800,3467.71418240634
1449200,3233.376784333587
1449600,60.18496281959728
1450000,662.1552248422523
1450400,9.422389919568468
1450800,3568.1012398418525
1451200,599.5874900073749
1451600,354.97775294957745
1452000,174.7907699452237
1452400,422.6599996381686
1452800,17.792672479445617
1453200,6.076312319104845
1453600,5.0768273461758175
1454000,3317.8452231292317
1454400,432.2665591313159
1454800,6.346655666441715
1455200,156.64750942852584
1455600,104.09360179200519
1456000,28.694924812339394
1456400,96.71393019317959
1456800,337.8886395701833
1457200,234.65357019197447
1457600,3614.720848094025
1458000,3620.934981058264
1458400,431.7475879179354
1458800,3616.495940144909
1459200,8.683529916758438
1459600,2052.07138952946
1460000,16.173854338081753
1460400,276.838019034407
1460800,3630.564387218367
1461200,171.28700010728537
1461600,13.049758743396785
1462000,3436.2723360283626
1462400,65.91883670659993
1462800,6.43942596650898
1463200,420.9583427544067
1463600,26.94499190467564
1464000,15.819719741170308
1464400,52.25677732521302
1464800,16.473950469868107
1465200,330.30094843721906
1465600,215.83550327102418
1466000,12.238852071129612
1466400,47.76345441467583
1466800,1328.04488711985
1467200,3486.907979092187
1467600,24.794685845583622
1468000,3563.3535156464145
1468400,3547.7602237597616
1468800,671.8266033268043
1469200,3200.928041660621
1469600,41.3924975595972
1470000,3345.5165305850746
1470400,206.290781015756
1470800,3263.6259131823904
1471200,34.88427986547726
1471600,186.72804410695372
1472000,847.5673121575342
1472400,20.571414897878157
1472800,3386.151876713072
1473200,3509.3737888618184
1473600,2.4765742990879174
1474000,2.4266334162933108
1474400,8.13119123013425
1474800,2.9387364534174645
1475200,16.010692752533558
1475600,18.74783769333905
1476000,3420.1998823621143
1476400,3511.6326439135187
1476800,38.55486613253965
1477200,415.9706841490737
1477600,246.51159570300575
1478000,3058.915886807617
1478400,144.509832383444
1478800,50.14378272168563
1479200,282.40065347786714
1479600,1743.5083276286261
1480000,3562.1095468892654
1480400,3309.694332144987
1480800,73.63369434827648
1481200,1469.630731041282
1481600,3532.14947067144
1482000,9.491048945778818
1482400,3660.3555880262065
1482800,634.3085565831788
1483200,1424.6523199660264
1483600,8.741738646369761
1484000,15.48401671344205
1484400,3250.4633941924603
1484800,2394.750124091339
1485200,215.8592121361536
1485600,34.19444475238084
1486000,49.560635644678534
1486400,9.91433899860006
1486800,1191.7162538416048
1487200,45.015705277457265
1487600,79.1204493944415
1488000,169.3250703660073
1488400,75.89597194706938
1488800,402.61041159479885
1489200,809.5489056365685
1489600,10.047896318423069
1490000,87.41185288811528
1490400,175.67492124766954
1490800,3041.8470356625103
1491200,473.5098223151155
1491600,2.884991757819556
1492000,2584.5049319447753
1492400,786.4601138798564
1492800,2.3952073011411903
1493200,3.5535120059453114
1493600,2813.5012614863426
1494000,62.39344159165634
1494400,49.95144333014889
1494800,3440.91732460147
1495200,2127.500808595614
1495600,24.68927105604591
1496000,3317.293616864172
1496400,2821.422757904115
1496800,2280.887091731042
1497200,2.4436939687047365
1497600,3172.3948439158335
1498000,3237.921011292135
1498400,3288.7379582407766
1498800,2.098373683093771
1499200,2419.4939760541934
1499600,3498.1272927155464
1500000,3466.805782902417
1500400,114.39105785574817
1500800,118.9001679286083
1501200,2.4290896497634606
1501600,2.020098302351896
1502000,109.99113439809796
1502400,3472.6440371743633
1502800,3511.0802947013253
1503200,77.4259315433996
1503600,4.351566212024648
1504000,71.83182117866437
1504400,3554.1403570920625
1504800,782.6202178690567
1505200,103.36323935691426
1505600,109.87399557986271
1506000,3509.7329719523277
1506400,3.9740067191959607
1506800,7.931881463080484
1507200,3568.7408713948516
1507600,3080.786461944439
1508000,3568.8417786885298
1508400,369.6569326148178
1508800,76.88570960507937
1509200,2973.633258829761
1509600,2212.488016746924
1510000,327.18207579851713
1510400,3511.141478549595
1510800,280.42920025046465
1511200,257.2563332914506
1511600,186.06168957851023
1512000,2.553048689930039
1512400,3546.9971669506062
1512800,42.38072819915177
1513200,297.5619728283677
1513600,709.1928767211847
1514000,57.88864294298956
1514400,131.47596442417233
1514800,51.45220242581614
1515200,151.30499497316646
1515600,413.47464392358773
1516000,35.18407187109739
1516400,3526.054021035854
1516800,9.813935201394147
1517200,24.68344250374996
1517600,172.7085763877598
1518000,83.0726074465342
1518400,192.50907682773618
1518800,1566.6567628169817
1519200,222.96025804542415
1519600,19.854730852343994
1520000,662.2686545007949
1520400,43.6303139312199
1520800,1087.0700941869047
1521200,3497.099366112776
1521600,3519.1389659094457
1522000,3350.704199264435
1522400,3609.3053352296943
1522800,369.3361727349926
1523200,3519.5491822212734
1523600,3572.788096861133
1524000,4.211079718691964
1524400,3648.909820745315
1524800,1282.880826712202
1525200,147.15832798349476
1525600,3624.755171430788
1526000,3523.1821588237035
1526400,3051.0653319430708
1526800,77.06185839142266
1527200,2692.4588041492493
1527600,3259.2358993732214
1528000,771.072412877202
1528400,3068.861536873229
1528800,3570.7827808239595
1529200,288.0467803998781
1529600,5.841995330215488
1530000,6.424667092580285
1530400,395.88457551663964
1530800,240.4243331422151
1531200,41.87067692717899
1531600,3267.6999569770187
1532000,123.90678405872707
1532400,32.9304410413269
1532800,2910.279955422641
1533200,1360.315667590704
1533600,729.0077840772863
1534000,5.119418777079258
1534400,1553.155164418428
1534800,142.8188699649518
1535200,3312.4506798971147
1535600,3487.6762930345053
1536000,216.8637172495127
1536400,11.78187784597212
1536800,3538.0706243243776
1537200,1182.7003785074287
1537600,106.16643349981344
1538000,1595.9335606624277
1538400,3388.356383548832
1538800,3522.3331347453727
1539200,3542.6040161894684
1539600,2411.55017192816
1540000,3549.2970613660436
1540400,7.930732581855261
1540800,3125.764313332187
1541200,610.3458131166104
1541600,26.572413020311227
1542000,3469.809929550555
1542400,460.6455512357958
1542800,37.025776211069065
1543200,2821.066233233735
1543600,3191.8750656026214
1544000,3505.3692193399907
1544400,1583.0564848503918
1544800,309.374174277512
1545200,3599.4481377644843
1545600,3539.7607966873666
1546000,251.02135715586522
1546400,3532.0487916246357
1546800,156.75717999451354
1547200,2386.9848385101395
1547600,3465.281346233279
1548000,7.833077696604326
1548400,3564.8323539169432
1548800,3319.651163933156
1549200,3105.472493552135
1549600,7.592933296948565
1550000,2735.3577296082913
1550400,110.90192001857731
1550800,6.376692884305896
1551200,3542.155987271815
1551600,3566.6954355731045
1552000,6.925915185430566
1552400,168.6169345491512
1552800,3557.9246476080084
1553200,1187.068187116599
1553600,1990.7568386786563
1554000,3195.101037351979
1554400,3436.5302047049463
1554800,3680.496265726724
1555200,263.527397932086
1555600,3571.845895723142
1556000,3513.468122108803
1556400,8.95236131007682
1556800,139.15835469202278
1557200,1398.8658761642068
1557600,3529.451256592951
1558000,3419.661989021608
1558400,625.1963196548403
1558800,284.73956052413513
1559200,256.1744666622371
1559600,2646.7541158701115
1560000,1592.704768990365
1560400,219.25071321230106
1560800,3558.5742634241446
1561200,7.142574083276241
1561600,72.68419862062815
1562000,189.65939805259427
1562400,43.58127528220214
1562800,1349.0286940384806
1563200,777.846491275444
1563600,4.986904345614062
1564000,1398.8281195059644
1564400,3362.817744791032
1564800,2938.9074207550802
1565200,74.76956464303134
1565600,3533.5430331873577
1566000,100.73266102449924
1566400,3064.969752829538
1566800,320.8338158767998
1567200,3679.5292000944087
1567600,189.15842548816286
1568000,3533.9332755989535
1568400,2302.661547433191
1568800,3545.0453306179356
1569200,45.276634463416855
1569600,1221.305107628159
1570000,4.2236351234474325
1570400,37.67350249377638
1570800,1345.494254924609
1571200,17.736502313763374
1571600,3115.7858608766173
1572000,3533.0347728076017
1572400,81.31454324885027
1572800,1360.402880877377
1573200,6.13725639922637
1573600,3475.351357224338
1574000,3404.8249818986287
1574400,1773.424016206143
1574800,3412.023193154731
1575200,36.94294373028555
1575600,7.199824820957264
1576000,9.127213597532458
1576400,2526.422099351676
1576800,6.98907492171923
1577200,3478.4459964108446
1577600,409.52409927723556
1578000,7.360368866608696
1578400,7.475607945113519
1578800,112.48558823123962
1579200,3559.16297841733
1579600,33.36910452638411
1580000,7.647012305395989
1580400,7.628744597425576
1580800,6.774519671955748
1581200,3454.3820105165855
1581600,1215.371200100283
1582000,8.668133805783919
1582400,47.81511093981679
1582800,592.3260581044264
1583200,34.79364209526779
1583600,8.924431237741924
1584000,8.022421085821687
1584400,151.54514336512935
1584800,247.51758158017762
1585200,8.169058772775534
1585600,3556.334430059196
1586000,103.99093897679076
1586400,3503.5944997944553
1586800,104.1380232093533
1587200,11.868926153478913
1587600,135.84598320869526
1588000,3530.9121303445677
1588400,3600.835574427939
1588800,82.96266583015725
1589200,17.76635701177055
1589600,1794.7028720505568
1590000,1326.0879658026686
1590400,1325.8236335908402
1590800,84.90397503877342
1591200,3544.2851507015475
1591600,1472.073042609011
1592000,3525.449984916993
1592400,121.90980570802826
1592800,3365.150268616015
1593200,8.397321753410562
1593600,130.10313540826718
1594000,3596.236308751347
1594400,330.38942867384077
1594800,22.838860669556514
1595200,1527.3287727700194
1595600,1360.1373288468326
1596000,182.7339733449532
1596400,1533.3469780111245
1596800,3673.261307169537
1597200,829.2650415377827
1597600,2939.099638565111
1598000,1016.5808190200796
1598400,2730.175487938793
1598800,293.5163707828066
1599200,3372.3730227831106
1599600,1191.4888220962328
1600000,4.778522675452393
1600400,3359.1512343093545
1600800,17.198835187746692
1601200,171.5527599802286
1601600,3295.5699098319337
1602000,1490.4004829740525
1602400,3372.1027629034425
1602800,1492.7641923478532
1603200,166.49004466722755
1603600,874.8021954259062
1604000,10.909189278486407
1604400,194.39362896388988
1604800,75.41372397055592
1605200,469.9568834221635
1605600,115.2935441299742
1606000,3026.018952387306
1606400,1471.7260228967739
1606800,836.5145635780282
1607200,10.672762187027192
1607600,2.402014651098768
1608000,3.7445379416662985
1608400,9.504817690451057
1608800,942.9324512503521
1609200,8.169689355879692
1609600,346.10143797111584
1610000,136.31784784705786
1610400,334.6526005697359
1610800,2094.0864399207376
1611200,1195.0037305315543
1611600,2746.354535327697
1612000,5.351827162462495
1612400,3153.9207220839594
1612800,248.85800139095457
1613200,2.8289730275515206
1613600,128.05327653102378
1614000,5.085921321638488
1614400,42.59355330549679
1614800,3498.8582699210947
1615200,3336.219331955126
1615600,11.207882500699052
1616000,3488.480920211943
1616400,3484.2768866762667
1616800,251.4493386008079
1617200,2455.393456582873
1617600,117.05851782497498
1618000,7.846863917047089
1618400,204.81258233486767
1618800,3612.7956471620164
1619200,5.9970051990016024
1619600,5.598633277472973
1620000,6.123021254349382
1620400,491.22289761678024
1620800,3486.9285888455884
1621200,3393.8924680864125
1621600,3331.6308800346183
1622000,3229.959723164041
1622400,15.384688150901058
1622800,32.502884334808655
1623200,34.12350376789423
1623600,6.664403933682712
1624000,1930.1467840028968
1624400,478.48237789591076
1624800,6.283378536894678
1625200,2258.797325737924
1625600,26.46597621884355
1626000,666.4012625468052
1626400,3608.1617833882397
1626800,3563.7183522617497
1627200,2704.751923905136
1627600,249.40313532418602
1628000,3294.7218881578065
1628400,3315.934458786878
1628800,2876.886582253477
1629200,3027.5193885825815
1629600,29.941183987808483
1630000,805.3258585965747
1630400,2864.6663842929365
1630800,1341.7698559844264
1631200,6.441132323949941
1631600,3517.592290320583
1632000,6.2242354140240685
1632400,6.2796022258033
1632800,3327.51938860125
1633200,147.97246247940862
1633600,260.6081670674441
1634000,78.45325956777178
1634400,878.5789463724876
1634800,137.0638192279885
1635200,3697.1763041889108
1635600,262.05123537661484
1636000,3545.2006468179557
1636400,1445.1366947140561
1636800,3503.7058777116213
1637200,67.0946707048265
1637600,89.00983884332265
1638000,26.3772176294697
1638400,2136.9191793507302
1638800,3107.1096829702474
1639200,3422.2927143782663
1639600,3378.1057757817744
1640000,268.61962436557604
1640400,3456.695665942878
1640800,3086.898656804325
1641200,6.209712683877888
1641600,22.830916576923304
1642000,3219.9000316693487
1642400,192.8139072518017
1642800,175.48626141235607
1643200,3584.2313167974653
1643600,11.056368278678097
1644000,3641.3464077052445
1644400,6.151459625357813
1644800,138.7719969064605
1645200,148.10347275896683
1645600,3526.8233594057683
1646000,6.37897982147246
1646400,259.6604924760836
1646800,183.2830588168952
1647200,1063.1107606397256
1647600,2983.826628833433
1648000,173.6140409571416
1648400,76.66928832823275
1648800,3522.1010871157546
1649200,628.092507320166
1649600,249.41377160528512
1650000,236.08225463434312
1650400,3583.5530517317884
1650800,117.09677921903726
1651200,206.1953383617896
1651600,3509.4752105063967
1652000,317.1070225295137
1652400,17.065476771959897
1652800,3254.1293694338833
1653200,157.85334844489248
1653600,41.788745132117775
1654000,444.81355319448403
1654400,3569.6474372670327
1654800,163.0922847944242
1655200,3425.3722049658472
1655600,44.42573839439363
1656000,3652.908340895015
1656400,3379.5936660464245
1656800,3512.7240325471626
1657200,3327.976956683093
1657600,6.342833116259073
1658000,115.76072891363556
1658400,28.621265496664847
1658800,2846.618173332355
1659200,34.05143621222121
1659600,313.94303868695965
1660000,379.9703398567252
1660400,3579.4789413019716
1660800,3535.161718042227
1661200,3465.458353474487
1661600,3418.47368746007
1662000,3156.25522392143
1662400,3397.1909696148487
1662800,3350.986048915575
1663200,3580.0142819292105
1663600,30.777565266133593
1664000,42.22666786559078
1664400,809.5791950367886
1664800,3354.5172332248494
1665200,14.283503105719488
1665600,76.36262056811829
1666000,3593.553157350125
1666400,6.896258105798956
1666800,3398.101413697428
1667200,9.080387970576197
1667600,3.6742033627212667
1668000,3156.7281329342145
1668400,5.994668005230496
1668800,15.330856520476535
1669200,55.139819833650186
1669600,3478.5847095517915
1670000,39.52898852637949
1670400,25.22270001084072
1670800,162.0190359768085
1671200,91.74918944801199
1671600,3580.436784379258
1672000,6.867334248268523
1672400,53.88531537968836
1672800,98.36862394098424
1673200,3410.065165840132
1673600,10.832099252453668
1674000,114.43538655439436
1674400,86.34815943783094
1674800,16.119101723073015
1675200,7.140105528371366
1675600,155.41591827759524
1676000,3421.0437385699342
1676400,98.71882362896501
1676800,3663.70622687869
1677200,5.789874999356212
1677600,49.43332624093838
1678000,3686.100790166924
1678400,3527.9390562254803
1678800,3210.7219630597842
1679200,7.459584409309978
1679600,66.41925444912425
1680000,24.879688028645806
1680400,2196.572243724756
1680800,3663.0826137144304
1681200,17.63408306186242
1681600,3496.831214752594
1682000,6.205528079741697
1682400,79.30510241087282
1682800,3389.048266690752
1683200,8.588498841609072
1683600,3691.3327303789706
1684000,3389.4269883637376
1684400,3441.491343336376
1684800,3453.0404866144627
1685200,5.864509391172739
1685600,112.71054963613386
1686000,41.17092777303387
1686400,3344.6433202256053
1686800,4.725971381663407
1687200,3489.0336838120434
1687600,36.645076330947916
1688000,3137.195971498241
1688400,3423.961550481255
1688800,3500.929246667896
1689200,5.616137363379315
1689600,157.60554800116057
1690000,1619.8532343870818
1690400,3556.9250802282077
1690800,3496.7499229014766
1691200,3693.275963716623
1691600,10.684751061519297
1692000,170.24895373994238
1692400,3239.4265657664455
1692800,32.91577400642019
1693200,52.934992992146384
1693600,2.3396293845213028
1694000,3497.044948527312
1694400,3.854393295721946
1694800,6.840101075615411
1695200,6.40228284219505
1695600,121.1280638385103
1696000,3581.670979342952
1696400,6.045971678017951
1696800,125.17594968040878
1697200,47.64222199555624
1697600,13.99085857222002
1698000,18.14499056790548
1698400,4.951300007210405
1698800,1234.441725294531
1699200,5.050305796671249
1699600,86.446037273834
1700000,212.49863311202
1700400,2921.1705544142947
1700800,2.0120778817369955
1701200,2.032782056781928
1701600,3468.343220907053
1702000,214.68611120556182
1702400,125.0913237453245
1702800,5.3016402106331
1703200,3586.538860978179
1703600,3.387205322737502
1704000,1.5946052537172164
1704400,13.929028099226183
1704800,3590.9923485513445
1705200,3491.814353022881
1705600,6.367592670698469
1706000,238.45415685384268
1706400,3412.1260672619946
1706800,35.918824813606456
1707200,3459.5765711051426
1707600,3506.359703515518
1708000,659.8535238524706
1708400,22.869593871020566
1708800,2218.584123090165
1709200,7.254147968277494
1709600,265.1945158497411
1710000,23.761931370081207
1710400,118.19971038868216
1710800,40.623385325666355
1711200,5.94348649177598
1711600,112.83494111467499
1712000,4.25263055086967
1712400,1.187849270033301
1712800,3496.0017399709495
1713200,4.527918796027662
1713600,273.3273754884428
1714000,6.6701550896377615
1714400,227.95520108460997
1714800,406.1194844814548
1715200,42.645875955820756
1715600,3593.4875975489444
1716000,10.319057713606634
1716400,3625.774571511247
1716800,204.46696476487563
1717200,4.722654693388623
1717600,18.29833901980657
1718000,3.7081984489228925
1718400,7.1100830839684
1718800,131.80885358393365
1719200,55.923995784170145
1719600,3.8612345262126095
1720000,116.14588513825994
1720400,43.0182255773843
1720800,106.55103819215749
1721200,7.2333823836032005
1721600,2.7818587634071332
1722000,3504.943971756377
1722400,59.75770100743656
1722800,3446.9962252854475
1723200,6.47536038146379
1723600,769.9109278204845
1724000,8.832183147865916
1724400,2920.9667554009925
1724800,117.56503530322246
1725200,69.17093614779041
1725600,190.74266302048278
1726000,234.83060009613567
1726400,2993.1792720475255
1726800,3498.469927585237
1727200,59.35325889267012
1727600,47.58829100667235
1728000,585.4811860967172
1728400,7.331123222950917
1728800,2371.560410464899
1729200,3.236117581891149
1729600,11.902320911824805
1730000,89.31841902296937
1730400,289.49496562983484
1730800,148.66381426081136
1731200,97.59414136960719
1731600,24.702855031602496
1732000,27.67601760907504
1732400,8.01220072471637
1732800,6.460702551623313
1733200,3683.3828968588373
1733600,2725.1302753878845
1734000,3306.802247051874
1734400,93.41914535144657
1734800,122.17103424162414
1735200,21.098724152037594
1735600,49.22033980776832
1736000,6.977172909119371
1736400,3354.1831792013127
1736800,3504.5124925245314
1737200,100.95609642723983
1737600,8.050441557867513
1738000,78.7118007490368
1738400,333.3848378935761
1738800,7.926516882146564
1739200,618.2516529137765
1739600,19.323098671193566
1740000,2141.5859041059234
1740400,3652.6968510877286
1740800,3457.0666780982024
1741200,3647.9770284718866
1741600,6.750067844463269
1742000,11.149272169926835
1742400,3474.8498577178984
1742800,3697.257290487969
1743200,550.2951379789388
1743600,171.88830995544743
1744000,7.938661617737571
1744400,3685.237112148918
1744800,3686.863164437367
1745200,2977.887458024772
1745600,3251.6181817992883
1746000,19.648381635598913
1746400,12.793166313213646
1746800,190.86421760632092
1747200,325.3893249983054
1747600,3449.483386742636
1748000,1419.0585493266738
1748400,8.513627292886545
1748800,3635.16439419378
1749200,51.72613974053731
1749600,9.648020126557892
1750000,3534.5984530703845
1750400,3406.886333534419
1750800,62.52162953504907
1751200,7.309200224948007
1751600,67.28113781559595
1752000,3537.579924655489
1752400,49.85666157748391
1752800,8.530633038357117
1753200,3629.188408175381
1753600,2418.9749937711003
1754000,8.179328564853382
1754400,2.1578812102925755
1754800,2992.650256754819
1755200,4.956596271024892
1755600,5.275908431224675
1756000,3566.9226469266036
1756400,62.28026761132842
1756800,3531.677580376736
1757200,140.00767768213146
1757600,5.81442218438456
1758000,58.65653079087202
1758400,6.696006247612037
1758800,66.81153083463455
1759200,3517.645620456803
1759600,2387.124918348052
1760000,7.992151405118324
1760400,3441.328633223284
1760800,3647.7295780636673
1761200,3368.1734826154843
1761600,6.8272198095099625
1762000,5.527954006251316
1762400,49.81275198975369
1762800,14.219515409532288
1763200,1.8884549646843827
1763600,3575.701321006389
1764000,2973.6372498773267
1764400,3225.2402101149396
1764800,3511.9464835872686
1765200,23.597445324374753
1765600,134.47664977646136
1766000,11.01603717444009
1766400,2.619652217728401
1766800,3.3228379113509794
1767200,3.3410968105619663
1767600,3.802736233320411
1768000,203.36403837488658
1768400,8.284602745107838
1768800,17.146826477971675
1769200,3.615463401905176
1769600,2.0643842368278276
1770000,19.849967900314287
1770400,3651.189436306227
1770800,57.225659476228905
1771200,21.15937070491804
1771600,194.03648424250116
1772000,3524.1684169073533
1772400,68.00922209918072
1772800,6.7119010834944905
1773200,3.284256565892542
1773600,3535.1157831904334
1774000,13.702776968410536
1774400,41.69096186207361
1774800,59.367669556356226
1775200,3366.3669247646208
1775600,3452.116412944072
1776000,329.09722058193125
1776400,3214.571807697101
1776800,3566.0741741222437
1777200,7.265788687597219
1777600,3411.2022150845983
1778000,75.44100555141195
1778400,1035.3857553912721
1778800,68.4148847853084
1779200,6.287575291358275
1779600,3401.5820421116496
1780000,6.7328155366236615
1780400,3263.4207931581705
1780800,243.46116277607356
1781200,3463.751654175194
1781600,3676.3922727337113
1782000,3530.676240017494
1782400,550.2425890800037
1782800,185.8753395290703
1783200,3436.5981743997436
1783600,94.81654838335417
1784000,63.13626889306775
1784400,3600.514511130473
1784800,77.67298437634695
1785200,3560.0980173060866
1785600,181.39603971200845
1786000,9.065947593843978
1786400,3482.597319244564
1786800,2878.9397108036455
1787200,3099.8345177803308
1787600,120.86795501506028
1788000,484.31179724296027
1788400,58.8711298943941
1788800,131.1838335534703
1789200,2105.7413770301973
1789600,467.4570316636372
1790000,3.877767118568796
1790400,31.00719061470378
1790800,3305.4605822013373
1791200,405.0820065806241
1791600,3496.040743497222
1792000,3.8481264937695405
1792400,3349.4102506418485
1792800,133.25308001526605
1793200,14.5748350924175
1793600,13.282962090588056
1794000,3599.343288404816
1794400,1816.8312699470061
1794800,5.301793811775088
1795200,24.097625534534384
1795600,16.828393978059925
1796000,3473.5053318359383
1796400,110.8261703917915
1796800,64.14382560407591
1797200,191.32425477470827
1797600,116.34176992487271
1798000,455.18347145913685
1798400,213.00760819301402
1798800,3531.2772902063566
1799200,3412.28805309106
1799600,154.0976164410406
1800000,2845.151834233309
1800400,3549.0873179386317
1800800,2995.493860121065
1801200,3586.2698245374604
1801600,3094.0078306451314
1802000,3500.827511803954
1802400,20.850035496289628
1802800,57.370137005776975
1803200,165.2188169410574
1803600,103.54401066642156
1804000,3617.3073830771164
1804400,3449.7580298541047
1804800,70.81211285310434
1805200,1559.6694963359453
1805600,267.3296701516894
1806000,2528.4734153840923
1806400,3618.30931651473
1806800,77.12434770055664
1807200,167.04938175403916
1807600,3265.453030680865
1808000,140.10483704638744
1808400,2574.08692602387
1808800,1591.4948810680783
1809200,71.0124628417267
1809600,3607.51769208483
1810000,238.84769801111784
1810400,452.4415207687805
1810800,3550.748931856717
1811200,3577.892226328406
1811600,3453.556522086742
1812000,89.47601742270372
1812400,3506.4343812080665
1812800,125.13185642169796
1813200,99.32162096636686
1813600,3550.5874977167073
1814000,2621.569696378353
1814400,3504.3735511377845
1814800,3577.7089447496633
1815200,3576.2557488109837
1815600,3256.1599456967324
1816000,3587.6684848405753
1816400,3614.334600619198
1816800,3571.257705466059
1817200,152.01395380661035
1817600,3648.8396789123103
1818000,3615.5543737208172
1818400,377.6556891477095
1818800,47.58335751970407
1819200,3282.571844180852
1819600,108.57603981451416
1820000,3632.993455132318
1820400,4.8270469722394544
1820800,6.976557817450376
1821200,7.525145604542212
1821600,155.80185658671505
1822000,3413.9907494956287
1822400,3430.8444822998363
1822800,3390.778308248207
1823200,108.73369939664406
1823600,3600.917066661122
1824000,74.56775962893094
1824400,20.03165095695152
1824800,3419.9696377335717
1825200,3602.4179504796866
1825600,2984.275104750857
1826000,3550.276689706765
1826400,177.88677431665215
1826800,3483.4019013715074
1827200,284.9007076344889
1827600,4.932813566620941
1828000,680.411965590348
1828400,3218.150208900269
1828800,3601.9572885681514
1829200,3319.697467685997
1829600,2.6979022354384514
1830000,3631.0231596503636
1830400,3581.9519314261024
1830800,3492.1914848098745
1831200,287.2065879353056
1831600,22.831743493597905
1832000,3266.6278083622187
1832400,3599.4626616724936
1832800,3633.9056290751782
1833200,141.80237380701462
1833600,3563.1468290183766
1834000,3600.8655456938995
1834400,3610.9442956971698
1834800,8.575364708147742
1835200,3406.793744902752
1835600,3597.4051837219017
1836000,5.464805810695266
1836400,2671.3140250697547
1836800,182.2894187080952
1837200,26.6169303359155
1837600,98.24307883074518
1838000,2109.8630714596297
1838400,27.21563225978793
1838800,529.1961014955515
1839200,65.73312334948784
1839600,8.90467693612931
1840000,193.78557121782387
1840400,287.96231979078846
1840800,3444.0755511631974
1841200,2626.0802908517635
1841600,71.22288181794497
1842000,3421.9942255658066
1842400,3510.1206334982467
1842800,3536.5289984561996
1843200,3620.3138099455077
1843600,6.208697356347464
1844000,3525.2847272734502
1844400,3465.936011173964
1844800,113.36553894859243
1845200,3539.348283437432
1845600,3607.4534667723674
1846000,3111.6128069987767
1846400,105.32552602881546
1846800,145.8807914757121
1847200,7.29121381099241
1847600,3642.785104106936
1848000,19.72873060804271
1848400,847.0569326001657
1848800,7.592086128428497
1849200,307.93749018991355
1849600,58.16936428123172
1850000,3511.6649144991543
1850400,2202.3358069152446
1850800,3445.819695615549
1851200,246.77629027067547
1851600,7.967187755252697
1852000,786.1476579694604
1852400,2756.7459271761413
1852800,67.58620757450785
1853200,3622.891530542199
1853600,22.064088389284876
1854000,3496.7821207625348
1854400,137.8921490513931
1854800,3600.558189400559
1855200,3640.3195052123265
1855600,686.6024871695525
1856000,392.7951736532117
1856400,3458.879175291172
1856800,222.07886065093697
1857200,808.6182995292559
1857600,399.2082711872532
1858000,311.1370674007055
1858400,341.68306288507154
1858800,3584.1542084717403
1859200,124.73891729610916
1859600,3393.9157447240123
1860000,98.72787628232217
1860400,298.2130779251339
1860800,3308.958621396192
1861200,117.51036103770203
1861600,33.69004218502574
1862000,97.64363775524541
1862400,2582.370377067864
1862800,3642.816715816339
1863200,3459.8645180753906
1863600,3135.247958676444
1864000,3529.294394314136
1864400,2965.567695896619
1864800,3460.5029983974955
1865200,3320.2046312283715
1865600,67.22079828534565
1866000,3585.6851247063464
1866400,863.546269996716
1866800,95.96036046331763
1867200,2890.3850857675134
1867600,107.24087899018062
1868000,3580.670450845132
1868400,165.2100995833969
1868800,424.4299379710427
1869200,658.8743621275366
1869600,1484.990192055631
1870000,36.401113163136024
1870400,70.82357970553187
1870800,30.372620104384858
1871200,3602.353463104088
1871600,3473.4150504592626
1872000,50.30832626816623
1872400,93.167627737152
1872800,3577.15681507131
1873200,169.11292724918863
1873600,3482.507111320345
1874000,3523.2152105033574
1874400,6.231112977547541
1874800,229.32818167828256
1875200,22.790746216667664
1875600,155.58788173876025
1876000,26.388992217348545
1876400,137.7271041403609
1876800,490.423118279846
1877200,3531.756079800362
1877600,1112.253527801609
1878000,8.617298811132661
1878400,32.14067806918152
1878800,56.730166878322784
1879200,53.02499397224786
1879600,939.3955190609396
1880000,198.163739197564
1880400,188.47675777759466
1880800,57.91990267433197
1881200,3537.308893125225
1881600,18.366461583251546
1882000,3257.491472402006
1882400,212.37488518186265
1882800,3267.1044271727224
1883200,3435.6553793542184
1883600,2817.0389389904817
1884000,36.732057359934785
1884400,7.49543886287497
1884800,470.59565418044
1885200,159.468819352018
1885600,596.5860128233023
1886000,1254.6740257586844
1886400,1423.6926026905476
1886800,3571.2405269605397
1887200,77.65627593785183
1887600,1566.213978948354
1888000,3439.617527772952
1888400,1970.2138771470866
1888800,122.38549763840848
1889200,3548.248778341683
1889600,20.88194244952284
1890000,3451.9076923363073
1890400,3431.8135530930467
1890800,27.587863411384134
1891200,10.688297577327054
1891600,18.01372354009324
1892000,3448.6603864841727
1892400,3458.1593425024917
1892800,3648.4817880223036
1893200,61.58834752289263
1893600,3447.1462173614213
1894000,216.24137678846355
1894400,3346.560993033014
1894800,3683.357259413412
1895200,221.21062690998775
1895600,218.4741573511539
1896000,1804.0570296580977
1896400,3595.206245506919
1896800,9.264747989389038
1897200,259.9650229615501
1897600,3651.036049415779
1898000,182.5482735818338
1898400,3416.396453839935
1898800,3513.2391290578794
1899200,83.44801236120784
1899600,3685.216134866833
1900000,3315.3208332453623
1900400,148.7700488842068
1900800,1254.2379748078056
1901200,3672.1851948350804
1901600,3466.076623275915
1902000,3304.822933774061
1902400,548.5074919499835
1902800,3524.1868051038496
1903200,3480.1367858940416
1903600,14.899888560829922
1904000,3026.8943891419485
1904400,75.7571442001145
1904800,3038.309381068292
1905200,3386.445448905832
1905600,244.86274494062462
1906000,3308.491065654584
1906400,3165.1942584269746
1906800,166.02148696017773
1907200,2807.0588020797218
1907600,3324.247463363035
1908000,119.96151716686168
1908400,3523.2894482083593
1908800,208.52347013153846
1909200,29.809817277802917
1909600,95.17183027768307
1910000,3253.216981066804
1910400,3636.064027486284
1910800,105.81419625930575
1911200,26.82548702153254
1911600,3575.0569312425096
1912000,3630.753954610217
1912400,3455.4358768275474
1912800,7.695091442409892
1913200,176.5162791955341
1913600,26.159882053815018
1914000,3636.1514979547187
1914400,3648.2026657199067
1914800,6.209891666593064
1915200,6.540403835731798
1915600,3621.6417342466534
1916000,3546.3088966471173
1916400,389.5503247804696
1916800,3552.8257863816457
1917200,3544.255600069005
1917600,2005.6439194801249
1918000,3570.7226421382456
1918400,1009.6848075518722
1918800,3629.4334359820987
1919200,1676.8289232743869
1919600,3661.9887438136157
1920000,19.02154946831681
1920400,442.7661676944011
1920800,3215.0046893216195
1921200,3262.248698807255
1921600,3662.3008986535924
1922000,3228.805998621857
1922400,3648.3837511061392
1922800,40.957898412033
1923200,3352.3109326804647
1923600,174.3387013068139
1924000,2.4931766195987914
1924400,3495.083478557551
1924800,3474.449430659398
1925200,2.9469513433146375
1925600,3417.6619857303303
1926000,3612.4114543793967
1926400,269.5080293849374
1926800,3166.0189294113084
1927200,3107.0045614955698
1927600,62.934276352063826
1928000,3516.976515170588
1928400,4.191693365958173
1928800,3604.7422641012954
1929200,46.56709236271937
1929600,3609.0904867015306
1930000,3422.686679111022
1930400,3248.646220296449
1930800,62.572926345748506
1931200,3566.010102993368
1931600,2530.995565477821
1932000,25.09864087076841
1932400,3.08360294265855
1932800,5.494856449972646
1933200,2.3459278655989597
1933600,29.534241439448664
1934000,3318.1020978220217
1934400,2030.5376703907916
1934800,2160.027866553172
1935200,3482.653042523946
1935600,57.1823219665385
1936000,3642.0631863943004
1936400,177.72593848719242
1936800,125.82278933774028
1937200,216.16167344996057
1937600,3583.358102977276
1938000,3518.4551203082187
1938400,3623.606874730016
1938800,697.5282156035723
1939200,2678.6590292065043
1939600,3552.615233860452
1940000,2833.699874656368
1940400,3581.673971671814
1940800,3632.185542189999
1941200,3481.305765698892
1941600,3050.379610251281
1942000,3283.2191329523616
1942400,3358.9719633801574
1942800,3666.16202388195
1943200,2644.191817253932
1943600,52.20461013757976
1944000,3590.2077887802907
1944400,2552.25330518854
1944800,2668.967890579608
1945200,315.845874800841
1945600,110.67455379414633
1946000,3449.3898554619645
1946400,3.9777011918723106
1946800,3119.0536612341316
1947200,3591.185334261265
1947600,2792.376087362608
1948000,137.75237680269356
1948400,3633.890193806174
1948800,189.24927711125832
1949200,3544.5061006922283
1949600,3623.6482221942497
1950000,3613.6782830972475
1950400,1933.9581251877662
1950800,3484.7535301453154
1951200,3357.5701342368234
1951600,282.06536254847464
1952000,3361.033263822987
1952400,64.87746860796356
1952800,3668.069630888225
1953200,5.33836666491418
1953600,3560.8053685593095
1954000,44.9748008127041
1954400,3606.338379625883
1954800,1782.8244048488662
1955200,151.2095180815233
1955600,725.9571305096085
1956000,138.92183688235554
1956400,3637.4765977387337
1956800,638.2444064736065
1957200,3251.076050686215
1957600,3564.890401756176
1958000,3524.199025282869
1958400,2848.476543489521
1958800,5.026287805212978
1959200,918.2275370645151
1959600,3155.762056636036
1960000,3604.3463030215485
1960400,179.4984490759995
1960800,3098.801018261782
1961200,163.23433143064076
1961600,3602.863481262731
1962000,3615.704807517967
1962400,74.42423145086433
1962800,3196.048050139561
1963200,28.69225029168599
1963600,3417.6151485296728
1964000,3622.61504809433
1964400,3372.975837252971
1964800,3516.2591601725885
1965200,3230.2606873267864
1965600,3682.0534974265133
1966000,3567.228556644371
1966400,131.13966667365352
1966800,55.16948469293842
1967200,2669.579912821861
1967600,3300.2031385231926
1968000,3187.0191272053385
1968400,101.01102156204027
1968800,150.3939154880873
1969200,4.724064892443506
1969600,3465.3331915063177
1970000,3617.3808524420715
1970400,4.832067754652052
1970800,39.92556765714297
1971200,98.47569967668367
1971600,3676.7901151239816
1972000,3221.116336946969
1972400,3508.4010592231907
1972800,3664.3427747095457
1973200,3694.186436033932
1973600,2922.4246670199664
1974000,141.6385108953692
1974400,3657.5609325435794
1974800,3525.4315965613027
1975200,3412.0199820068315
1975600,3594.9124842758415
1976000,3422.0665430148074
1976400,2889.63917509937
1976800,3600.3628766141333
1977200,780.1887320436834
1977600,2980.9469415441854
1978000,3646.624362688855
1978400,396.41951012588606
1978800,2470.358277404082
1979200,3361.3801614858553
1979600,3108.14245942868
1980000,5.965746429158682
1980400,3528.143543843012
1980800,3375.964002665148
1981200,3409.4206678924825
1981600,3501.539576571248
1982000,3484.3623732234714
1982400,3.2794414599675057
1982800,5.976543209199375
1983200,1276.9686127429634
1983600,68.5240681843055
1984000,2948.7014591264806
1984400,1583.3910686597324
1984800,8.888522224630245
1985200,3450.3576355228342
1985600,3439.144656120755
1986000,3601.935079093113
1986400,3146.5268809007657
1986800,1783.491639899744
1987200,3619.338880264669
1987600,46.06379402738956
1988000,20.571432395777165
1988400,218.7519490798438
1988800,3613.6331013504423
1989200,3552.7978324657774
1989600,3569.336233836554
1990000,3508.0280483960264
1990400,3526.9719823267274
1990800,3398.7852876199345
1991200,3432.0795230038825
1991600,3348.9743294083028
1992000,3436.1833462552136
1992400,26.998480209586386
1992800,3498.066949317275
1993200,3509.964385140787
1993600,33.78299561481177
1994000,3580.7609325585154
1994400,3263.884322115414
1994800,3.863322744254457
1995200,2452.0808873455007
1995600,2802.600810825607
1996000,1850.140364173122
1996400,2893.563565969862
1996800,3172.692690712628
1997200,3440.67685127351
1997600,78.2845153904779
1998000,250.33613124852212
1998400,261.2252758904603
1998800,3485.0963010669416
1999200,2967.3139616163767
1999600,3486.8045953066526
